[     368ms] [INFO] %cDownload the React DevTools for a better development experience: https://react.dev/link/react-devtools font-weight:bold @ webpack-internal:///(app-pages-browser)/./node_modules/next/dist/compiled/react-dom/cjs/react-dom-client.development.js:24650
[     545ms] [LOG] MeetingsContext: Loaded meetings from localStorage 7 @ webpack-internal:///(app-pages-browser)/./contexts/MeetingsContext.tsx:234
[     546ms] [LOG] TranscriptContext: Loaded requests from localStorage [] @ webpack-internal:///(app-pages-browser)/./contexts/TranscriptContext.tsx:35
[     547ms] [LOG] Discipline Context: Loaded disciplinary actions from localStorage [] @ webpack-internal:///(app-pages-browser)/./contexts/DisciplineContext.tsx:33
[     547ms] [LOG] Discipline Context: Loaded complaints from localStorage [] @ webpack-internal:///(app-pages-browser)/./contexts/DisciplineContext.tsx:38
[     548ms] [LOG] Performance Context: Loaded reviews from localStorage [] @ webpack-internal:///(app-pages-browser)/./contexts/PerformanceContext.tsx:29
[     548ms] [LOG] LeaveContext: Loaded requests from localStorage [] @ webpack-internal:///(app-pages-browser)/./contexts/LeaveContext.tsx:35
[     549ms] [LOG] TransferContext: Loaded requests from localStorage [] @ webpack-internal:///(app-pages-browser)/./contexts/TransferContext.tsx:35
[     633ms] [LOG] MeetingsContext: Saved meetings to localStorage 7 @ webpack-internal:///(app-pages-browser)/./contexts/MeetingsContext.tsx:254
[     634ms] [LOG] TranscriptContext: Saved requests to localStorage [] @ webpack-internal:///(app-pages-browser)/./contexts/TranscriptContext.tsx:53
[     634ms] [LOG] Discipline Context: Saved disciplinary actions to localStorage [] @ webpack-internal:///(app-pages-browser)/./contexts/DisciplineContext.tsx:59
[     635ms] [LOG] Discipline Context: Saved complaints to localStorage [] @ webpack-internal:///(app-pages-browser)/./contexts/DisciplineContext.tsx:75
[     635ms] [LOG] Performance Context: Saved to localStorage [] @ webpack-internal:///(app-pages-browser)/./contexts/PerformanceContext.tsx:48
[     635ms] [LOG] LeaveContext: Saved requests to localStorage [] @ webpack-internal:///(app-pages-browser)/./contexts/LeaveContext.tsx:53
[     635ms] [LOG] TransferContext: Saved requests to localStorage [] @ webpack-internal:///(app-pages-browser)/./contexts/TransferContext.tsx:53
[    1254ms] [LOG] [Fast Refresh] rebuilding @ webpack-internal:///(app-pages-browser)/./node_modules/next/dist/client/components/react-dev-overlay/app/hot-reloader-client.js:240
[    1293ms] [LOG] [Fast Refresh] done in 39ms @ webpack-internal:///(app-pages-browser)/./node_modules/next/dist/client/components/react-dev-overlay/app/hot-reloader-client.js:67
[    1917ms] [LOG] [Fast Refresh] rebuilding @ webpack-internal:///(app-pages-browser)/./node_modules/next/dist/client/components/react-dev-overlay/app/hot-reloader-client.js:240
[    1949ms] [LOG] [Fast Refresh] done in 32ms @ webpack-internal:///(app-pages-browser)/./node_modules/next/dist/client/components/react-dev-overlay/app/hot-reloader-client.js:67
[    2552ms] [LOG] [Fast Refresh] rebuilding @ webpack-internal:///(app-pages-browser)/./node_modules/next/dist/client/components/react-dev-overlay/app/hot-reloader-client.js:240
[    2578ms] [LOG] [Fast Refresh] done in 26ms @ webpack-internal:///(app-pages-browser)/./node_modules/next/dist/client/components/react-dev-overlay/app/hot-reloader-client.js:67
[    3190ms] [LOG] [Fast Refresh] rebuilding @ webpack-internal:///(app-pages-browser)/./node_modules/next/dist/client/components/react-dev-overlay/app/hot-reloader-client.js:240
[    3218ms] [LOG] [Fast Refresh] done in 29ms @ webpack-internal:///(app-pages-browser)/./node_modules/next/dist/client/components/react-dev-overlay/app/hot-reloader-client.js:67
[    3966ms] [LOG] [Fast Refresh] rebuilding @ webpack-internal:///(app-pages-browser)/./node_modules/next/dist/client/components/react-dev-overlay/app/hot-reloader-client.js:240
[    3997ms] [LOG] [Fast Refresh] done in 32ms @ webpack-internal:///(app-pages-browser)/./node_modules/next/dist/client/components/react-dev-overlay/app/hot-reloader-client.js:67
[    4641ms] [LOG] [Fast Refresh] rebuilding @ webpack-internal:///(app-pages-browser)/./node_modules/next/dist/client/components/react-dev-overlay/app/hot-reloader-client.js:240
[    4674ms] [LOG] [Fast Refresh] done in 34ms @ webpack-internal:///(app-pages-browser)/./node_modules/next/dist/client/components/react-dev-overlay/app/hot-reloader-client.js:67
[    5282ms] [LOG] [Fast Refresh] rebuilding @ webpack-internal:///(app-pages-browser)/./node_modules/next/dist/client/components/react-dev-overlay/app/hot-reloader-client.js:240
[    5301ms] [LOG] [Fast Refresh] done in 18ms @ webpack-internal:///(app-pages-browser)/./node_modules/next/dist/client/components/react-dev-overlay/app/hot-reloader-client.js:67
[    6017ms] [LOG] [Fast Refresh] rebuilding @ webpack-internal:///(app-pages-browser)/./node_modules/next/dist/client/components/react-dev-overlay/app/hot-reloader-client.js:240
[    6060ms] [LOG] [Fast Refresh] done in 43ms @ webpack-internal:///(app-pages-browser)/./node_modules/next/dist/client/components/react-dev-overlay/app/hot-reloader-client.js:67
[    6680ms] [LOG] [Fast Refresh] rebuilding @ webpack-internal:///(app-pages-browser)/./node_modules/next/dist/client/components/react-dev-overlay/app/hot-reloader-client.js:240
[    6704ms] [LOG] [Fast Refresh] done in 24ms @ webpack-internal:///(app-pages-browser)/./node_modules/next/dist/client/components/react-dev-overlay/app/hot-reloader-client.js:67
[    7306ms] [LOG] [Fast Refresh] rebuilding @ webpack-internal:///(app-pages-browser)/./node_modules/next/dist/client/components/react-dev-overlay/app/hot-reloader-client.js:240
[    7326ms] [LOG] [Fast Refresh] done in 21ms @ webpack-internal:///(app-pages-browser)/./node_modules/next/dist/client/components/react-dev-overlay/app/hot-reloader-client.js:67
[    7957ms] [LOG] [Fast Refresh] rebuilding @ webpack-internal:///(app-pages-browser)/./node_modules/next/dist/client/components/react-dev-overlay/app/hot-reloader-client.js:240
[    7978ms] [LOG] [Fast Refresh] done in 21ms @ webpack-internal:///(app-pages-browser)/./node_modules/next/dist/client/components/react-dev-overlay/app/hot-reloader-client.js:67
[    8722ms] [LOG] [Fast Refresh] rebuilding @ webpack-internal:///(app-pages-browser)/./node_modules/next/dist/client/components/react-dev-overlay/app/hot-reloader-client.js:240
[    9251ms] [LOG] [Fast Refresh] done in 530ms @ webpack-internal:///(app-pages-browser)/./node_modules/next/dist/client/components/react-dev-overlay/app/hot-reloader-client.js:67
[    9413ms] [LOG] [Fast Refresh] rebuilding @ webpack-internal:///(app-pages-browser)/./node_modules/next/dist/client/components/react-dev-overlay/app/hot-reloader-client.js:240
[    9968ms] [LOG] [Fast Refresh] done in 555ms @ webpack-internal:///(app-pages-browser)/./node_modules/next/dist/client/components/react-dev-overlay/app/hot-reloader-client.js:67
[   10051ms] [LOG] [Fast Refresh] rebuilding @ webpack-internal:///(app-pages-browser)/./node_modules/next/dist/client/components/react-dev-overlay/app/hot-reloader-client.js:240
[   10071ms] [LOG] [Fast Refresh] done in 19ms @ webpack-internal:///(app-pages-browser)/./node_modules/next/dist/client/components/react-dev-overlay/app/hot-reloader-client.js:67
[   10796ms] [LOG] [Fast Refresh] rebuilding @ webpack-internal:///(app-pages-browser)/./node_modules/next/dist/client/components/react-dev-overlay/app/hot-reloader-client.js:240
[   10826ms] [LOG] [Fast Refresh] done in 30ms @ webpack-internal:///(app-pages-browser)/./node_modules/next/dist/client/components/react-dev-overlay/app/hot-reloader-client.js:67
[   11434ms] [LOG] [Fast Refresh] rebuilding @ webpack-internal:///(app-pages-browser)/./node_modules/next/dist/client/components/react-dev-overlay/app/hot-reloader-client.js:240
[   11453ms] [LOG] [Fast Refresh] done in 18ms @ webpack-internal:///(app-pages-browser)/./node_modules/next/dist/client/components/react-dev-overlay/app/hot-reloader-client.js:67
[   12078ms] [LOG] [Fast Refresh] rebuilding @ webpack-internal:///(app-pages-browser)/./node_modules/next/dist/client/components/react-dev-overlay/app/hot-reloader-client.js:240
[   12104ms] [LOG] [Fast Refresh] done in 27ms @ webpack-internal:///(app-pages-browser)/./node_modules/next/dist/client/components/react-dev-overlay/app/hot-reloader-client.js:67
[   12713ms] [LOG] [Fast Refresh] rebuilding @ webpack-internal:///(app-pages-browser)/./node_modules/next/dist/client/components/react-dev-overlay/app/hot-reloader-client.js:240
[   12735ms] [LOG] [Fast Refresh] done in 22ms @ webpack-internal:///(app-pages-browser)/./node_modules/next/dist/client/components/react-dev-overlay/app/hot-reloader-client.js:67
[   13338ms] [LOG] [Fast Refresh] rebuilding @ webpack-internal:///(app-pages-browser)/./node_modules/next/dist/client/components/react-dev-overlay/app/hot-reloader-client.js:240
[   13857ms] [LOG] [Fast Refresh] done in 519ms @ webpack-internal:///(app-pages-browser)/./node_modules/next/dist/client/components/react-dev-overlay/app/hot-reloader-client.js:67
[   13954ms] [LOG] [Fast Refresh] rebuilding @ webpack-internal:///(app-pages-browser)/./node_modules/next/dist/client/components/react-dev-overlay/app/hot-reloader-client.js:240
[   13972ms] [LOG] [Fast Refresh] done in 18ms @ webpack-internal:///(app-pages-browser)/./node_modules/next/dist/client/components/react-dev-overlay/app/hot-reloader-client.js:67
[   14578ms] [LOG] [Fast Refresh] rebuilding @ webpack-internal:///(app-pages-browser)/./node_modules/next/dist/client/components/react-dev-overlay/app/hot-reloader-client.js:240
[   14602ms] [LOG] [Fast Refresh] done in 23ms @ webpack-internal:///(app-pages-browser)/./node_modules/next/dist/client/components/react-dev-overlay/app/hot-reloader-client.js:67
[   15197ms] [LOG] [Fast Refresh] rebuilding @ webpack-internal:///(app-pages-browser)/./node_modules/next/dist/client/components/react-dev-overlay/app/hot-reloader-client.js:240
[   15280ms] [LOG] [Fast Refresh] done in 82ms @ webpack-internal:///(app-pages-browser)/./node_modules/next/dist/client/components/react-dev-overlay/app/hot-reloader-client.js:67
[   15929ms] [LOG] [Fast Refresh] rebuilding @ webpack-internal:///(app-pages-browser)/./node_modules/next/dist/client/components/react-dev-overlay/app/hot-reloader-client.js:240
[   15950ms] [LOG] [Fast Refresh] done in 21ms @ webpack-internal:///(app-pages-browser)/./node_modules/next/dist/client/components/react-dev-overlay/app/hot-reloader-client.js:67
[   16580ms] [LOG] [Fast Refresh] rebuilding @ webpack-internal:///(app-pages-browser)/./node_modules/next/dist/client/components/react-dev-overlay/app/hot-reloader-client.js:240
[   16608ms] [LOG] [Fast Refresh] done in 28ms @ webpack-internal:///(app-pages-browser)/./node_modules/next/dist/client/components/react-dev-overlay/app/hot-reloader-client.js:67
[   17206ms] [LOG] [Fast Refresh] rebuilding @ webpack-internal:///(app-pages-browser)/./node_modules/next/dist/client/components/react-dev-overlay/app/hot-reloader-client.js:240
[   17236ms] [LOG] [Fast Refresh] done in 29ms @ webpack-internal:///(app-pages-browser)/./node_modules/next/dist/client/components/react-dev-overlay/app/hot-reloader-client.js:67
[   17848ms] [LOG] [Fast Refresh] rebuilding @ webpack-internal:///(app-pages-browser)/./node_modules/next/dist/client/components/react-dev-overlay/app/hot-reloader-client.js:240
[   17876ms] [LOG] [Fast Refresh] done in 27ms @ webpack-internal:///(app-pages-browser)/./node_modules/next/dist/client/components/react-dev-overlay/app/hot-reloader-client.js:67
[   18465ms] [LOG] [Fast Refresh] rebuilding @ webpack-internal:///(app-pages-browser)/./node_modules/next/dist/client/components/react-dev-overlay/app/hot-reloader-client.js:240
[   18484ms] [LOG] [Fast Refresh] done in 19ms @ webpack-internal:///(app-pages-browser)/./node_modules/next/dist/client/components/react-dev-overlay/app/hot-reloader-client.js:67
[   19089ms] [LOG] [Fast Refresh] rebuilding @ webpack-internal:///(app-pages-browser)/./node_modules/next/dist/client/components/react-dev-overlay/app/hot-reloader-client.js:240
[   19109ms] [LOG] [Fast Refresh] done in 19ms @ webpack-internal:///(app-pages-browser)/./node_modules/next/dist/client/components/react-dev-overlay/app/hot-reloader-client.js:67
[   19728ms] [LOG] [Fast Refresh] rebuilding @ webpack-internal:///(app-pages-browser)/./node_modules/next/dist/client/components/react-dev-overlay/app/hot-reloader-client.js:240
[   20290ms] [LOG] [Fast Refresh] done in 563ms @ webpack-internal:///(app-pages-browser)/./node_modules/next/dist/client/components/react-dev-overlay/app/hot-reloader-client.js:67
[   20455ms] [LOG] [Fast Refresh] rebuilding @ webpack-internal:///(app-pages-browser)/./node_modules/next/dist/client/components/react-dev-overlay/app/hot-reloader-client.js:240
[   20495ms] [LOG] [Fast Refresh] done in 40ms @ webpack-internal:///(app-pages-browser)/./node_modules/next/dist/client/components/react-dev-overlay/app/hot-reloader-client.js:67
[   21119ms] [LOG] [Fast Refresh] rebuilding @ webpack-internal:///(app-pages-browser)/./node_modules/next/dist/client/components/react-dev-overlay/app/hot-reloader-client.js:240
[   21146ms] [LOG] [Fast Refresh] done in 26ms @ webpack-internal:///(app-pages-browser)/./node_modules/next/dist/client/components/react-dev-overlay/app/hot-reloader-client.js:67
[   21757ms] [LOG] [Fast Refresh] rebuilding @ webpack-internal:///(app-pages-browser)/./node_modules/next/dist/client/components/react-dev-overlay/app/hot-reloader-client.js:240
[   21776ms] [LOG] [Fast Refresh] done in 19ms @ webpack-internal:///(app-pages-browser)/./node_modules/next/dist/client/components/react-dev-overlay/app/hot-reloader-client.js:67
[   22386ms] [LOG] [Fast Refresh] rebuilding @ webpack-internal:///(app-pages-browser)/./node_modules/next/dist/client/components/react-dev-overlay/app/hot-reloader-client.js:240
[   22410ms] [LOG] [Fast Refresh] done in 23ms @ webpack-internal:///(app-pages-browser)/./node_modules/next/dist/client/components/react-dev-overlay/app/hot-reloader-client.js:67
[   23006ms] [LOG] [Fast Refresh] rebuilding @ webpack-internal:///(app-pages-browser)/./node_modules/next/dist/client/components/react-dev-overlay/app/hot-reloader-client.js:240
[   23022ms] [LOG] [Fast Refresh] done in 16ms @ webpack-internal:///(app-pages-browser)/./node_modules/next/dist/client/components/react-dev-overlay/app/hot-reloader-client.js:67
[   23627ms] [LOG] [Fast Refresh] rebuilding @ webpack-internal:///(app-pages-browser)/./node_modules/next/dist/client/components/react-dev-overlay/app/hot-reloader-client.js:240
[   23644ms] [LOG] [Fast Refresh] done in 17ms @ webpack-internal:///(app-pages-browser)/./node_modules/next/dist/client/components/react-dev-overlay/app/hot-reloader-client.js:67
[   24263ms] [LOG] [Fast Refresh] rebuilding @ webpack-internal:///(app-pages-browser)/./node_modules/next/dist/client/components/react-dev-overlay/app/hot-reloader-client.js:240
[   24290ms] [LOG] [Fast Refresh] done in 26ms @ webpack-internal:///(app-pages-browser)/./node_modules/next/dist/client/components/react-dev-overlay/app/hot-reloader-client.js:67
[   24893ms] [LOG] [Fast Refresh] rebuilding @ webpack-internal:///(app-pages-browser)/./node_modules/next/dist/client/components/react-dev-overlay/app/hot-reloader-client.js:240
[   24910ms] [LOG] [Fast Refresh] done in 16ms @ webpack-internal:///(app-pages-browser)/./node_modules/next/dist/client/components/react-dev-overlay/app/hot-reloader-client.js:67
[   25619ms] [LOG] [Fast Refresh] rebuilding @ webpack-internal:///(app-pages-browser)/./node_modules/next/dist/client/components/react-dev-overlay/app/hot-reloader-client.js:240
[   25642ms] [LOG] [Fast Refresh] done in 22ms @ webpack-internal:///(app-pages-browser)/./node_modules/next/dist/client/components/react-dev-overlay/app/hot-reloader-client.js:67
[   26276ms] [LOG] [Fast Refresh] rebuilding @ webpack-internal:///(app-pages-browser)/./node_modules/next/dist/client/components/react-dev-overlay/app/hot-reloader-client.js:240
[   26302ms] [LOG] [Fast Refresh] done in 26ms @ webpack-internal:///(app-pages-browser)/./node_modules/next/dist/client/components/react-dev-overlay/app/hot-reloader-client.js:67
[   26924ms] [LOG] [Fast Refresh] rebuilding @ webpack-internal:///(app-pages-browser)/./node_modules/next/dist/client/components/react-dev-overlay/app/hot-reloader-client.js:240
[   26950ms] [LOG] [Fast Refresh] done in 25ms @ webpack-internal:///(app-pages-browser)/./node_modules/next/dist/client/components/react-dev-overlay/app/hot-reloader-client.js:67
[   27550ms] [LOG] [Fast Refresh] rebuilding @ webpack-internal:///(app-pages-browser)/./node_modules/next/dist/client/components/react-dev-overlay/app/hot-reloader-client.js:240
[   27576ms] [LOG] [Fast Refresh] done in 27ms @ webpack-internal:///(app-pages-browser)/./node_modules/next/dist/client/components/react-dev-overlay/app/hot-reloader-client.js:67
[   28168ms] [LOG] [Fast Refresh] rebuilding @ webpack-internal:///(app-pages-browser)/./node_modules/next/dist/client/components/react-dev-overlay/app/hot-reloader-client.js:240
[   28193ms] [LOG] [Fast Refresh] done in 25ms @ webpack-internal:///(app-pages-browser)/./node_modules/next/dist/client/components/react-dev-overlay/app/hot-reloader-client.js:67
[   28794ms] [LOG] [Fast Refresh] rebuilding @ webpack-internal:///(app-pages-browser)/./node_modules/next/dist/client/components/react-dev-overlay/app/hot-reloader-client.js:240
[   28817ms] [LOG] [Fast Refresh] done in 24ms @ webpack-internal:///(app-pages-browser)/./node_modules/next/dist/client/components/react-dev-overlay/app/hot-reloader-client.js:67
[   29418ms] [LOG] [Fast Refresh] rebuilding @ webpack-internal:///(app-pages-browser)/./node_modules/next/dist/client/components/react-dev-overlay/app/hot-reloader-client.js:240
[   29443ms] [LOG] [Fast Refresh] done in 26ms @ webpack-internal:///(app-pages-browser)/./node_modules/next/dist/client/components/react-dev-overlay/app/hot-reloader-client.js:67
[   30130ms] [LOG] [Fast Refresh] rebuilding @ webpack-internal:///(app-pages-browser)/./node_modules/next/dist/client/components/react-dev-overlay/app/hot-reloader-client.js:240
[   30160ms] [LOG] [Fast Refresh] done in 29ms @ webpack-internal:///(app-pages-browser)/./node_modules/next/dist/client/components/react-dev-overlay/app/hot-reloader-client.js:67
[   30985ms] [LOG] [Fast Refresh] rebuilding @ webpack-internal:///(app-pages-browser)/./node_modules/next/dist/client/components/react-dev-overlay/app/hot-reloader-client.js:240
[   31025ms] [LOG] [Fast Refresh] done in 40ms @ webpack-internal:///(app-pages-browser)/./node_modules/next/dist/client/components/react-dev-overlay/app/hot-reloader-client.js:67
[   31720ms] [LOG] [Fast Refresh] rebuilding @ webpack-internal:///(app-pages-browser)/./node_modules/next/dist/client/components/react-dev-overlay/app/hot-reloader-client.js:240
[   31747ms] [LOG] [Fast Refresh] done in 28ms @ webpack-internal:///(app-pages-browser)/./node_modules/next/dist/client/components/react-dev-overlay/app/hot-reloader-client.js:67
[   32733ms] [LOG] [Fast Refresh] rebuilding @ webpack-internal:///(app-pages-browser)/./node_modules/next/dist/client/components/react-dev-overlay/app/hot-reloader-client.js:240
[   32768ms] [LOG] [Fast Refresh] done in 34ms @ webpack-internal:///(app-pages-browser)/./node_modules/next/dist/client/components/react-dev-overlay/app/hot-reloader-client.js:67
[   33889ms] [LOG] [Fast Refresh] rebuilding @ webpack-internal:///(app-pages-browser)/./node_modules/next/dist/client/components/react-dev-overlay/app/hot-reloader-client.js:240
[   33911ms] [LOG] [Fast Refresh] done in 23ms @ webpack-internal:///(app-pages-browser)/./node_modules/next/dist/client/components/react-dev-overlay/app/hot-reloader-client.js:67
[   34927ms] [LOG] [Fast Refresh] rebuilding @ webpack-internal:///(app-pages-browser)/./node_modules/next/dist/client/components/react-dev-overlay/app/hot-reloader-client.js:240
[   34971ms] [LOG] [Fast Refresh] done in 45ms @ webpack-internal:///(app-pages-browser)/./node_modules/next/dist/client/components/react-dev-overlay/app/hot-reloader-client.js:67
[   36088ms] [LOG] [Fast Refresh] rebuilding @ webpack-internal:///(app-pages-browser)/./node_modules/next/dist/client/components/react-dev-overlay/app/hot-reloader-client.js:240
[   36124ms] [LOG] [Fast Refresh] done in 35ms @ webpack-internal:///(app-pages-browser)/./node_modules/next/dist/client/components/react-dev-overlay/app/hot-reloader-client.js:67
[   37203ms] [LOG] [Fast Refresh] rebuilding @ webpack-internal:///(app-pages-browser)/./node_modules/next/dist/client/components/react-dev-overlay/app/hot-reloader-client.js:240
[   37241ms] [LOG] [Fast Refresh] done in 38ms @ webpack-internal:///(app-pages-browser)/./node_modules/next/dist/client/components/react-dev-overlay/app/hot-reloader-client.js:67
[   38349ms] [LOG] [Fast Refresh] rebuilding @ webpack-internal:///(app-pages-browser)/./node_modules/next/dist/client/components/react-dev-overlay/app/hot-reloader-client.js:240
[   38461ms] [LOG] [Fast Refresh] done in 112ms @ webpack-internal:///(app-pages-browser)/./node_modules/next/dist/client/components/react-dev-overlay/app/hot-reloader-client.js:67
[   39567ms] [LOG] [Fast Refresh] rebuilding @ webpack-internal:///(app-pages-browser)/./node_modules/next/dist/client/components/react-dev-overlay/app/hot-reloader-client.js:240
[   39609ms] [LOG] [Fast Refresh] done in 43ms @ webpack-internal:///(app-pages-browser)/./node_modules/next/dist/client/components/react-dev-overlay/app/hot-reloader-client.js:67
[   40718ms] [LOG] [Fast Refresh] rebuilding @ webpack-internal:///(app-pages-browser)/./node_modules/next/dist/client/components/react-dev-overlay/app/hot-reloader-client.js:240
[   40756ms] [LOG] [Fast Refresh] done in 38ms @ webpack-internal:///(app-pages-browser)/./node_modules/next/dist/client/components/react-dev-overlay/app/hot-reloader-client.js:67
[   41880ms] [LOG] [Fast Refresh] rebuilding @ webpack-internal:///(app-pages-browser)/./node_modules/next/dist/client/components/react-dev-overlay/app/hot-reloader-client.js:240
[   41929ms] [LOG] [Fast Refresh] done in 49ms @ webpack-internal:///(app-pages-browser)/./node_modules/next/dist/client/components/react-dev-overlay/app/hot-reloader-client.js:67
[   42625ms] [LOG] [Fast Refresh] rebuilding @ webpack-internal:///(app-pages-browser)/./node_modules/next/dist/client/components/react-dev-overlay/app/hot-reloader-client.js:240
[   42648ms] [LOG] [Fast Refresh] done in 22ms @ webpack-internal:///(app-pages-browser)/./node_modules/next/dist/client/components/react-dev-overlay/app/hot-reloader-client.js:67
[   43267ms] [LOG] [Fast Refresh] rebuilding @ webpack-internal:///(app-pages-browser)/./node_modules/next/dist/client/components/react-dev-overlay/app/hot-reloader-client.js:240
[   43286ms] [LOG] [Fast Refresh] done in 20ms @ webpack-internal:///(app-pages-browser)/./node_modules/next/dist/client/components/react-dev-overlay/app/hot-reloader-client.js:67
[   43906ms] [LOG] [Fast Refresh] rebuilding @ webpack-internal:///(app-pages-browser)/./node_modules/next/dist/client/components/react-dev-overlay/app/hot-reloader-client.js:240
[   43935ms] [LOG] [Fast Refresh] done in 29ms @ webpack-internal:///(app-pages-browser)/./node_modules/next/dist/client/components/react-dev-overlay/app/hot-reloader-client.js:67
[   44527ms] [LOG] [Fast Refresh] rebuilding @ webpack-internal:///(app-pages-browser)/./node_modules/next/dist/client/components/react-dev-overlay/app/hot-reloader-client.js:240
[   44545ms] [LOG] [Fast Refresh] done in 18ms @ webpack-internal:///(app-pages-browser)/./node_modules/next/dist/client/components/react-dev-overlay/app/hot-reloader-client.js:67
[   45240ms] [LOG] [Fast Refresh] rebuilding @ webpack-internal:///(app-pages-browser)/./node_modules/next/dist/client/components/react-dev-overlay/app/hot-reloader-client.js:240
[   45271ms] [LOG] [Fast Refresh] done in 31ms @ webpack-internal:///(app-pages-browser)/./node_modules/next/dist/client/components/react-dev-overlay/app/hot-reloader-client.js:67
[   45895ms] [LOG] [Fast Refresh] rebuilding @ webpack-internal:///(app-pages-browser)/./node_modules/next/dist/client/components/react-dev-overlay/app/hot-reloader-client.js:240
[   45915ms] [LOG] [Fast Refresh] done in 21ms @ webpack-internal:///(app-pages-browser)/./node_modules/next/dist/client/components/react-dev-overlay/app/hot-reloader-client.js:67
[   46539ms] [LOG] [Fast Refresh] rebuilding @ webpack-internal:///(app-pages-browser)/./node_modules/next/dist/client/components/react-dev-overlay/app/hot-reloader-client.js:240
[   46566ms] [LOG] [Fast Refresh] done in 27ms @ webpack-internal:///(app-pages-browser)/./node_modules/next/dist/client/components/react-dev-overlay/app/hot-reloader-client.js:67
[   47153ms] [LOG] [Fast Refresh] rebuilding @ webpack-internal:///(app-pages-browser)/./node_modules/next/dist/client/components/react-dev-overlay/app/hot-reloader-client.js:240
[   47179ms] [LOG] [Fast Refresh] done in 26ms @ webpack-internal:///(app-pages-browser)/./node_modules/next/dist/client/components/react-dev-overlay/app/hot-reloader-client.js:67
[   47800ms] [LOG] [Fast Refresh] rebuilding @ webpack-internal:///(app-pages-browser)/./node_modules/next/dist/client/components/react-dev-overlay/app/hot-reloader-client.js:240
[   47817ms] [LOG] [Fast Refresh] done in 16ms @ webpack-internal:///(app-pages-browser)/./node_modules/next/dist/client/components/react-dev-overlay/app/hot-reloader-client.js:67
[   48453ms] [LOG] [Fast Refresh] rebuilding @ webpack-internal:///(app-pages-browser)/./node_modules/next/dist/client/components/react-dev-overlay/app/hot-reloader-client.js:240
[   48477ms] [LOG] [Fast Refresh] done in 25ms @ webpack-internal:///(app-pages-browser)/./node_modules/next/dist/client/components/react-dev-overlay/app/hot-reloader-client.js:67
[   49090ms] [LOG] [Fast Refresh] rebuilding @ webpack-internal:///(app-pages-browser)/./node_modules/next/dist/client/components/react-dev-overlay/app/hot-reloader-client.js:240
[   49634ms] [LOG] [Fast Refresh] done in 544ms @ webpack-internal:///(app-pages-browser)/./node_modules/next/dist/client/components/react-dev-overlay/app/hot-reloader-client.js:67
[   49731ms] [LOG] [Fast Refresh] rebuilding @ webpack-internal:///(app-pages-browser)/./node_modules/next/dist/client/components/react-dev-overlay/app/hot-reloader-client.js:240
[   49754ms] [LOG] [Fast Refresh] done in 22ms @ webpack-internal:///(app-pages-browser)/./node_modules/next/dist/client/components/react-dev-overlay/app/hot-reloader-client.js:67
[   50517ms] [LOG] [Fast Refresh] rebuilding @ webpack-internal:///(app-pages-browser)/./node_modules/next/dist/client/components/react-dev-overlay/app/hot-reloader-client.js:240
[   50530ms] [LOG] [Fast Refresh] done in 13ms @ webpack-internal:///(app-pages-browser)/./node_modules/next/dist/client/components/react-dev-overlay/app/hot-reloader-client.js:67
[   51174ms] [LOG] [Fast Refresh] rebuilding @ webpack-internal:///(app-pages-browser)/./node_modules/next/dist/client/components/react-dev-overlay/app/hot-reloader-client.js:240
[   51192ms] [LOG] [Fast Refresh] done in 19ms @ webpack-internal:///(app-pages-browser)/./node_modules/next/dist/client/components/react-dev-overlay/app/hot-reloader-client.js:67
[   51837ms] [LOG] [Fast Refresh] rebuilding @ webpack-internal:///(app-pages-browser)/./node_modules/next/dist/client/components/react-dev-overlay/app/hot-reloader-client.js:240
[   52364ms] [LOG] [Fast Refresh] done in 527ms @ webpack-internal:///(app-pages-browser)/./node_modules/next/dist/client/components/react-dev-overlay/app/hot-reloader-client.js:67
[   52474ms] [LOG] [Fast Refresh] rebuilding @ webpack-internal:///(app-pages-browser)/./node_modules/next/dist/client/components/react-dev-overlay/app/hot-reloader-client.js:240
[   52492ms] [LOG] [Fast Refresh] done in 18ms @ webpack-internal:///(app-pages-browser)/./node_modules/next/dist/client/components/react-dev-overlay/app/hot-reloader-client.js:67
[   53108ms] [LOG] [Fast Refresh] rebuilding @ webpack-internal:///(app-pages-browser)/./node_modules/next/dist/client/components/react-dev-overlay/app/hot-reloader-client.js:240
[   53128ms] [LOG] [Fast Refresh] done in 20ms @ webpack-internal:///(app-pages-browser)/./node_modules/next/dist/client/components/react-dev-overlay/app/hot-reloader-client.js:67
[   53746ms] [LOG] [Fast Refresh] rebuilding @ webpack-internal:///(app-pages-browser)/./node_modules/next/dist/client/components/react-dev-overlay/app/hot-reloader-client.js:240
[   53760ms] [LOG] [Fast Refresh] done in 14ms @ webpack-internal:///(app-pages-browser)/./node_modules/next/dist/client/components/react-dev-overlay/app/hot-reloader-client.js:67
[   54379ms] [LOG] [Fast Refresh] rebuilding @ webpack-internal:///(app-pages-browser)/./node_modules/next/dist/client/components/react-dev-overlay/app/hot-reloader-client.js:240
[   54408ms] [LOG] [Fast Refresh] done in 29ms @ webpack-internal:///(app-pages-browser)/./node_modules/next/dist/client/components/react-dev-overlay/app/hot-reloader-client.js:67
[   55008ms] [LOG] [Fast Refresh] rebuilding @ webpack-internal:///(app-pages-browser)/./node_modules/next/dist/client/components/react-dev-overlay/app/hot-reloader-client.js:240
[   55096ms] [LOG] [Fast Refresh] done in 88ms @ webpack-internal:///(app-pages-browser)/./node_modules/next/dist/client/components/react-dev-overlay/app/hot-reloader-client.js:67
[   55745ms] [LOG] [Fast Refresh] rebuilding @ webpack-internal:///(app-pages-browser)/./node_modules/next/dist/client/components/react-dev-overlay/app/hot-reloader-client.js:240
[   55767ms] [LOG] [Fast Refresh] done in 22ms @ webpack-internal:///(app-pages-browser)/./node_modules/next/dist/client/components/react-dev-overlay/app/hot-reloader-client.js:67
[   56405ms] [LOG] [Fast Refresh] rebuilding @ webpack-internal:///(app-pages-browser)/./node_modules/next/dist/client/components/react-dev-overlay/app/hot-reloader-client.js:240
[   56429ms] [LOG] [Fast Refresh] done in 24ms @ webpack-internal:///(app-pages-browser)/./node_modules/next/dist/client/components/react-dev-overlay/app/hot-reloader-client.js:67
[   57027ms] [LOG] [Fast Refresh] rebuilding @ webpack-internal:///(app-pages-browser)/./node_modules/next/dist/client/components/react-dev-overlay/app/hot-reloader-client.js:240
[   57048ms] [LOG] [Fast Refresh] done in 21ms @ webpack-internal:///(app-pages-browser)/./node_modules/next/dist/client/components/react-dev-overlay/app/hot-reloader-client.js:67
[   57654ms] [LOG] [Fast Refresh] rebuilding @ webpack-internal:///(app-pages-browser)/./node_modules/next/dist/client/components/react-dev-overlay/app/hot-reloader-client.js:240
[   57679ms] [LOG] [Fast Refresh] done in 24ms @ webpack-internal:///(app-pages-browser)/./node_modules/next/dist/client/components/react-dev-overlay/app/hot-reloader-client.js:67
[   58265ms] [LOG] [Fast Refresh] rebuilding @ webpack-internal:///(app-pages-browser)/./node_modules/next/dist/client/components/react-dev-overlay/app/hot-reloader-client.js:240
[   58286ms] [LOG] [Fast Refresh] done in 20ms @ webpack-internal:///(app-pages-browser)/./node_modules/next/dist/client/components/react-dev-overlay/app/hot-reloader-client.js:67
[   58906ms] [LOG] [Fast Refresh] rebuilding @ webpack-internal:///(app-pages-browser)/./node_modules/next/dist/client/components/react-dev-overlay/app/hot-reloader-client.js:240
[   58935ms] [LOG] [Fast Refresh] done in 30ms @ webpack-internal:///(app-pages-browser)/./node_modules/next/dist/client/components/react-dev-overlay/app/hot-reloader-client.js:67
[   59536ms] [LOG] [Fast Refresh] rebuilding @ webpack-internal:///(app-pages-browser)/./node_modules/next/dist/client/components/react-dev-overlay/app/hot-reloader-client.js:240
[   59560ms] [LOG] [Fast Refresh] done in 24ms @ webpack-internal:///(app-pages-browser)/./node_modules/next/dist/client/components/react-dev-overlay/app/hot-reloader-client.js:67
[   60280ms] [LOG] [Fast Refresh] rebuilding @ webpack-internal:///(app-pages-browser)/./node_modules/next/dist/client/components/react-dev-overlay/app/hot-reloader-client.js:240
[   60314ms] [LOG] [Fast Refresh] done in 34ms @ webpack-internal:///(app-pages-browser)/./node_modules/next/dist/client/components/react-dev-overlay/app/hot-reloader-client.js:67
[   60928ms] [LOG] [Fast Refresh] rebuilding @ webpack-internal:///(app-pages-browser)/./node_modules/next/dist/client/components/react-dev-overlay/app/hot-reloader-client.js:240
[   60952ms] [LOG] [Fast Refresh] done in 24ms @ webpack-internal:///(app-pages-browser)/./node_modules/next/dist/client/components/react-dev-overlay/app/hot-reloader-client.js:67
[   61554ms] [LOG] [Fast Refresh] rebuilding @ webpack-internal:///(app-pages-browser)/./node_modules/next/dist/client/components/react-dev-overlay/app/hot-reloader-client.js:240
[   61584ms] [LOG] [Fast Refresh] done in 30ms @ webpack-internal:///(app-pages-browser)/./node_modules/next/dist/client/components/react-dev-overlay/app/hot-reloader-client.js:67
[   62178ms] [LOG] [Fast Refresh] rebuilding @ webpack-internal:///(app-pages-browser)/./node_modules/next/dist/client/components/react-dev-overlay/app/hot-reloader-client.js:240
[   62208ms] [LOG] [Fast Refresh] done in 31ms @ webpack-internal:///(app-pages-browser)/./node_modules/next/dist/client/components/react-dev-overlay/app/hot-reloader-client.js:67
[   62797ms] [LOG] [Fast Refresh] rebuilding @ webpack-internal:///(app-pages-browser)/./node_modules/next/dist/client/components/react-dev-overlay/app/hot-reloader-client.js:240
[   62823ms] [LOG] [Fast Refresh] done in 25ms @ webpack-internal:///(app-pages-browser)/./node_modules/next/dist/client/components/react-dev-overlay/app/hot-reloader-client.js:67
[   63421ms] [LOG] [Fast Refresh] rebuilding @ webpack-internal:///(app-pages-browser)/./node_modules/next/dist/client/components/react-dev-overlay/app/hot-reloader-client.js:240
[   63447ms] [LOG] [Fast Refresh] done in 26ms @ webpack-internal:///(app-pages-browser)/./node_modules/next/dist/client/components/react-dev-overlay/app/hot-reloader-client.js:67
[   64063ms] [LOG] [Fast Refresh] rebuilding @ webpack-internal:///(app-pages-browser)/./node_modules/next/dist/client/components/react-dev-overlay/app/hot-reloader-client.js:240
[   64097ms] [LOG] [Fast Refresh] done in 34ms @ webpack-internal:///(app-pages-browser)/./node_modules/next/dist/client/components/react-dev-overlay/app/hot-reloader-client.js:67
[   64709ms] [LOG] [Fast Refresh] rebuilding @ webpack-internal:///(app-pages-browser)/./node_modules/next/dist/client/components/react-dev-overlay/app/hot-reloader-client.js:240
[   64727ms] [LOG] [Fast Refresh] done in 19ms @ webpack-internal:///(app-pages-browser)/./node_modules/next/dist/client/components/react-dev-overlay/app/hot-reloader-client.js:67
[   65443ms] [LOG] [Fast Refresh] rebuilding @ webpack-internal:///(app-pages-browser)/./node_modules/next/dist/client/components/react-dev-overlay/app/hot-reloader-client.js:240
[   65493ms] [LOG] [Fast Refresh] done in 49ms @ webpack-internal:///(app-pages-browser)/./node_modules/next/dist/client/components/react-dev-overlay/app/hot-reloader-client.js:67
[   66098ms] [LOG] [Fast Refresh] rebuilding @ webpack-internal:///(app-pages-browser)/./node_modules/next/dist/client/components/react-dev-overlay/app/hot-reloader-client.js:240
[   66121ms] [LOG] [Fast Refresh] done in 23ms @ webpack-internal:///(app-pages-browser)/./node_modules/next/dist/client/components/react-dev-overlay/app/hot-reloader-client.js:67
[   66743ms] [LOG] [Fast Refresh] rebuilding @ webpack-internal:///(app-pages-browser)/./node_modules/next/dist/client/components/react-dev-overlay/app/hot-reloader-client.js:240
[   67263ms] [LOG] [Fast Refresh] done in 521ms @ webpack-internal:///(app-pages-browser)/./node_modules/next/dist/client/components/react-dev-overlay/app/hot-reloader-client.js:67
[   67354ms] [LOG] [Fast Refresh] rebuilding @ webpack-internal:///(app-pages-browser)/./node_modules/next/dist/client/components/react-dev-overlay/app/hot-reloader-client.js:240
[   67374ms] [LOG] [Fast Refresh] done in 19ms @ webpack-internal:///(app-pages-browser)/./node_modules/next/dist/client/components/react-dev-overlay/app/hot-reloader-client.js:67
[   67978ms] [LOG] [Fast Refresh] rebuilding @ webpack-internal:///(app-pages-browser)/./node_modules/next/dist/client/components/react-dev-overlay/app/hot-reloader-client.js:240
[   68006ms] [LOG] [Fast Refresh] done in 28ms @ webpack-internal:///(app-pages-browser)/./node_modules/next/dist/client/components/react-dev-overlay/app/hot-reloader-client.js:67
[   68597ms] [LOG] [Fast Refresh] rebuilding @ webpack-internal:///(app-pages-browser)/./node_modules/next/dist/client/components/react-dev-overlay/app/hot-reloader-client.js:240
[   68622ms] [LOG] [Fast Refresh] done in 26ms @ webpack-internal:///(app-pages-browser)/./node_modules/next/dist/client/components/react-dev-overlay/app/hot-reloader-client.js:67
[   69232ms] [LOG] [Fast Refresh] rebuilding @ webpack-internal:///(app-pages-browser)/./node_modules/next/dist/client/components/react-dev-overlay/app/hot-reloader-client.js:240
[   69768ms] [LOG] [Fast Refresh] done in 536ms @ webpack-internal:///(app-pages-browser)/./node_modules/next/dist/client/components/react-dev-overlay/app/hot-reloader-client.js:67
[   69850ms] [LOG] [Fast Refresh] rebuilding @ webpack-internal:///(app-pages-browser)/./node_modules/next/dist/client/components/react-dev-overlay/app/hot-reloader-client.js:240
[   69870ms] [LOG] [Fast Refresh] done in 21ms @ webpack-internal:///(app-pages-browser)/./node_modules/next/dist/client/components/react-dev-overlay/app/hot-reloader-client.js:67
[   70593ms] [LOG] [Fast Refresh] rebuilding @ webpack-internal:///(app-pages-browser)/./node_modules/next/dist/client/components/react-dev-overlay/app/hot-reloader-client.js:240
[   70625ms] [LOG] [Fast Refresh] done in 31ms @ webpack-internal:///(app-pages-browser)/./node_modules/next/dist/client/components/react-dev-overlay/app/hot-reloader-client.js:67
[   71245ms] [LOG] [Fast Refresh] rebuilding @ webpack-internal:///(app-pages-browser)/./node_modules/next/dist/client/components/react-dev-overlay/app/hot-reloader-client.js:240
[   71274ms] [LOG] [Fast Refresh] done in 28ms @ webpack-internal:///(app-pages-browser)/./node_modules/next/dist/client/components/react-dev-overlay/app/hot-reloader-client.js:67
[   71875ms] [LOG] [Fast Refresh] rebuilding @ webpack-internal:///(app-pages-browser)/./node_modules/next/dist/client/components/react-dev-overlay/app/hot-reloader-client.js:240
[   71904ms] [LOG] [Fast Refresh] done in 28ms @ webpack-internal:///(app-pages-browser)/./node_modules/next/dist/client/components/react-dev-overlay/app/hot-reloader-client.js:67
[   72503ms] [LOG] [Fast Refresh] rebuilding @ webpack-internal:///(app-pages-browser)/./node_modules/next/dist/client/components/react-dev-overlay/app/hot-reloader-client.js:240
[   72523ms] [LOG] [Fast Refresh] done in 19ms @ webpack-internal:///(app-pages-browser)/./node_modules/next/dist/client/components/react-dev-overlay/app/hot-reloader-client.js:67
[   73127ms] [LOG] [Fast Refresh] rebuilding @ webpack-internal:///(app-pages-browser)/./node_modules/next/dist/client/components/react-dev-overlay/app/hot-reloader-client.js:240
[   73152ms] [LOG] [Fast Refresh] done in 25ms @ webpack-internal:///(app-pages-browser)/./node_modules/next/dist/client/components/react-dev-overlay/app/hot-reloader-client.js:67
[   73764ms] [LOG] [Fast Refresh] rebuilding @ webpack-internal:///(app-pages-browser)/./node_modules/next/dist/client/components/react-dev-overlay/app/hot-reloader-client.js:240
[   73799ms] [LOG] [Fast Refresh] done in 34ms @ webpack-internal:///(app-pages-browser)/./node_modules/next/dist/client/components/react-dev-overlay/app/hot-reloader-client.js:67
[   74417ms] [LOG] [Fast Refresh] rebuilding @ webpack-internal:///(app-pages-browser)/./node_modules/next/dist/client/components/react-dev-overlay/app/hot-reloader-client.js:240
[   74444ms] [LOG] [Fast Refresh] done in 27ms @ webpack-internal:///(app-pages-browser)/./node_modules/next/dist/client/components/react-dev-overlay/app/hot-reloader-client.js:67
[   75063ms] [LOG] [Fast Refresh] rebuilding @ webpack-internal:///(app-pages-browser)/./node_modules/next/dist/client/components/react-dev-overlay/app/hot-reloader-client.js:240
[   75099ms] [LOG] [Fast Refresh] done in 35ms @ webpack-internal:///(app-pages-browser)/./node_modules/next/dist/client/components/react-dev-overlay/app/hot-reloader-client.js:67
[   75931ms] [LOG] [Fast Refresh] rebuilding @ webpack-internal:///(app-pages-browser)/./node_modules/next/dist/client/components/react-dev-overlay/app/hot-reloader-client.js:240
[   75961ms] [LOG] [Fast Refresh] done in 31ms @ webpack-internal:///(app-pages-browser)/./node_modules/next/dist/client/components/react-dev-overlay/app/hot-reloader-client.js:67
[   76976ms] [LOG] [Fast Refresh] rebuilding @ webpack-internal:///(app-pages-browser)/./node_modules/next/dist/client/components/react-dev-overlay/app/hot-reloader-client.js:240
[   77026ms] [LOG] [Fast Refresh] done in 50ms @ webpack-internal:///(app-pages-browser)/./node_modules/next/dist/client/components/react-dev-overlay/app/hot-reloader-client.js:67
[   78147ms] [LOG] [Fast Refresh] rebuilding @ webpack-internal:///(app-pages-browser)/./node_modules/next/dist/client/components/react-dev-overlay/app/hot-reloader-client.js:240
[   78249ms] [LOG] [Fast Refresh] done in 102ms @ webpack-internal:///(app-pages-browser)/./node_modules/next/dist/client/components/react-dev-overlay/app/hot-reloader-client.js:67
[   79210ms] [LOG] [Fast Refresh] rebuilding @ webpack-internal:///(app-pages-browser)/./node_modules/next/dist/client/components/react-dev-overlay/app/hot-reloader-client.js:240
[   79255ms] [LOG] [Fast Refresh] done in 45ms @ webpack-internal:///(app-pages-browser)/./node_modules/next/dist/client/components/react-dev-overlay/app/hot-reloader-client.js:67
[   80349ms] [LOG] [Fast Refresh] rebuilding @ webpack-internal:///(app-pages-browser)/./node_modules/next/dist/client/components/react-dev-overlay/app/hot-reloader-client.js:240
[   80386ms] [LOG] [Fast Refresh] done in 37ms @ webpack-internal:///(app-pages-browser)/./node_modules/next/dist/client/components/react-dev-overlay/app/hot-reloader-client.js:67
[   81415ms] [LOG] [Fast Refresh] rebuilding @ webpack-internal:///(app-pages-browser)/./node_modules/next/dist/client/components/react-dev-overlay/app/hot-reloader-client.js:240
[   81451ms] [LOG] [Fast Refresh] done in 36ms @ webpack-internal:///(app-pages-browser)/./node_modules/next/dist/client/components/react-dev-overlay/app/hot-reloader-client.js:67
[   82525ms] [LOG] [Fast Refresh] rebuilding @ webpack-internal:///(app-pages-browser)/./node_modules/next/dist/client/components/react-dev-overlay/app/hot-reloader-client.js:240
[   82556ms] [LOG] [Fast Refresh] done in 31ms @ webpack-internal:///(app-pages-browser)/./node_modules/next/dist/client/components/react-dev-overlay/app/hot-reloader-client.js:67
[   83620ms] [LOG] [Fast Refresh] rebuilding @ webpack-internal:///(app-pages-browser)/./node_modules/next/dist/client/components/react-dev-overlay/app/hot-reloader-client.js:240
[   83747ms] [LOG] [Fast Refresh] done in 128ms @ webpack-internal:///(app-pages-browser)/./node_modules/next/dist/client/components/react-dev-overlay/app/hot-reloader-client.js:67
[   84933ms] [LOG] [Fast Refresh] rebuilding @ webpack-internal:///(app-pages-browser)/./node_modules/next/dist/client/components/react-dev-overlay/app/hot-reloader-client.js:240
[   85010ms] [LOG] [Fast Refresh] done in 78ms @ webpack-internal:///(app-pages-browser)/./node_modules/next/dist/client/components/react-dev-overlay/app/hot-reloader-client.js:67
[   85981ms] [LOG] [Fast Refresh] rebuilding @ webpack-internal:///(app-pages-browser)/./node_modules/next/dist/client/components/react-dev-overlay/app/hot-reloader-client.js:240
[   86009ms] [LOG] [Fast Refresh] done in 29ms @ webpack-internal:///(app-pages-browser)/./node_modules/next/dist/client/components/react-dev-overlay/app/hot-reloader-client.js:67
[   87023ms] [LOG] [Fast Refresh] rebuilding @ webpack-internal:///(app-pages-browser)/./node_modules/next/dist/client/components/react-dev-overlay/app/hot-reloader-client.js:240
[   87057ms] [LOG] [Fast Refresh] done in 35ms @ webpack-internal:///(app-pages-browser)/./node_modules/next/dist/client/components/react-dev-overlay/app/hot-reloader-client.js:67
[   88050ms] [LOG] [Fast Refresh] rebuilding @ webpack-internal:///(app-pages-browser)/./node_modules/next/dist/client/components/react-dev-overlay/app/hot-reloader-client.js:240
[   88087ms] [LOG] [Fast Refresh] done in 38ms @ webpack-internal:///(app-pages-browser)/./node_modules/next/dist/client/components/react-dev-overlay/app/hot-reloader-client.js:67
[   89210ms] [LOG] [Fast Refresh] rebuilding @ webpack-internal:///(app-pages-browser)/./node_modules/next/dist/client/components/react-dev-overlay/app/hot-reloader-client.js:240
[   89247ms] [LOG] [Fast Refresh] done in 38ms @ webpack-internal:///(app-pages-browser)/./node_modules/next/dist/client/components/react-dev-overlay/app/hot-reloader-client.js:67
[   90357ms] [LOG] [Fast Refresh] rebuilding @ webpack-internal:///(app-pages-browser)/./node_modules/next/dist/client/components/react-dev-overlay/app/hot-reloader-client.js:240
[   90416ms] [LOG] [Fast Refresh] done in 60ms @ webpack-internal:///(app-pages-browser)/./node_modules/next/dist/client/components/react-dev-overlay/app/hot-reloader-client.js:67
[   91643ms] [LOG] [Fast Refresh] rebuilding @ webpack-internal:///(app-pages-browser)/./node_modules/next/dist/client/components/react-dev-overlay/app/hot-reloader-client.js:240
[   91744ms] [LOG] [Fast Refresh] done in 101ms @ webpack-internal:///(app-pages-browser)/./node_modules/next/dist/client/components/react-dev-overlay/app/hot-reloader-client.js:67
[   92991ms] [LOG] [Fast Refresh] rebuilding @ webpack-internal:///(app-pages-browser)/./node_modules/next/dist/client/components/react-dev-overlay/app/hot-reloader-client.js:240
[   93046ms] [LOG] [Fast Refresh] done in 55ms @ webpack-internal:///(app-pages-browser)/./node_modules/next/dist/client/components/react-dev-overlay/app/hot-reloader-client.js:67
[   94133ms] [LOG] [Fast Refresh] rebuilding @ webpack-internal:///(app-pages-browser)/./node_modules/next/dist/client/components/react-dev-overlay/app/hot-reloader-client.js:240
[   94183ms] [LOG] [Fast Refresh] done in 50ms @ webpack-internal:///(app-pages-browser)/./node_modules/next/dist/client/components/react-dev-overlay/app/hot-reloader-client.js:67
[   95355ms] [LOG] [Fast Refresh] rebuilding @ webpack-internal:///(app-pages-browser)/./node_modules/next/dist/client/components/react-dev-overlay/app/hot-reloader-client.js:240
[   95393ms] [LOG] [Fast Refresh] done in 39ms @ webpack-internal:///(app-pages-browser)/./node_modules/next/dist/client/components/react-dev-overlay/app/hot-reloader-client.js:67
[   96288ms] [LOG] [Fast Refresh] rebuilding @ webpack-internal:///(app-pages-browser)/./node_modules/next/dist/client/components/react-dev-overlay/app/hot-reloader-client.js:240
[   96313ms] [LOG] [Fast Refresh] done in 25ms @ webpack-internal:///(app-pages-browser)/./node_modules/next/dist/client/components/react-dev-overlay/app/hot-reloader-client.js:67
[   96930ms] [LOG] [Fast Refresh] rebuilding @ webpack-internal:///(app-pages-browser)/./node_modules/next/dist/client/components/react-dev-overlay/app/hot-reloader-client.js:240
[   96953ms] [LOG] [Fast Refresh] done in 24ms @ webpack-internal:///(app-pages-browser)/./node_modules/next/dist/client/components/react-dev-overlay/app/hot-reloader-client.js:67
[   97548ms] [LOG] [Fast Refresh] rebuilding @ webpack-internal:///(app-pages-browser)/./node_modules/next/dist/client/components/react-dev-overlay/app/hot-reloader-client.js:240
[   97567ms] [LOG] [Fast Refresh] done in 19ms @ webpack-internal:///(app-pages-browser)/./node_modules/next/dist/client/components/react-dev-overlay/app/hot-reloader-client.js:67
[   98190ms] [LOG] [Fast Refresh] rebuilding @ webpack-internal:///(app-pages-browser)/./node_modules/next/dist/client/components/react-dev-overlay/app/hot-reloader-client.js:240
[   98211ms] [LOG] [Fast Refresh] done in 21ms @ webpack-internal:///(app-pages-browser)/./node_modules/next/dist/client/components/react-dev-overlay/app/hot-reloader-client.js:67
[   98937ms] [LOG] [Fast Refresh] rebuilding @ webpack-internal:///(app-pages-browser)/./node_modules/next/dist/client/components/react-dev-overlay/app/hot-reloader-client.js:240
[   98971ms] [LOG] [Fast Refresh] done in 34ms @ webpack-internal:///(app-pages-browser)/./node_modules/next/dist/client/components/react-dev-overlay/app/hot-reloader-client.js:67
[   99571ms] [LOG] [Fast Refresh] rebuilding @ webpack-internal:///(app-pages-browser)/./node_modules/next/dist/client/components/react-dev-overlay/app/hot-reloader-client.js:240
[   99593ms] [LOG] [Fast Refresh] done in 21ms @ webpack-internal:///(app-pages-browser)/./node_modules/next/dist/client/components/react-dev-overlay/app/hot-reloader-client.js:67
[  100207ms] [LOG] [Fast Refresh] rebuilding @ webpack-internal:///(app-pages-browser)/./node_modules/next/dist/client/components/react-dev-overlay/app/hot-reloader-client.js:240
[  100224ms] [LOG] [Fast Refresh] done in 18ms @ webpack-internal:///(app-pages-browser)/./node_modules/next/dist/client/components/react-dev-overlay/app/hot-reloader-client.js:67
[  100825ms] [LOG] [Fast Refresh] rebuilding @ webpack-internal:///(app-pages-browser)/./node_modules/next/dist/client/components/react-dev-overlay/app/hot-reloader-client.js:240
[  100843ms] [LOG] [Fast Refresh] done in 18ms @ webpack-internal:///(app-pages-browser)/./node_modules/next/dist/client/components/react-dev-overlay/app/hot-reloader-client.js:67
[  101442ms] [LOG] [Fast Refresh] rebuilding @ webpack-internal:///(app-pages-browser)/./node_modules/next/dist/client/components/react-dev-overlay/app/hot-reloader-client.js:240
[  101468ms] [LOG] [Fast Refresh] done in 26ms @ webpack-internal:///(app-pages-browser)/./node_modules/next/dist/client/components/react-dev-overlay/app/hot-reloader-client.js:67
[  102093ms] [LOG] [Fast Refresh] rebuilding @ webpack-internal:///(app-pages-browser)/./node_modules/next/dist/client/components/react-dev-overlay/app/hot-reloader-client.js:240
[  102116ms] [LOG] [Fast Refresh] done in 23ms @ webpack-internal:///(app-pages-browser)/./node_modules/next/dist/client/components/react-dev-overlay/app/hot-reloader-client.js:67
[  102717ms] [LOG] [Fast Refresh] rebuilding @ webpack-internal:///(app-pages-browser)/./node_modules/next/dist/client/components/react-dev-overlay/app/hot-reloader-client.js:240
[  103231ms] [LOG] [Fast Refresh] done in 515ms @ webpack-internal:///(app-pages-browser)/./node_modules/next/dist/client/components/react-dev-overlay/app/hot-reloader-client.js:67
[  103322ms] [LOG] [Fast Refresh] rebuilding @ webpack-internal:///(app-pages-browser)/./node_modules/next/dist/client/components/react-dev-overlay/app/hot-reloader-client.js:240
[  103345ms] [LOG] [Fast Refresh] done in 23ms @ webpack-internal:///(app-pages-browser)/./node_modules/next/dist/client/components/react-dev-overlay/app/hot-reloader-client.js:67
[  104074ms] [LOG] [Fast Refresh] rebuilding @ webpack-internal:///(app-pages-browser)/./node_modules/next/dist/client/components/react-dev-overlay/app/hot-reloader-client.js:240
[  104100ms] [LOG] [Fast Refresh] done in 26ms @ webpack-internal:///(app-pages-browser)/./node_modules/next/dist/client/components/react-dev-overlay/app/hot-reloader-client.js:67
[  104706ms] [LOG] [Fast Refresh] rebuilding @ webpack-internal:///(app-pages-browser)/./node_modules/next/dist/client/components/react-dev-overlay/app/hot-reloader-client.js:240
[  104730ms] [LOG] [Fast Refresh] done in 23ms @ webpack-internal:///(app-pages-browser)/./node_modules/next/dist/client/components/react-dev-overlay/app/hot-reloader-client.js:67
[  105325ms] [LOG] [Fast Refresh] rebuilding @ webpack-internal:///(app-pages-browser)/./node_modules/next/dist/client/components/react-dev-overlay/app/hot-reloader-client.js:240
[  105344ms] [LOG] [Fast Refresh] done in 18ms @ webpack-internal:///(app-pages-browser)/./node_modules/next/dist/client/components/react-dev-overlay/app/hot-reloader-client.js:67
[  105954ms] [LOG] [Fast Refresh] rebuilding @ webpack-internal:///(app-pages-browser)/./node_modules/next/dist/client/components/react-dev-overlay/app/hot-reloader-client.js:240
[  105979ms] [LOG] [Fast Refresh] done in 26ms @ webpack-internal:///(app-pages-browser)/./node_modules/next/dist/client/components/react-dev-overlay/app/hot-reloader-client.js:67
[  106564ms] [LOG] [Fast Refresh] rebuilding @ webpack-internal:///(app-pages-browser)/./node_modules/next/dist/client/components/react-dev-overlay/app/hot-reloader-client.js:240
[  106585ms] [LOG] [Fast Refresh] done in 21ms @ webpack-internal:///(app-pages-browser)/./node_modules/next/dist/client/components/react-dev-overlay/app/hot-reloader-client.js:67
[  107192ms] [LOG] [Fast Refresh] rebuilding @ webpack-internal:///(app-pages-browser)/./node_modules/next/dist/client/components/react-dev-overlay/app/hot-reloader-client.js:240
[  107212ms] [LOG] [Fast Refresh] done in 20ms @ webpack-internal:///(app-pages-browser)/./node_modules/next/dist/client/components/react-dev-overlay/app/hot-reloader-client.js:67
[  107825ms] [LOG] [Fast Refresh] rebuilding @ webpack-internal:///(app-pages-browser)/./node_modules/next/dist/client/components/react-dev-overlay/app/hot-reloader-client.js:240
[  107847ms] [LOG] [Fast Refresh] done in 23ms @ webpack-internal:///(app-pages-browser)/./node_modules/next/dist/client/components/react-dev-overlay/app/hot-reloader-client.js:67
[  108566ms] [LOG] [Fast Refresh] rebuilding @ webpack-internal:///(app-pages-browser)/./node_modules/next/dist/client/components/react-dev-overlay/app/hot-reloader-client.js:240
[  108583ms] [LOG] [Fast Refresh] done in 17ms @ webpack-internal:///(app-pages-browser)/./node_modules/next/dist/client/components/react-dev-overlay/app/hot-reloader-client.js:67
[  109200ms] [LOG] [Fast Refresh] rebuilding @ webpack-internal:///(app-pages-browser)/./node_modules/next/dist/client/components/react-dev-overlay/app/hot-reloader-client.js:240
[  109229ms] [LOG] [Fast Refresh] done in 29ms @ webpack-internal:///(app-pages-browser)/./node_modules/next/dist/client/components/react-dev-overlay/app/hot-reloader-client.js:67
[  109838ms] [LOG] [Fast Refresh] rebuilding @ webpack-internal:///(app-pages-browser)/./node_modules/next/dist/client/components/react-dev-overlay/app/hot-reloader-client.js:240
[  109859ms] [LOG] [Fast Refresh] done in 21ms @ webpack-internal:///(app-pages-browser)/./node_modules/next/dist/client/components/react-dev-overlay/app/hot-reloader-client.js:67
[  110430ms] [LOG] [Fast Refresh] rebuilding @ webpack-internal:///(app-pages-browser)/./node_modules/next/dist/client/components/react-dev-overlay/app/hot-reloader-client.js:240
[  110450ms] [LOG] [Fast Refresh] done in 19ms @ webpack-internal:///(app-pages-browser)/./node_modules/next/dist/client/components/react-dev-overlay/app/hot-reloader-client.js:67
[  111041ms] [LOG] [Fast Refresh] rebuilding @ webpack-internal:///(app-pages-browser)/./node_modules/next/dist/client/components/react-dev-overlay/app/hot-reloader-client.js:240
[  111058ms] [LOG] [Fast Refresh] done in 18ms @ webpack-internal:///(app-pages-browser)/./node_modules/next/dist/client/components/react-dev-overlay/app/hot-reloader-client.js:67
[  111656ms] [LOG] [Fast Refresh] rebuilding @ webpack-internal:///(app-pages-browser)/./node_modules/next/dist/client/components/react-dev-overlay/app/hot-reloader-client.js:240
[  111681ms] [LOG] [Fast Refresh] done in 26ms @ webpack-internal:///(app-pages-browser)/./node_modules/next/dist/client/components/react-dev-overlay/app/hot-reloader-client.js:67
[  112276ms] [LOG] [Fast Refresh] rebuilding @ webpack-internal:///(app-pages-browser)/./node_modules/next/dist/client/components/react-dev-overlay/app/hot-reloader-client.js:240
[  112300ms] [LOG] [Fast Refresh] done in 23ms @ webpack-internal:///(app-pages-browser)/./node_modules/next/dist/client/components/react-dev-overlay/app/hot-reloader-client.js:67
[  112890ms] [LOG] [Fast Refresh] rebuilding @ webpack-internal:///(app-pages-browser)/./node_modules/next/dist/client/components/react-dev-overlay/app/hot-reloader-client.js:240
[  112950ms] [LOG] [Fast Refresh] done in 60ms @ webpack-internal:///(app-pages-browser)/./node_modules/next/dist/client/components/react-dev-overlay/app/hot-reloader-client.js:67
[  113597ms] [LOG] [Fast Refresh] rebuilding @ webpack-internal:///(app-pages-browser)/./node_modules/next/dist/client/components/react-dev-overlay/app/hot-reloader-client.js:240
[  113619ms] [LOG] [Fast Refresh] done in 22ms @ webpack-internal:///(app-pages-browser)/./node_modules/next/dist/client/components/react-dev-overlay/app/hot-reloader-client.js:67
[  114229ms] [LOG] [Fast Refresh] rebuilding @ webpack-internal:///(app-pages-browser)/./node_modules/next/dist/client/components/react-dev-overlay/app/hot-reloader-client.js:240
[  114252ms] [LOG] [Fast Refresh] done in 24ms @ webpack-internal:///(app-pages-browser)/./node_modules/next/dist/client/components/react-dev-overlay/app/hot-reloader-client.js:67
[  114874ms] [LOG] [Fast Refresh] rebuilding @ webpack-internal:///(app-pages-browser)/./node_modules/next/dist/client/components/react-dev-overlay/app/hot-reloader-client.js:240
[  114897ms] [LOG] [Fast Refresh] done in 24ms @ webpack-internal:///(app-pages-browser)/./node_modules/next/dist/client/components/react-dev-overlay/app/hot-reloader-client.js:67
[  115514ms] [LOG] [Fast Refresh] rebuilding @ webpack-internal:///(app-pages-browser)/./node_modules/next/dist/client/components/react-dev-overlay/app/hot-reloader-client.js:240
[  116037ms] [LOG] [Fast Refresh] done in 523ms @ webpack-internal:///(app-pages-browser)/./node_modules/next/dist/client/components/react-dev-overlay/app/hot-reloader-client.js:67
[  116127ms] [LOG] [Fast Refresh] rebuilding @ webpack-internal:///(app-pages-browser)/./node_modules/next/dist/client/components/react-dev-overlay/app/hot-reloader-client.js:240
[  116145ms] [LOG] [Fast Refresh] done in 19ms @ webpack-internal:///(app-pages-browser)/./node_modules/next/dist/client/components/react-dev-overlay/app/hot-reloader-client.js:67
[  116752ms] [LOG] [Fast Refresh] rebuilding @ webpack-internal:///(app-pages-browser)/./node_modules/next/dist/client/components/react-dev-overlay/app/hot-reloader-client.js:240
[  116775ms] [LOG] [Fast Refresh] done in 23ms @ webpack-internal:///(app-pages-browser)/./node_modules/next/dist/client/components/react-dev-overlay/app/hot-reloader-client.js:67
[  117375ms] [LOG] [Fast Refresh] rebuilding @ webpack-internal:///(app-pages-browser)/./node_modules/next/dist/client/components/react-dev-overlay/app/hot-reloader-client.js:240
[  117398ms] [LOG] [Fast Refresh] done in 23ms @ webpack-internal:///(app-pages-browser)/./node_modules/next/dist/client/components/react-dev-overlay/app/hot-reloader-client.js:67
[  118101ms] [LOG] [Fast Refresh] rebuilding @ webpack-internal:///(app-pages-browser)/./node_modules/next/dist/client/components/react-dev-overlay/app/hot-reloader-client.js:240
[  118116ms] [LOG] [Fast Refresh] done in 16ms @ webpack-internal:///(app-pages-browser)/./node_modules/next/dist/client/components/react-dev-overlay/app/hot-reloader-client.js:67
[  118738ms] [LOG] [Fast Refresh] rebuilding @ webpack-internal:///(app-pages-browser)/./node_modules/next/dist/client/components/react-dev-overlay/app/hot-reloader-client.js:240
[  118752ms] [LOG] [Fast Refresh] done in 15ms @ webpack-internal:///(app-pages-browser)/./node_modules/next/dist/client/components/react-dev-overlay/app/hot-reloader-client.js:67
[  119369ms] [LOG] [Fast Refresh] rebuilding @ webpack-internal:///(app-pages-browser)/./node_modules/next/dist/client/components/react-dev-overlay/app/hot-reloader-client.js:240
[  119396ms] [LOG] [Fast Refresh] done in 27ms @ webpack-internal:///(app-pages-browser)/./node_modules/next/dist/client/components/react-dev-overlay/app/hot-reloader-client.js:67
[  119980ms] [LOG] [Fast Refresh] rebuilding @ webpack-internal:///(app-pages-browser)/./node_modules/next/dist/client/components/react-dev-overlay/app/hot-reloader-client.js:240
[  119997ms] [LOG] [Fast Refresh] done in 18ms @ webpack-internal:///(app-pages-browser)/./node_modules/next/dist/client/components/react-dev-overlay/app/hot-reloader-client.js:67
[  120601ms] [LOG] [Fast Refresh] rebuilding @ webpack-internal:///(app-pages-browser)/./node_modules/next/dist/client/components/react-dev-overlay/app/hot-reloader-client.js:240
[  120625ms] [LOG] [Fast Refresh] done in 25ms @ webpack-internal:///(app-pages-browser)/./node_modules/next/dist/client/components/react-dev-overlay/app/hot-reloader-client.js:67
[  121203ms] [LOG] [Fast Refresh] rebuilding @ webpack-internal:///(app-pages-browser)/./node_modules/next/dist/client/components/react-dev-overlay/app/hot-reloader-client.js:240
[  121223ms] [LOG] [Fast Refresh] done in 20ms @ webpack-internal:///(app-pages-browser)/./node_modules/next/dist/client/components/react-dev-overlay/app/hot-reloader-client.js:67
[  121819ms] [LOG] [Fast Refresh] rebuilding @ webpack-internal:///(app-pages-browser)/./node_modules/next/dist/client/components/react-dev-overlay/app/hot-reloader-client.js:240
[  121837ms] [LOG] [Fast Refresh] done in 19ms @ webpack-internal:///(app-pages-browser)/./node_modules/next/dist/client/components/react-dev-overlay/app/hot-reloader-client.js:67
[  122439ms] [LOG] [Fast Refresh] rebuilding @ webpack-internal:///(app-pages-browser)/./node_modules/next/dist/client/components/react-dev-overlay/app/hot-reloader-client.js:240
[  122468ms] [LOG] [Fast Refresh] done in 28ms @ webpack-internal:///(app-pages-browser)/./node_modules/next/dist/client/components/react-dev-overlay/app/hot-reloader-client.js:67
[  123143ms] [LOG] [Fast Refresh] rebuilding @ webpack-internal:///(app-pages-browser)/./node_modules/next/dist/client/components/react-dev-overlay/app/hot-reloader-client.js:240
[  123184ms] [LOG] [Fast Refresh] done in 41ms @ webpack-internal:///(app-pages-browser)/./node_modules/next/dist/client/components/react-dev-overlay/app/hot-reloader-client.js:67
[  123793ms] [LOG] [Fast Refresh] rebuilding @ webpack-internal:///(app-pages-browser)/./node_modules/next/dist/client/components/react-dev-overlay/app/hot-reloader-client.js:240
[  123817ms] [LOG] [Fast Refresh] done in 24ms @ webpack-internal:///(app-pages-browser)/./node_modules/next/dist/client/components/react-dev-overlay/app/hot-reloader-client.js:67
[  124423ms] [LOG] [Fast Refresh] rebuilding @ webpack-internal:///(app-pages-browser)/./node_modules/next/dist/client/components/react-dev-overlay/app/hot-reloader-client.js:240
[  124435ms] [LOG] [Fast Refresh] done in 12ms @ webpack-internal:///(app-pages-browser)/./node_modules/next/dist/client/components/react-dev-overlay/app/hot-reloader-client.js:67
[  125040ms] [LOG] [Fast Refresh] rebuilding @ webpack-internal:///(app-pages-browser)/./node_modules/next/dist/client/components/react-dev-overlay/app/hot-reloader-client.js:240
[  125065ms] [LOG] [Fast Refresh] done in 25ms @ webpack-internal:///(app-pages-browser)/./node_modules/next/dist/client/components/react-dev-overlay/app/hot-reloader-client.js:67
[  125639ms] [LOG] [Fast Refresh] rebuilding @ webpack-internal:///(app-pages-browser)/./node_modules/next/dist/client/components/react-dev-overlay/app/hot-reloader-client.js:240
[  125664ms] [LOG] [Fast Refresh] done in 24ms @ webpack-internal:///(app-pages-browser)/./node_modules/next/dist/client/components/react-dev-overlay/app/hot-reloader-client.js:67
[  126238ms] [LOG] [Fast Refresh] rebuilding @ webpack-internal:///(app-pages-browser)/./node_modules/next/dist/client/components/react-dev-overlay/app/hot-reloader-client.js:240
[  126258ms] [LOG] [Fast Refresh] done in 20ms @ webpack-internal:///(app-pages-browser)/./node_modules/next/dist/client/components/react-dev-overlay/app/hot-reloader-client.js:67
[  126862ms] [LOG] [Fast Refresh] rebuilding @ webpack-internal:///(app-pages-browser)/./node_modules/next/dist/client/components/react-dev-overlay/app/hot-reloader-client.js:240
[  126893ms] [LOG] [Fast Refresh] done in 31ms @ webpack-internal:///(app-pages-browser)/./node_modules/next/dist/client/components/react-dev-overlay/app/hot-reloader-client.js:67
[  127500ms] [LOG] [Fast Refresh] rebuilding @ webpack-internal:///(app-pages-browser)/./node_modules/next/dist/client/components/react-dev-overlay/app/hot-reloader-client.js:240
[  127533ms] [LOG] [Fast Refresh] done in 33ms @ webpack-internal:///(app-pages-browser)/./node_modules/next/dist/client/components/react-dev-overlay/app/hot-reloader-client.js:67
[  128317ms] [LOG] [Fast Refresh] rebuilding @ webpack-internal:///(app-pages-browser)/./node_modules/next/dist/client/components/react-dev-overlay/app/hot-reloader-client.js:240
[  128342ms] [LOG] [Fast Refresh] done in 26ms @ webpack-internal:///(app-pages-browser)/./node_modules/next/dist/client/components/react-dev-overlay/app/hot-reloader-client.js:67
[  128978ms] [LOG] [Fast Refresh] rebuilding @ webpack-internal:///(app-pages-browser)/./node_modules/next/dist/client/components/react-dev-overlay/app/hot-reloader-client.js:240
[  129005ms] [LOG] [Fast Refresh] done in 27ms @ webpack-internal:///(app-pages-browser)/./node_modules/next/dist/client/components/react-dev-overlay/app/hot-reloader-client.js:67
[  129623ms] [LOG] [Fast Refresh] rebuilding @ webpack-internal:///(app-pages-browser)/./node_modules/next/dist/client/components/react-dev-overlay/app/hot-reloader-client.js:240
[  129640ms] [LOG] [Fast Refresh] done in 18ms @ webpack-internal:///(app-pages-browser)/./node_modules/next/dist/client/components/react-dev-overlay/app/hot-reloader-client.js:67
[  130278ms] [LOG] [Fast Refresh] rebuilding @ webpack-internal:///(app-pages-browser)/./node_modules/next/dist/client/components/react-dev-overlay/app/hot-reloader-client.js:240
[  130307ms] [LOG] [Fast Refresh] done in 30ms @ webpack-internal:///(app-pages-browser)/./node_modules/next/dist/client/components/react-dev-overlay/app/hot-reloader-client.js:67
[  130918ms] [LOG] [Fast Refresh] rebuilding @ webpack-internal:///(app-pages-browser)/./node_modules/next/dist/client/components/react-dev-overlay/app/hot-reloader-client.js:240
[  130942ms] [LOG] [Fast Refresh] done in 23ms @ webpack-internal:///(app-pages-browser)/./node_modules/next/dist/client/components/react-dev-overlay/app/hot-reloader-client.js:67
[  131541ms] [LOG] [Fast Refresh] rebuilding @ webpack-internal:///(app-pages-browser)/./node_modules/next/dist/client/components/react-dev-overlay/app/hot-reloader-client.js:240
[  131566ms] [LOG] [Fast Refresh] done in 25ms @ webpack-internal:///(app-pages-browser)/./node_modules/next/dist/client/components/react-dev-overlay/app/hot-reloader-client.js:67
[  132161ms] [LOG] [Fast Refresh] rebuilding @ webpack-internal:///(app-pages-browser)/./node_modules/next/dist/client/components/react-dev-overlay/app/hot-reloader-client.js:240
[  132180ms] [LOG] [Fast Refresh] done in 19ms @ webpack-internal:///(app-pages-browser)/./node_modules/next/dist/client/components/react-dev-overlay/app/hot-reloader-client.js:67
[  132779ms] [LOG] [Fast Refresh] rebuilding @ webpack-internal:///(app-pages-browser)/./node_modules/next/dist/client/components/react-dev-overlay/app/hot-reloader-client.js:240
[  132849ms] [LOG] [Fast Refresh] done in 69ms @ webpack-internal:///(app-pages-browser)/./node_modules/next/dist/client/components/react-dev-overlay/app/hot-reloader-client.js:67
[  133480ms] [LOG] [Fast Refresh] rebuilding @ webpack-internal:///(app-pages-browser)/./node_modules/next/dist/client/components/react-dev-overlay/app/hot-reloader-client.js:240
[  133506ms] [LOG] [Fast Refresh] done in 26ms @ webpack-internal:///(app-pages-browser)/./node_modules/next/dist/client/components/react-dev-overlay/app/hot-reloader-client.js:67
[  134098ms] [LOG] [Fast Refresh] rebuilding @ webpack-internal:///(app-pages-browser)/./node_modules/next/dist/client/components/react-dev-overlay/app/hot-reloader-client.js:240
[  134118ms] [LOG] [Fast Refresh] done in 21ms @ webpack-internal:///(app-pages-browser)/./node_modules/next/dist/client/components/react-dev-overlay/app/hot-reloader-client.js:67
[  134737ms] [LOG] [Fast Refresh] rebuilding @ webpack-internal:///(app-pages-browser)/./node_modules/next/dist/client/components/react-dev-overlay/app/hot-reloader-client.js:240
[  134763ms] [LOG] [Fast Refresh] done in 26ms @ webpack-internal:///(app-pages-browser)/./node_modules/next/dist/client/components/react-dev-overlay/app/hot-reloader-client.js:67
[  135354ms] [LOG] [Fast Refresh] rebuilding @ webpack-internal:///(app-pages-browser)/./node_modules/next/dist/client/components/react-dev-overlay/app/hot-reloader-client.js:240
[  135857ms] [LOG] [Fast Refresh] done in 503ms @ webpack-internal:///(app-pages-browser)/./node_modules/next/dist/client/components/react-dev-overlay/app/hot-reloader-client.js:67
[  135949ms] [LOG] [Fast Refresh] rebuilding @ webpack-internal:///(app-pages-browser)/./node_modules/next/dist/client/components/react-dev-overlay/app/hot-reloader-client.js:240
[  135970ms] [LOG] [Fast Refresh] done in 20ms @ webpack-internal:///(app-pages-browser)/./node_modules/next/dist/client/components/react-dev-overlay/app/hot-reloader-client.js:67
[  136567ms] [LOG] [Fast Refresh] rebuilding @ webpack-internal:///(app-pages-browser)/./node_modules/next/dist/client/components/react-dev-overlay/app/hot-reloader-client.js:240
[  136584ms] [LOG] [Fast Refresh] done in 18ms @ webpack-internal:///(app-pages-browser)/./node_modules/next/dist/client/components/react-dev-overlay/app/hot-reloader-client.js:67
[  137186ms] [LOG] [Fast Refresh] rebuilding @ webpack-internal:///(app-pages-browser)/./node_modules/next/dist/client/components/react-dev-overlay/app/hot-reloader-client.js:240
[  137202ms] [LOG] [Fast Refresh] done in 16ms @ webpack-internal:///(app-pages-browser)/./node_modules/next/dist/client/components/react-dev-overlay/app/hot-reloader-client.js:67
[  137979ms] [LOG] [Fast Refresh] rebuilding @ webpack-internal:///(app-pages-browser)/./node_modules/next/dist/client/components/react-dev-overlay/app/hot-reloader-client.js:240
[  137997ms] [LOG] [Fast Refresh] done in 18ms @ webpack-internal:///(app-pages-browser)/./node_modules/next/dist/client/components/react-dev-overlay/app/hot-reloader-client.js:67
[  138619ms] [LOG] [Fast Refresh] rebuilding @ webpack-internal:///(app-pages-browser)/./node_modules/next/dist/client/components/react-dev-overlay/app/hot-reloader-client.js:240
[  138646ms] [LOG] [Fast Refresh] done in 28ms @ webpack-internal:///(app-pages-browser)/./node_modules/next/dist/client/components/react-dev-overlay/app/hot-reloader-client.js:67
[  139248ms] [LOG] [Fast Refresh] rebuilding @ webpack-internal:///(app-pages-browser)/./node_modules/next/dist/client/components/react-dev-overlay/app/hot-reloader-client.js:240
[  139269ms] [LOG] [Fast Refresh] done in 21ms @ webpack-internal:///(app-pages-browser)/./node_modules/next/dist/client/components/react-dev-overlay/app/hot-reloader-client.js:67
[  139878ms] [LOG] [Fast Refresh] rebuilding @ webpack-internal:///(app-pages-browser)/./node_modules/next/dist/client/components/react-dev-overlay/app/hot-reloader-client.js:240
[  139907ms] [LOG] [Fast Refresh] done in 28ms @ webpack-internal:///(app-pages-browser)/./node_modules/next/dist/client/components/react-dev-overlay/app/hot-reloader-client.js:67
[  140494ms] [LOG] [Fast Refresh] rebuilding @ webpack-internal:///(app-pages-browser)/./node_modules/next/dist/client/components/react-dev-overlay/app/hot-reloader-client.js:240
[  140512ms] [LOG] [Fast Refresh] done in 19ms @ webpack-internal:///(app-pages-browser)/./node_modules/next/dist/client/components/react-dev-overlay/app/hot-reloader-client.js:67
[  141102ms] [LOG] [Fast Refresh] rebuilding @ webpack-internal:///(app-pages-browser)/./node_modules/next/dist/client/components/react-dev-overlay/app/hot-reloader-client.js:240
[  141129ms] [LOG] [Fast Refresh] done in 27ms @ webpack-internal:///(app-pages-browser)/./node_modules/next/dist/client/components/react-dev-overlay/app/hot-reloader-client.js:67
[  141721ms] [LOG] [Fast Refresh] rebuilding @ webpack-internal:///(app-pages-browser)/./node_modules/next/dist/client/components/react-dev-overlay/app/hot-reloader-client.js:240
[  141747ms] [LOG] [Fast Refresh] done in 25ms @ webpack-internal:///(app-pages-browser)/./node_modules/next/dist/client/components/react-dev-overlay/app/hot-reloader-client.js:67
[  142342ms] [LOG] [Fast Refresh] rebuilding @ webpack-internal:///(app-pages-browser)/./node_modules/next/dist/client/components/react-dev-overlay/app/hot-reloader-client.js:240
[  142366ms] [LOG] [Fast Refresh] done in 25ms @ webpack-internal:///(app-pages-browser)/./node_modules/next/dist/client/components/react-dev-overlay/app/hot-reloader-client.js:67
[  143063ms] [LOG] [Fast Refresh] rebuilding @ webpack-internal:///(app-pages-browser)/./node_modules/next/dist/client/components/react-dev-overlay/app/hot-reloader-client.js:240
[  143097ms] [LOG] [Fast Refresh] done in 33ms @ webpack-internal:///(app-pages-browser)/./node_modules/next/dist/client/components/react-dev-overlay/app/hot-reloader-client.js:67
[  143707ms] [LOG] [Fast Refresh] rebuilding @ webpack-internal:///(app-pages-browser)/./node_modules/next/dist/client/components/react-dev-overlay/app/hot-reloader-client.js:240
[  143726ms] [LOG] [Fast Refresh] done in 19ms @ webpack-internal:///(app-pages-browser)/./node_modules/next/dist/client/components/react-dev-overlay/app/hot-reloader-client.js:67
[  144337ms] [LOG] [Fast Refresh] rebuilding @ webpack-internal:///(app-pages-browser)/./node_modules/next/dist/client/components/react-dev-overlay/app/hot-reloader-client.js:240
[  144353ms] [LOG] [Fast Refresh] done in 16ms @ webpack-internal:///(app-pages-browser)/./node_modules/next/dist/client/components/react-dev-overlay/app/hot-reloader-client.js:67
[  144952ms] [LOG] [Fast Refresh] rebuilding @ webpack-internal:///(app-pages-browser)/./node_modules/next/dist/client/components/react-dev-overlay/app/hot-reloader-client.js:240
[  144981ms] [LOG] [Fast Refresh] done in 30ms @ webpack-internal:///(app-pages-browser)/./node_modules/next/dist/client/components/react-dev-overlay/app/hot-reloader-client.js:67
[  145562ms] [LOG] [Fast Refresh] rebuilding @ webpack-internal:///(app-pages-browser)/./node_modules/next/dist/client/components/react-dev-overlay/app/hot-reloader-client.js:240
[  145580ms] [LOG] [Fast Refresh] done in 18ms @ webpack-internal:///(app-pages-browser)/./node_modules/next/dist/client/components/react-dev-overlay/app/hot-reloader-client.js:67
[  146179ms] [LOG] [Fast Refresh] rebuilding @ webpack-internal:///(app-pages-browser)/./node_modules/next/dist/client/components/react-dev-overlay/app/hot-reloader-client.js:240
[  146197ms] [LOG] [Fast Refresh] done in 18ms @ webpack-internal:///(app-pages-browser)/./node_modules/next/dist/client/components/react-dev-overlay/app/hot-reloader-client.js:67
[  146817ms] [LOG] [Fast Refresh] rebuilding @ webpack-internal:///(app-pages-browser)/./node_modules/next/dist/client/components/react-dev-overlay/app/hot-reloader-client.js:240
[  146841ms] [LOG] [Fast Refresh] done in 25ms @ webpack-internal:///(app-pages-browser)/./node_modules/next/dist/client/components/react-dev-overlay/app/hot-reloader-client.js:67
[  147432ms] [LOG] [Fast Refresh] rebuilding @ webpack-internal:///(app-pages-browser)/./node_modules/next/dist/client/components/react-dev-overlay/app/hot-reloader-client.js:240
[  147447ms] [LOG] [Fast Refresh] done in 15ms @ webpack-internal:///(app-pages-browser)/./node_modules/next/dist/client/components/react-dev-overlay/app/hot-reloader-client.js:67
[  148179ms] [LOG] [Fast Refresh] rebuilding @ webpack-internal:///(app-pages-browser)/./node_modules/next/dist/client/components/react-dev-overlay/app/hot-reloader-client.js:240
[  148197ms] [LOG] [Fast Refresh] done in 18ms @ webpack-internal:///(app-pages-browser)/./node_modules/next/dist/client/components/react-dev-overlay/app/hot-reloader-client.js:67
[  148823ms] [LOG] [Fast Refresh] rebuilding @ webpack-internal:///(app-pages-browser)/./node_modules/next/dist/client/components/react-dev-overlay/app/hot-reloader-client.js:240
[  148839ms] [LOG] [Fast Refresh] done in 17ms @ webpack-internal:///(app-pages-browser)/./node_modules/next/dist/client/components/react-dev-overlay/app/hot-reloader-client.js:67
[  149450ms] [LOG] [Fast Refresh] rebuilding @ webpack-internal:///(app-pages-browser)/./node_modules/next/dist/client/components/react-dev-overlay/app/hot-reloader-client.js:240
[  149477ms] [LOG] [Fast Refresh] done in 27ms @ webpack-internal:///(app-pages-browser)/./node_modules/next/dist/client/components/react-dev-overlay/app/hot-reloader-client.js:67
[  150131ms] [LOG] [Fast Refresh] rebuilding @ webpack-internal:///(app-pages-browser)/./node_modules/next/dist/client/components/react-dev-overlay/app/hot-reloader-client.js:240
[  150163ms] [LOG] [Fast Refresh] done in 31ms @ webpack-internal:///(app-pages-browser)/./node_modules/next/dist/client/components/react-dev-overlay/app/hot-reloader-client.js:67
[  150818ms] [LOG] [Fast Refresh] rebuilding @ webpack-internal:///(app-pages-browser)/./node_modules/next/dist/client/components/react-dev-overlay/app/hot-reloader-client.js:240
[  150843ms] [LOG] [Fast Refresh] done in 25ms @ webpack-internal:///(app-pages-browser)/./node_modules/next/dist/client/components/react-dev-overlay/app/hot-reloader-client.js:67
[  151455ms] [LOG] [Fast Refresh] rebuilding @ webpack-internal:///(app-pages-browser)/./node_modules/next/dist/client/components/react-dev-overlay/app/hot-reloader-client.js:240
[  151968ms] [LOG] [Fast Refresh] done in 513ms @ webpack-internal:///(app-pages-browser)/./node_modules/next/dist/client/components/react-dev-overlay/app/hot-reloader-client.js:67
[  152079ms] [LOG] [Fast Refresh] rebuilding @ webpack-internal:///(app-pages-browser)/./node_modules/next/dist/client/components/react-dev-overlay/app/hot-reloader-client.js:240
[  152102ms] [LOG] [Fast Refresh] done in 23ms @ webpack-internal:///(app-pages-browser)/./node_modules/next/dist/client/components/react-dev-overlay/app/hot-reloader-client.js:67
[  152693ms] [LOG] [Fast Refresh] rebuilding @ webpack-internal:///(app-pages-browser)/./node_modules/next/dist/client/components/react-dev-overlay/app/hot-reloader-client.js:240
[  152754ms] [LOG] [Fast Refresh] done in 61ms @ webpack-internal:///(app-pages-browser)/./node_modules/next/dist/client/components/react-dev-overlay/app/hot-reloader-client.js:67
[  153409ms] [LOG] [Fast Refresh] rebuilding @ webpack-internal:///(app-pages-browser)/./node_modules/next/dist/client/components/react-dev-overlay/app/hot-reloader-client.js:240
[  153439ms] [LOG] [Fast Refresh] done in 30ms @ webpack-internal:///(app-pages-browser)/./node_modules/next/dist/client/components/react-dev-overlay/app/hot-reloader-client.js:67
[  154051ms] [LOG] [Fast Refresh] rebuilding @ webpack-internal:///(app-pages-browser)/./node_modules/next/dist/client/components/react-dev-overlay/app/hot-reloader-client.js:240
[  154557ms] [LOG] [Fast Refresh] done in 507ms @ webpack-internal:///(app-pages-browser)/./node_modules/next/dist/client/components/react-dev-overlay/app/hot-reloader-client.js:67
[  154660ms] [LOG] [Fast Refresh] rebuilding @ webpack-internal:///(app-pages-browser)/./node_modules/next/dist/client/components/react-dev-overlay/app/hot-reloader-client.js:240
[  154685ms] [LOG] [Fast Refresh] done in 24ms @ webpack-internal:///(app-pages-browser)/./node_modules/next/dist/client/components/react-dev-overlay/app/hot-reloader-client.js:67
[  155268ms] [LOG] [Fast Refresh] rebuilding @ webpack-internal:///(app-pages-browser)/./node_modules/next/dist/client/components/react-dev-overlay/app/hot-reloader-client.js:240
[  155293ms] [LOG] [Fast Refresh] done in 26ms @ webpack-internal:///(app-pages-browser)/./node_modules/next/dist/client/components/react-dev-overlay/app/hot-reloader-client.js:67
[  155896ms] [LOG] [Fast Refresh] rebuilding @ webpack-internal:///(app-pages-browser)/./node_modules/next/dist/client/components/react-dev-overlay/app/hot-reloader-client.js:240
[  155923ms] [LOG] [Fast Refresh] done in 27ms @ webpack-internal:///(app-pages-browser)/./node_modules/next/dist/client/components/react-dev-overlay/app/hot-reloader-client.js:67
[  156511ms] [LOG] [Fast Refresh] rebuilding @ webpack-internal:///(app-pages-browser)/./node_modules/next/dist/client/components/react-dev-overlay/app/hot-reloader-client.js:240
[  156530ms] [LOG] [Fast Refresh] done in 18ms @ webpack-internal:///(app-pages-browser)/./node_modules/next/dist/client/components/react-dev-overlay/app/hot-reloader-client.js:67
[  157139ms] [LOG] [Fast Refresh] rebuilding @ webpack-internal:///(app-pages-browser)/./node_modules/next/dist/client/components/react-dev-overlay/app/hot-reloader-client.js:240
[  157163ms] [LOG] [Fast Refresh] done in 25ms @ webpack-internal:///(app-pages-browser)/./node_modules/next/dist/client/components/react-dev-overlay/app/hot-reloader-client.js:67
[  157858ms] [LOG] [Fast Refresh] rebuilding @ webpack-internal:///(app-pages-browser)/./node_modules/next/dist/client/components/react-dev-overlay/app/hot-reloader-client.js:240
[  157876ms] [LOG] [Fast Refresh] done in 17ms @ webpack-internal:///(app-pages-browser)/./node_modules/next/dist/client/components/react-dev-overlay/app/hot-reloader-client.js:67
[  158489ms] [LOG] [Fast Refresh] rebuilding @ webpack-internal:///(app-pages-browser)/./node_modules/next/dist/client/components/react-dev-overlay/app/hot-reloader-client.js:240
[  158505ms] [LOG] [Fast Refresh] done in 17ms @ webpack-internal:///(app-pages-browser)/./node_modules/next/dist/client/components/react-dev-overlay/app/hot-reloader-client.js:67
[  159106ms] [LOG] [Fast Refresh] rebuilding @ webpack-internal:///(app-pages-browser)/./node_modules/next/dist/client/components/react-dev-overlay/app/hot-reloader-client.js:240
[  159130ms] [LOG] [Fast Refresh] done in 23ms @ webpack-internal:///(app-pages-browser)/./node_modules/next/dist/client/components/react-dev-overlay/app/hot-reloader-client.js:67
[  159727ms] [LOG] [Fast Refresh] rebuilding @ webpack-internal:///(app-pages-browser)/./node_modules/next/dist/client/components/react-dev-overlay/app/hot-reloader-client.js:240
[  159740ms] [LOG] [Fast Refresh] done in 14ms @ webpack-internal:///(app-pages-browser)/./node_modules/next/dist/client/components/react-dev-overlay/app/hot-reloader-client.js:67
[  160336ms] [LOG] [Fast Refresh] rebuilding @ webpack-internal:///(app-pages-browser)/./node_modules/next/dist/client/components/react-dev-overlay/app/hot-reloader-client.js:240
[  160365ms] [LOG] [Fast Refresh] done in 29ms @ webpack-internal:///(app-pages-browser)/./node_modules/next/dist/client/components/react-dev-overlay/app/hot-reloader-client.js:67
[  160933ms] [LOG] [Fast Refresh] rebuilding @ webpack-internal:///(app-pages-browser)/./node_modules/next/dist/client/components/react-dev-overlay/app/hot-reloader-client.js:240
[  160952ms] [LOG] [Fast Refresh] done in 20ms @ webpack-internal:///(app-pages-browser)/./node_modules/next/dist/client/components/react-dev-overlay/app/hot-reloader-client.js:67
[  161563ms] [LOG] [Fast Refresh] rebuilding @ webpack-internal:///(app-pages-browser)/./node_modules/next/dist/client/components/react-dev-overlay/app/hot-reloader-client.js:240
[  161588ms] [LOG] [Fast Refresh] done in 25ms @ webpack-internal:///(app-pages-browser)/./node_modules/next/dist/client/components/react-dev-overlay/app/hot-reloader-client.js:67
[  162175ms] [LOG] [Fast Refresh] rebuilding @ webpack-internal:///(app-pages-browser)/./node_modules/next/dist/client/components/react-dev-overlay/app/hot-reloader-client.js:240
[  162192ms] [LOG] [Fast Refresh] done in 17ms @ webpack-internal:///(app-pages-browser)/./node_modules/next/dist/client/components/react-dev-overlay/app/hot-reloader-client.js:67
[  162890ms] [LOG] [Fast Refresh] rebuilding @ webpack-internal:///(app-pages-browser)/./node_modules/next/dist/client/components/react-dev-overlay/app/hot-reloader-client.js:240
[  162906ms] [LOG] [Fast Refresh] done in 16ms @ webpack-internal:///(app-pages-browser)/./node_modules/next/dist/client/components/react-dev-overlay/app/hot-reloader-client.js:67
[  163519ms] [LOG] [Fast Refresh] rebuilding @ webpack-internal:///(app-pages-browser)/./node_modules/next/dist/client/components/react-dev-overlay/app/hot-reloader-client.js:240
[  163544ms] [LOG] [Fast Refresh] done in 25ms @ webpack-internal:///(app-pages-browser)/./node_modules/next/dist/client/components/react-dev-overlay/app/hot-reloader-client.js:67
[  164140ms] [LOG] [Fast Refresh] rebuilding @ webpack-internal:///(app-pages-browser)/./node_modules/next/dist/client/components/react-dev-overlay/app/hot-reloader-client.js:240
[  164170ms] [LOG] [Fast Refresh] done in 30ms @ webpack-internal:///(app-pages-browser)/./node_modules/next/dist/client/components/react-dev-overlay/app/hot-reloader-client.js:67
[  164746ms] [LOG] [Fast Refresh] rebuilding @ webpack-internal:///(app-pages-browser)/./node_modules/next/dist/client/components/react-dev-overlay/app/hot-reloader-client.js:240
[  164776ms] [LOG] [Fast Refresh] done in 30ms @ webpack-internal:///(app-pages-browser)/./node_modules/next/dist/client/components/react-dev-overlay/app/hot-reloader-client.js:67
[  165359ms] [LOG] [Fast Refresh] rebuilding @ webpack-internal:///(app-pages-browser)/./node_modules/next/dist/client/components/react-dev-overlay/app/hot-reloader-client.js:240
[  165382ms] [LOG] [Fast Refresh] done in 24ms @ webpack-internal:///(app-pages-browser)/./node_modules/next/dist/client/components/react-dev-overlay/app/hot-reloader-client.js:67
[  165956ms] [LOG] [Fast Refresh] rebuilding @ webpack-internal:///(app-pages-browser)/./node_modules/next/dist/client/components/react-dev-overlay/app/hot-reloader-client.js:240
[  165987ms] [LOG] [Fast Refresh] done in 30ms @ webpack-internal:///(app-pages-browser)/./node_modules/next/dist/client/components/react-dev-overlay/app/hot-reloader-client.js:67
[  166588ms] [LOG] [Fast Refresh] rebuilding @ webpack-internal:///(app-pages-browser)/./node_modules/next/dist/client/components/react-dev-overlay/app/hot-reloader-client.js:240
[  167106ms] [LOG] [Fast Refresh] done in 518ms @ webpack-internal:///(app-pages-browser)/./node_modules/next/dist/client/components/react-dev-overlay/app/hot-reloader-client.js:67
[  167188ms] [LOG] [Fast Refresh] rebuilding @ webpack-internal:///(app-pages-browser)/./node_modules/next/dist/client/components/react-dev-overlay/app/hot-reloader-client.js:240
[  167207ms] [LOG] [Fast Refresh] done in 18ms @ webpack-internal:///(app-pages-browser)/./node_modules/next/dist/client/components/react-dev-overlay/app/hot-reloader-client.js:67
[  167894ms] [LOG] [Fast Refresh] rebuilding @ webpack-internal:///(app-pages-browser)/./node_modules/next/dist/client/components/react-dev-overlay/app/hot-reloader-client.js:240
[  167939ms] [LOG] [Fast Refresh] done in 45ms @ webpack-internal:///(app-pages-browser)/./node_modules/next/dist/client/components/react-dev-overlay/app/hot-reloader-client.js:67
[  168546ms] [LOG] [Fast Refresh] rebuilding @ webpack-internal:///(app-pages-browser)/./node_modules/next/dist/client/components/react-dev-overlay/app/hot-reloader-client.js:240
[  168568ms] [LOG] [Fast Refresh] done in 22ms @ webpack-internal:///(app-pages-browser)/./node_modules/next/dist/client/components/react-dev-overlay/app/hot-reloader-client.js:67
[  169156ms] [LOG] [Fast Refresh] rebuilding @ webpack-internal:///(app-pages-browser)/./node_modules/next/dist/client/components/react-dev-overlay/app/hot-reloader-client.js:240
[  169189ms] [LOG] [Fast Refresh] done in 32ms @ webpack-internal:///(app-pages-browser)/./node_modules/next/dist/client/components/react-dev-overlay/app/hot-reloader-client.js:67
[  169784ms] [LOG] [Fast Refresh] rebuilding @ webpack-internal:///(app-pages-browser)/./node_modules/next/dist/client/components/react-dev-overlay/app/hot-reloader-client.js:240
[  169811ms] [LOG] [Fast Refresh] done in 26ms @ webpack-internal:///(app-pages-browser)/./node_modules/next/dist/client/components/react-dev-overlay/app/hot-reloader-client.js:67
[  170392ms] [LOG] [Fast Refresh] rebuilding @ webpack-internal:///(app-pages-browser)/./node_modules/next/dist/client/components/react-dev-overlay/app/hot-reloader-client.js:240
[  170412ms] [LOG] [Fast Refresh] done in 19ms @ webpack-internal:///(app-pages-browser)/./node_modules/next/dist/client/components/react-dev-overlay/app/hot-reloader-client.js:67
[  170999ms] [LOG] [Fast Refresh] rebuilding @ webpack-internal:///(app-pages-browser)/./node_modules/next/dist/client/components/react-dev-overlay/app/hot-reloader-client.js:240
[  171014ms] [LOG] [Fast Refresh] done in 15ms @ webpack-internal:///(app-pages-browser)/./node_modules/next/dist/client/components/react-dev-overlay/app/hot-reloader-client.js:67
[  171614ms] [LOG] [Fast Refresh] rebuilding @ webpack-internal:///(app-pages-browser)/./node_modules/next/dist/client/components/react-dev-overlay/app/hot-reloader-client.js:240
[  171638ms] [LOG] [Fast Refresh] done in 25ms @ webpack-internal:///(app-pages-browser)/./node_modules/next/dist/client/components/react-dev-overlay/app/hot-reloader-client.js:67
[  172231ms] [LOG] [Fast Refresh] rebuilding @ webpack-internal:///(app-pages-browser)/./node_modules/next/dist/client/components/react-dev-overlay/app/hot-reloader-client.js:240
[  172328ms] [LOG] [Fast Refresh] done in 97ms @ webpack-internal:///(app-pages-browser)/./node_modules/next/dist/client/components/react-dev-overlay/app/hot-reloader-client.js:67
[  172968ms] [LOG] [Fast Refresh] rebuilding @ webpack-internal:///(app-pages-browser)/./node_modules/next/dist/client/components/react-dev-overlay/app/hot-reloader-client.js:240
[  172999ms] [LOG] [Fast Refresh] done in 31ms @ webpack-internal:///(app-pages-browser)/./node_modules/next/dist/client/components/react-dev-overlay/app/hot-reloader-client.js:67
[  173596ms] [LOG] [Fast Refresh] rebuilding @ webpack-internal:///(app-pages-browser)/./node_modules/next/dist/client/components/react-dev-overlay/app/hot-reloader-client.js:240
[  174110ms] [LOG] [Fast Refresh] done in 514ms @ webpack-internal:///(app-pages-browser)/./node_modules/next/dist/client/components/react-dev-overlay/app/hot-reloader-client.js:67
[  174203ms] [LOG] [Fast Refresh] rebuilding @ webpack-internal:///(app-pages-browser)/./node_modules/next/dist/client/components/react-dev-overlay/app/hot-reloader-client.js:240
[  174223ms] [LOG] [Fast Refresh] done in 20ms @ webpack-internal:///(app-pages-browser)/./node_modules/next/dist/client/components/react-dev-overlay/app/hot-reloader-client.js:67
[  174819ms] [LOG] [Fast Refresh] rebuilding @ webpack-internal:///(app-pages-browser)/./node_modules/next/dist/client/components/react-dev-overlay/app/hot-reloader-client.js:240
[  174838ms] [LOG] [Fast Refresh] done in 19ms @ webpack-internal:///(app-pages-browser)/./node_modules/next/dist/client/components/react-dev-overlay/app/hot-reloader-client.js:67
[  175423ms] [LOG] [Fast Refresh] rebuilding @ webpack-internal:///(app-pages-browser)/./node_modules/next/dist/client/components/react-dev-overlay/app/hot-reloader-client.js:240
[  175454ms] [LOG] [Fast Refresh] done in 30ms @ webpack-internal:///(app-pages-browser)/./node_modules/next/dist/client/components/react-dev-overlay/app/hot-reloader-client.js:67
[  176036ms] [LOG] [Fast Refresh] rebuilding @ webpack-internal:///(app-pages-browser)/./node_modules/next/dist/client/components/react-dev-overlay/app/hot-reloader-client.js:240
[  176055ms] [LOG] [Fast Refresh] done in 20ms @ webpack-internal:///(app-pages-browser)/./node_modules/next/dist/client/components/react-dev-overlay/app/hot-reloader-client.js:67
[  176668ms] [LOG] [Fast Refresh] rebuilding @ webpack-internal:///(app-pages-browser)/./node_modules/next/dist/client/components/react-dev-overlay/app/hot-reloader-client.js:240
[  176688ms] [LOG] [Fast Refresh] done in 21ms @ webpack-internal:///(app-pages-browser)/./node_modules/next/dist/client/components/react-dev-overlay/app/hot-reloader-client.js:67
[  177389ms] [LOG] [Fast Refresh] rebuilding @ webpack-internal:///(app-pages-browser)/./node_modules/next/dist/client/components/react-dev-overlay/app/hot-reloader-client.js:240
[  177407ms] [LOG] [Fast Refresh] done in 18ms @ webpack-internal:///(app-pages-browser)/./node_modules/next/dist/client/components/react-dev-overlay/app/hot-reloader-client.js:67
[  178018ms] [LOG] [Fast Refresh] rebuilding @ webpack-internal:///(app-pages-browser)/./node_modules/next/dist/client/components/react-dev-overlay/app/hot-reloader-client.js:240
[  178047ms] [LOG] [Fast Refresh] done in 29ms @ webpack-internal:///(app-pages-browser)/./node_modules/next/dist/client/components/react-dev-overlay/app/hot-reloader-client.js:67
[  178638ms] [LOG] [Fast Refresh] rebuilding @ webpack-internal:///(app-pages-browser)/./node_modules/next/dist/client/components/react-dev-overlay/app/hot-reloader-client.js:240
[  178670ms] [LOG] [Fast Refresh] done in 33ms @ webpack-internal:///(app-pages-browser)/./node_modules/next/dist/client/components/react-dev-overlay/app/hot-reloader-client.js:67
[  179270ms] [LOG] [Fast Refresh] rebuilding @ webpack-internal:///(app-pages-browser)/./node_modules/next/dist/client/components/react-dev-overlay/app/hot-reloader-client.js:240
[  179793ms] [LOG] [Fast Refresh] done in 522ms @ webpack-internal:///(app-pages-browser)/./node_modules/next/dist/client/components/react-dev-overlay/app/hot-reloader-client.js:67
[  179879ms] [LOG] [Fast Refresh] rebuilding @ webpack-internal:///(app-pages-browser)/./node_modules/next/dist/client/components/react-dev-overlay/app/hot-reloader-client.js:240
[  179904ms] [LOG] [Fast Refresh] done in 25ms @ webpack-internal:///(app-pages-browser)/./node_modules/next/dist/client/components/react-dev-overlay/app/hot-reloader-client.js:67
[  180490ms] [LOG] [Fast Refresh] rebuilding @ webpack-internal:///(app-pages-browser)/./node_modules/next/dist/client/components/react-dev-overlay/app/hot-reloader-client.js:240
[  180517ms] [LOG] [Fast Refresh] done in 27ms @ webpack-internal:///(app-pages-browser)/./node_modules/next/dist/client/components/react-dev-overlay/app/hot-reloader-client.js:67
[  181104ms] [LOG] [Fast Refresh] rebuilding @ webpack-internal:///(app-pages-browser)/./node_modules/next/dist/client/components/react-dev-overlay/app/hot-reloader-client.js:240
[  181124ms] [LOG] [Fast Refresh] done in 19ms @ webpack-internal:///(app-pages-browser)/./node_modules/next/dist/client/components/react-dev-overlay/app/hot-reloader-client.js:67
[  181727ms] [LOG] [Fast Refresh] rebuilding @ webpack-internal:///(app-pages-browser)/./node_modules/next/dist/client/components/react-dev-overlay/app/hot-reloader-client.js:240
[  181751ms] [LOG] [Fast Refresh] done in 24ms @ webpack-internal:///(app-pages-browser)/./node_modules/next/dist/client/components/react-dev-overlay/app/hot-reloader-client.js:67
[  182456ms] [LOG] [Fast Refresh] rebuilding @ webpack-internal:///(app-pages-browser)/./node_modules/next/dist/client/components/react-dev-overlay/app/hot-reloader-client.js:240
[  182480ms] [LOG] [Fast Refresh] done in 25ms @ webpack-internal:///(app-pages-browser)/./node_modules/next/dist/client/components/react-dev-overlay/app/hot-reloader-client.js:67
[  183082ms] [LOG] [Fast Refresh] rebuilding @ webpack-internal:///(app-pages-browser)/./node_modules/next/dist/client/components/react-dev-overlay/app/hot-reloader-client.js:240
[  183108ms] [LOG] [Fast Refresh] done in 26ms @ webpack-internal:///(app-pages-browser)/./node_modules/next/dist/client/components/react-dev-overlay/app/hot-reloader-client.js:67
[  183703ms] [LOG] [Fast Refresh] rebuilding @ webpack-internal:///(app-pages-browser)/./node_modules/next/dist/client/components/react-dev-overlay/app/hot-reloader-client.js:240
[  183727ms] [LOG] [Fast Refresh] done in 24ms @ webpack-internal:///(app-pages-browser)/./node_modules/next/dist/client/components/react-dev-overlay/app/hot-reloader-client.js:67
[  184312ms] [LOG] [Fast Refresh] rebuilding @ webpack-internal:///(app-pages-browser)/./node_modules/next/dist/client/components/react-dev-overlay/app/hot-reloader-client.js:240
[  184330ms] [LOG] [Fast Refresh] done in 18ms @ webpack-internal:///(app-pages-browser)/./node_modules/next/dist/client/components/react-dev-overlay/app/hot-reloader-client.js:67
[  184919ms] [LOG] [Fast Refresh] rebuilding @ webpack-internal:///(app-pages-browser)/./node_modules/next/dist/client/components/react-dev-overlay/app/hot-reloader-client.js:240
[  184945ms] [LOG] [Fast Refresh] done in 25ms @ webpack-internal:///(app-pages-browser)/./node_modules/next/dist/client/components/react-dev-overlay/app/hot-reloader-client.js:67
[  185529ms] [LOG] [Fast Refresh] rebuilding @ webpack-internal:///(app-pages-browser)/./node_modules/next/dist/client/components/react-dev-overlay/app/hot-reloader-client.js:240
[  185553ms] [LOG] [Fast Refresh] done in 23ms @ webpack-internal:///(app-pages-browser)/./node_modules/next/dist/client/components/react-dev-overlay/app/hot-reloader-client.js:67
[  186134ms] [LOG] [Fast Refresh] rebuilding @ webpack-internal:///(app-pages-browser)/./node_modules/next/dist/client/components/react-dev-overlay/app/hot-reloader-client.js:240
[  186154ms] [LOG] [Fast Refresh] done in 20ms @ webpack-internal:///(app-pages-browser)/./node_modules/next/dist/client/components/react-dev-overlay/app/hot-reloader-client.js:67
[  186755ms] [LOG] [Fast Refresh] rebuilding @ webpack-internal:///(app-pages-browser)/./node_modules/next/dist/client/components/react-dev-overlay/app/hot-reloader-client.js:240
[  186796ms] [LOG] [Fast Refresh] done in 41ms @ webpack-internal:///(app-pages-browser)/./node_modules/next/dist/client/components/react-dev-overlay/app/hot-reloader-client.js:67
[  187493ms] [LOG] [Fast Refresh] rebuilding @ webpack-internal:///(app-pages-browser)/./node_modules/next/dist/client/components/react-dev-overlay/app/hot-reloader-client.js:240
[  187513ms] [LOG] [Fast Refresh] done in 21ms @ webpack-internal:///(app-pages-browser)/./node_modules/next/dist/client/components/react-dev-overlay/app/hot-reloader-client.js:67
[  188109ms] [LOG] [Fast Refresh] rebuilding @ webpack-internal:///(app-pages-browser)/./node_modules/next/dist/client/components/react-dev-overlay/app/hot-reloader-client.js:240
[  188137ms] [LOG] [Fast Refresh] done in 28ms @ webpack-internal:///(app-pages-browser)/./node_modules/next/dist/client/components/react-dev-overlay/app/hot-reloader-client.js:67
[  188723ms] [LOG] [Fast Refresh] rebuilding @ webpack-internal:///(app-pages-browser)/./node_modules/next/dist/client/components/react-dev-overlay/app/hot-reloader-client.js:240
[  188739ms] [LOG] [Fast Refresh] done in 15ms @ webpack-internal:///(app-pages-browser)/./node_modules/next/dist/client/components/react-dev-overlay/app/hot-reloader-client.js:67
[  189334ms] [LOG] [Fast Refresh] rebuilding @ webpack-internal:///(app-pages-browser)/./node_modules/next/dist/client/components/react-dev-overlay/app/hot-reloader-client.js:240
[  189364ms] [LOG] [Fast Refresh] done in 30ms @ webpack-internal:///(app-pages-browser)/./node_modules/next/dist/client/components/react-dev-overlay/app/hot-reloader-client.js:67
[  189932ms] [LOG] [Fast Refresh] rebuilding @ webpack-internal:///(app-pages-browser)/./node_modules/next/dist/client/components/react-dev-overlay/app/hot-reloader-client.js:240
[  189960ms] [LOG] [Fast Refresh] done in 28ms @ webpack-internal:///(app-pages-browser)/./node_modules/next/dist/client/components/react-dev-overlay/app/hot-reloader-client.js:67
[  190538ms] [LOG] [Fast Refresh] rebuilding @ webpack-internal:///(app-pages-browser)/./node_modules/next/dist/client/components/react-dev-overlay/app/hot-reloader-client.js:240
[  190557ms] [LOG] [Fast Refresh] done in 19ms @ webpack-internal:///(app-pages-browser)/./node_modules/next/dist/client/components/react-dev-overlay/app/hot-reloader-client.js:67
[  191169ms] [LOG] [Fast Refresh] rebuilding @ webpack-internal:///(app-pages-browser)/./node_modules/next/dist/client/components/react-dev-overlay/app/hot-reloader-client.js:240
[  191687ms] [LOG] [Fast Refresh] done in 518ms @ webpack-internal:///(app-pages-browser)/./node_modules/next/dist/client/components/react-dev-overlay/app/hot-reloader-client.js:67
[  191902ms] [LOG] [Fast Refresh] rebuilding @ webpack-internal:///(app-pages-browser)/./node_modules/next/dist/client/components/react-dev-overlay/app/hot-reloader-client.js:240
[  191925ms] [LOG] [Fast Refresh] done in 22ms @ webpack-internal:///(app-pages-browser)/./node_modules/next/dist/client/components/react-dev-overlay/app/hot-reloader-client.js:67
[  192531ms] [LOG] [Fast Refresh] rebuilding @ webpack-internal:///(app-pages-browser)/./node_modules/next/dist/client/components/react-dev-overlay/app/hot-reloader-client.js:240
[  192557ms] [LOG] [Fast Refresh] done in 25ms @ webpack-internal:///(app-pages-browser)/./node_modules/next/dist/client/components/react-dev-overlay/app/hot-reloader-client.js:67
[  193140ms] [LOG] [Fast Refresh] rebuilding @ webpack-internal:///(app-pages-browser)/./node_modules/next/dist/client/components/react-dev-overlay/app/hot-reloader-client.js:240
[  193169ms] [LOG] [Fast Refresh] done in 30ms @ webpack-internal:///(app-pages-browser)/./node_modules/next/dist/client/components/react-dev-overlay/app/hot-reloader-client.js:67
[  193770ms] [LOG] [Fast Refresh] rebuilding @ webpack-internal:///(app-pages-browser)/./node_modules/next/dist/client/components/react-dev-overlay/app/hot-reloader-client.js:240
[  193800ms] [LOG] [Fast Refresh] done in 31ms @ webpack-internal:///(app-pages-browser)/./node_modules/next/dist/client/components/react-dev-overlay/app/hot-reloader-client.js:67
[  194376ms] [LOG] [Fast Refresh] rebuilding @ webpack-internal:///(app-pages-browser)/./node_modules/next/dist/client/components/react-dev-overlay/app/hot-reloader-client.js:240
[  194400ms] [LOG] [Fast Refresh] done in 25ms @ webpack-internal:///(app-pages-browser)/./node_modules/next/dist/client/components/react-dev-overlay/app/hot-reloader-client.js:67
[  194994ms] [LOG] [Fast Refresh] rebuilding @ webpack-internal:///(app-pages-browser)/./node_modules/next/dist/client/components/react-dev-overlay/app/hot-reloader-client.js:240
[  195023ms] [LOG] [Fast Refresh] done in 29ms @ webpack-internal:///(app-pages-browser)/./node_modules/next/dist/client/components/react-dev-overlay/app/hot-reloader-client.js:67
[  195616ms] [LOG] [Fast Refresh] rebuilding @ webpack-internal:///(app-pages-browser)/./node_modules/next/dist/client/components/react-dev-overlay/app/hot-reloader-client.js:240
[  195646ms] [LOG] [Fast Refresh] done in 30ms @ webpack-internal:///(app-pages-browser)/./node_modules/next/dist/client/components/react-dev-overlay/app/hot-reloader-client.js:67
[  196238ms] [LOG] [Fast Refresh] rebuilding @ webpack-internal:///(app-pages-browser)/./node_modules/next/dist/client/components/react-dev-overlay/app/hot-reloader-client.js:240
[  196325ms] [LOG] [Fast Refresh] done in 87ms @ webpack-internal:///(app-pages-browser)/./node_modules/next/dist/client/components/react-dev-overlay/app/hot-reloader-client.js:67
[  196994ms] [LOG] [Fast Refresh] rebuilding @ webpack-internal:///(app-pages-browser)/./node_modules/next/dist/client/components/react-dev-overlay/app/hot-reloader-client.js:240
[  197015ms] [LOG] [Fast Refresh] done in 22ms @ webpack-internal:///(app-pages-browser)/./node_modules/next/dist/client/components/react-dev-overlay/app/hot-reloader-client.js:67
[  197613ms] [LOG] [Fast Refresh] rebuilding @ webpack-internal:///(app-pages-browser)/./node_modules/next/dist/client/components/react-dev-overlay/app/hot-reloader-client.js:240
[  197635ms] [LOG] [Fast Refresh] done in 22ms @ webpack-internal:///(app-pages-browser)/./node_modules/next/dist/client/components/react-dev-overlay/app/hot-reloader-client.js:67
[  198239ms] [LOG] [Fast Refresh] rebuilding @ webpack-internal:///(app-pages-browser)/./node_modules/next/dist/client/components/react-dev-overlay/app/hot-reloader-client.js:240
[  198257ms] [LOG] [Fast Refresh] done in 18ms @ webpack-internal:///(app-pages-browser)/./node_modules/next/dist/client/components/react-dev-overlay/app/hot-reloader-client.js:67
[  198857ms] [LOG] [Fast Refresh] rebuilding @ webpack-internal:///(app-pages-browser)/./node_modules/next/dist/client/components/react-dev-overlay/app/hot-reloader-client.js:240
[  198886ms] [LOG] [Fast Refresh] done in 28ms @ webpack-internal:///(app-pages-browser)/./node_modules/next/dist/client/components/react-dev-overlay/app/hot-reloader-client.js:67
[  199472ms] [LOG] [Fast Refresh] rebuilding @ webpack-internal:///(app-pages-browser)/./node_modules/next/dist/client/components/react-dev-overlay/app/hot-reloader-client.js:240
[  199984ms] [LOG] [Fast Refresh] done in 512ms @ webpack-internal:///(app-pages-browser)/./node_modules/next/dist/client/components/react-dev-overlay/app/hot-reloader-client.js:67
[  200082ms] [LOG] [Fast Refresh] rebuilding @ webpack-internal:///(app-pages-browser)/./node_modules/next/dist/client/components/react-dev-overlay/app/hot-reloader-client.js:240
[  200106ms] [LOG] [Fast Refresh] done in 24ms @ webpack-internal:///(app-pages-browser)/./node_modules/next/dist/client/components/react-dev-overlay/app/hot-reloader-client.js:67
[  200700ms] [LOG] [Fast Refresh] rebuilding @ webpack-internal:///(app-pages-browser)/./node_modules/next/dist/client/components/react-dev-overlay/app/hot-reloader-client.js:240
[  200718ms] [LOG] [Fast Refresh] done in 19ms @ webpack-internal:///(app-pages-browser)/./node_modules/next/dist/client/components/react-dev-overlay/app/hot-reloader-client.js:67
[  201347ms] [LOG] [Fast Refresh] rebuilding @ webpack-internal:///(app-pages-browser)/./node_modules/next/dist/client/components/react-dev-overlay/app/hot-reloader-client.js:240
[  201450ms] [LOG] [Fast Refresh] done in 104ms @ webpack-internal:///(app-pages-browser)/./node_modules/next/dist/client/components/react-dev-overlay/app/hot-reloader-client.js:67
[  202110ms] [LOG] [Fast Refresh] rebuilding @ webpack-internal:///(app-pages-browser)/./node_modules/next/dist/client/components/react-dev-overlay/app/hot-reloader-client.js:240
[  202140ms] [LOG] [Fast Refresh] done in 29ms @ webpack-internal:///(app-pages-browser)/./node_modules/next/dist/client/components/react-dev-overlay/app/hot-reloader-client.js:67
[  202741ms] [LOG] [Fast Refresh] rebuilding @ webpack-internal:///(app-pages-browser)/./node_modules/next/dist/client/components/react-dev-overlay/app/hot-reloader-client.js:240
[  202764ms] [LOG] [Fast Refresh] done in 23ms @ webpack-internal:///(app-pages-browser)/./node_modules/next/dist/client/components/react-dev-overlay/app/hot-reloader-client.js:67
[  203345ms] [LOG] [Fast Refresh] rebuilding @ webpack-internal:///(app-pages-browser)/./node_modules/next/dist/client/components/react-dev-overlay/app/hot-reloader-client.js:240
[  203362ms] [LOG] [Fast Refresh] done in 17ms @ webpack-internal:///(app-pages-browser)/./node_modules/next/dist/client/components/react-dev-overlay/app/hot-reloader-client.js:67
[  203951ms] [LOG] [Fast Refresh] rebuilding @ webpack-internal:///(app-pages-browser)/./node_modules/next/dist/client/components/react-dev-overlay/app/hot-reloader-client.js:240
[  203978ms] [LOG] [Fast Refresh] done in 27ms @ webpack-internal:///(app-pages-browser)/./node_modules/next/dist/client/components/react-dev-overlay/app/hot-reloader-client.js:67
[  204557ms] [LOG] [Fast Refresh] rebuilding @ webpack-internal:///(app-pages-browser)/./node_modules/next/dist/client/components/react-dev-overlay/app/hot-reloader-client.js:240
[  204572ms] [LOG] [Fast Refresh] done in 16ms @ webpack-internal:///(app-pages-browser)/./node_modules/next/dist/client/components/react-dev-overlay/app/hot-reloader-client.js:67
[  205171ms] [LOG] [Fast Refresh] rebuilding @ webpack-internal:///(app-pages-browser)/./node_modules/next/dist/client/components/react-dev-overlay/app/hot-reloader-client.js:240
[  205200ms] [LOG] [Fast Refresh] done in 29ms @ webpack-internal:///(app-pages-browser)/./node_modules/next/dist/client/components/react-dev-overlay/app/hot-reloader-client.js:67
[  205791ms] [LOG] [Fast Refresh] rebuilding @ webpack-internal:///(app-pages-browser)/./node_modules/next/dist/client/components/react-dev-overlay/app/hot-reloader-client.js:240
[  205809ms] [LOG] [Fast Refresh] done in 19ms @ webpack-internal:///(app-pages-browser)/./node_modules/next/dist/client/components/react-dev-overlay/app/hot-reloader-client.js:67
[  206520ms] [LOG] [Fast Refresh] rebuilding @ webpack-internal:///(app-pages-browser)/./node_modules/next/dist/client/components/react-dev-overlay/app/hot-reloader-client.js:240
[  206537ms] [LOG] [Fast Refresh] done in 17ms @ webpack-internal:///(app-pages-browser)/./node_modules/next/dist/client/components/react-dev-overlay/app/hot-reloader-client.js:67
[  207145ms] [LOG] [Fast Refresh] rebuilding @ webpack-internal:///(app-pages-browser)/./node_modules/next/dist/client/components/react-dev-overlay/app/hot-reloader-client.js:240
[  207667ms] [LOG] [Fast Refresh] done in 522ms @ webpack-internal:///(app-pages-browser)/./node_modules/next/dist/client/components/react-dev-overlay/app/hot-reloader-client.js:67
[  207760ms] [LOG] [Fast Refresh] rebuilding @ webpack-internal:///(app-pages-browser)/./node_modules/next/dist/client/components/react-dev-overlay/app/hot-reloader-client.js:240
[  208282ms] [LOG] [Fast Refresh] done in 522ms @ webpack-internal:///(app-pages-browser)/./node_modules/next/dist/client/components/react-dev-overlay/app/hot-reloader-client.js:67
[  208385ms] [LOG] [Fast Refresh] rebuilding @ webpack-internal:///(app-pages-browser)/./node_modules/next/dist/client/components/react-dev-overlay/app/hot-reloader-client.js:240
[  208412ms] [LOG] [Fast Refresh] done in 27ms @ webpack-internal:///(app-pages-browser)/./node_modules/next/dist/client/components/react-dev-overlay/app/hot-reloader-client.js:67
[  208995ms] [LOG] [Fast Refresh] rebuilding @ webpack-internal:///(app-pages-browser)/./node_modules/next/dist/client/components/react-dev-overlay/app/hot-reloader-client.js:240
[  209496ms] [LOG] [Fast Refresh] done in 501ms @ webpack-internal:///(app-pages-browser)/./node_modules/next/dist/client/components/react-dev-overlay/app/hot-reloader-client.js:67
[  209607ms] [LOG] [Fast Refresh] rebuilding @ webpack-internal:///(app-pages-browser)/./node_modules/next/dist/client/components/react-dev-overlay/app/hot-reloader-client.js:240
[  209642ms] [LOG] [Fast Refresh] done in 34ms @ webpack-internal:///(app-pages-browser)/./node_modules/next/dist/client/components/react-dev-overlay/app/hot-reloader-client.js:67
[  210300ms] [LOG] [Fast Refresh] rebuilding @ webpack-internal:///(app-pages-browser)/./node_modules/next/dist/client/components/react-dev-overlay/app/hot-reloader-client.js:240
[  210327ms] [LOG] [Fast Refresh] done in 26ms @ webpack-internal:///(app-pages-browser)/./node_modules/next/dist/client/components/react-dev-overlay/app/hot-reloader-client.js:67
[  210970ms] [LOG] [Fast Refresh] rebuilding @ webpack-internal:///(app-pages-browser)/./node_modules/next/dist/client/components/react-dev-overlay/app/hot-reloader-client.js:240
[  210989ms] [LOG] [Fast Refresh] done in 19ms @ webpack-internal:///(app-pages-browser)/./node_modules/next/dist/client/components/react-dev-overlay/app/hot-reloader-client.js:67
[  211726ms] [LOG] [Fast Refresh] rebuilding @ webpack-internal:///(app-pages-browser)/./node_modules/next/dist/client/components/react-dev-overlay/app/hot-reloader-client.js:240
[  211752ms] [LOG] [Fast Refresh] done in 26ms @ webpack-internal:///(app-pages-browser)/./node_modules/next/dist/client/components/react-dev-overlay/app/hot-reloader-client.js:67
[  212363ms] [LOG] [Fast Refresh] rebuilding @ webpack-internal:///(app-pages-browser)/./node_modules/next/dist/client/components/react-dev-overlay/app/hot-reloader-client.js:240
[  212911ms] [LOG] [Fast Refresh] done in 548ms @ webpack-internal:///(app-pages-browser)/./node_modules/next/dist/client/components/react-dev-overlay/app/hot-reloader-client.js:67
[  213024ms] [LOG] [Fast Refresh] rebuilding @ webpack-internal:///(app-pages-browser)/./node_modules/next/dist/client/components/react-dev-overlay/app/hot-reloader-client.js:240
[  213080ms] [LOG] [Fast Refresh] done in 55ms @ webpack-internal:///(app-pages-browser)/./node_modules/next/dist/client/components/react-dev-overlay/app/hot-reloader-client.js:67
[  213699ms] [LOG] [Fast Refresh] rebuilding @ webpack-internal:///(app-pages-browser)/./node_modules/next/dist/client/components/react-dev-overlay/app/hot-reloader-client.js:240
[  214214ms] [LOG] [Fast Refresh] done in 514ms @ webpack-internal:///(app-pages-browser)/./node_modules/next/dist/client/components/react-dev-overlay/app/hot-reloader-client.js:67
[  214316ms] [LOG] [Fast Refresh] rebuilding @ webpack-internal:///(app-pages-browser)/./node_modules/next/dist/client/components/react-dev-overlay/app/hot-reloader-client.js:240
[  214340ms] [LOG] [Fast Refresh] done in 23ms @ webpack-internal:///(app-pages-browser)/./node_modules/next/dist/client/components/react-dev-overlay/app/hot-reloader-client.js:67
[  214972ms] [LOG] [Fast Refresh] rebuilding @ webpack-internal:///(app-pages-browser)/./node_modules/next/dist/client/components/react-dev-overlay/app/hot-reloader-client.js:240
[  215000ms] [LOG] [Fast Refresh] done in 27ms @ webpack-internal:///(app-pages-browser)/./node_modules/next/dist/client/components/react-dev-overlay/app/hot-reloader-client.js:67
[  215618ms] [LOG] [Fast Refresh] rebuilding @ webpack-internal:///(app-pages-browser)/./node_modules/next/dist/client/components/react-dev-overlay/app/hot-reloader-client.js:240
[  215680ms] [LOG] [Fast Refresh] done in 62ms @ webpack-internal:///(app-pages-browser)/./node_modules/next/dist/client/components/react-dev-overlay/app/hot-reloader-client.js:67
[  216364ms] [LOG] [Fast Refresh] rebuilding @ webpack-internal:///(app-pages-browser)/./node_modules/next/dist/client/components/react-dev-overlay/app/hot-reloader-client.js:240
[  216389ms] [LOG] [Fast Refresh] done in 25ms @ webpack-internal:///(app-pages-browser)/./node_modules/next/dist/client/components/react-dev-overlay/app/hot-reloader-client.js:67
[  217000ms] [LOG] [Fast Refresh] rebuilding @ webpack-internal:///(app-pages-browser)/./node_modules/next/dist/client/components/react-dev-overlay/app/hot-reloader-client.js:240
[  217020ms] [LOG] [Fast Refresh] done in 19ms @ webpack-internal:///(app-pages-browser)/./node_modules/next/dist/client/components/react-dev-overlay/app/hot-reloader-client.js:67
[  217626ms] [LOG] [Fast Refresh] rebuilding @ webpack-internal:///(app-pages-browser)/./node_modules/next/dist/client/components/react-dev-overlay/app/hot-reloader-client.js:240
[  217648ms] [LOG] [Fast Refresh] done in 23ms @ webpack-internal:///(app-pages-browser)/./node_modules/next/dist/client/components/react-dev-overlay/app/hot-reloader-client.js:67
[  218248ms] [LOG] [Fast Refresh] rebuilding @ webpack-internal:///(app-pages-browser)/./node_modules/next/dist/client/components/react-dev-overlay/app/hot-reloader-client.js:240
[  218265ms] [LOG] [Fast Refresh] done in 17ms @ webpack-internal:///(app-pages-browser)/./node_modules/next/dist/client/components/react-dev-overlay/app/hot-reloader-client.js:67
[  218870ms] [LOG] [Fast Refresh] rebuilding @ webpack-internal:///(app-pages-browser)/./node_modules/next/dist/client/components/react-dev-overlay/app/hot-reloader-client.js:240
[  218896ms] [LOG] [Fast Refresh] done in 25ms @ webpack-internal:///(app-pages-browser)/./node_modules/next/dist/client/components/react-dev-overlay/app/hot-reloader-client.js:67
[  219491ms] [LOG] [Fast Refresh] rebuilding @ webpack-internal:///(app-pages-browser)/./node_modules/next/dist/client/components/react-dev-overlay/app/hot-reloader-client.js:240
[  219513ms] [LOG] [Fast Refresh] done in 23ms @ webpack-internal:///(app-pages-browser)/./node_modules/next/dist/client/components/react-dev-overlay/app/hot-reloader-client.js:67
[  220104ms] [LOG] [Fast Refresh] rebuilding @ webpack-internal:///(app-pages-browser)/./node_modules/next/dist/client/components/react-dev-overlay/app/hot-reloader-client.js:240
[  220129ms] [LOG] [Fast Refresh] done in 25ms @ webpack-internal:///(app-pages-browser)/./node_modules/next/dist/client/components/react-dev-overlay/app/hot-reloader-client.js:67
[  220819ms] [LOG] [Fast Refresh] rebuilding @ webpack-internal:///(app-pages-browser)/./node_modules/next/dist/client/components/react-dev-overlay/app/hot-reloader-client.js:240
[  220865ms] [LOG] [Fast Refresh] done in 46ms @ webpack-internal:///(app-pages-browser)/./node_modules/next/dist/client/components/react-dev-overlay/app/hot-reloader-client.js:67
[  221479ms] [LOG] [Fast Refresh] rebuilding @ webpack-internal:///(app-pages-browser)/./node_modules/next/dist/client/components/react-dev-overlay/app/hot-reloader-client.js:240
[  221503ms] [LOG] [Fast Refresh] done in 24ms @ webpack-internal:///(app-pages-browser)/./node_modules/next/dist/client/components/react-dev-overlay/app/hot-reloader-client.js:67
[  222086ms] [LOG] [Fast Refresh] rebuilding @ webpack-internal:///(app-pages-browser)/./node_modules/next/dist/client/components/react-dev-overlay/app/hot-reloader-client.js:240
[  222104ms] [LOG] [Fast Refresh] done in 19ms @ webpack-internal:///(app-pages-browser)/./node_modules/next/dist/client/components/react-dev-overlay/app/hot-reloader-client.js:67
[  222708ms] [LOG] [Fast Refresh] rebuilding @ webpack-internal:///(app-pages-browser)/./node_modules/next/dist/client/components/react-dev-overlay/app/hot-reloader-client.js:240
[  222725ms] [LOG] [Fast Refresh] done in 17ms @ webpack-internal:///(app-pages-browser)/./node_modules/next/dist/client/components/react-dev-overlay/app/hot-reloader-client.js:67
[  223322ms] [LOG] [Fast Refresh] rebuilding @ webpack-internal:///(app-pages-browser)/./node_modules/next/dist/client/components/react-dev-overlay/app/hot-reloader-client.js:240
[  223344ms] [LOG] [Fast Refresh] done in 22ms @ webpack-internal:///(app-pages-browser)/./node_modules/next/dist/client/components/react-dev-overlay/app/hot-reloader-client.js:67
[  223943ms] [LOG] [Fast Refresh] rebuilding @ webpack-internal:///(app-pages-browser)/./node_modules/next/dist/client/components/react-dev-overlay/app/hot-reloader-client.js:240
[  223961ms] [LOG] [Fast Refresh] done in 18ms @ webpack-internal:///(app-pages-browser)/./node_modules/next/dist/client/components/react-dev-overlay/app/hot-reloader-client.js:67
[  224573ms] [LOG] [Fast Refresh] rebuilding @ webpack-internal:///(app-pages-browser)/./node_modules/next/dist/client/components/react-dev-overlay/app/hot-reloader-client.js:240
[  224597ms] [LOG] [Fast Refresh] done in 24ms @ webpack-internal:///(app-pages-browser)/./node_modules/next/dist/client/components/react-dev-overlay/app/hot-reloader-client.js:67
[  225193ms] [LOG] [Fast Refresh] rebuilding @ webpack-internal:///(app-pages-browser)/./node_modules/next/dist/client/components/react-dev-overlay/app/hot-reloader-client.js:240
[  225210ms] [LOG] [Fast Refresh] done in 17ms @ webpack-internal:///(app-pages-browser)/./node_modules/next/dist/client/components/react-dev-overlay/app/hot-reloader-client.js:67
[  225915ms] [LOG] [Fast Refresh] rebuilding @ webpack-internal:///(app-pages-browser)/./node_modules/next/dist/client/components/react-dev-overlay/app/hot-reloader-client.js:240
[  225956ms] [LOG] [Fast Refresh] done in 41ms @ webpack-internal:///(app-pages-browser)/./node_modules/next/dist/client/components/react-dev-overlay/app/hot-reloader-client.js:67
[  226567ms] [LOG] [Fast Refresh] rebuilding @ webpack-internal:///(app-pages-browser)/./node_modules/next/dist/client/components/react-dev-overlay/app/hot-reloader-client.js:240
[  226602ms] [LOG] [Fast Refresh] done in 34ms @ webpack-internal:///(app-pages-browser)/./node_modules/next/dist/client/components/react-dev-overlay/app/hot-reloader-client.js:67
[  227191ms] [LOG] [Fast Refresh] rebuilding @ webpack-internal:///(app-pages-browser)/./node_modules/next/dist/client/components/react-dev-overlay/app/hot-reloader-client.js:240
[  227213ms] [LOG] [Fast Refresh] done in 22ms @ webpack-internal:///(app-pages-browser)/./node_modules/next/dist/client/components/react-dev-overlay/app/hot-reloader-client.js:67
[  227795ms] [LOG] [Fast Refresh] rebuilding @ webpack-internal:///(app-pages-browser)/./node_modules/next/dist/client/components/react-dev-overlay/app/hot-reloader-client.js:240
[  227813ms] [LOG] [Fast Refresh] done in 19ms @ webpack-internal:///(app-pages-browser)/./node_modules/next/dist/client/components/react-dev-overlay/app/hot-reloader-client.js:67
[  228393ms] [LOG] [Fast Refresh] rebuilding @ webpack-internal:///(app-pages-browser)/./node_modules/next/dist/client/components/react-dev-overlay/app/hot-reloader-client.js:240
[  228409ms] [LOG] [Fast Refresh] done in 16ms @ webpack-internal:///(app-pages-browser)/./node_modules/next/dist/client/components/react-dev-overlay/app/hot-reloader-client.js:67
[  229012ms] [LOG] [Fast Refresh] rebuilding @ webpack-internal:///(app-pages-browser)/./node_modules/next/dist/client/components/react-dev-overlay/app/hot-reloader-client.js:240
[  229034ms] [LOG] [Fast Refresh] done in 22ms @ webpack-internal:///(app-pages-browser)/./node_modules/next/dist/client/components/react-dev-overlay/app/hot-reloader-client.js:67
[  229622ms] [LOG] [Fast Refresh] rebuilding @ webpack-internal:///(app-pages-browser)/./node_modules/next/dist/client/components/react-dev-overlay/app/hot-reloader-client.js:240
[  229639ms] [LOG] [Fast Refresh] done in 18ms @ webpack-internal:///(app-pages-browser)/./node_modules/next/dist/client/components/react-dev-overlay/app/hot-reloader-client.js:67
[  230257ms] [LOG] [Fast Refresh] rebuilding @ webpack-internal:///(app-pages-browser)/./node_modules/next/dist/client/components/react-dev-overlay/app/hot-reloader-client.js:240
[  230274ms] [LOG] [Fast Refresh] done in 18ms @ webpack-internal:///(app-pages-browser)/./node_modules/next/dist/client/components/react-dev-overlay/app/hot-reloader-client.js:67
[  230987ms] [LOG] [Fast Refresh] rebuilding @ webpack-internal:///(app-pages-browser)/./node_modules/next/dist/client/components/react-dev-overlay/app/hot-reloader-client.js:240
[  231006ms] [LOG] [Fast Refresh] done in 19ms @ webpack-internal:///(app-pages-browser)/./node_modules/next/dist/client/components/react-dev-overlay/app/hot-reloader-client.js:67
[  231613ms] [LOG] [Fast Refresh] rebuilding @ webpack-internal:///(app-pages-browser)/./node_modules/next/dist/client/components/react-dev-overlay/app/hot-reloader-client.js:240
[  231632ms] [LOG] [Fast Refresh] done in 19ms @ webpack-internal:///(app-pages-browser)/./node_modules/next/dist/client/components/react-dev-overlay/app/hot-reloader-client.js:67
[  232240ms] [LOG] [Fast Refresh] rebuilding @ webpack-internal:///(app-pages-browser)/./node_modules/next/dist/client/components/react-dev-overlay/app/hot-reloader-client.js:240
[  232267ms] [LOG] [Fast Refresh] done in 27ms @ webpack-internal:///(app-pages-browser)/./node_modules/next/dist/client/components/react-dev-overlay/app/hot-reloader-client.js:67
[  232873ms] [LOG] [Fast Refresh] rebuilding @ webpack-internal:///(app-pages-browser)/./node_modules/next/dist/client/components/react-dev-overlay/app/hot-reloader-client.js:240
[  232901ms] [LOG] [Fast Refresh] done in 29ms @ webpack-internal:///(app-pages-browser)/./node_modules/next/dist/client/components/react-dev-overlay/app/hot-reloader-client.js:67
[  233492ms] [LOG] [Fast Refresh] rebuilding @ webpack-internal:///(app-pages-browser)/./node_modules/next/dist/client/components/react-dev-overlay/app/hot-reloader-client.js:240
[  233520ms] [LOG] [Fast Refresh] done in 28ms @ webpack-internal:///(app-pages-browser)/./node_modules/next/dist/client/components/react-dev-overlay/app/hot-reloader-client.js:67
[  234094ms] [LOG] [Fast Refresh] rebuilding @ webpack-internal:///(app-pages-browser)/./node_modules/next/dist/client/components/react-dev-overlay/app/hot-reloader-client.js:240
[  234114ms] [LOG] [Fast Refresh] done in 19ms @ webpack-internal:///(app-pages-browser)/./node_modules/next/dist/client/components/react-dev-overlay/app/hot-reloader-client.js:67
[  234718ms] [LOG] [Fast Refresh] rebuilding @ webpack-internal:///(app-pages-browser)/./node_modules/next/dist/client/components/react-dev-overlay/app/hot-reloader-client.js:240
[  234748ms] [LOG] [Fast Refresh] done in 31ms @ webpack-internal:///(app-pages-browser)/./node_modules/next/dist/client/components/react-dev-overlay/app/hot-reloader-client.js:67
[  235350ms] [LOG] [Fast Refresh] rebuilding @ webpack-internal:///(app-pages-browser)/./node_modules/next/dist/client/components/react-dev-overlay/app/hot-reloader-client.js:240
[  235407ms] [LOG] [Fast Refresh] done in 57ms @ webpack-internal:///(app-pages-browser)/./node_modules/next/dist/client/components/react-dev-overlay/app/hot-reloader-client.js:67
[  236101ms] [LOG] [Fast Refresh] rebuilding @ webpack-internal:///(app-pages-browser)/./node_modules/next/dist/client/components/react-dev-overlay/app/hot-reloader-client.js:240
[  236128ms] [LOG] [Fast Refresh] done in 27ms @ webpack-internal:///(app-pages-browser)/./node_modules/next/dist/client/components/react-dev-overlay/app/hot-reloader-client.js:67
[  236708ms] [LOG] [Fast Refresh] rebuilding @ webpack-internal:///(app-pages-browser)/./node_modules/next/dist/client/components/react-dev-overlay/app/hot-reloader-client.js:240
[  236728ms] [LOG] [Fast Refresh] done in 20ms @ webpack-internal:///(app-pages-browser)/./node_modules/next/dist/client/components/react-dev-overlay/app/hot-reloader-client.js:67
[  237346ms] [LOG] [Fast Refresh] rebuilding @ webpack-internal:///(app-pages-browser)/./node_modules/next/dist/client/components/react-dev-overlay/app/hot-reloader-client.js:240
[  237367ms] [LOG] [Fast Refresh] done in 21ms @ webpack-internal:///(app-pages-browser)/./node_modules/next/dist/client/components/react-dev-overlay/app/hot-reloader-client.js:67
[  237942ms] [LOG] [Fast Refresh] rebuilding @ webpack-internal:///(app-pages-browser)/./node_modules/next/dist/client/components/react-dev-overlay/app/hot-reloader-client.js:240
[  237961ms] [LOG] [Fast Refresh] done in 19ms @ webpack-internal:///(app-pages-browser)/./node_modules/next/dist/client/components/react-dev-overlay/app/hot-reloader-client.js:67
[  238554ms] [LOG] [Fast Refresh] rebuilding @ webpack-internal:///(app-pages-browser)/./node_modules/next/dist/client/components/react-dev-overlay/app/hot-reloader-client.js:240
[  238567ms] [LOG] [Fast Refresh] done in 14ms @ webpack-internal:///(app-pages-browser)/./node_modules/next/dist/client/components/react-dev-overlay/app/hot-reloader-client.js:67
[  239166ms] [LOG] [Fast Refresh] rebuilding @ webpack-internal:///(app-pages-browser)/./node_modules/next/dist/client/components/react-dev-overlay/app/hot-reloader-client.js:240
[  239198ms] [LOG] [Fast Refresh] done in 32ms @ webpack-internal:///(app-pages-browser)/./node_modules/next/dist/client/components/react-dev-overlay/app/hot-reloader-client.js:67
[  239796ms] [LOG] [Fast Refresh] rebuilding @ webpack-internal:///(app-pages-browser)/./node_modules/next/dist/client/components/react-dev-overlay/app/hot-reloader-client.js:240
[  239822ms] [LOG] [Fast Refresh] done in 26ms @ webpack-internal:///(app-pages-browser)/./node_modules/next/dist/client/components/react-dev-overlay/app/hot-reloader-client.js:67
[  240525ms] [LOG] [Fast Refresh] rebuilding @ webpack-internal:///(app-pages-browser)/./node_modules/next/dist/client/components/react-dev-overlay/app/hot-reloader-client.js:240
[  240548ms] [LOG] [Fast Refresh] done in 24ms @ webpack-internal:///(app-pages-browser)/./node_modules/next/dist/client/components/react-dev-overlay/app/hot-reloader-client.js:67
[  241154ms] [LOG] [Fast Refresh] rebuilding @ webpack-internal:///(app-pages-browser)/./node_modules/next/dist/client/components/react-dev-overlay/app/hot-reloader-client.js:240
[  241180ms] [LOG] [Fast Refresh] done in 27ms @ webpack-internal:///(app-pages-browser)/./node_modules/next/dist/client/components/react-dev-overlay/app/hot-reloader-client.js:67
[  241772ms] [LOG] [Fast Refresh] rebuilding @ webpack-internal:///(app-pages-browser)/./node_modules/next/dist/client/components/react-dev-overlay/app/hot-reloader-client.js:240
[  241791ms] [LOG] [Fast Refresh] done in 18ms @ webpack-internal:///(app-pages-browser)/./node_modules/next/dist/client/components/react-dev-overlay/app/hot-reloader-client.js:67
[  242387ms] [LOG] [Fast Refresh] rebuilding @ webpack-internal:///(app-pages-browser)/./node_modules/next/dist/client/components/react-dev-overlay/app/hot-reloader-client.js:240
[  242405ms] [LOG] [Fast Refresh] done in 17ms @ webpack-internal:///(app-pages-browser)/./node_modules/next/dist/client/components/react-dev-overlay/app/hot-reloader-client.js:67
[  243002ms] [LOG] [Fast Refresh] rebuilding @ webpack-internal:///(app-pages-browser)/./node_modules/next/dist/client/components/react-dev-overlay/app/hot-reloader-client.js:240
[  243504ms] [LOG] [Fast Refresh] done in 502ms @ webpack-internal:///(app-pages-browser)/./node_modules/next/dist/client/components/react-dev-overlay/app/hot-reloader-client.js:67
[  243603ms] [LOG] [Fast Refresh] rebuilding @ webpack-internal:///(app-pages-browser)/./node_modules/next/dist/client/components/react-dev-overlay/app/hot-reloader-client.js:240
[  243629ms] [LOG] [Fast Refresh] done in 26ms @ webpack-internal:///(app-pages-browser)/./node_modules/next/dist/client/components/react-dev-overlay/app/hot-reloader-client.js:67
[  244452ms] [LOG] [Fast Refresh] rebuilding @ webpack-internal:///(app-pages-browser)/./node_modules/next/dist/client/components/react-dev-overlay/app/hot-reloader-client.js:240
[  244473ms] [LOG] [Fast Refresh] done in 21ms @ webpack-internal:///(app-pages-browser)/./node_modules/next/dist/client/components/react-dev-overlay/app/hot-reloader-client.js:67
[  245095ms] [LOG] [Fast Refresh] rebuilding @ webpack-internal:///(app-pages-browser)/./node_modules/next/dist/client/components/react-dev-overlay/app/hot-reloader-client.js:240
[  245178ms] [LOG] [Fast Refresh] done in 82ms @ webpack-internal:///(app-pages-browser)/./node_modules/next/dist/client/components/react-dev-overlay/app/hot-reloader-client.js:67
[  245818ms] [LOG] [Fast Refresh] rebuilding @ webpack-internal:///(app-pages-browser)/./node_modules/next/dist/client/components/react-dev-overlay/app/hot-reloader-client.js:240
[  245844ms] [LOG] [Fast Refresh] done in 26ms @ webpack-internal:///(app-pages-browser)/./node_modules/next/dist/client/components/react-dev-overlay/app/hot-reloader-client.js:67
[  246434ms] [LOG] [Fast Refresh] rebuilding @ webpack-internal:///(app-pages-browser)/./node_modules/next/dist/client/components/react-dev-overlay/app/hot-reloader-client.js:240
[  246964ms] [LOG] [Fast Refresh] done in 529ms @ webpack-internal:///(app-pages-browser)/./node_modules/next/dist/client/components/react-dev-overlay/app/hot-reloader-client.js:67
[  247066ms] [LOG] [Fast Refresh] rebuilding @ webpack-internal:///(app-pages-browser)/./node_modules/next/dist/client/components/react-dev-overlay/app/hot-reloader-client.js:240
[  247084ms] [LOG] [Fast Refresh] done in 19ms @ webpack-internal:///(app-pages-browser)/./node_modules/next/dist/client/components/react-dev-overlay/app/hot-reloader-client.js:67
[  247675ms] [LOG] [Fast Refresh] rebuilding @ webpack-internal:///(app-pages-browser)/./node_modules/next/dist/client/components/react-dev-overlay/app/hot-reloader-client.js:240
[  247693ms] [LOG] [Fast Refresh] done in 17ms @ webpack-internal:///(app-pages-browser)/./node_modules/next/dist/client/components/react-dev-overlay/app/hot-reloader-client.js:67
[  248286ms] [LOG] [Fast Refresh] rebuilding @ webpack-internal:///(app-pages-browser)/./node_modules/next/dist/client/components/react-dev-overlay/app/hot-reloader-client.js:240
[  248313ms] [LOG] [Fast Refresh] done in 28ms @ webpack-internal:///(app-pages-browser)/./node_modules/next/dist/client/components/react-dev-overlay/app/hot-reloader-client.js:67
[  248894ms] [LOG] [Fast Refresh] rebuilding @ webpack-internal:///(app-pages-browser)/./node_modules/next/dist/client/components/react-dev-overlay/app/hot-reloader-client.js:240
[  248914ms] [LOG] [Fast Refresh] done in 20ms @ webpack-internal:///(app-pages-browser)/./node_modules/next/dist/client/components/react-dev-overlay/app/hot-reloader-client.js:67
[  249537ms] [LOG] [Fast Refresh] rebuilding @ webpack-internal:///(app-pages-browser)/./node_modules/next/dist/client/components/react-dev-overlay/app/hot-reloader-client.js:240
[  249556ms] [LOG] [Fast Refresh] done in 20ms @ webpack-internal:///(app-pages-browser)/./node_modules/next/dist/client/components/react-dev-overlay/app/hot-reloader-client.js:67
[  250276ms] [LOG] [Fast Refresh] rebuilding @ webpack-internal:///(app-pages-browser)/./node_modules/next/dist/client/components/react-dev-overlay/app/hot-reloader-client.js:240
[  250310ms] [LOG] [Fast Refresh] done in 34ms @ webpack-internal:///(app-pages-browser)/./node_modules/next/dist/client/components/react-dev-overlay/app/hot-reloader-client.js:67
[  250906ms] [LOG] [Fast Refresh] rebuilding @ webpack-internal:///(app-pages-browser)/./node_modules/next/dist/client/components/react-dev-overlay/app/hot-reloader-client.js:240
[  250932ms] [LOG] [Fast Refresh] done in 25ms @ webpack-internal:///(app-pages-browser)/./node_modules/next/dist/client/components/react-dev-overlay/app/hot-reloader-client.js:67
[  251531ms] [LOG] [Fast Refresh] rebuilding @ webpack-internal:///(app-pages-browser)/./node_modules/next/dist/client/components/react-dev-overlay/app/hot-reloader-client.js:240
[  251558ms] [LOG] [Fast Refresh] done in 27ms @ webpack-internal:///(app-pages-browser)/./node_modules/next/dist/client/components/react-dev-overlay/app/hot-reloader-client.js:67
[  252160ms] [LOG] [Fast Refresh] rebuilding @ webpack-internal:///(app-pages-browser)/./node_modules/next/dist/client/components/react-dev-overlay/app/hot-reloader-client.js:240
[  252186ms] [LOG] [Fast Refresh] done in 26ms @ webpack-internal:///(app-pages-browser)/./node_modules/next/dist/client/components/react-dev-overlay/app/hot-reloader-client.js:67
[  252775ms] [LOG] [Fast Refresh] rebuilding @ webpack-internal:///(app-pages-browser)/./node_modules/next/dist/client/components/react-dev-overlay/app/hot-reloader-client.js:240
[  252799ms] [LOG] [Fast Refresh] done in 24ms @ webpack-internal:///(app-pages-browser)/./node_modules/next/dist/client/components/react-dev-overlay/app/hot-reloader-client.js:67
[  253391ms] [LOG] [Fast Refresh] rebuilding @ webpack-internal:///(app-pages-browser)/./node_modules/next/dist/client/components/react-dev-overlay/app/hot-reloader-client.js:240
[  253897ms] [LOG] [Fast Refresh] done in 506ms @ webpack-internal:///(app-pages-browser)/./node_modules/next/dist/client/components/react-dev-overlay/app/hot-reloader-client.js:67
[  253988ms] [LOG] [Fast Refresh] rebuilding @ webpack-internal:///(app-pages-browser)/./node_modules/next/dist/client/components/react-dev-overlay/app/hot-reloader-client.js:240
[  254004ms] [LOG] [Fast Refresh] done in 17ms @ webpack-internal:///(app-pages-browser)/./node_modules/next/dist/client/components/react-dev-overlay/app/hot-reloader-client.js:67
[  254606ms] [LOG] [Fast Refresh] rebuilding @ webpack-internal:///(app-pages-browser)/./node_modules/next/dist/client/components/react-dev-overlay/app/hot-reloader-client.js:240
[  254624ms] [LOG] [Fast Refresh] done in 17ms @ webpack-internal:///(app-pages-browser)/./node_modules/next/dist/client/components/react-dev-overlay/app/hot-reloader-client.js:67
[  255318ms] [LOG] [Fast Refresh] rebuilding @ webpack-internal:///(app-pages-browser)/./node_modules/next/dist/client/components/react-dev-overlay/app/hot-reloader-client.js:240
[  255345ms] [LOG] [Fast Refresh] done in 28ms @ webpack-internal:///(app-pages-browser)/./node_modules/next/dist/client/components/react-dev-overlay/app/hot-reloader-client.js:67
[  255958ms] [LOG] [Fast Refresh] rebuilding @ webpack-internal:///(app-pages-browser)/./node_modules/next/dist/client/components/react-dev-overlay/app/hot-reloader-client.js:240
[  255984ms] [LOG] [Fast Refresh] done in 27ms @ webpack-internal:///(app-pages-browser)/./node_modules/next/dist/client/components/react-dev-overlay/app/hot-reloader-client.js:67
[  256573ms] [LOG] [Fast Refresh] rebuilding @ webpack-internal:///(app-pages-browser)/./node_modules/next/dist/client/components/react-dev-overlay/app/hot-reloader-client.js:240
[  256601ms] [LOG] [Fast Refresh] done in 27ms @ webpack-internal:///(app-pages-browser)/./node_modules/next/dist/client/components/react-dev-overlay/app/hot-reloader-client.js:67
[  257207ms] [LOG] [Fast Refresh] rebuilding @ webpack-internal:///(app-pages-browser)/./node_modules/next/dist/client/components/react-dev-overlay/app/hot-reloader-client.js:240
[  257724ms] [LOG] [Fast Refresh] done in 518ms @ webpack-internal:///(app-pages-browser)/./node_modules/next/dist/client/components/react-dev-overlay/app/hot-reloader-client.js:67
[  257807ms] [LOG] [Fast Refresh] rebuilding @ webpack-internal:///(app-pages-browser)/./node_modules/next/dist/client/components/react-dev-overlay/app/hot-reloader-client.js:240
[  257825ms] [LOG] [Fast Refresh] done in 18ms @ webpack-internal:///(app-pages-browser)/./node_modules/next/dist/client/components/react-dev-overlay/app/hot-reloader-client.js:67
[  258416ms] [LOG] [Fast Refresh] rebuilding @ webpack-internal:///(app-pages-browser)/./node_modules/next/dist/client/components/react-dev-overlay/app/hot-reloader-client.js:240
[  258442ms] [LOG] [Fast Refresh] done in 26ms @ webpack-internal:///(app-pages-browser)/./node_modules/next/dist/client/components/react-dev-overlay/app/hot-reloader-client.js:67
[  259020ms] [LOG] [Fast Refresh] rebuilding @ webpack-internal:///(app-pages-browser)/./node_modules/next/dist/client/components/react-dev-overlay/app/hot-reloader-client.js:240
[  259036ms] [LOG] [Fast Refresh] done in 17ms @ webpack-internal:///(app-pages-browser)/./node_modules/next/dist/client/components/react-dev-overlay/app/hot-reloader-client.js:67
[  259639ms] [LOG] [Fast Refresh] rebuilding @ webpack-internal:///(app-pages-browser)/./node_modules/next/dist/client/components/react-dev-overlay/app/hot-reloader-client.js:240
[  259701ms] [LOG] [Fast Refresh] done in 61ms @ webpack-internal:///(app-pages-browser)/./node_modules/next/dist/client/components/react-dev-overlay/app/hot-reloader-client.js:67
[  260337ms] [LOG] [Fast Refresh] rebuilding @ webpack-internal:///(app-pages-browser)/./node_modules/next/dist/client/components/react-dev-overlay/app/hot-reloader-client.js:240
[  260353ms] [LOG] [Fast Refresh] done in 16ms @ webpack-internal:///(app-pages-browser)/./node_modules/next/dist/client/components/react-dev-overlay/app/hot-reloader-client.js:67
[  260946ms] [LOG] [Fast Refresh] rebuilding @ webpack-internal:///(app-pages-browser)/./node_modules/next/dist/client/components/react-dev-overlay/app/hot-reloader-client.js:240
[  260963ms] [LOG] [Fast Refresh] done in 17ms @ webpack-internal:///(app-pages-browser)/./node_modules/next/dist/client/components/react-dev-overlay/app/hot-reloader-client.js:67
[  261578ms] [LOG] [Fast Refresh] rebuilding @ webpack-internal:///(app-pages-browser)/./node_modules/next/dist/client/components/react-dev-overlay/app/hot-reloader-client.js:240
[  261591ms] [LOG] [Fast Refresh] done in 13ms @ webpack-internal:///(app-pages-browser)/./node_modules/next/dist/client/components/react-dev-overlay/app/hot-reloader-client.js:67
[  262190ms] [LOG] [Fast Refresh] rebuilding @ webpack-internal:///(app-pages-browser)/./node_modules/next/dist/client/components/react-dev-overlay/app/hot-reloader-client.js:240
[  262205ms] [LOG] [Fast Refresh] done in 15ms @ webpack-internal:///(app-pages-browser)/./node_modules/next/dist/client/components/react-dev-overlay/app/hot-reloader-client.js:67
[  262795ms] [LOG] [Fast Refresh] rebuilding @ webpack-internal:///(app-pages-browser)/./node_modules/next/dist/client/components/react-dev-overlay/app/hot-reloader-client.js:240
[  263303ms] [LOG] [Fast Refresh] done in 508ms @ webpack-internal:///(app-pages-browser)/./node_modules/next/dist/client/components/react-dev-overlay/app/hot-reloader-client.js:67
[  263404ms] [LOG] [Fast Refresh] rebuilding @ webpack-internal:///(app-pages-browser)/./node_modules/next/dist/client/components/react-dev-overlay/app/hot-reloader-client.js:240
[  263430ms] [LOG] [Fast Refresh] done in 26ms @ webpack-internal:///(app-pages-browser)/./node_modules/next/dist/client/components/react-dev-overlay/app/hot-reloader-client.js:67
[  264040ms] [LOG] [Fast Refresh] rebuilding @ webpack-internal:///(app-pages-browser)/./node_modules/next/dist/client/components/react-dev-overlay/app/hot-reloader-client.js:240
[  264060ms] [LOG] [Fast Refresh] done in 20ms @ webpack-internal:///(app-pages-browser)/./node_modules/next/dist/client/components/react-dev-overlay/app/hot-reloader-client.js:67
[  264716ms] [LOG] [Fast Refresh] rebuilding @ webpack-internal:///(app-pages-browser)/./node_modules/next/dist/client/components/react-dev-overlay/app/hot-reloader-client.js:240
[  264777ms] [LOG] [Fast Refresh] done in 61ms @ webpack-internal:///(app-pages-browser)/./node_modules/next/dist/client/components/react-dev-overlay/app/hot-reloader-client.js:67
[  265435ms] [LOG] [Fast Refresh] rebuilding @ webpack-internal:///(app-pages-browser)/./node_modules/next/dist/client/components/react-dev-overlay/app/hot-reloader-client.js:240
[  265461ms] [LOG] [Fast Refresh] done in 25ms @ webpack-internal:///(app-pages-browser)/./node_modules/next/dist/client/components/react-dev-overlay/app/hot-reloader-client.js:67
[  266034ms] [LOG] [Fast Refresh] rebuilding @ webpack-internal:///(app-pages-browser)/./node_modules/next/dist/client/components/react-dev-overlay/app/hot-reloader-client.js:240
[  266055ms] [LOG] [Fast Refresh] done in 21ms @ webpack-internal:///(app-pages-browser)/./node_modules/next/dist/client/components/react-dev-overlay/app/hot-reloader-client.js:67
[  266656ms] [LOG] [Fast Refresh] rebuilding @ webpack-internal:///(app-pages-browser)/./node_modules/next/dist/client/components/react-dev-overlay/app/hot-reloader-client.js:240
[  266673ms] [LOG] [Fast Refresh] done in 18ms @ webpack-internal:///(app-pages-browser)/./node_modules/next/dist/client/components/react-dev-overlay/app/hot-reloader-client.js:67
[  267266ms] [LOG] [Fast Refresh] rebuilding @ webpack-internal:///(app-pages-browser)/./node_modules/next/dist/client/components/react-dev-overlay/app/hot-reloader-client.js:240
[  267281ms] [LOG] [Fast Refresh] done in 14ms @ webpack-internal:///(app-pages-browser)/./node_modules/next/dist/client/components/react-dev-overlay/app/hot-reloader-client.js:67
[  267877ms] [LOG] [Fast Refresh] rebuilding @ webpack-internal:///(app-pages-browser)/./node_modules/next/dist/client/components/react-dev-overlay/app/hot-reloader-client.js:240
[  268389ms] [LOG] [Fast Refresh] done in 512ms @ webpack-internal:///(app-pages-browser)/./node_modules/next/dist/client/components/react-dev-overlay/app/hot-reloader-client.js:67
[  268486ms] [LOG] [Fast Refresh] rebuilding @ webpack-internal:///(app-pages-browser)/./node_modules/next/dist/client/components/react-dev-overlay/app/hot-reloader-client.js:240
[  268517ms] [LOG] [Fast Refresh] done in 30ms @ webpack-internal:///(app-pages-browser)/./node_modules/next/dist/client/components/react-dev-overlay/app/hot-reloader-client.js:67
[  269122ms] [LOG] [Fast Refresh] rebuilding @ webpack-internal:///(app-pages-browser)/./node_modules/next/dist/client/components/react-dev-overlay/app/hot-reloader-client.js:240
[  269146ms] [LOG] [Fast Refresh] done in 24ms @ webpack-internal:///(app-pages-browser)/./node_modules/next/dist/client/components/react-dev-overlay/app/hot-reloader-client.js:67
[  269887ms] [LOG] [Fast Refresh] rebuilding @ webpack-internal:///(app-pages-browser)/./node_modules/next/dist/client/components/react-dev-overlay/app/hot-reloader-client.js:240
[  269929ms] [LOG] [Fast Refresh] done in 41ms @ webpack-internal:///(app-pages-browser)/./node_modules/next/dist/client/components/react-dev-overlay/app/hot-reloader-client.js:67
[  270635ms] [LOG] [Fast Refresh] rebuilding @ webpack-internal:///(app-pages-browser)/./node_modules/next/dist/client/components/react-dev-overlay/app/hot-reloader-client.js:240
[  270659ms] [LOG] [Fast Refresh] done in 25ms @ webpack-internal:///(app-pages-browser)/./node_modules/next/dist/client/components/react-dev-overlay/app/hot-reloader-client.js:67
[  271294ms] [LOG] [Fast Refresh] rebuilding @ webpack-internal:///(app-pages-browser)/./node_modules/next/dist/client/components/react-dev-overlay/app/hot-reloader-client.js:240
[  271320ms] [LOG] [Fast Refresh] done in 25ms @ webpack-internal:///(app-pages-browser)/./node_modules/next/dist/client/components/react-dev-overlay/app/hot-reloader-client.js:67
[  271940ms] [LOG] [Fast Refresh] rebuilding @ webpack-internal:///(app-pages-browser)/./node_modules/next/dist/client/components/react-dev-overlay/app/hot-reloader-client.js:240
[  271959ms] [LOG] [Fast Refresh] done in 19ms @ webpack-internal:///(app-pages-browser)/./node_modules/next/dist/client/components/react-dev-overlay/app/hot-reloader-client.js:67
[  272550ms] [LOG] [Fast Refresh] rebuilding @ webpack-internal:///(app-pages-browser)/./node_modules/next/dist/client/components/react-dev-overlay/app/hot-reloader-client.js:240
[  272575ms] [LOG] [Fast Refresh] done in 25ms @ webpack-internal:///(app-pages-browser)/./node_modules/next/dist/client/components/react-dev-overlay/app/hot-reloader-client.js:67
[  273157ms] [LOG] [Fast Refresh] rebuilding @ webpack-internal:///(app-pages-browser)/./node_modules/next/dist/client/components/react-dev-overlay/app/hot-reloader-client.js:240
[  273175ms] [LOG] [Fast Refresh] done in 18ms @ webpack-internal:///(app-pages-browser)/./node_modules/next/dist/client/components/react-dev-overlay/app/hot-reloader-client.js:67
[  273770ms] [LOG] [Fast Refresh] rebuilding @ webpack-internal:///(app-pages-browser)/./node_modules/next/dist/client/components/react-dev-overlay/app/hot-reloader-client.js:240
[  273791ms] [LOG] [Fast Refresh] done in 21ms @ webpack-internal:///(app-pages-browser)/./node_modules/next/dist/client/components/react-dev-overlay/app/hot-reloader-client.js:67
[  274398ms] [LOG] [Fast Refresh] rebuilding @ webpack-internal:///(app-pages-browser)/./node_modules/next/dist/client/components/react-dev-overlay/app/hot-reloader-client.js:240
[  274428ms] [LOG] [Fast Refresh] done in 31ms @ webpack-internal:///(app-pages-browser)/./node_modules/next/dist/client/components/react-dev-overlay/app/hot-reloader-client.js:67
[  275158ms] [LOG] [Fast Refresh] rebuilding @ webpack-internal:///(app-pages-browser)/./node_modules/next/dist/client/components/react-dev-overlay/app/hot-reloader-client.js:240
[  275184ms] [LOG] [Fast Refresh] done in 26ms @ webpack-internal:///(app-pages-browser)/./node_modules/next/dist/client/components/react-dev-overlay/app/hot-reloader-client.js:67
[  275856ms] [LOG] [Fast Refresh] rebuilding @ webpack-internal:///(app-pages-browser)/./node_modules/next/dist/client/components/react-dev-overlay/app/hot-reloader-client.js:240
[  275881ms] [LOG] [Fast Refresh] done in 26ms @ webpack-internal:///(app-pages-browser)/./node_modules/next/dist/client/components/react-dev-overlay/app/hot-reloader-client.js:67
[  276465ms] [LOG] [Fast Refresh] rebuilding @ webpack-internal:///(app-pages-browser)/./node_modules/next/dist/client/components/react-dev-overlay/app/hot-reloader-client.js:240
[  276490ms] [LOG] [Fast Refresh] done in 25ms @ webpack-internal:///(app-pages-browser)/./node_modules/next/dist/client/components/react-dev-overlay/app/hot-reloader-client.js:67
[  277105ms] [LOG] [Fast Refresh] rebuilding @ webpack-internal:///(app-pages-browser)/./node_modules/next/dist/client/components/react-dev-overlay/app/hot-reloader-client.js:240
[  277124ms] [LOG] [Fast Refresh] done in 20ms @ webpack-internal:///(app-pages-browser)/./node_modules/next/dist/client/components/react-dev-overlay/app/hot-reloader-client.js:67
[  277725ms] [LOG] [Fast Refresh] rebuilding @ webpack-internal:///(app-pages-browser)/./node_modules/next/dist/client/components/react-dev-overlay/app/hot-reloader-client.js:240
[  278240ms] [LOG] [Fast Refresh] done in 515ms @ webpack-internal:///(app-pages-browser)/./node_modules/next/dist/client/components/react-dev-overlay/app/hot-reloader-client.js:67
[  278333ms] [LOG] [Fast Refresh] rebuilding @ webpack-internal:///(app-pages-browser)/./node_modules/next/dist/client/components/react-dev-overlay/app/hot-reloader-client.js:240
[  278355ms] [LOG] [Fast Refresh] done in 22ms @ webpack-internal:///(app-pages-browser)/./node_modules/next/dist/client/components/react-dev-overlay/app/hot-reloader-client.js:67
[  278952ms] [LOG] [Fast Refresh] rebuilding @ webpack-internal:///(app-pages-browser)/./node_modules/next/dist/client/components/react-dev-overlay/app/hot-reloader-client.js:240
[  278975ms] [LOG] [Fast Refresh] done in 24ms @ webpack-internal:///(app-pages-browser)/./node_modules/next/dist/client/components/react-dev-overlay/app/hot-reloader-client.js:67
[  279574ms] [LOG] [Fast Refresh] rebuilding @ webpack-internal:///(app-pages-browser)/./node_modules/next/dist/client/components/react-dev-overlay/app/hot-reloader-client.js:240
[  279611ms] [LOG] [Fast Refresh] done in 38ms @ webpack-internal:///(app-pages-browser)/./node_modules/next/dist/client/components/react-dev-overlay/app/hot-reloader-client.js:67
[  280343ms] [LOG] [Fast Refresh] rebuilding @ webpack-internal:///(app-pages-browser)/./node_modules/next/dist/client/components/react-dev-overlay/app/hot-reloader-client.js:240
[  280369ms] [LOG] [Fast Refresh] done in 26ms @ webpack-internal:///(app-pages-browser)/./node_modules/next/dist/client/components/react-dev-overlay/app/hot-reloader-client.js:67
[  280946ms] [LOG] [Fast Refresh] rebuilding @ webpack-internal:///(app-pages-browser)/./node_modules/next/dist/client/components/react-dev-overlay/app/hot-reloader-client.js:240
[  280964ms] [LOG] [Fast Refresh] done in 17ms @ webpack-internal:///(app-pages-browser)/./node_modules/next/dist/client/components/react-dev-overlay/app/hot-reloader-client.js:67
[  281569ms] [LOG] [Fast Refresh] rebuilding @ webpack-internal:///(app-pages-browser)/./node_modules/next/dist/client/components/react-dev-overlay/app/hot-reloader-client.js:240
[  281597ms] [LOG] [Fast Refresh] done in 29ms @ webpack-internal:///(app-pages-browser)/./node_modules/next/dist/client/components/react-dev-overlay/app/hot-reloader-client.js:67
[  282176ms] [LOG] [Fast Refresh] rebuilding @ webpack-internal:///(app-pages-browser)/./node_modules/next/dist/client/components/react-dev-overlay/app/hot-reloader-client.js:240
[  282206ms] [LOG] [Fast Refresh] done in 30ms @ webpack-internal:///(app-pages-browser)/./node_modules/next/dist/client/components/react-dev-overlay/app/hot-reloader-client.js:67
[  282791ms] [LOG] [Fast Refresh] rebuilding @ webpack-internal:///(app-pages-browser)/./node_modules/next/dist/client/components/react-dev-overlay/app/hot-reloader-client.js:240
[  282819ms] [LOG] [Fast Refresh] done in 27ms @ webpack-internal:///(app-pages-browser)/./node_modules/next/dist/client/components/react-dev-overlay/app/hot-reloader-client.js:67
[  283409ms] [LOG] [Fast Refresh] rebuilding @ webpack-internal:///(app-pages-browser)/./node_modules/next/dist/client/components/react-dev-overlay/app/hot-reloader-client.js:240
[  283440ms] [LOG] [Fast Refresh] done in 30ms @ webpack-internal:///(app-pages-browser)/./node_modules/next/dist/client/components/react-dev-overlay/app/hot-reloader-client.js:67
[  284036ms] [LOG] [Fast Refresh] rebuilding @ webpack-internal:///(app-pages-browser)/./node_modules/next/dist/client/components/react-dev-overlay/app/hot-reloader-client.js:240
[  284063ms] [LOG] [Fast Refresh] done in 27ms @ webpack-internal:///(app-pages-browser)/./node_modules/next/dist/client/components/react-dev-overlay/app/hot-reloader-client.js:67
[  284765ms] [LOG] [Fast Refresh] rebuilding @ webpack-internal:///(app-pages-browser)/./node_modules/next/dist/client/components/react-dev-overlay/app/hot-reloader-client.js:240
[  284794ms] [LOG] [Fast Refresh] done in 30ms @ webpack-internal:///(app-pages-browser)/./node_modules/next/dist/client/components/react-dev-overlay/app/hot-reloader-client.js:67
[  285388ms] [LOG] [Fast Refresh] rebuilding @ webpack-internal:///(app-pages-browser)/./node_modules/next/dist/client/components/react-dev-overlay/app/hot-reloader-client.js:240
[  285411ms] [LOG] [Fast Refresh] done in 22ms @ webpack-internal:///(app-pages-browser)/./node_modules/next/dist/client/components/react-dev-overlay/app/hot-reloader-client.js:67
[  285998ms] [LOG] [Fast Refresh] rebuilding @ webpack-internal:///(app-pages-browser)/./node_modules/next/dist/client/components/react-dev-overlay/app/hot-reloader-client.js:240
[  286013ms] [LOG] [Fast Refresh] done in 15ms @ webpack-internal:///(app-pages-browser)/./node_modules/next/dist/client/components/react-dev-overlay/app/hot-reloader-client.js:67
[  286650ms] [LOG] [Fast Refresh] rebuilding @ webpack-internal:///(app-pages-browser)/./node_modules/next/dist/client/components/react-dev-overlay/app/hot-reloader-client.js:240
[  286676ms] [LOG] [Fast Refresh] done in 27ms @ webpack-internal:///(app-pages-browser)/./node_modules/next/dist/client/components/react-dev-overlay/app/hot-reloader-client.js:67
[  287253ms] [LOG] [Fast Refresh] rebuilding @ webpack-internal:///(app-pages-browser)/./node_modules/next/dist/client/components/react-dev-overlay/app/hot-reloader-client.js:240
[  287274ms] [LOG] [Fast Refresh] done in 22ms @ webpack-internal:///(app-pages-browser)/./node_modules/next/dist/client/components/react-dev-overlay/app/hot-reloader-client.js:67
[  287875ms] [LOG] [Fast Refresh] rebuilding @ webpack-internal:///(app-pages-browser)/./node_modules/next/dist/client/components/react-dev-overlay/app/hot-reloader-client.js:240
[  287900ms] [LOG] [Fast Refresh] done in 26ms @ webpack-internal:///(app-pages-browser)/./node_modules/next/dist/client/components/react-dev-overlay/app/hot-reloader-client.js:67
[  288485ms] [LOG] [Fast Refresh] rebuilding @ webpack-internal:///(app-pages-browser)/./node_modules/next/dist/client/components/react-dev-overlay/app/hot-reloader-client.js:240
[  288513ms] [LOG] [Fast Refresh] done in 28ms @ webpack-internal:///(app-pages-browser)/./node_modules/next/dist/client/components/react-dev-overlay/app/hot-reloader-client.js:67
[  289114ms] [LOG] [Fast Refresh] rebuilding @ webpack-internal:///(app-pages-browser)/./node_modules/next/dist/client/components/react-dev-overlay/app/hot-reloader-client.js:240
[  289180ms] [LOG] [Fast Refresh] done in 66ms @ webpack-internal:///(app-pages-browser)/./node_modules/next/dist/client/components/react-dev-overlay/app/hot-reloader-client.js:67
[  289836ms] [LOG] [Fast Refresh] rebuilding @ webpack-internal:///(app-pages-browser)/./node_modules/next/dist/client/components/react-dev-overlay/app/hot-reloader-client.js:240
[  289858ms] [LOG] [Fast Refresh] done in 23ms @ webpack-internal:///(app-pages-browser)/./node_modules/next/dist/client/components/react-dev-overlay/app/hot-reloader-client.js:67
[  290448ms] [LOG] [Fast Refresh] rebuilding @ webpack-internal:///(app-pages-browser)/./node_modules/next/dist/client/components/react-dev-overlay/app/hot-reloader-client.js:240
[  290474ms] [LOG] [Fast Refresh] done in 25ms @ webpack-internal:///(app-pages-browser)/./node_modules/next/dist/client/components/react-dev-overlay/app/hot-reloader-client.js:67
[  291077ms] [LOG] [Fast Refresh] rebuilding @ webpack-internal:///(app-pages-browser)/./node_modules/next/dist/client/components/react-dev-overlay/app/hot-reloader-client.js:240
[  291604ms] [LOG] [Fast Refresh] done in 526ms @ webpack-internal:///(app-pages-browser)/./node_modules/next/dist/client/components/react-dev-overlay/app/hot-reloader-client.js:67
[  291688ms] [LOG] [Fast Refresh] rebuilding @ webpack-internal:///(app-pages-browser)/./node_modules/next/dist/client/components/react-dev-overlay/app/hot-reloader-client.js:240
[  291707ms] [LOG] [Fast Refresh] done in 19ms @ webpack-internal:///(app-pages-browser)/./node_modules/next/dist/client/components/react-dev-overlay/app/hot-reloader-client.js:67
[  292292ms] [LOG] [Fast Refresh] rebuilding @ webpack-internal:///(app-pages-browser)/./node_modules/next/dist/client/components/react-dev-overlay/app/hot-reloader-client.js:240
[  292324ms] [LOG] [Fast Refresh] done in 31ms @ webpack-internal:///(app-pages-browser)/./node_modules/next/dist/client/components/react-dev-overlay/app/hot-reloader-client.js:67
[  292905ms] [LOG] [Fast Refresh] rebuilding @ webpack-internal:///(app-pages-browser)/./node_modules/next/dist/client/components/react-dev-overlay/app/hot-reloader-client.js:240
[  293420ms] [LOG] [Fast Refresh] done in 516ms @ webpack-internal:///(app-pages-browser)/./node_modules/next/dist/client/components/react-dev-overlay/app/hot-reloader-client.js:67
[  293527ms] [LOG] [Fast Refresh] rebuilding @ webpack-internal:///(app-pages-browser)/./node_modules/next/dist/client/components/react-dev-overlay/app/hot-reloader-client.js:240
[  293553ms] [LOG] [Fast Refresh] done in 26ms @ webpack-internal:///(app-pages-browser)/./node_modules/next/dist/client/components/react-dev-overlay/app/hot-reloader-client.js:67
[  294252ms] [LOG] [Fast Refresh] rebuilding @ webpack-internal:///(app-pages-browser)/./node_modules/next/dist/client/components/react-dev-overlay/app/hot-reloader-client.js:240
[  294273ms] [LOG] [Fast Refresh] done in 21ms @ webpack-internal:///(app-pages-browser)/./node_modules/next/dist/client/components/react-dev-overlay/app/hot-reloader-client.js:67
[  294875ms] [LOG] [Fast Refresh] rebuilding @ webpack-internal:///(app-pages-browser)/./node_modules/next/dist/client/components/react-dev-overlay/app/hot-reloader-client.js:240
[  294891ms] [LOG] [Fast Refresh] done in 15ms @ webpack-internal:///(app-pages-browser)/./node_modules/next/dist/client/components/react-dev-overlay/app/hot-reloader-client.js:67
[  295520ms] [LOG] [Fast Refresh] rebuilding @ webpack-internal:///(app-pages-browser)/./node_modules/next/dist/client/components/react-dev-overlay/app/hot-reloader-client.js:240
[  295548ms] [LOG] [Fast Refresh] done in 29ms @ webpack-internal:///(app-pages-browser)/./node_modules/next/dist/client/components/react-dev-overlay/app/hot-reloader-client.js:67
[  296168ms] [LOG] [Fast Refresh] rebuilding @ webpack-internal:///(app-pages-browser)/./node_modules/next/dist/client/components/react-dev-overlay/app/hot-reloader-client.js:240
[  296192ms] [LOG] [Fast Refresh] done in 25ms @ webpack-internal:///(app-pages-browser)/./node_modules/next/dist/client/components/react-dev-overlay/app/hot-reloader-client.js:67
[  296780ms] [LOG] [Fast Refresh] rebuilding @ webpack-internal:///(app-pages-browser)/./node_modules/next/dist/client/components/react-dev-overlay/app/hot-reloader-client.js:240
[  296803ms] [LOG] [Fast Refresh] done in 22ms @ webpack-internal:///(app-pages-browser)/./node_modules/next/dist/client/components/react-dev-overlay/app/hot-reloader-client.js:67
[  297387ms] [LOG] [Fast Refresh] rebuilding @ webpack-internal:///(app-pages-browser)/./node_modules/next/dist/client/components/react-dev-overlay/app/hot-reloader-client.js:240
[  297406ms] [LOG] [Fast Refresh] done in 19ms @ webpack-internal:///(app-pages-browser)/./node_modules/next/dist/client/components/react-dev-overlay/app/hot-reloader-client.js:67
[  298008ms] [LOG] [Fast Refresh] rebuilding @ webpack-internal:///(app-pages-browser)/./node_modules/next/dist/client/components/react-dev-overlay/app/hot-reloader-client.js:240
[  298040ms] [LOG] [Fast Refresh] done in 32ms @ webpack-internal:///(app-pages-browser)/./node_modules/next/dist/client/components/react-dev-overlay/app/hot-reloader-client.js:67
[  298674ms] [LOG] [Fast Refresh] rebuilding @ webpack-internal:///(app-pages-browser)/./node_modules/next/dist/client/components/react-dev-overlay/app/hot-reloader-client.js:240
[  298781ms] [LOG] [Fast Refresh] done in 106ms @ webpack-internal:///(app-pages-browser)/./node_modules/next/dist/client/components/react-dev-overlay/app/hot-reloader-client.js:67
[  299468ms] [LOG] [Fast Refresh] rebuilding @ webpack-internal:///(app-pages-browser)/./node_modules/next/dist/client/components/react-dev-overlay/app/hot-reloader-client.js:240
[  299492ms] [LOG] [Fast Refresh] done in 23ms @ webpack-internal:///(app-pages-browser)/./node_modules/next/dist/client/components/react-dev-overlay/app/hot-reloader-client.js:67
[  300090ms] [LOG] [Fast Refresh] rebuilding @ webpack-internal:///(app-pages-browser)/./node_modules/next/dist/client/components/react-dev-overlay/app/hot-reloader-client.js:240
[  300108ms] [LOG] [Fast Refresh] done in 18ms @ webpack-internal:///(app-pages-browser)/./node_modules/next/dist/client/components/react-dev-overlay/app/hot-reloader-client.js:67
[  300739ms] [LOG] [Fast Refresh] rebuilding @ webpack-internal:///(app-pages-browser)/./node_modules/next/dist/client/components/react-dev-overlay/app/hot-reloader-client.js:240
[  300757ms] [LOG] [Fast Refresh] done in 18ms @ webpack-internal:///(app-pages-browser)/./node_modules/next/dist/client/components/react-dev-overlay/app/hot-reloader-client.js:67
[  301366ms] [LOG] [Fast Refresh] rebuilding @ webpack-internal:///(app-pages-browser)/./node_modules/next/dist/client/components/react-dev-overlay/app/hot-reloader-client.js:240
[  301388ms] [LOG] [Fast Refresh] done in 21ms @ webpack-internal:///(app-pages-browser)/./node_modules/next/dist/client/components/react-dev-overlay/app/hot-reloader-client.js:67
[  301995ms] [LOG] [Fast Refresh] rebuilding @ webpack-internal:///(app-pages-browser)/./node_modules/next/dist/client/components/react-dev-overlay/app/hot-reloader-client.js:240
[  302022ms] [LOG] [Fast Refresh] done in 28ms @ webpack-internal:///(app-pages-browser)/./node_modules/next/dist/client/components/react-dev-overlay/app/hot-reloader-client.js:67
[  302617ms] [LOG] [Fast Refresh] rebuilding @ webpack-internal:///(app-pages-browser)/./node_modules/next/dist/client/components/react-dev-overlay/app/hot-reloader-client.js:240
[  303145ms] [LOG] [Fast Refresh] done in 528ms @ webpack-internal:///(app-pages-browser)/./node_modules/next/dist/client/components/react-dev-overlay/app/hot-reloader-client.js:67
[  303242ms] [LOG] [Fast Refresh] rebuilding @ webpack-internal:///(app-pages-browser)/./node_modules/next/dist/client/components/react-dev-overlay/app/hot-reloader-client.js:240
[  303265ms] [LOG] [Fast Refresh] done in 22ms @ webpack-internal:///(app-pages-browser)/./node_modules/next/dist/client/components/react-dev-overlay/app/hot-reloader-client.js:67
[  303994ms] [LOG] [Fast Refresh] rebuilding @ webpack-internal:///(app-pages-browser)/./node_modules/next/dist/client/components/react-dev-overlay/app/hot-reloader-client.js:240
[  304025ms] [LOG] [Fast Refresh] done in 30ms @ webpack-internal:///(app-pages-browser)/./node_modules/next/dist/client/components/react-dev-overlay/app/hot-reloader-client.js:67
[  304644ms] [LOG] [Fast Refresh] rebuilding @ webpack-internal:///(app-pages-browser)/./node_modules/next/dist/client/components/react-dev-overlay/app/hot-reloader-client.js:240
[  304671ms] [LOG] [Fast Refresh] done in 26ms @ webpack-internal:///(app-pages-browser)/./node_modules/next/dist/client/components/react-dev-overlay/app/hot-reloader-client.js:67
[  305268ms] [LOG] [Fast Refresh] rebuilding @ webpack-internal:///(app-pages-browser)/./node_modules/next/dist/client/components/react-dev-overlay/app/hot-reloader-client.js:240
[  305293ms] [LOG] [Fast Refresh] done in 25ms @ webpack-internal:///(app-pages-browser)/./node_modules/next/dist/client/components/react-dev-overlay/app/hot-reloader-client.js:67
[  305901ms] [LOG] [Fast Refresh] rebuilding @ webpack-internal:///(app-pages-browser)/./node_modules/next/dist/client/components/react-dev-overlay/app/hot-reloader-client.js:240
[  305924ms] [LOG] [Fast Refresh] done in 24ms @ webpack-internal:///(app-pages-browser)/./node_modules/next/dist/client/components/react-dev-overlay/app/hot-reloader-client.js:67
[  306516ms] [LOG] [Fast Refresh] rebuilding @ webpack-internal:///(app-pages-browser)/./node_modules/next/dist/client/components/react-dev-overlay/app/hot-reloader-client.js:240
[  306541ms] [LOG] [Fast Refresh] done in 25ms @ webpack-internal:///(app-pages-browser)/./node_modules/next/dist/client/components/react-dev-overlay/app/hot-reloader-client.js:67
[  307134ms] [LOG] [Fast Refresh] rebuilding @ webpack-internal:///(app-pages-browser)/./node_modules/next/dist/client/components/react-dev-overlay/app/hot-reloader-client.js:240
[  307167ms] [LOG] [Fast Refresh] done in 33ms @ webpack-internal:///(app-pages-browser)/./node_modules/next/dist/client/components/react-dev-overlay/app/hot-reloader-client.js:67
[  307781ms] [LOG] [Fast Refresh] rebuilding @ webpack-internal:///(app-pages-browser)/./node_modules/next/dist/client/components/react-dev-overlay/app/hot-reloader-client.js:240
[  308311ms] [LOG] [Fast Refresh] done in 529ms @ webpack-internal:///(app-pages-browser)/./node_modules/next/dist/client/components/react-dev-overlay/app/hot-reloader-client.js:67
[  308411ms] [LOG] [Fast Refresh] rebuilding @ webpack-internal:///(app-pages-browser)/./node_modules/next/dist/client/components/react-dev-overlay/app/hot-reloader-client.js:240
[  308437ms] [LOG] [Fast Refresh] done in 26ms @ webpack-internal:///(app-pages-browser)/./node_modules/next/dist/client/components/react-dev-overlay/app/hot-reloader-client.js:67
[  309109ms] [LOG] [Fast Refresh] rebuilding @ webpack-internal:///(app-pages-browser)/./node_modules/next/dist/client/components/react-dev-overlay/app/hot-reloader-client.js:240
[  309133ms] [LOG] [Fast Refresh] done in 23ms @ webpack-internal:///(app-pages-browser)/./node_modules/next/dist/client/components/react-dev-overlay/app/hot-reloader-client.js:67
[  309748ms] [LOG] [Fast Refresh] rebuilding @ webpack-internal:///(app-pages-browser)/./node_modules/next/dist/client/components/react-dev-overlay/app/hot-reloader-client.js:240
[  309772ms] [LOG] [Fast Refresh] done in 24ms @ webpack-internal:///(app-pages-browser)/./node_modules/next/dist/client/components/react-dev-overlay/app/hot-reloader-client.js:67
[  310381ms] [LOG] [Fast Refresh] rebuilding @ webpack-internal:///(app-pages-browser)/./node_modules/next/dist/client/components/react-dev-overlay/app/hot-reloader-client.js:240
[  310411ms] [LOG] [Fast Refresh] done in 31ms @ webpack-internal:///(app-pages-browser)/./node_modules/next/dist/client/components/react-dev-overlay/app/hot-reloader-client.js:67
[  311000ms] [LOG] [Fast Refresh] rebuilding @ webpack-internal:///(app-pages-browser)/./node_modules/next/dist/client/components/react-dev-overlay/app/hot-reloader-client.js:240
[  311018ms] [LOG] [Fast Refresh] done in 18ms @ webpack-internal:///(app-pages-browser)/./node_modules/next/dist/client/components/react-dev-overlay/app/hot-reloader-client.js:67
[  311610ms] [LOG] [Fast Refresh] rebuilding @ webpack-internal:///(app-pages-browser)/./node_modules/next/dist/client/components/react-dev-overlay/app/hot-reloader-client.js:240
[  311641ms] [LOG] [Fast Refresh] done in 30ms @ webpack-internal:///(app-pages-browser)/./node_modules/next/dist/client/components/react-dev-overlay/app/hot-reloader-client.js:67
[  312227ms] [LOG] [Fast Refresh] rebuilding @ webpack-internal:///(app-pages-browser)/./node_modules/next/dist/client/components/react-dev-overlay/app/hot-reloader-client.js:240
[  312255ms] [LOG] [Fast Refresh] done in 28ms @ webpack-internal:///(app-pages-browser)/./node_modules/next/dist/client/components/react-dev-overlay/app/hot-reloader-client.js:67
[  312855ms] [LOG] [Fast Refresh] rebuilding @ webpack-internal:///(app-pages-browser)/./node_modules/next/dist/client/components/react-dev-overlay/app/hot-reloader-client.js:240
[  312888ms] [LOG] [Fast Refresh] done in 32ms @ webpack-internal:///(app-pages-browser)/./node_modules/next/dist/client/components/react-dev-overlay/app/hot-reloader-client.js:67
[  313653ms] [LOG] [Fast Refresh] rebuilding @ webpack-internal:///(app-pages-browser)/./node_modules/next/dist/client/components/react-dev-overlay/app/hot-reloader-client.js:240
[  313674ms] [LOG] [Fast Refresh] done in 20ms @ webpack-internal:///(app-pages-browser)/./node_modules/next/dist/client/components/react-dev-overlay/app/hot-reloader-client.js:67
[  314299ms] [LOG] [Fast Refresh] rebuilding @ webpack-internal:///(app-pages-browser)/./node_modules/next/dist/client/components/react-dev-overlay/app/hot-reloader-client.js:240
[  314323ms] [LOG] [Fast Refresh] done in 25ms @ webpack-internal:///(app-pages-browser)/./node_modules/next/dist/client/components/react-dev-overlay/app/hot-reloader-client.js:67
[  314916ms] [LOG] [Fast Refresh] rebuilding @ webpack-internal:///(app-pages-browser)/./node_modules/next/dist/client/components/react-dev-overlay/app/hot-reloader-client.js:240
[  314928ms] [LOG] [Fast Refresh] done in 12ms @ webpack-internal:///(app-pages-browser)/./node_modules/next/dist/client/components/react-dev-overlay/app/hot-reloader-client.js:67
[  315549ms] [LOG] [Fast Refresh] rebuilding @ webpack-internal:///(app-pages-browser)/./node_modules/next/dist/client/components/react-dev-overlay/app/hot-reloader-client.js:240
[  315579ms] [LOG] [Fast Refresh] done in 30ms @ webpack-internal:///(app-pages-browser)/./node_modules/next/dist/client/components/react-dev-overlay/app/hot-reloader-client.js:67
[  316163ms] [LOG] [Fast Refresh] rebuilding @ webpack-internal:///(app-pages-browser)/./node_modules/next/dist/client/components/react-dev-overlay/app/hot-reloader-client.js:240
[  316185ms] [LOG] [Fast Refresh] done in 23ms @ webpack-internal:///(app-pages-browser)/./node_modules/next/dist/client/components/react-dev-overlay/app/hot-reloader-client.js:67
[  316771ms] [LOG] [Fast Refresh] rebuilding @ webpack-internal:///(app-pages-browser)/./node_modules/next/dist/client/components/react-dev-overlay/app/hot-reloader-client.js:240
[  316790ms] [LOG] [Fast Refresh] done in 20ms @ webpack-internal:///(app-pages-browser)/./node_modules/next/dist/client/components/react-dev-overlay/app/hot-reloader-client.js:67
[  317396ms] [LOG] [Fast Refresh] rebuilding @ webpack-internal:///(app-pages-browser)/./node_modules/next/dist/client/components/react-dev-overlay/app/hot-reloader-client.js:240
[  317422ms] [LOG] [Fast Refresh] done in 26ms @ webpack-internal:///(app-pages-browser)/./node_modules/next/dist/client/components/react-dev-overlay/app/hot-reloader-client.js:67
[  318028ms] [LOG] [Fast Refresh] rebuilding @ webpack-internal:///(app-pages-browser)/./node_modules/next/dist/client/components/react-dev-overlay/app/hot-reloader-client.js:240
[  318047ms] [LOG] [Fast Refresh] done in 18ms @ webpack-internal:///(app-pages-browser)/./node_modules/next/dist/client/components/react-dev-overlay/app/hot-reloader-client.js:67
[  318772ms] [LOG] [Fast Refresh] rebuilding @ webpack-internal:///(app-pages-browser)/./node_modules/next/dist/client/components/react-dev-overlay/app/hot-reloader-client.js:240
[  318801ms] [LOG] [Fast Refresh] done in 28ms @ webpack-internal:///(app-pages-browser)/./node_modules/next/dist/client/components/react-dev-overlay/app/hot-reloader-client.js:67
[  319445ms] [LOG] [Fast Refresh] rebuilding @ webpack-internal:///(app-pages-browser)/./node_modules/next/dist/client/components/react-dev-overlay/app/hot-reloader-client.js:240
[  319468ms] [LOG] [Fast Refresh] done in 23ms @ webpack-internal:///(app-pages-browser)/./node_modules/next/dist/client/components/react-dev-overlay/app/hot-reloader-client.js:67
[  320057ms] [LOG] [Fast Refresh] rebuilding @ webpack-internal:///(app-pages-browser)/./node_modules/next/dist/client/components/react-dev-overlay/app/hot-reloader-client.js:240
[  320086ms] [LOG] [Fast Refresh] done in 29ms @ webpack-internal:///(app-pages-browser)/./node_modules/next/dist/client/components/react-dev-overlay/app/hot-reloader-client.js:67
[  320722ms] [LOG] [Fast Refresh] rebuilding @ webpack-internal:///(app-pages-browser)/./node_modules/next/dist/client/components/react-dev-overlay/app/hot-reloader-client.js:240
[  320744ms] [LOG] [Fast Refresh] done in 21ms @ webpack-internal:///(app-pages-browser)/./node_modules/next/dist/client/components/react-dev-overlay/app/hot-reloader-client.js:67
[  321353ms] [LOG] [Fast Refresh] rebuilding @ webpack-internal:///(app-pages-browser)/./node_modules/next/dist/client/components/react-dev-overlay/app/hot-reloader-client.js:240
[  321378ms] [LOG] [Fast Refresh] done in 25ms @ webpack-internal:///(app-pages-browser)/./node_modules/next/dist/client/components/react-dev-overlay/app/hot-reloader-client.js:67
[  321980ms] [LOG] [Fast Refresh] rebuilding @ webpack-internal:///(app-pages-browser)/./node_modules/next/dist/client/components/react-dev-overlay/app/hot-reloader-client.js:240
[  322006ms] [LOG] [Fast Refresh] done in 27ms @ webpack-internal:///(app-pages-browser)/./node_modules/next/dist/client/components/react-dev-overlay/app/hot-reloader-client.js:67
[  322609ms] [LOG] [Fast Refresh] rebuilding @ webpack-internal:///(app-pages-browser)/./node_modules/next/dist/client/components/react-dev-overlay/app/hot-reloader-client.js:240
[  322624ms] [LOG] [Fast Refresh] done in 16ms @ webpack-internal:///(app-pages-browser)/./node_modules/next/dist/client/components/react-dev-overlay/app/hot-reloader-client.js:67
[  323250ms] [LOG] [Fast Refresh] rebuilding @ webpack-internal:///(app-pages-browser)/./node_modules/next/dist/client/components/react-dev-overlay/app/hot-reloader-client.js:240
[  323307ms] [LOG] [Fast Refresh] done in 57ms @ webpack-internal:///(app-pages-browser)/./node_modules/next/dist/client/components/react-dev-overlay/app/hot-reloader-client.js:67
[  323998ms] [LOG] [Fast Refresh] rebuilding @ webpack-internal:///(app-pages-browser)/./node_modules/next/dist/client/components/react-dev-overlay/app/hot-reloader-client.js:240
[  324017ms] [LOG] [Fast Refresh] done in 19ms @ webpack-internal:///(app-pages-browser)/./node_modules/next/dist/client/components/react-dev-overlay/app/hot-reloader-client.js:67
[  324628ms] [LOG] [Fast Refresh] rebuilding @ webpack-internal:///(app-pages-browser)/./node_modules/next/dist/client/components/react-dev-overlay/app/hot-reloader-client.js:240
[  324655ms] [LOG] [Fast Refresh] done in 26ms @ webpack-internal:///(app-pages-browser)/./node_modules/next/dist/client/components/react-dev-overlay/app/hot-reloader-client.js:67
[  325246ms] [LOG] [Fast Refresh] rebuilding @ webpack-internal:///(app-pages-browser)/./node_modules/next/dist/client/components/react-dev-overlay/app/hot-reloader-client.js:240
[  325264ms] [LOG] [Fast Refresh] done in 19ms @ webpack-internal:///(app-pages-browser)/./node_modules/next/dist/client/components/react-dev-overlay/app/hot-reloader-client.js:67
[  325887ms] [LOG] [Fast Refresh] rebuilding @ webpack-internal:///(app-pages-browser)/./node_modules/next/dist/client/components/react-dev-overlay/app/hot-reloader-client.js:240
[  325919ms] [LOG] [Fast Refresh] done in 32ms @ webpack-internal:///(app-pages-browser)/./node_modules/next/dist/client/components/react-dev-overlay/app/hot-reloader-client.js:67
[  326517ms] [LOG] [Fast Refresh] rebuilding @ webpack-internal:///(app-pages-browser)/./node_modules/next/dist/client/components/react-dev-overlay/app/hot-reloader-client.js:240
[  326542ms] [LOG] [Fast Refresh] done in 24ms @ webpack-internal:///(app-pages-browser)/./node_modules/next/dist/client/components/react-dev-overlay/app/hot-reloader-client.js:67
[  327130ms] [LOG] [Fast Refresh] rebuilding @ webpack-internal:///(app-pages-browser)/./node_modules/next/dist/client/components/react-dev-overlay/app/hot-reloader-client.js:240
[  327148ms] [LOG] [Fast Refresh] done in 18ms @ webpack-internal:///(app-pages-browser)/./node_modules/next/dist/client/components/react-dev-overlay/app/hot-reloader-client.js:67
[  327754ms] [LOG] [Fast Refresh] rebuilding @ webpack-internal:///(app-pages-browser)/./node_modules/next/dist/client/components/react-dev-overlay/app/hot-reloader-client.js:240
[  327773ms] [LOG] [Fast Refresh] done in 19ms @ webpack-internal:///(app-pages-browser)/./node_modules/next/dist/client/components/react-dev-overlay/app/hot-reloader-client.js:67
[  328499ms] [LOG] [Fast Refresh] rebuilding @ webpack-internal:///(app-pages-browser)/./node_modules/next/dist/client/components/react-dev-overlay/app/hot-reloader-client.js:240
[  328530ms] [LOG] [Fast Refresh] done in 32ms @ webpack-internal:///(app-pages-browser)/./node_modules/next/dist/client/components/react-dev-overlay/app/hot-reloader-client.js:67
[  329177ms] [LOG] [Fast Refresh] rebuilding @ webpack-internal:///(app-pages-browser)/./node_modules/next/dist/client/components/react-dev-overlay/app/hot-reloader-client.js:240
[  329196ms] [LOG] [Fast Refresh] done in 18ms @ webpack-internal:///(app-pages-browser)/./node_modules/next/dist/client/components/react-dev-overlay/app/hot-reloader-client.js:67
[  329812ms] [LOG] [Fast Refresh] rebuilding @ webpack-internal:///(app-pages-browser)/./node_modules/next/dist/client/components/react-dev-overlay/app/hot-reloader-client.js:240
[  329849ms] [LOG] [Fast Refresh] done in 37ms @ webpack-internal:///(app-pages-browser)/./node_modules/next/dist/client/components/react-dev-overlay/app/hot-reloader-client.js:67
[  330526ms] [LOG] [Fast Refresh] rebuilding @ webpack-internal:///(app-pages-browser)/./node_modules/next/dist/client/components/react-dev-overlay/app/hot-reloader-client.js:240
[  331117ms] [LOG] [Fast Refresh] done in 590ms @ webpack-internal:///(app-pages-browser)/./node_modules/next/dist/client/components/react-dev-overlay/app/hot-reloader-client.js:67
[  331208ms] [LOG] [Fast Refresh] rebuilding @ webpack-internal:///(app-pages-browser)/./node_modules/next/dist/client/components/react-dev-overlay/app/hot-reloader-client.js:240
[  331232ms] [LOG] [Fast Refresh] done in 23ms @ webpack-internal:///(app-pages-browser)/./node_modules/next/dist/client/components/react-dev-overlay/app/hot-reloader-client.js:67
[  331841ms] [LOG] [Fast Refresh] rebuilding @ webpack-internal:///(app-pages-browser)/./node_modules/next/dist/client/components/react-dev-overlay/app/hot-reloader-client.js:240
[  331869ms] [LOG] [Fast Refresh] done in 28ms @ webpack-internal:///(app-pages-browser)/./node_modules/next/dist/client/components/react-dev-overlay/app/hot-reloader-client.js:67
[  332478ms] [LOG] [Fast Refresh] rebuilding @ webpack-internal:///(app-pages-browser)/./node_modules/next/dist/client/components/react-dev-overlay/app/hot-reloader-client.js:240
[  332504ms] [LOG] [Fast Refresh] done in 25ms @ webpack-internal:///(app-pages-browser)/./node_modules/next/dist/client/components/react-dev-overlay/app/hot-reloader-client.js:67
[  333136ms] [LOG] [Fast Refresh] rebuilding @ webpack-internal:///(app-pages-browser)/./node_modules/next/dist/client/components/react-dev-overlay/app/hot-reloader-client.js:240
[  333225ms] [LOG] [Fast Refresh] done in 89ms @ webpack-internal:///(app-pages-browser)/./node_modules/next/dist/client/components/react-dev-overlay/app/hot-reloader-client.js:67
[  334435ms] [LOG] [Fast Refresh] rebuilding @ webpack-internal:///(app-pages-browser)/./node_modules/next/dist/client/components/react-dev-overlay/app/hot-reloader-client.js:240
[  334477ms] [LOG] [Fast Refresh] done in 43ms @ webpack-internal:///(app-pages-browser)/./node_modules/next/dist/client/components/react-dev-overlay/app/hot-reloader-client.js:67
[  335490ms] [LOG] [Fast Refresh] rebuilding @ webpack-internal:///(app-pages-browser)/./node_modules/next/dist/client/components/react-dev-overlay/app/hot-reloader-client.js:240
[  335536ms] [LOG] [Fast Refresh] done in 45ms @ webpack-internal:///(app-pages-browser)/./node_modules/next/dist/client/components/react-dev-overlay/app/hot-reloader-client.js:67
[  336615ms] [LOG] [Fast Refresh] rebuilding @ webpack-internal:///(app-pages-browser)/./node_modules/next/dist/client/components/react-dev-overlay/app/hot-reloader-client.js:240
[  336660ms] [LOG] [Fast Refresh] done in 44ms @ webpack-internal:///(app-pages-browser)/./node_modules/next/dist/client/components/react-dev-overlay/app/hot-reloader-client.js:67
[  337715ms] [LOG] [Fast Refresh] rebuilding @ webpack-internal:///(app-pages-browser)/./node_modules/next/dist/client/components/react-dev-overlay/app/hot-reloader-client.js:240
[  337766ms] [LOG] [Fast Refresh] done in 52ms @ webpack-internal:///(app-pages-browser)/./node_modules/next/dist/client/components/react-dev-overlay/app/hot-reloader-client.js:67
[  338784ms] [LOG] [Fast Refresh] rebuilding @ webpack-internal:///(app-pages-browser)/./node_modules/next/dist/client/components/react-dev-overlay/app/hot-reloader-client.js:240
[  338830ms] [LOG] [Fast Refresh] done in 45ms @ webpack-internal:///(app-pages-browser)/./node_modules/next/dist/client/components/react-dev-overlay/app/hot-reloader-client.js:67
[  339847ms] [LOG] [Fast Refresh] rebuilding @ webpack-internal:///(app-pages-browser)/./node_modules/next/dist/client/components/react-dev-overlay/app/hot-reloader-client.js:240
[  339900ms] [LOG] [Fast Refresh] done in 54ms @ webpack-internal:///(app-pages-browser)/./node_modules/next/dist/client/components/react-dev-overlay/app/hot-reloader-client.js:67
[  340972ms] [LOG] [Fast Refresh] rebuilding @ webpack-internal:///(app-pages-browser)/./node_modules/next/dist/client/components/react-dev-overlay/app/hot-reloader-client.js:240
[  341096ms] [LOG] [Fast Refresh] done in 123ms @ webpack-internal:///(app-pages-browser)/./node_modules/next/dist/client/components/react-dev-overlay/app/hot-reloader-client.js:67
[  342364ms] [LOG] [Fast Refresh] rebuilding @ webpack-internal:///(app-pages-browser)/./node_modules/next/dist/client/components/react-dev-overlay/app/hot-reloader-client.js:240
[  342406ms] [LOG] [Fast Refresh] done in 43ms @ webpack-internal:///(app-pages-browser)/./node_modules/next/dist/client/components/react-dev-overlay/app/hot-reloader-client.js:67
[  343467ms] [LOG] [Fast Refresh] rebuilding @ webpack-internal:///(app-pages-browser)/./node_modules/next/dist/client/components/react-dev-overlay/app/hot-reloader-client.js:240
[  343516ms] [LOG] [Fast Refresh] done in 48ms @ webpack-internal:///(app-pages-browser)/./node_modules/next/dist/client/components/react-dev-overlay/app/hot-reloader-client.js:67
[  344602ms] [LOG] [Fast Refresh] rebuilding @ webpack-internal:///(app-pages-browser)/./node_modules/next/dist/client/components/react-dev-overlay/app/hot-reloader-client.js:240
[  344647ms] [LOG] [Fast Refresh] done in 45ms @ webpack-internal:///(app-pages-browser)/./node_modules/next/dist/client/components/react-dev-overlay/app/hot-reloader-client.js:67
[  345637ms] [LOG] [Fast Refresh] rebuilding @ webpack-internal:///(app-pages-browser)/./node_modules/next/dist/client/components/react-dev-overlay/app/hot-reloader-client.js:240
[  345677ms] [LOG] [Fast Refresh] done in 39ms @ webpack-internal:///(app-pages-browser)/./node_modules/next/dist/client/components/react-dev-overlay/app/hot-reloader-client.js:67
[  346736ms] [LOG] [Fast Refresh] rebuilding @ webpack-internal:///(app-pages-browser)/./node_modules/next/dist/client/components/react-dev-overlay/app/hot-reloader-client.js:240
[  346786ms] [LOG] [Fast Refresh] done in 51ms @ webpack-internal:///(app-pages-browser)/./node_modules/next/dist/client/components/react-dev-overlay/app/hot-reloader-client.js:67
[  347877ms] [LOG] [Fast Refresh] rebuilding @ webpack-internal:///(app-pages-browser)/./node_modules/next/dist/client/components/react-dev-overlay/app/hot-reloader-client.js:240
[  347906ms] [LOG] [Fast Refresh] done in 30ms @ webpack-internal:///(app-pages-browser)/./node_modules/next/dist/client/components/react-dev-overlay/app/hot-reloader-client.js:67
[  348706ms] [LOG] [Fast Refresh] rebuilding @ webpack-internal:///(app-pages-browser)/./node_modules/next/dist/client/components/react-dev-overlay/app/hot-reloader-client.js:240
[  349317ms] [LOG] [Fast Refresh] done in 611ms @ webpack-internal:///(app-pages-browser)/./node_modules/next/dist/client/components/react-dev-overlay/app/hot-reloader-client.js:67
[  349425ms] [LOG] [Fast Refresh] rebuilding @ webpack-internal:///(app-pages-browser)/./node_modules/next/dist/client/components/react-dev-overlay/app/hot-reloader-client.js:240
[  349448ms] [LOG] [Fast Refresh] done in 22ms @ webpack-internal:///(app-pages-browser)/./node_modules/next/dist/client/components/react-dev-overlay/app/hot-reloader-client.js:67
[  350056ms] [LOG] [Fast Refresh] rebuilding @ webpack-internal:///(app-pages-browser)/./node_modules/next/dist/client/components/react-dev-overlay/app/hot-reloader-client.js:240
[  350081ms] [LOG] [Fast Refresh] done in 25ms @ webpack-internal:///(app-pages-browser)/./node_modules/next/dist/client/components/react-dev-overlay/app/hot-reloader-client.js:67
[  350681ms] [LOG] [Fast Refresh] rebuilding @ webpack-internal:///(app-pages-browser)/./node_modules/next/dist/client/components/react-dev-overlay/app/hot-reloader-client.js:240
[  350701ms] [LOG] [Fast Refresh] done in 20ms @ webpack-internal:///(app-pages-browser)/./node_modules/next/dist/client/components/react-dev-overlay/app/hot-reloader-client.js:67
[  351305ms] [LOG] [Fast Refresh] rebuilding @ webpack-internal:///(app-pages-browser)/./node_modules/next/dist/client/components/react-dev-overlay/app/hot-reloader-client.js:240
[  351321ms] [LOG] [Fast Refresh] done in 16ms @ webpack-internal:///(app-pages-browser)/./node_modules/next/dist/client/components/react-dev-overlay/app/hot-reloader-client.js:67
[  351929ms] [LOG] [Fast Refresh] rebuilding @ webpack-internal:///(app-pages-browser)/./node_modules/next/dist/client/components/react-dev-overlay/app/hot-reloader-client.js:240
[  351953ms] [LOG] [Fast Refresh] done in 24ms @ webpack-internal:///(app-pages-browser)/./node_modules/next/dist/client/components/react-dev-overlay/app/hot-reloader-client.js:67
[  352532ms] [LOG] [Fast Refresh] rebuilding @ webpack-internal:///(app-pages-browser)/./node_modules/next/dist/client/components/react-dev-overlay/app/hot-reloader-client.js:240
[  352558ms] [LOG] [Fast Refresh] done in 26ms @ webpack-internal:///(app-pages-browser)/./node_modules/next/dist/client/components/react-dev-overlay/app/hot-reloader-client.js:67
[  353195ms] [LOG] [Fast Refresh] rebuilding @ webpack-internal:///(app-pages-browser)/./node_modules/next/dist/client/components/react-dev-overlay/app/hot-reloader-client.js:240
[  353221ms] [LOG] [Fast Refresh] done in 25ms @ webpack-internal:///(app-pages-browser)/./node_modules/next/dist/client/components/react-dev-overlay/app/hot-reloader-client.js:67
[  354011ms] [LOG] [Fast Refresh] rebuilding @ webpack-internal:///(app-pages-browser)/./node_modules/next/dist/client/components/react-dev-overlay/app/hot-reloader-client.js:240
[  354034ms] [LOG] [Fast Refresh] done in 24ms @ webpack-internal:///(app-pages-browser)/./node_modules/next/dist/client/components/react-dev-overlay/app/hot-reloader-client.js:67
[  354653ms] [LOG] [Fast Refresh] rebuilding @ webpack-internal:///(app-pages-browser)/./node_modules/next/dist/client/components/react-dev-overlay/app/hot-reloader-client.js:240
[  354680ms] [LOG] [Fast Refresh] done in 26ms @ webpack-internal:///(app-pages-browser)/./node_modules/next/dist/client/components/react-dev-overlay/app/hot-reloader-client.js:67
[  355261ms] [LOG] [Fast Refresh] rebuilding @ webpack-internal:///(app-pages-browser)/./node_modules/next/dist/client/components/react-dev-overlay/app/hot-reloader-client.js:240
[  355278ms] [LOG] [Fast Refresh] done in 16ms @ webpack-internal:///(app-pages-browser)/./node_modules/next/dist/client/components/react-dev-overlay/app/hot-reloader-client.js:67
[  355887ms] [LOG] [Fast Refresh] rebuilding @ webpack-internal:///(app-pages-browser)/./node_modules/next/dist/client/components/react-dev-overlay/app/hot-reloader-client.js:240
[  355904ms] [LOG] [Fast Refresh] done in 17ms @ webpack-internal:///(app-pages-browser)/./node_modules/next/dist/client/components/react-dev-overlay/app/hot-reloader-client.js:67
[  356523ms] [LOG] [Fast Refresh] rebuilding @ webpack-internal:///(app-pages-browser)/./node_modules/next/dist/client/components/react-dev-overlay/app/hot-reloader-client.js:240
[  356548ms] [LOG] [Fast Refresh] done in 24ms @ webpack-internal:///(app-pages-browser)/./node_modules/next/dist/client/components/react-dev-overlay/app/hot-reloader-client.js:67
[  357148ms] [LOG] [Fast Refresh] rebuilding @ webpack-internal:///(app-pages-browser)/./node_modules/next/dist/client/components/react-dev-overlay/app/hot-reloader-client.js:240
[  357173ms] [LOG] [Fast Refresh] done in 26ms @ webpack-internal:///(app-pages-browser)/./node_modules/next/dist/client/components/react-dev-overlay/app/hot-reloader-client.js:67
[  357774ms] [LOG] [Fast Refresh] rebuilding @ webpack-internal:///(app-pages-browser)/./node_modules/next/dist/client/components/react-dev-overlay/app/hot-reloader-client.js:240
[  357799ms] [LOG] [Fast Refresh] done in 24ms @ webpack-internal:///(app-pages-browser)/./node_modules/next/dist/client/components/react-dev-overlay/app/hot-reloader-client.js:67
[  358404ms] [LOG] [Fast Refresh] rebuilding @ webpack-internal:///(app-pages-browser)/./node_modules/next/dist/client/components/react-dev-overlay/app/hot-reloader-client.js:240
[  358424ms] [LOG] [Fast Refresh] done in 19ms @ webpack-internal:///(app-pages-browser)/./node_modules/next/dist/client/components/react-dev-overlay/app/hot-reloader-client.js:67
[  359161ms] [LOG] [Fast Refresh] rebuilding @ webpack-internal:///(app-pages-browser)/./node_modules/next/dist/client/components/react-dev-overlay/app/hot-reloader-client.js:240
[  359176ms] [LOG] [Fast Refresh] done in 16ms @ webpack-internal:///(app-pages-browser)/./node_modules/next/dist/client/components/react-dev-overlay/app/hot-reloader-client.js:67
[  359799ms] [LOG] [Fast Refresh] rebuilding @ webpack-internal:///(app-pages-browser)/./node_modules/next/dist/client/components/react-dev-overlay/app/hot-reloader-client.js:240
[  359830ms] [LOG] [Fast Refresh] done in 30ms @ webpack-internal:///(app-pages-browser)/./node_modules/next/dist/client/components/react-dev-overlay/app/hot-reloader-client.js:67
[  360421ms] [LOG] [Fast Refresh] rebuilding @ webpack-internal:///(app-pages-browser)/./node_modules/next/dist/client/components/react-dev-overlay/app/hot-reloader-client.js:240
[  360452ms] [LOG] [Fast Refresh] done in 32ms @ webpack-internal:///(app-pages-browser)/./node_modules/next/dist/client/components/react-dev-overlay/app/hot-reloader-client.js:67
[  361054ms] [LOG] [Fast Refresh] rebuilding @ webpack-internal:///(app-pages-browser)/./node_modules/next/dist/client/components/react-dev-overlay/app/hot-reloader-client.js:240
[  361072ms] [LOG] [Fast Refresh] done in 18ms @ webpack-internal:///(app-pages-browser)/./node_modules/next/dist/client/components/react-dev-overlay/app/hot-reloader-client.js:67
[  361669ms] [LOG] [Fast Refresh] rebuilding @ webpack-internal:///(app-pages-browser)/./node_modules/next/dist/client/components/react-dev-overlay/app/hot-reloader-client.js:240
[  361686ms] [LOG] [Fast Refresh] done in 17ms @ webpack-internal:///(app-pages-browser)/./node_modules/next/dist/client/components/react-dev-overlay/app/hot-reloader-client.js:67
[  362283ms] [LOG] [Fast Refresh] rebuilding @ webpack-internal:///(app-pages-browser)/./node_modules/next/dist/client/components/react-dev-overlay/app/hot-reloader-client.js:240
[  362303ms] [LOG] [Fast Refresh] done in 21ms @ webpack-internal:///(app-pages-browser)/./node_modules/next/dist/client/components/react-dev-overlay/app/hot-reloader-client.js:67
[  362912ms] [LOG] [Fast Refresh] rebuilding @ webpack-internal:///(app-pages-browser)/./node_modules/next/dist/client/components/react-dev-overlay/app/hot-reloader-client.js:240
[  363437ms] [LOG] [Fast Refresh] done in 525ms @ webpack-internal:///(app-pages-browser)/./node_modules/next/dist/client/components/react-dev-overlay/app/hot-reloader-client.js:67
[  363541ms] [LOG] [Fast Refresh] rebuilding @ webpack-internal:///(app-pages-browser)/./node_modules/next/dist/client/components/react-dev-overlay/app/hot-reloader-client.js:240
[  363573ms] [LOG] [Fast Refresh] done in 33ms @ webpack-internal:///(app-pages-browser)/./node_modules/next/dist/client/components/react-dev-overlay/app/hot-reloader-client.js:67
[  364280ms] [LOG] [Fast Refresh] rebuilding @ webpack-internal:///(app-pages-browser)/./node_modules/next/dist/client/components/react-dev-overlay/app/hot-reloader-client.js:240
[  364305ms] [LOG] [Fast Refresh] done in 24ms @ webpack-internal:///(app-pages-browser)/./node_modules/next/dist/client/components/react-dev-overlay/app/hot-reloader-client.js:67
[  364898ms] [LOG] [Fast Refresh] rebuilding @ webpack-internal:///(app-pages-browser)/./node_modules/next/dist/client/components/react-dev-overlay/app/hot-reloader-client.js:240
[  364936ms] [LOG] [Fast Refresh] done in 38ms @ webpack-internal:///(app-pages-browser)/./node_modules/next/dist/client/components/react-dev-overlay/app/hot-reloader-client.js:67
[  365533ms] [LOG] [Fast Refresh] rebuilding @ webpack-internal:///(app-pages-browser)/./node_modules/next/dist/client/components/react-dev-overlay/app/hot-reloader-client.js:240
[  366057ms] [LOG] [Fast Refresh] done in 524ms @ webpack-internal:///(app-pages-browser)/./node_modules/next/dist/client/components/react-dev-overlay/app/hot-reloader-client.js:67
[  366150ms] [LOG] [Fast Refresh] rebuilding @ webpack-internal:///(app-pages-browser)/./node_modules/next/dist/client/components/react-dev-overlay/app/hot-reloader-client.js:240
[  366169ms] [LOG] [Fast Refresh] done in 20ms @ webpack-internal:///(app-pages-browser)/./node_modules/next/dist/client/components/react-dev-overlay/app/hot-reloader-client.js:67
[  366774ms] [LOG] [Fast Refresh] rebuilding @ webpack-internal:///(app-pages-browser)/./node_modules/next/dist/client/components/react-dev-overlay/app/hot-reloader-client.js:240
[  366800ms] [LOG] [Fast Refresh] done in 25ms @ webpack-internal:///(app-pages-browser)/./node_modules/next/dist/client/components/react-dev-overlay/app/hot-reloader-client.js:67
[  367387ms] [LOG] [Fast Refresh] rebuilding @ webpack-internal:///(app-pages-browser)/./node_modules/next/dist/client/components/react-dev-overlay/app/hot-reloader-client.js:240
[  367416ms] [LOG] [Fast Refresh] done in 29ms @ webpack-internal:///(app-pages-browser)/./node_modules/next/dist/client/components/react-dev-overlay/app/hot-reloader-client.js:67
[  368023ms] [LOG] [Fast Refresh] rebuilding @ webpack-internal:///(app-pages-browser)/./node_modules/next/dist/client/components/react-dev-overlay/app/hot-reloader-client.js:240
[  368050ms] [LOG] [Fast Refresh] done in 27ms @ webpack-internal:///(app-pages-browser)/./node_modules/next/dist/client/components/react-dev-overlay/app/hot-reloader-client.js:67
[  368797ms] [LOG] [Fast Refresh] rebuilding @ webpack-internal:///(app-pages-browser)/./node_modules/next/dist/client/components/react-dev-overlay/app/hot-reloader-client.js:240
[  368816ms] [LOG] [Fast Refresh] done in 20ms @ webpack-internal:///(app-pages-browser)/./node_modules/next/dist/client/components/react-dev-overlay/app/hot-reloader-client.js:67
[  369475ms] [LOG] [Fast Refresh] rebuilding @ webpack-internal:///(app-pages-browser)/./node_modules/next/dist/client/components/react-dev-overlay/app/hot-reloader-client.js:240
[  369501ms] [LOG] [Fast Refresh] done in 25ms @ webpack-internal:///(app-pages-browser)/./node_modules/next/dist/client/components/react-dev-overlay/app/hot-reloader-client.js:67
[  370098ms] [LOG] [Fast Refresh] rebuilding @ webpack-internal:///(app-pages-browser)/./node_modules/next/dist/client/components/react-dev-overlay/app/hot-reloader-client.js:240
[  370110ms] [LOG] [Fast Refresh] done in 12ms @ webpack-internal:///(app-pages-browser)/./node_modules/next/dist/client/components/react-dev-overlay/app/hot-reloader-client.js:67
[  370741ms] [LOG] [Fast Refresh] rebuilding @ webpack-internal:///(app-pages-browser)/./node_modules/next/dist/client/components/react-dev-overlay/app/hot-reloader-client.js:240
[  370769ms] [LOG] [Fast Refresh] done in 28ms @ webpack-internal:///(app-pages-browser)/./node_modules/next/dist/client/components/react-dev-overlay/app/hot-reloader-client.js:67
[  371370ms] [LOG] [Fast Refresh] rebuilding @ webpack-internal:///(app-pages-browser)/./node_modules/next/dist/client/components/react-dev-overlay/app/hot-reloader-client.js:240
[  371400ms] [LOG] [Fast Refresh] done in 29ms @ webpack-internal:///(app-pages-browser)/./node_modules/next/dist/client/components/react-dev-overlay/app/hot-reloader-client.js:67
[  371998ms] [LOG] [Fast Refresh] rebuilding @ webpack-internal:///(app-pages-browser)/./node_modules/next/dist/client/components/react-dev-overlay/app/hot-reloader-client.js:240
[  372019ms] [LOG] [Fast Refresh] done in 21ms @ webpack-internal:///(app-pages-browser)/./node_modules/next/dist/client/components/react-dev-overlay/app/hot-reloader-client.js:67
[  372610ms] [LOG] [Fast Refresh] rebuilding @ webpack-internal:///(app-pages-browser)/./node_modules/next/dist/client/components/react-dev-overlay/app/hot-reloader-client.js:240
[  372638ms] [LOG] [Fast Refresh] done in 28ms @ webpack-internal:///(app-pages-browser)/./node_modules/next/dist/client/components/react-dev-overlay/app/hot-reloader-client.js:67
[  373250ms] [LOG] [Fast Refresh] rebuilding @ webpack-internal:///(app-pages-browser)/./node_modules/next/dist/client/components/react-dev-overlay/app/hot-reloader-client.js:240
[  373269ms] [LOG] [Fast Refresh] done in 19ms @ webpack-internal:///(app-pages-browser)/./node_modules/next/dist/client/components/react-dev-overlay/app/hot-reloader-client.js:67
[  374001ms] [LOG] [Fast Refresh] rebuilding @ webpack-internal:///(app-pages-browser)/./node_modules/next/dist/client/components/react-dev-overlay/app/hot-reloader-client.js:240
[  374017ms] [LOG] [Fast Refresh] done in 16ms @ webpack-internal:///(app-pages-browser)/./node_modules/next/dist/client/components/react-dev-overlay/app/hot-reloader-client.js:67
[  374670ms] [LOG] [Fast Refresh] rebuilding @ webpack-internal:///(app-pages-browser)/./node_modules/next/dist/client/components/react-dev-overlay/app/hot-reloader-client.js:240
[  374696ms] [LOG] [Fast Refresh] done in 25ms @ webpack-internal:///(app-pages-browser)/./node_modules/next/dist/client/components/react-dev-overlay/app/hot-reloader-client.js:67
[  375284ms] [LOG] [Fast Refresh] rebuilding @ webpack-internal:///(app-pages-browser)/./node_modules/next/dist/client/components/react-dev-overlay/app/hot-reloader-client.js:240
[  375319ms] [LOG] [Fast Refresh] done in 35ms @ webpack-internal:///(app-pages-browser)/./node_modules/next/dist/client/components/react-dev-overlay/app/hot-reloader-client.js:67
[  375923ms] [LOG] [Fast Refresh] rebuilding @ webpack-internal:///(app-pages-browser)/./node_modules/next/dist/client/components/react-dev-overlay/app/hot-reloader-client.js:240
[  376454ms] [LOG] [Fast Refresh] done in 532ms @ webpack-internal:///(app-pages-browser)/./node_modules/next/dist/client/components/react-dev-overlay/app/hot-reloader-client.js:67
[  376538ms] [LOG] [Fast Refresh] rebuilding @ webpack-internal:///(app-pages-browser)/./node_modules/next/dist/client/components/react-dev-overlay/app/hot-reloader-client.js:240
[  376557ms] [LOG] [Fast Refresh] done in 19ms @ webpack-internal:///(app-pages-browser)/./node_modules/next/dist/client/components/react-dev-overlay/app/hot-reloader-client.js:67
[  377190ms] [LOG] [Fast Refresh] rebuilding @ webpack-internal:///(app-pages-browser)/./node_modules/next/dist/client/components/react-dev-overlay/app/hot-reloader-client.js:240
[  377217ms] [LOG] [Fast Refresh] done in 27ms @ webpack-internal:///(app-pages-browser)/./node_modules/next/dist/client/components/react-dev-overlay/app/hot-reloader-client.js:67
[  377823ms] [LOG] [Fast Refresh] rebuilding @ webpack-internal:///(app-pages-browser)/./node_modules/next/dist/client/components/react-dev-overlay/app/hot-reloader-client.js:240
[  377842ms] [LOG] [Fast Refresh] done in 19ms @ webpack-internal:///(app-pages-browser)/./node_modules/next/dist/client/components/react-dev-overlay/app/hot-reloader-client.js:67
[  378471ms] [LOG] [Fast Refresh] rebuilding @ webpack-internal:///(app-pages-browser)/./node_modules/next/dist/client/components/react-dev-overlay/app/hot-reloader-client.js:240
[  378530ms] [LOG] [Fast Refresh] done in 59ms @ webpack-internal:///(app-pages-browser)/./node_modules/next/dist/client/components/react-dev-overlay/app/hot-reloader-client.js:67
[  379253ms] [LOG] [Fast Refresh] rebuilding @ webpack-internal:///(app-pages-browser)/./node_modules/next/dist/client/components/react-dev-overlay/app/hot-reloader-client.js:240
[  379278ms] [LOG] [Fast Refresh] done in 26ms @ webpack-internal:///(app-pages-browser)/./node_modules/next/dist/client/components/react-dev-overlay/app/hot-reloader-client.js:67
[  379869ms] [LOG] [Fast Refresh] rebuilding @ webpack-internal:///(app-pages-browser)/./node_modules/next/dist/client/components/react-dev-overlay/app/hot-reloader-client.js:240
[  379888ms] [LOG] [Fast Refresh] done in 18ms @ webpack-internal:///(app-pages-browser)/./node_modules/next/dist/client/components/react-dev-overlay/app/hot-reloader-client.js:67
[  380494ms] [LOG] [Fast Refresh] rebuilding @ webpack-internal:///(app-pages-browser)/./node_modules/next/dist/client/components/react-dev-overlay/app/hot-reloader-client.js:240
[  380526ms] [LOG] [Fast Refresh] done in 32ms @ webpack-internal:///(app-pages-browser)/./node_modules/next/dist/client/components/react-dev-overlay/app/hot-reloader-client.js:67
[  381141ms] [LOG] [Fast Refresh] rebuilding @ webpack-internal:///(app-pages-browser)/./node_modules/next/dist/client/components/react-dev-overlay/app/hot-reloader-client.js:240
[  381171ms] [LOG] [Fast Refresh] done in 30ms @ webpack-internal:///(app-pages-browser)/./node_modules/next/dist/client/components/react-dev-overlay/app/hot-reloader-client.js:67
[  381789ms] [LOG] [Fast Refresh] rebuilding @ webpack-internal:///(app-pages-browser)/./node_modules/next/dist/client/components/react-dev-overlay/app/hot-reloader-client.js:240
[  382324ms] [LOG] [Fast Refresh] done in 535ms @ webpack-internal:///(app-pages-browser)/./node_modules/next/dist/client/components/react-dev-overlay/app/hot-reloader-client.js:67
[  382415ms] [LOG] [Fast Refresh] rebuilding @ webpack-internal:///(app-pages-browser)/./node_modules/next/dist/client/components/react-dev-overlay/app/hot-reloader-client.js:240
[  382434ms] [LOG] [Fast Refresh] done in 20ms @ webpack-internal:///(app-pages-browser)/./node_modules/next/dist/client/components/react-dev-overlay/app/hot-reloader-client.js:67
[  383062ms] [LOG] [Fast Refresh] rebuilding @ webpack-internal:///(app-pages-browser)/./node_modules/next/dist/client/components/react-dev-overlay/app/hot-reloader-client.js:240
[  383080ms] [LOG] [Fast Refresh] done in 18ms @ webpack-internal:///(app-pages-browser)/./node_modules/next/dist/client/components/react-dev-overlay/app/hot-reloader-client.js:67
[  383818ms] [LOG] [Fast Refresh] rebuilding @ webpack-internal:///(app-pages-browser)/./node_modules/next/dist/client/components/react-dev-overlay/app/hot-reloader-client.js:240
[  383854ms] [LOG] [Fast Refresh] done in 36ms @ webpack-internal:///(app-pages-browser)/./node_modules/next/dist/client/components/react-dev-overlay/app/hot-reloader-client.js:67
[  384477ms] [LOG] [Fast Refresh] rebuilding @ webpack-internal:///(app-pages-browser)/./node_modules/next/dist/client/components/react-dev-overlay/app/hot-reloader-client.js:240
[  384501ms] [LOG] [Fast Refresh] done in 23ms @ webpack-internal:///(app-pages-browser)/./node_modules/next/dist/client/components/react-dev-overlay/app/hot-reloader-client.js:67
[  385096ms] [LOG] [Fast Refresh] rebuilding @ webpack-internal:///(app-pages-browser)/./node_modules/next/dist/client/components/react-dev-overlay/app/hot-reloader-client.js:240
[  385111ms] [LOG] [Fast Refresh] done in 15ms @ webpack-internal:///(app-pages-browser)/./node_modules/next/dist/client/components/react-dev-overlay/app/hot-reloader-client.js:67
[  385719ms] [LOG] [Fast Refresh] rebuilding @ webpack-internal:///(app-pages-browser)/./node_modules/next/dist/client/components/react-dev-overlay/app/hot-reloader-client.js:240
[  385744ms] [LOG] [Fast Refresh] done in 26ms @ webpack-internal:///(app-pages-browser)/./node_modules/next/dist/client/components/react-dev-overlay/app/hot-reloader-client.js:67
[  386357ms] [LOG] [Fast Refresh] rebuilding @ webpack-internal:///(app-pages-browser)/./node_modules/next/dist/client/components/react-dev-overlay/app/hot-reloader-client.js:240
[  386376ms] [LOG] [Fast Refresh] done in 18ms @ webpack-internal:///(app-pages-browser)/./node_modules/next/dist/client/components/react-dev-overlay/app/hot-reloader-client.js:67
[  386999ms] [LOG] [Fast Refresh] rebuilding @ webpack-internal:///(app-pages-browser)/./node_modules/next/dist/client/components/react-dev-overlay/app/hot-reloader-client.js:240
[  387016ms] [LOG] [Fast Refresh] done in 16ms @ webpack-internal:///(app-pages-browser)/./node_modules/next/dist/client/components/react-dev-overlay/app/hot-reloader-client.js:67
[  387631ms] [LOG] [Fast Refresh] rebuilding @ webpack-internal:///(app-pages-browser)/./node_modules/next/dist/client/components/react-dev-overlay/app/hot-reloader-client.js:240
[  387657ms] [LOG] [Fast Refresh] done in 26ms @ webpack-internal:///(app-pages-browser)/./node_modules/next/dist/client/components/react-dev-overlay/app/hot-reloader-client.js:67
[  388255ms] [LOG] [Fast Refresh] rebuilding @ webpack-internal:///(app-pages-browser)/./node_modules/next/dist/client/components/react-dev-overlay/app/hot-reloader-client.js:240
[  388280ms] [LOG] [Fast Refresh] done in 25ms @ webpack-internal:///(app-pages-browser)/./node_modules/next/dist/client/components/react-dev-overlay/app/hot-reloader-client.js:67
[  389003ms] [LOG] [Fast Refresh] rebuilding @ webpack-internal:///(app-pages-browser)/./node_modules/next/dist/client/components/react-dev-overlay/app/hot-reloader-client.js:240
[  389043ms] [LOG] [Fast Refresh] done in 40ms @ webpack-internal:///(app-pages-browser)/./node_modules/next/dist/client/components/react-dev-overlay/app/hot-reloader-client.js:67
[  389664ms] [LOG] [Fast Refresh] rebuilding @ webpack-internal:///(app-pages-browser)/./node_modules/next/dist/client/components/react-dev-overlay/app/hot-reloader-client.js:240
[  389686ms] [LOG] [Fast Refresh] done in 22ms @ webpack-internal:///(app-pages-browser)/./node_modules/next/dist/client/components/react-dev-overlay/app/hot-reloader-client.js:67
[  390382ms] [LOG] [Fast Refresh] rebuilding @ webpack-internal:///(app-pages-browser)/./node_modules/next/dist/client/components/react-dev-overlay/app/hot-reloader-client.js:240
[  390427ms] [LOG] [Fast Refresh] done in 44ms @ webpack-internal:///(app-pages-browser)/./node_modules/next/dist/client/components/react-dev-overlay/app/hot-reloader-client.js:67
[  391089ms] [LOG] [Fast Refresh] rebuilding @ webpack-internal:///(app-pages-browser)/./node_modules/next/dist/client/components/react-dev-overlay/app/hot-reloader-client.js:240
[  391114ms] [LOG] [Fast Refresh] done in 25ms @ webpack-internal:///(app-pages-browser)/./node_modules/next/dist/client/components/react-dev-overlay/app/hot-reloader-client.js:67
[  391744ms] [LOG] [Fast Refresh] rebuilding @ webpack-internal:///(app-pages-browser)/./node_modules/next/dist/client/components/react-dev-overlay/app/hot-reloader-client.js:240
[  391765ms] [LOG] [Fast Refresh] done in 22ms @ webpack-internal:///(app-pages-browser)/./node_modules/next/dist/client/components/react-dev-overlay/app/hot-reloader-client.js:67
[  392375ms] [LOG] [Fast Refresh] rebuilding @ webpack-internal:///(app-pages-browser)/./node_modules/next/dist/client/components/react-dev-overlay/app/hot-reloader-client.js:240
[  392392ms] [LOG] [Fast Refresh] done in 16ms @ webpack-internal:///(app-pages-browser)/./node_modules/next/dist/client/components/react-dev-overlay/app/hot-reloader-client.js:67
[  393010ms] [LOG] [Fast Refresh] rebuilding @ webpack-internal:///(app-pages-browser)/./node_modules/next/dist/client/components/react-dev-overlay/app/hot-reloader-client.js:240
[  393038ms] [LOG] [Fast Refresh] done in 27ms @ webpack-internal:///(app-pages-browser)/./node_modules/next/dist/client/components/react-dev-overlay/app/hot-reloader-client.js:67
[  393626ms] [LOG] [Fast Refresh] rebuilding @ webpack-internal:///(app-pages-browser)/./node_modules/next/dist/client/components/react-dev-overlay/app/hot-reloader-client.js:240
[  393644ms] [LOG] [Fast Refresh] done in 18ms @ webpack-internal:///(app-pages-browser)/./node_modules/next/dist/client/components/react-dev-overlay/app/hot-reloader-client.js:67
[  394386ms] [LOG] [Fast Refresh] rebuilding @ webpack-internal:///(app-pages-browser)/./node_modules/next/dist/client/components/react-dev-overlay/app/hot-reloader-client.js:240
[  394418ms] [LOG] [Fast Refresh] done in 31ms @ webpack-internal:///(app-pages-browser)/./node_modules/next/dist/client/components/react-dev-overlay/app/hot-reloader-client.js:67
[  395039ms] [LOG] [Fast Refresh] rebuilding @ webpack-internal:///(app-pages-browser)/./node_modules/next/dist/client/components/react-dev-overlay/app/hot-reloader-client.js:240
[  395562ms] [LOG] [Fast Refresh] done in 524ms @ webpack-internal:///(app-pages-browser)/./node_modules/next/dist/client/components/react-dev-overlay/app/hot-reloader-client.js:67
[  395657ms] [LOG] [Fast Refresh] rebuilding @ webpack-internal:///(app-pages-browser)/./node_modules/next/dist/client/components/react-dev-overlay/app/hot-reloader-client.js:240
[  395678ms] [LOG] [Fast Refresh] done in 21ms @ webpack-internal:///(app-pages-browser)/./node_modules/next/dist/client/components/react-dev-overlay/app/hot-reloader-client.js:67
[  396320ms] [LOG] [Fast Refresh] rebuilding @ webpack-internal:///(app-pages-browser)/./node_modules/next/dist/client/components/react-dev-overlay/app/hot-reloader-client.js:240
[  396346ms] [LOG] [Fast Refresh] done in 26ms @ webpack-internal:///(app-pages-browser)/./node_modules/next/dist/client/components/react-dev-overlay/app/hot-reloader-client.js:67
[  396944ms] [LOG] [Fast Refresh] rebuilding @ webpack-internal:///(app-pages-browser)/./node_modules/next/dist/client/components/react-dev-overlay/app/hot-reloader-client.js:240
[  396966ms] [LOG] [Fast Refresh] done in 23ms @ webpack-internal:///(app-pages-browser)/./node_modules/next/dist/client/components/react-dev-overlay/app/hot-reloader-client.js:67
[  397573ms] [LOG] [Fast Refresh] rebuilding @ webpack-internal:///(app-pages-browser)/./node_modules/next/dist/client/components/react-dev-overlay/app/hot-reloader-client.js:240
[  398083ms] [LOG] [Fast Refresh] done in 511ms @ webpack-internal:///(app-pages-browser)/./node_modules/next/dist/client/components/react-dev-overlay/app/hot-reloader-client.js:67
[  398180ms] [LOG] [Fast Refresh] rebuilding @ webpack-internal:///(app-pages-browser)/./node_modules/next/dist/client/components/react-dev-overlay/app/hot-reloader-client.js:240
[  398196ms] [LOG] [Fast Refresh] done in 16ms @ webpack-internal:///(app-pages-browser)/./node_modules/next/dist/client/components/react-dev-overlay/app/hot-reloader-client.js:67
[  398800ms] [LOG] [Fast Refresh] rebuilding @ webpack-internal:///(app-pages-browser)/./node_modules/next/dist/client/components/react-dev-overlay/app/hot-reloader-client.js:240
[  398858ms] [LOG] [Fast Refresh] done in 57ms @ webpack-internal:///(app-pages-browser)/./node_modules/next/dist/client/components/react-dev-overlay/app/hot-reloader-client.js:67
[  399548ms] [LOG] [Fast Refresh] rebuilding @ webpack-internal:///(app-pages-browser)/./node_modules/next/dist/client/components/react-dev-overlay/app/hot-reloader-client.js:240
[  399579ms] [LOG] [Fast Refresh] done in 31ms @ webpack-internal:///(app-pages-browser)/./node_modules/next/dist/client/components/react-dev-overlay/app/hot-reloader-client.js:67
[  400172ms] [LOG] [Fast Refresh] rebuilding @ webpack-internal:///(app-pages-browser)/./node_modules/next/dist/client/components/react-dev-overlay/app/hot-reloader-client.js:240
[  400196ms] [LOG] [Fast Refresh] done in 25ms @ webpack-internal:///(app-pages-browser)/./node_modules/next/dist/client/components/react-dev-overlay/app/hot-reloader-client.js:67
[  400798ms] [LOG] [Fast Refresh] rebuilding @ webpack-internal:///(app-pages-browser)/./node_modules/next/dist/client/components/react-dev-overlay/app/hot-reloader-client.js:240
[  400818ms] [LOG] [Fast Refresh] done in 20ms @ webpack-internal:///(app-pages-browser)/./node_modules/next/dist/client/components/react-dev-overlay/app/hot-reloader-client.js:67
[  401416ms] [LOG] [Fast Refresh] rebuilding @ webpack-internal:///(app-pages-browser)/./node_modules/next/dist/client/components/react-dev-overlay/app/hot-reloader-client.js:240
[  401442ms] [LOG] [Fast Refresh] done in 25ms @ webpack-internal:///(app-pages-browser)/./node_modules/next/dist/client/components/react-dev-overlay/app/hot-reloader-client.js:67
[  402022ms] [LOG] [Fast Refresh] rebuilding @ webpack-internal:///(app-pages-browser)/./node_modules/next/dist/client/components/react-dev-overlay/app/hot-reloader-client.js:240
[  402042ms] [LOG] [Fast Refresh] done in 20ms @ webpack-internal:///(app-pages-browser)/./node_modules/next/dist/client/components/react-dev-overlay/app/hot-reloader-client.js:67
[  402636ms] [LOG] [Fast Refresh] rebuilding @ webpack-internal:///(app-pages-browser)/./node_modules/next/dist/client/components/react-dev-overlay/app/hot-reloader-client.js:240
[  402658ms] [LOG] [Fast Refresh] done in 22ms @ webpack-internal:///(app-pages-browser)/./node_modules/next/dist/client/components/react-dev-overlay/app/hot-reloader-client.js:67
[  403263ms] [LOG] [Fast Refresh] rebuilding @ webpack-internal:///(app-pages-browser)/./node_modules/next/dist/client/components/react-dev-overlay/app/hot-reloader-client.js:240
[  403292ms] [LOG] [Fast Refresh] done in 28ms @ webpack-internal:///(app-pages-browser)/./node_modules/next/dist/client/components/react-dev-overlay/app/hot-reloader-client.js:67
[  404002ms] [LOG] [Fast Refresh] rebuilding @ webpack-internal:///(app-pages-browser)/./node_modules/next/dist/client/components/react-dev-overlay/app/hot-reloader-client.js:240
[  404062ms] [LOG] [Fast Refresh] done in 60ms @ webpack-internal:///(app-pages-browser)/./node_modules/next/dist/client/components/react-dev-overlay/app/hot-reloader-client.js:67
[  404866ms] [LOG] [Fast Refresh] rebuilding @ webpack-internal:///(app-pages-browser)/./node_modules/next/dist/client/components/react-dev-overlay/app/hot-reloader-client.js:240
[  404902ms] [LOG] [Fast Refresh] done in 36ms @ webpack-internal:///(app-pages-browser)/./node_modules/next/dist/client/components/react-dev-overlay/app/hot-reloader-client.js:67
[  405970ms] [LOG] [Fast Refresh] rebuilding @ webpack-internal:///(app-pages-browser)/./node_modules/next/dist/client/components/react-dev-overlay/app/hot-reloader-client.js:240
[  406016ms] [LOG] [Fast Refresh] done in 46ms @ webpack-internal:///(app-pages-browser)/./node_modules/next/dist/client/components/react-dev-overlay/app/hot-reloader-client.js:67
[  407025ms] [LOG] [Fast Refresh] rebuilding @ webpack-internal:///(app-pages-browser)/./node_modules/next/dist/client/components/react-dev-overlay/app/hot-reloader-client.js:240
[  407071ms] [LOG] [Fast Refresh] done in 46ms @ webpack-internal:///(app-pages-browser)/./node_modules/next/dist/client/components/react-dev-overlay/app/hot-reloader-client.js:67
[  408138ms] [LOG] [Fast Refresh] rebuilding @ webpack-internal:///(app-pages-browser)/./node_modules/next/dist/client/components/react-dev-overlay/app/hot-reloader-client.js:240
[  409116ms] [LOG] [Fast Refresh] done in 977ms @ webpack-internal:///(app-pages-browser)/./node_modules/next/dist/client/components/react-dev-overlay/app/hot-reloader-client.js:67
[  409279ms] [LOG] [Fast Refresh] rebuilding @ webpack-internal:///(app-pages-browser)/./node_modules/next/dist/client/components/react-dev-overlay/app/hot-reloader-client.js:240
[  409328ms] [LOG] [Fast Refresh] done in 49ms @ webpack-internal:///(app-pages-browser)/./node_modules/next/dist/client/components/react-dev-overlay/app/hot-reloader-client.js:67
[  410255ms] [LOG] [Fast Refresh] rebuilding @ webpack-internal:///(app-pages-browser)/./node_modules/next/dist/client/components/react-dev-overlay/app/hot-reloader-client.js:240
[  410303ms] [LOG] [Fast Refresh] done in 49ms @ webpack-internal:///(app-pages-browser)/./node_modules/next/dist/client/components/react-dev-overlay/app/hot-reloader-client.js:67
[  411452ms] [LOG] [Fast Refresh] rebuilding @ webpack-internal:///(app-pages-browser)/./node_modules/next/dist/client/components/react-dev-overlay/app/hot-reloader-client.js:240
[  411542ms] [LOG] [Fast Refresh] done in 91ms @ webpack-internal:///(app-pages-browser)/./node_modules/next/dist/client/components/react-dev-overlay/app/hot-reloader-client.js:67
[  412689ms] [LOG] [Fast Refresh] rebuilding @ webpack-internal:///(app-pages-browser)/./node_modules/next/dist/client/components/react-dev-overlay/app/hot-reloader-client.js:240
[  412738ms] [LOG] [Fast Refresh] done in 50ms @ webpack-internal:///(app-pages-browser)/./node_modules/next/dist/client/components/react-dev-overlay/app/hot-reloader-client.js:67
[  413686ms] [LOG] [Fast Refresh] rebuilding @ webpack-internal:///(app-pages-browser)/./node_modules/next/dist/client/components/react-dev-overlay/app/hot-reloader-client.js:240
[  413710ms] [LOG] [Fast Refresh] done in 24ms @ webpack-internal:///(app-pages-browser)/./node_modules/next/dist/client/components/react-dev-overlay/app/hot-reloader-client.js:67
[  414866ms] [LOG] [Fast Refresh] rebuilding @ webpack-internal:///(app-pages-browser)/./node_modules/next/dist/client/components/react-dev-overlay/app/hot-reloader-client.js:240
[  414919ms] [LOG] [Fast Refresh] done in 53ms @ webpack-internal:///(app-pages-browser)/./node_modules/next/dist/client/components/react-dev-overlay/app/hot-reloader-client.js:67
[  415571ms] [LOG] [Fast Refresh] rebuilding @ webpack-internal:///(app-pages-browser)/./node_modules/next/dist/client/components/react-dev-overlay/app/hot-reloader-client.js:240
[  415595ms] [LOG] [Fast Refresh] done in 24ms @ webpack-internal:///(app-pages-browser)/./node_modules/next/dist/client/components/react-dev-overlay/app/hot-reloader-client.js:67
[  416204ms] [LOG] [Fast Refresh] rebuilding @ webpack-internal:///(app-pages-browser)/./node_modules/next/dist/client/components/react-dev-overlay/app/hot-reloader-client.js:240
[  416735ms] [LOG] [Fast Refresh] done in 530ms @ webpack-internal:///(app-pages-browser)/./node_modules/next/dist/client/components/react-dev-overlay/app/hot-reloader-client.js:67
[  416849ms] [LOG] [Fast Refresh] rebuilding @ webpack-internal:///(app-pages-browser)/./node_modules/next/dist/client/components/react-dev-overlay/app/hot-reloader-client.js:240
[  417390ms] [LOG] [Fast Refresh] done in 542ms @ webpack-internal:///(app-pages-browser)/./node_modules/next/dist/client/components/react-dev-overlay/app/hot-reloader-client.js:67
[  417490ms] [LOG] [Fast Refresh] rebuilding @ webpack-internal:///(app-pages-browser)/./node_modules/next/dist/client/components/react-dev-overlay/app/hot-reloader-client.js:240
[  417510ms] [LOG] [Fast Refresh] done in 21ms @ webpack-internal:///(app-pages-browser)/./node_modules/next/dist/client/components/react-dev-overlay/app/hot-reloader-client.js:67
[  418202ms] [LOG] [Fast Refresh] rebuilding @ webpack-internal:///(app-pages-browser)/./node_modules/next/dist/client/components/react-dev-overlay/app/hot-reloader-client.js:240
[  418238ms] [LOG] [Fast Refresh] done in 36ms @ webpack-internal:///(app-pages-browser)/./node_modules/next/dist/client/components/react-dev-overlay/app/hot-reloader-client.js:67
[  418866ms] [LOG] [Fast Refresh] rebuilding @ webpack-internal:///(app-pages-browser)/./node_modules/next/dist/client/components/react-dev-overlay/app/hot-reloader-client.js:240
[  419371ms] [LOG] [Fast Refresh] done in 505ms @ webpack-internal:///(app-pages-browser)/./node_modules/next/dist/client/components/react-dev-overlay/app/hot-reloader-client.js:67
[  419458ms] [LOG] [Fast Refresh] rebuilding @ webpack-internal:///(app-pages-browser)/./node_modules/next/dist/client/components/react-dev-overlay/app/hot-reloader-client.js:240
[  419477ms] [LOG] [Fast Refresh] done in 20ms @ webpack-internal:///(app-pages-browser)/./node_modules/next/dist/client/components/react-dev-overlay/app/hot-reloader-client.js:67
[  420100ms] [LOG] [Fast Refresh] rebuilding @ webpack-internal:///(app-pages-browser)/./node_modules/next/dist/client/components/react-dev-overlay/app/hot-reloader-client.js:240
[  420117ms] [LOG] [Fast Refresh] done in 17ms @ webpack-internal:///(app-pages-browser)/./node_modules/next/dist/client/components/react-dev-overlay/app/hot-reloader-client.js:67
[  420747ms] [LOG] [Fast Refresh] rebuilding @ webpack-internal:///(app-pages-browser)/./node_modules/next/dist/client/components/react-dev-overlay/app/hot-reloader-client.js:240
[  420760ms] [LOG] [Fast Refresh] done in 13ms @ webpack-internal:///(app-pages-browser)/./node_modules/next/dist/client/components/react-dev-overlay/app/hot-reloader-client.js:67
[  421374ms] [LOG] [Fast Refresh] rebuilding @ webpack-internal:///(app-pages-browser)/./node_modules/next/dist/client/components/react-dev-overlay/app/hot-reloader-client.js:240
[  421392ms] [LOG] [Fast Refresh] done in 18ms @ webpack-internal:///(app-pages-browser)/./node_modules/next/dist/client/components/react-dev-overlay/app/hot-reloader-client.js:67
[  421978ms] [LOG] [Fast Refresh] rebuilding @ webpack-internal:///(app-pages-browser)/./node_modules/next/dist/client/components/react-dev-overlay/app/hot-reloader-client.js:240
[  421995ms] [LOG] [Fast Refresh] done in 17ms @ webpack-internal:///(app-pages-browser)/./node_modules/next/dist/client/components/react-dev-overlay/app/hot-reloader-client.js:67
[  422606ms] [LOG] [Fast Refresh] rebuilding @ webpack-internal:///(app-pages-browser)/./node_modules/next/dist/client/components/react-dev-overlay/app/hot-reloader-client.js:240
[  422621ms] [LOG] [Fast Refresh] done in 15ms @ webpack-internal:///(app-pages-browser)/./node_modules/next/dist/client/components/react-dev-overlay/app/hot-reloader-client.js:67
[  423244ms] [LOG] [Fast Refresh] rebuilding @ webpack-internal:///(app-pages-browser)/./node_modules/next/dist/client/components/react-dev-overlay/app/hot-reloader-client.js:240
[  423281ms] [LOG] [Fast Refresh] done in 37ms @ webpack-internal:///(app-pages-browser)/./node_modules/next/dist/client/components/react-dev-overlay/app/hot-reloader-client.js:67
[  424003ms] [LOG] [Fast Refresh] rebuilding @ webpack-internal:///(app-pages-browser)/./node_modules/next/dist/client/components/react-dev-overlay/app/hot-reloader-client.js:240
[  424012ms] [LOG] [Fast Refresh] done in 9ms @ webpack-internal:///(app-pages-browser)/./node_modules/next/dist/client/components/react-dev-overlay/app/hot-reloader-client.js:67
[  424728ms] [LOG] [Fast Refresh] rebuilding @ webpack-internal:///(app-pages-browser)/./node_modules/next/dist/client/components/react-dev-overlay/app/hot-reloader-client.js:240
[  424767ms] [LOG] [Fast Refresh] done in 39ms @ webpack-internal:///(app-pages-browser)/./node_modules/next/dist/client/components/react-dev-overlay/app/hot-reloader-client.js:67
[  425731ms] [LOG] [Fast Refresh] rebuilding @ webpack-internal:///(app-pages-browser)/./node_modules/next/dist/client/components/react-dev-overlay/app/hot-reloader-client.js:240
[  425748ms] [LOG] [Fast Refresh] done in 18ms @ webpack-internal:///(app-pages-browser)/./node_modules/next/dist/client/components/react-dev-overlay/app/hot-reloader-client.js:67
[  426713ms] [LOG] [Fast Refresh] rebuilding @ webpack-internal:///(app-pages-browser)/./node_modules/next/dist/client/components/react-dev-overlay/app/hot-reloader-client.js:240
[  426730ms] [LOG] [Fast Refresh] done in 18ms @ webpack-internal:///(app-pages-browser)/./node_modules/next/dist/client/components/react-dev-overlay/app/hot-reloader-client.js:67
[  427709ms] [LOG] [Fast Refresh] rebuilding @ webpack-internal:///(app-pages-browser)/./node_modules/next/dist/client/components/react-dev-overlay/app/hot-reloader-client.js:240
[  427733ms] [LOG] [Fast Refresh] done in 24ms @ webpack-internal:///(app-pages-browser)/./node_modules/next/dist/client/components/react-dev-overlay/app/hot-reloader-client.js:67
[  428644ms] [LOG] [Fast Refresh] rebuilding @ webpack-internal:///(app-pages-browser)/./node_modules/next/dist/client/components/react-dev-overlay/app/hot-reloader-client.js:240
[  428665ms] [LOG] [Fast Refresh] done in 21ms @ webpack-internal:///(app-pages-browser)/./node_modules/next/dist/client/components/react-dev-overlay/app/hot-reloader-client.js:67
[  429640ms] [LOG] [Fast Refresh] rebuilding @ webpack-internal:///(app-pages-browser)/./node_modules/next/dist/client/components/react-dev-overlay/app/hot-reloader-client.js:240
[  429665ms] [LOG] [Fast Refresh] done in 25ms @ webpack-internal:///(app-pages-browser)/./node_modules/next/dist/client/components/react-dev-overlay/app/hot-reloader-client.js:67
[  430654ms] [LOG] [Fast Refresh] rebuilding @ webpack-internal:///(app-pages-browser)/./node_modules/next/dist/client/components/react-dev-overlay/app/hot-reloader-client.js:240
[  430723ms] [LOG] [Fast Refresh] done in 69ms @ webpack-internal:///(app-pages-browser)/./node_modules/next/dist/client/components/react-dev-overlay/app/hot-reloader-client.js:67
[  431757ms] [LOG] [Fast Refresh] rebuilding @ webpack-internal:///(app-pages-browser)/./node_modules/next/dist/client/components/react-dev-overlay/app/hot-reloader-client.js:240
[  431796ms] [LOG] [Fast Refresh] done in 38ms @ webpack-internal:///(app-pages-browser)/./node_modules/next/dist/client/components/react-dev-overlay/app/hot-reloader-client.js:67
[  432751ms] [LOG] [Fast Refresh] rebuilding @ webpack-internal:///(app-pages-browser)/./node_modules/next/dist/client/components/react-dev-overlay/app/hot-reloader-client.js:240
[  432767ms] [LOG] [Fast Refresh] done in 15ms @ webpack-internal:///(app-pages-browser)/./node_modules/next/dist/client/components/react-dev-overlay/app/hot-reloader-client.js:67
[  433755ms] [LOG] [Fast Refresh] rebuilding @ webpack-internal:///(app-pages-browser)/./node_modules/next/dist/client/components/react-dev-overlay/app/hot-reloader-client.js:240
[  433784ms] [LOG] [Fast Refresh] done in 30ms @ webpack-internal:///(app-pages-browser)/./node_modules/next/dist/client/components/react-dev-overlay/app/hot-reloader-client.js:67
[  434796ms] [LOG] [Fast Refresh] rebuilding @ webpack-internal:///(app-pages-browser)/./node_modules/next/dist/client/components/react-dev-overlay/app/hot-reloader-client.js:240
[  434817ms] [LOG] [Fast Refresh] done in 21ms @ webpack-internal:///(app-pages-browser)/./node_modules/next/dist/client/components/react-dev-overlay/app/hot-reloader-client.js:67
[  435814ms] [LOG] [Fast Refresh] rebuilding @ webpack-internal:///(app-pages-browser)/./node_modules/next/dist/client/components/react-dev-overlay/app/hot-reloader-client.js:240
[  435854ms] [LOG] [Fast Refresh] done in 39ms @ webpack-internal:///(app-pages-browser)/./node_modules/next/dist/client/components/react-dev-overlay/app/hot-reloader-client.js:67
[  436752ms] [LOG] [Fast Refresh] rebuilding @ webpack-internal:///(app-pages-browser)/./node_modules/next/dist/client/components/react-dev-overlay/app/hot-reloader-client.js:240
[  436773ms] [LOG] [Fast Refresh] done in 21ms @ webpack-internal:///(app-pages-browser)/./node_modules/next/dist/client/components/react-dev-overlay/app/hot-reloader-client.js:67
[  437780ms] [LOG] [Fast Refresh] rebuilding @ webpack-internal:///(app-pages-browser)/./node_modules/next/dist/client/components/react-dev-overlay/app/hot-reloader-client.js:240
[  437805ms] [LOG] [Fast Refresh] done in 24ms @ webpack-internal:///(app-pages-browser)/./node_modules/next/dist/client/components/react-dev-overlay/app/hot-reloader-client.js:67
[  438740ms] [LOG] [Fast Refresh] rebuilding @ webpack-internal:///(app-pages-browser)/./node_modules/next/dist/client/components/react-dev-overlay/app/hot-reloader-client.js:240
[  438831ms] [LOG] [Fast Refresh] done in 91ms @ webpack-internal:///(app-pages-browser)/./node_modules/next/dist/client/components/react-dev-overlay/app/hot-reloader-client.js:67
[  439943ms] [LOG] [Fast Refresh] rebuilding @ webpack-internal:///(app-pages-browser)/./node_modules/next/dist/client/components/react-dev-overlay/app/hot-reloader-client.js:240
[  439989ms] [LOG] [Fast Refresh] done in 46ms @ webpack-internal:///(app-pages-browser)/./node_modules/next/dist/client/components/react-dev-overlay/app/hot-reloader-client.js:67
[  441013ms] [LOG] [Fast Refresh] rebuilding @ webpack-internal:///(app-pages-browser)/./node_modules/next/dist/client/components/react-dev-overlay/app/hot-reloader-client.js:240
[  441028ms] [LOG] [Fast Refresh] done in 15ms @ webpack-internal:///(app-pages-browser)/./node_modules/next/dist/client/components/react-dev-overlay/app/hot-reloader-client.js:67
[  442108ms] [LOG] [Fast Refresh] rebuilding @ webpack-internal:///(app-pages-browser)/./node_modules/next/dist/client/components/react-dev-overlay/app/hot-reloader-client.js:240
[  442147ms] [LOG] [Fast Refresh] done in 40ms @ webpack-internal:///(app-pages-browser)/./node_modules/next/dist/client/components/react-dev-overlay/app/hot-reloader-client.js:67
[  443195ms] [LOG] [Fast Refresh] rebuilding @ webpack-internal:///(app-pages-browser)/./node_modules/next/dist/client/components/react-dev-overlay/app/hot-reloader-client.js:240
[  443233ms] [LOG] [Fast Refresh] done in 39ms @ webpack-internal:///(app-pages-browser)/./node_modules/next/dist/client/components/react-dev-overlay/app/hot-reloader-client.js:67
[  444264ms] [LOG] [Fast Refresh] rebuilding @ webpack-internal:///(app-pages-browser)/./node_modules/next/dist/client/components/react-dev-overlay/app/hot-reloader-client.js:240
[  444285ms] [LOG] [Fast Refresh] done in 22ms @ webpack-internal:///(app-pages-browser)/./node_modules/next/dist/client/components/react-dev-overlay/app/hot-reloader-client.js:67
[  445287ms] [LOG] [Fast Refresh] rebuilding @ webpack-internal:///(app-pages-browser)/./node_modules/next/dist/client/components/react-dev-overlay/app/hot-reloader-client.js:240
[  445328ms] [LOG] [Fast Refresh] done in 41ms @ webpack-internal:///(app-pages-browser)/./node_modules/next/dist/client/components/react-dev-overlay/app/hot-reloader-client.js:67
[  446250ms] [LOG] [Fast Refresh] rebuilding @ webpack-internal:///(app-pages-browser)/./node_modules/next/dist/client/components/react-dev-overlay/app/hot-reloader-client.js:240
[  446292ms] [LOG] [Fast Refresh] done in 41ms @ webpack-internal:///(app-pages-browser)/./node_modules/next/dist/client/components/react-dev-overlay/app/hot-reloader-client.js:67
[  447448ms] [LOG] [Fast Refresh] rebuilding @ webpack-internal:///(app-pages-browser)/./node_modules/next/dist/client/components/react-dev-overlay/app/hot-reloader-client.js:240
[  447544ms] [LOG] [Fast Refresh] done in 96ms @ webpack-internal:///(app-pages-browser)/./node_modules/next/dist/client/components/react-dev-overlay/app/hot-reloader-client.js:67
[  448582ms] [LOG] [Fast Refresh] rebuilding @ webpack-internal:///(app-pages-browser)/./node_modules/next/dist/client/components/react-dev-overlay/app/hot-reloader-client.js:240
[  448696ms] [LOG] [Fast Refresh] done in 114ms @ webpack-internal:///(app-pages-browser)/./node_modules/next/dist/client/components/react-dev-overlay/app/hot-reloader-client.js:67
[  451856ms] [WARNING] The resource http://localhost:3000/_next/static/css/app/layout.css?v=1775471434357 was preloaded using link preload but not used within a few seconds from the window's load event. Please make sure it has an appropriate `as` value and it is preloaded intentionally. @ http://localhost:3000/presentations/editor?id=pres-1775471431101-sgdeti:0
[  451856ms] [WARNING] The resource http://localhost:3000/_next/static/css/app/layout.css?v=1775471817435 was preloaded using link preload but not used within a few seconds from the window's load event. Please make sure it has an appropriate `as` value and it is preloaded intentionally. @ http://localhost:3000/presentations/editor?id=pres-1775471431101-sgdeti:0
[  451856ms] [WARNING] The resource http://localhost:3000/_next/static/css/app/layout.css?v=1775471525764 was preloaded using link preload but not used within a few seconds from the window's load event. Please make sure it has an appropriate `as` value and it is preloaded intentionally. @ http://localhost:3000/presentations/editor?id=pres-1775471431101-sgdeti:0
[  451856ms] [WARNING] The resource http://localhost:3000/_next/static/css/app/layout.css?v=1775471691486 was preloaded using link preload but not used within a few seconds from the window's load event. Please make sure it has an appropriate `as` value and it is preloaded intentionally. @ http://localhost:3000/presentations/editor?id=pres-1775471431101-sgdeti:0
[  451856ms] [WARNING] The resource http://localhost:3000/_next/static/css/app/layout.css?v=1775471762274 was preloaded using link preload but not used within a few seconds from the window's load event. Please make sure it has an appropriate `as` value and it is preloaded intentionally. @ http://localhost:3000/presentations/editor?id=pres-1775471431101-sgdeti:0
[  451856ms] [WARNING] The resource http://localhost:3000/_next/static/css/app/layout.css?v=1775471734355 was preloaded using link preload but not used within a few seconds from the window's load event. Please make sure it has an appropriate `as` value and it is preloaded intentionally. @ http://localhost:3000/presentations/editor?id=pres-1775471431101-sgdeti:0
[  451856ms] [WARNING] The resource http://localhost:3000/_next/static/css/app/layout.css?v=1775471592594 was preloaded using link preload but not used within a few seconds from the window's load event. Please make sure it has an appropriate `as` value and it is preloaded intentionally. @ http://localhost:3000/presentations/editor?id=pres-1775471431101-sgdeti:0
[  451856ms] [WARNING] The resource http://localhost:3000/_next/static/css/app/layout.css?v=1775471595792 was preloaded using link preload but not used within a few seconds from the window's load event. Please make sure it has an appropriate `as` value and it is preloaded intentionally. @ http://localhost:3000/presentations/editor?id=pres-1775471431101-sgdeti:0
[  451856ms] [WARNING] The resource http://localhost:3000/_next/static/css/app/layout.css?v=1775471601434 was preloaded using link preload but not used within a few seconds from the window's load event. Please make sure it has an appropriate `as` value and it is preloaded intentionally. @ http://localhost:3000/presentations/editor?id=pres-1775471431101-sgdeti:0
[  451856ms] [WARNING] The resource http://localhost:3000/_next/static/css/app/layout.css?v=1775471660681 was preloaded using link preload but not used within a few seconds from the window's load event. Please make sure it has an appropriate `as` value and it is preloaded intentionally. @ http://localhost:3000/presentations/editor?id=pres-1775471431101-sgdeti:0
[  451856ms] [WARNING] The resource http://localhost:3000/_next/static/css/app/layout.css?v=1775471537010 was preloaded using link preload but not used within a few seconds from the window's load event. Please make sure it has an appropriate `as` value and it is preloaded intentionally. @ http://localhost:3000/presentations/editor?id=pres-1775471431101-sgdeti:0
[  451856ms] [WARNING] The resource http://localhost:3000/_next/static/css/app/layout.css?v=1775471544032 was preloaded using link preload but not used within a few seconds from the window's load event. Please make sure it has an appropriate `as` value and it is preloaded intentionally. @ http://localhost:3000/presentations/editor?id=pres-1775471431101-sgdeti:0
[  451856ms] [WARNING] The resource http://localhost:3000/_next/static/css/app/layout.css?v=1775471587577 was preloaded using link preload but not used within a few seconds from the window's load event. Please make sure it has an appropriate `as` value and it is preloaded intentionally. @ http://localhost:3000/presentations/editor?id=pres-1775471431101-sgdeti:0
[  451856ms] [WARNING] The resource http://localhost:3000/_next/static/css/app/layout.css?v=1775471767014 was preloaded using link preload but not used within a few seconds from the window's load event. Please make sure it has an appropriate `as` value and it is preloaded intentionally. @ http://localhost:3000/presentations/editor?id=pres-1775471431101-sgdeti:0
[  451856ms] [WARNING] The resource http://localhost:3000/_next/static/css/app/layout.css?v=1775471494488 was preloaded using link preload but not used within a few seconds from the window's load event. Please make sure it has an appropriate `as` value and it is preloaded intentionally. @ http://localhost:3000/presentations/editor?id=pres-1775471431101-sgdeti:0
[  451856ms] [WARNING] The resource http://localhost:3000/_next/static/css/app/layout.css?v=1775471574773 was preloaded using link preload but not used within a few seconds from the window's load event. Please make sure it has an appropriate `as` value and it is preloaded intentionally. @ http://localhost:3000/presentations/editor?id=pres-1775471431101-sgdeti:0
[  451856ms] [WARNING] The resource http://localhost:3000/_next/static/css/app/layout.css?v=1775471530633 was preloaded using link preload but not used within a few seconds from the window's load event. Please make sure it has an appropriate `as` value and it is preloaded intentionally. @ http://localhost:3000/presentations/editor?id=pres-1775471431101-sgdeti:0
[  451856ms] [WARNING] The resource http://localhost:3000/_next/static/css/app/layout.css?v=1775471689437 was preloaded using link preload but not used within a few seconds from the window's load event. Please make sure it has an appropriate `as` value and it is preloaded intentionally. @ http://localhost:3000/presentations/editor?id=pres-1775471431101-sgdeti:0
[  451856ms] [WARNING] The resource http://localhost:3000/_next/static/css/app/layout.css?v=1775471576612 was preloaded using link preload but not used within a few seconds from the window's load event. Please make sure it has an appropriate `as` value and it is preloaded intentionally. @ http://localhost:3000/presentations/editor?id=pres-1775471431101-sgdeti:0
[  451856ms] [WARNING] The resource http://localhost:3000/_next/static/css/app/layout.css?v=1775471502926 was preloaded using link preload but not used within a few seconds from the window's load event. Please make sure it has an appropriate `as` value and it is preloaded intentionally. @ http://localhost:3000/presentations/editor?id=pres-1775471431101-sgdeti:0
[  451856ms] [WARNING] The resource http://localhost:3000/_next/static/css/app/layout.css?v=1775471688354 was preloaded using link preload but not used within a few seconds from the window's load event. Please make sure it has an appropriate `as` value and it is preloaded intentionally. @ http://localhost:3000/presentations/editor?id=pres-1775471431101-sgdeti:0
[  451856ms] [WARNING] The resource http://localhost:3000/_next/static/css/app/layout.css?v=1775471853039 was preloaded using link preload but not used within a few seconds from the window's load event. Please make sure it has an appropriate `as` value and it is preloaded intentionally. @ http://localhost:3000/presentations/editor?id=pres-1775471431101-sgdeti:0
[  451856ms] [WARNING] The resource http://localhost:3000/_next/static/css/app/layout.css?v=1775471686386 was preloaded using link preload but not used within a few seconds from the window's load event. Please make sure it has an appropriate `as` value and it is preloaded intentionally. @ http://localhost:3000/presentations/editor?id=pres-1775471431101-sgdeti:0
[  451857ms] [WARNING] The resource http://localhost:3000/_next/static/css/app/layout.css?v=1775471784375 was preloaded using link preload but not used within a few seconds from the window's load event. Please make sure it has an appropriate `as` value and it is preloaded intentionally. @ http://localhost:3000/presentations/editor?id=pres-1775471431101-sgdeti:0
[  451857ms] [WARNING] The resource http://localhost:3000/_next/static/css/app/layout.css?v=1775471617190 was preloaded using link preload but not used within a few seconds from the window's load event. Please make sure it has an appropriate `as` value and it is preloaded intentionally. @ http://localhost:3000/presentations/editor?id=pres-1775471431101-sgdeti:0
[  451857ms] [WARNING] The resource http://localhost:3000/_next/static/css/app/layout.css?v=1775471472286 was preloaded using link preload but not used within a few seconds from the window's load event. Please make sure it has an appropriate `as` value and it is preloaded intentionally. @ http://localhost:3000/presentations/editor?id=pres-1775471431101-sgdeti:0
[  451857ms] [WARNING] The resource http://localhost:3000/_next/static/css/app/layout.css?v=1775471446356 was preloaded using link preload but not used within a few seconds from the window's load event. Please make sure it has an appropriate `as` value and it is preloaded intentionally. @ http://localhost:3000/presentations/editor?id=pres-1775471431101-sgdeti:0
[  451857ms] [WARNING] The resource http://localhost:3000/_next/static/css/app/layout.css?v=1775471771350 was preloaded using link preload but not used within a few seconds from the window's load event. Please make sure it has an appropriate `as` value and it is preloaded intentionally. @ http://localhost:3000/presentations/editor?id=pres-1775471431101-sgdeti:0
[  451857ms] [WARNING] The resource http://localhost:3000/_next/static/css/app/layout.css?v=1775471731801 was preloaded using link preload but not used within a few seconds from the window's load event. Please make sure it has an appropriate `as` value and it is preloaded intentionally. @ http://localhost:3000/presentations/editor?id=pres-1775471431101-sgdeti:0
[  451857ms] [WARNING] The resource http://localhost:3000/_next/static/css/app/layout.css?v=1775471796701 was preloaded using link preload but not used within a few seconds from the window's load event. Please make sure it has an appropriate `as` value and it is preloaded intentionally. @ http://localhost:3000/presentations/editor?id=pres-1775471431101-sgdeti:0
[  451857ms] [WARNING] The resource http://localhost:3000/_next/static/css/app/layout.css?v=1775471695134 was preloaded using link preload but not used within a few seconds from the window's load event. Please make sure it has an appropriate `as` value and it is preloaded intentionally. @ http://localhost:3000/presentations/editor?id=pres-1775471431101-sgdeti:0
[  451857ms] [WARNING] The resource http://localhost:3000/_next/static/css/app/layout.css?v=1775471792824 was preloaded using link preload but not used within a few seconds from the window's load event. Please make sure it has an appropriate `as` value and it is preloaded intentionally. @ http://localhost:3000/presentations/editor?id=pres-1775471431101-sgdeti:0
[  451857ms] [WARNING] The resource http://localhost:3000/_next/static/css/app/layout.css?v=1775471485430 was preloaded using link preload but not used within a few seconds from the window's load event. Please make sure it has an appropriate `as` value and it is preloaded intentionally. @ http://localhost:3000/presentations/editor?id=pres-1775471431101-sgdeti:0
[  451857ms] [WARNING] The resource http://localhost:3000/_next/static/css/app/layout.css?v=1775471624811 was preloaded using link preload but not used within a few seconds from the window's load event. Please make sure it has an appropriate `as` value and it is preloaded intentionally. @ http://localhost:3000/presentations/editor?id=pres-1775471431101-sgdeti:0
[  451857ms] [WARNING] The resource http://localhost:3000/_next/static/css/app/layout.css?v=1775471581245 was preloaded using link preload but not used within a few seconds from the window's load event. Please make sure it has an appropriate `as` value and it is preloaded intentionally. @ http://localhost:3000/presentations/editor?id=pres-1775471431101-sgdeti:0
[  451857ms] [WARNING] The resource http://localhost:3000/_next/static/css/app/layout.css?v=1775471457981 was preloaded using link preload but not used within a few seconds from the window's load event. Please make sure it has an appropriate `as` value and it is preloaded intentionally. @ http://localhost:3000/presentations/editor?id=pres-1775471431101-sgdeti:0
[  451857ms] [WARNING] The resource http://localhost:3000/_next/static/css/app/layout.css?v=1775471779129 was preloaded using link preload but not used within a few seconds from the window's load event. Please make sure it has an appropriate `as` value and it is preloaded intentionally. @ http://localhost:3000/presentations/editor?id=pres-1775471431101-sgdeti:0
[  451857ms] [WARNING] The resource http://localhost:3000/_next/static/css/app/layout.css?v=1775471531258 was preloaded using link preload but not used within a few seconds from the window's load event. Please make sure it has an appropriate `as` value and it is preloaded intentionally. @ http://localhost:3000/presentations/editor?id=pres-1775471431101-sgdeti:0
[  451857ms] [WARNING] The resource http://localhost:3000/_next/static/css/app/layout.css?v=1775471758183 was preloaded using link preload but not used within a few seconds from the window's load event. Please make sure it has an appropriate `as` value and it is preloaded intentionally. @ http://localhost:3000/presentations/editor?id=pres-1775471431101-sgdeti:0
[  451857ms] [WARNING] The resource http://localhost:3000/_next/static/css/app/layout.css?v=1775471593439 was preloaded using link preload but not used within a few seconds from the window's load event. Please make sure it has an appropriate `as` value and it is preloaded intentionally. @ http://localhost:3000/presentations/editor?id=pres-1775471431101-sgdeti:0
[  451857ms] [WARNING] The resource http://localhost:3000/_next/static/css/app/layout.css?v=1775471471124 was preloaded using link preload but not used within a few seconds from the window's load event. Please make sure it has an appropriate `as` value and it is preloaded intentionally. @ http://localhost:3000/presentations/editor?id=pres-1775471431101-sgdeti:0
[  451857ms] [WARNING] The resource http://localhost:3000/_next/static/css/app/layout.css?v=1775471451544 was preloaded using link preload but not used within a few seconds from the window's load event. Please make sure it has an appropriate `as` value and it is preloaded intentionally. @ http://localhost:3000/presentations/editor?id=pres-1775471431101-sgdeti:0
[  451857ms] [WARNING] The resource http://localhost:3000/_next/static/css/app/layout.css?v=1775471640731 was preloaded using link preload but not used within a few seconds from the window's load event. Please make sure it has an appropriate `as` value and it is preloaded intentionally. @ http://localhost:3000/presentations/editor?id=pres-1775471431101-sgdeti:0
[  451857ms] [WARNING] The resource http://localhost:3000/_next/static/css/app/layout.css?v=1775471687749 was preloaded using link preload but not used within a few seconds from the window's load event. Please make sure it has an appropriate `as` value and it is preloaded intentionally. @ http://localhost:3000/presentations/editor?id=pres-1775471431101-sgdeti:0
[  451857ms] [WARNING] The resource http://localhost:3000/_next/static/css/app/layout.css?v=1775471561470 was preloaded using link preload but not used within a few seconds from the window's load event. Please make sure it has an appropriate `as` value and it is preloaded intentionally. @ http://localhost:3000/presentations/editor?id=pres-1775471431101-sgdeti:0
[  451857ms] [WARNING] The resource http://localhost:3000/_next/static/css/app/layout.css?v=1775471755049 was preloaded using link preload but not used within a few seconds from the window's load event. Please make sure it has an appropriate `as` value and it is preloaded intentionally. @ http://localhost:3000/presentations/editor?id=pres-1775471431101-sgdeti:0
[  451857ms] [WARNING] The resource http://localhost:3000/_next/static/css/app/layout.css?v=1775471564524 was preloaded using link preload but not used within a few seconds from the window's load event. Please make sure it has an appropriate `as` value and it is preloaded intentionally. @ http://localhost:3000/presentations/editor?id=pres-1775471431101-sgdeti:0
[  451857ms] [WARNING] The resource http://localhost:3000/_next/static/css/app/layout.css?v=1775471535771 was preloaded using link preload but not used within a few seconds from the window's load event. Please make sure it has an appropriate `as` value and it is preloaded intentionally. @ http://localhost:3000/presentations/editor?id=pres-1775471431101-sgdeti:0
[  451857ms] [WARNING] The resource http://localhost:3000/_next/static/css/app/layout.css?v=1775471672834 was preloaded using link preload but not used within a few seconds from the window's load event. Please make sure it has an appropriate `as` value and it is preloaded intentionally. @ http://localhost:3000/presentations/editor?id=pres-1775471431101-sgdeti:0
[  451857ms] [WARNING] The resource http://localhost:3000/_next/static/css/app/layout.css?v=1775471727214 was preloaded using link preload but not used within a few seconds from the window's load event. Please make sure it has an appropriate `as` value and it is preloaded intentionally. @ http://localhost:3000/presentations/editor?id=pres-1775471431101-sgdeti:0
[  451857ms] [WARNING] The resource http://localhost:3000/_next/static/css/app/layout.css?v=1775471459223 was preloaded using link preload but not used within a few seconds from the window's load event. Please make sure it has an appropriate `as` value and it is preloaded intentionally. @ http://localhost:3000/presentations/editor?id=pres-1775471431101-sgdeti:0
[  451857ms] [WARNING] The resource http://localhost:3000/_next/static/css/app/layout.css?v=1775471432348 was preloaded using link preload but not used within a few seconds from the window's load event. Please make sure it has an appropriate `as` value and it is preloaded intentionally. @ http://localhost:3000/presentations/editor?id=pres-1775471431101-sgdeti:0
[  451857ms] [WARNING] The resource http://localhost:3000/_next/static/css/app/layout.css?v=1775471823425 was preloaded using link preload but not used within a few seconds from the window's load event. Please make sure it has an appropriate `as` value and it is preloaded intentionally. @ http://localhost:3000/presentations/editor?id=pres-1775471431101-sgdeti:0
[  451857ms] [WARNING] The resource http://localhost:3000/_next/static/css/app/layout.css?v=1775471737577 was preloaded using link preload but not used within a few seconds from the window's load event. Please make sure it has an appropriate `as` value and it is preloaded intentionally. @ http://localhost:3000/presentations/editor?id=pres-1775471431101-sgdeti:0
[  451857ms] [WARNING] The resource http://localhost:3000/_next/static/css/app/layout.css?v=1775471736950 was preloaded using link preload but not used within a few seconds from the window's load event. Please make sure it has an appropriate `as` value and it is preloaded intentionally. @ http://localhost:3000/presentations/editor?id=pres-1775471431101-sgdeti:0
[  451857ms] [WARNING] The resource http://localhost:3000/_next/static/css/app/layout.css?v=1775471857123 was preloaded using link preload but not used within a few seconds from the window's load event. Please make sure it has an appropriate `as` value and it is preloaded intentionally. @ http://localhost:3000/presentations/editor?id=pres-1775471431101-sgdeti:0
[  451857ms] [WARNING] The resource http://localhost:3000/_next/static/css/app/layout.css?v=1775471669584 was preloaded using link preload but not used within a few seconds from the window's load event. Please make sure it has an appropriate `as` value and it is preloaded intentionally. @ http://localhost:3000/presentations/editor?id=pres-1775471431101-sgdeti:0
[  451857ms] [WARNING] The resource http://localhost:3000/_next/static/css/app/layout.css?v=1775471716432 was preloaded using link preload but not used within a few seconds from the window's load event. Please make sure it has an appropriate `as` value and it is preloaded intentionally. @ http://localhost:3000/presentations/editor?id=pres-1775471431101-sgdeti:0
[  451857ms] [WARNING] The resource http://localhost:3000/_next/static/css/app/layout.css?v=1775471731168 was preloaded using link preload but not used within a few seconds from the window's load event. Please make sure it has an appropriate `as` value and it is preloaded intentionally. @ http://localhost:3000/presentations/editor?id=pres-1775471431101-sgdeti:0
[  451857ms] [WARNING] The resource http://localhost:3000/_next/static/css/app/layout.css?v=1775471612165 was preloaded using link preload but not used within a few seconds from the window's load event. Please make sure it has an appropriate `as` value and it is preloaded intentionally. @ http://localhost:3000/presentations/editor?id=pres-1775471431101-sgdeti:0
[  451857ms] [WARNING] The resource http://localhost:3000/_next/static/css/app/layout.css?v=1775471848567 was preloaded using link preload but not used within a few seconds from the window's load event. Please make sure it has an appropriate `as` value and it is preloaded intentionally. @ http://localhost:3000/presentations/editor?id=pres-1775471431101-sgdeti:0
[  451857ms] [WARNING] The resource http://localhost:3000/_next/static/css/app/layout.css?v=1775471510742 was preloaded using link preload but not used within a few seconds from the window's load event. Please make sure it has an appropriate `as` value and it is preloaded intentionally. @ http://localhost:3000/presentations/editor?id=pres-1775471431101-sgdeti:0
[  451857ms] [WARNING] The resource http://localhost:3000/_next/static/css/app/layout.css?v=1775471745970 was preloaded using link preload but not used within a few seconds from the window's load event. Please make sure it has an appropriate `as` value and it is preloaded intentionally. @ http://localhost:3000/presentations/editor?id=pres-1775471431101-sgdeti:0
[  451857ms] [WARNING] The resource http://localhost:3000/_next/static/css/app/layout.css?v=1775471545940 was preloaded using link preload but not used within a few seconds from the window's load event. Please make sure it has an appropriate `as` value and it is preloaded intentionally. @ http://localhost:3000/presentations/editor?id=pres-1775471431101-sgdeti:0
[  451857ms] [WARNING] The resource http://localhost:3000/_next/static/css/app/layout.css?v=1775471498413 was preloaded using link preload but not used within a few seconds from the window's load event. Please make sure it has an appropriate `as` value and it is preloaded intentionally. @ http://localhost:3000/presentations/editor?id=pres-1775471431101-sgdeti:0
[  451857ms] [WARNING] The resource http://localhost:3000/_next/static/css/app/layout.css?v=1775471450835 was preloaded using link preload but not used within a few seconds from the window's load event. Please make sure it has an appropriate `as` value and it is preloaded intentionally. @ http://localhost:3000/presentations/editor?id=pres-1775471431101-sgdeti:0
[  451857ms] [WARNING] The resource http://localhost:3000/_next/static/css/app/layout.css?v=1775471661338 was preloaded using link preload but not used within a few seconds from the window's load event. Please make sure it has an appropriate `as` value and it is preloaded intentionally. @ http://localhost:3000/presentations/editor?id=pres-1775471431101-sgdeti:0
[  451857ms] [WARNING] The resource http://localhost:3000/_next/static/css/app/layout.css?v=1775471535130 was preloaded using link preload but not used within a few seconds from the window's load event. Please make sure it has an appropriate `as` value and it is preloaded intentionally. @ http://localhost:3000/presentations/editor?id=pres-1775471431101-sgdeti:0
[  451857ms] [WARNING] The resource http://localhost:3000/_next/static/css/app/layout.css?v=1775471568302 was preloaded using link preload but not used within a few seconds from the window's load event. Please make sure it has an appropriate `as` value and it is preloaded intentionally. @ http://localhost:3000/presentations/editor?id=pres-1775471431101-sgdeti:0
[  451857ms] [WARNING] The resource http://localhost:3000/_next/static/css/app/layout.css?v=1775471562590 was preloaded using link preload but not used within a few seconds from the window's load event. Please make sure it has an appropriate `as` value and it is preloaded intentionally. @ http://localhost:3000/presentations/editor?id=pres-1775471431101-sgdeti:0
[  451857ms] [WARNING] The resource http://localhost:3000/_next/static/css/app/layout.css?v=1775471869116 was preloaded using link preload but not used within a few seconds from the window's load event. Please make sure it has an appropriate `as` value and it is preloaded intentionally. @ http://localhost:3000/presentations/editor?id=pres-1775471431101-sgdeti:0
[  451857ms] [WARNING] The resource http://localhost:3000/_next/static/css/app/layout.css?v=1775471556664 was preloaded using link preload but not used within a few seconds from the window's load event. Please make sure it has an appropriate `as` value and it is preloaded intentionally. @ http://localhost:3000/presentations/editor?id=pres-1775471431101-sgdeti:0
[  451857ms] [WARNING] The resource http://localhost:3000/_next/static/css/app/layout.css?v=1775471816158 was preloaded using link preload but not used within a few seconds from the window's load event. Please make sure it has an appropriate `as` value and it is preloaded intentionally. @ http://localhost:3000/presentations/editor?id=pres-1775471431101-sgdeti:0
[  451857ms] [WARNING] The resource http://localhost:3000/_next/static/css/app/layout.css?v=1775471729904 was preloaded using link preload but not used within a few seconds from the window's load event. Please make sure it has an appropriate `as` value and it is preloaded intentionally. @ http://localhost:3000/presentations/editor?id=pres-1775471431101-sgdeti:0
[  451857ms] [WARNING] The resource http://localhost:3000/_next/static/css/app/layout.css?v=1775471567621 was preloaded using link preload but not used within a few seconds from the window's load event. Please make sure it has an appropriate `as` value and it is preloaded intentionally. @ http://localhost:3000/presentations/editor?id=pres-1775471431101-sgdeti:0
[  451857ms] [WARNING] The resource http://localhost:3000/_next/static/css/app/layout.css?v=1775471585701 was preloaded using link preload but not used within a few seconds from the window's load event. Please make sure it has an appropriate `as` value and it is preloaded intentionally. @ http://localhost:3000/presentations/editor?id=pres-1775471431101-sgdeti:0
[  451857ms] [WARNING] The resource http://localhost:3000/_next/static/css/app/layout.css?v=1775471545312 was preloaded using link preload but not used within a few seconds from the window's load event. Please make sure it has an appropriate `as` value and it is preloaded intentionally. @ http://localhost:3000/presentations/editor?id=pres-1775471431101-sgdeti:0
[  451857ms] [WARNING] The resource http://localhost:3000/_next/static/css/app/layout.css?v=1775471646780 was preloaded using link preload but not used within a few seconds from the window's load event. Please make sure it has an appropriate `as` value and it is preloaded intentionally. @ http://localhost:3000/presentations/editor?id=pres-1775471431101-sgdeti:0
[  451857ms] [WARNING] The resource http://localhost:3000/_next/static/css/app/layout.css?v=1775471464285 was preloaded using link preload but not used within a few seconds from the window's load event. Please make sure it has an appropriate `as` value and it is preloaded intentionally. @ http://localhost:3000/presentations/editor?id=pres-1775471431101-sgdeti:0
[  451857ms] [WARNING] The resource http://localhost:3000/_next/static/css/app/layout.css?v=1775471507381 was preloaded using link preload but not used within a few seconds from the window's load event. Please make sure it has an appropriate `as` value and it is preloaded intentionally. @ http://localhost:3000/presentations/editor?id=pres-1775471431101-sgdeti:0
[  451857ms] [WARNING] The resource http://localhost:3000/_next/static/css/app/layout.css?v=1775471818063 was preloaded using link preload but not used within a few seconds from the window's load event. Please make sure it has an appropriate `as` value and it is preloaded intentionally. @ http://localhost:3000/presentations/editor?id=pres-1775471431101-sgdeti:0
[  451857ms] [WARNING] The resource http://localhost:3000/_next/static/css/app/layout.css?v=1775471865203 was preloaded using link preload but not used within a few seconds from the window's load event. Please make sure it has an appropriate `as` value and it is preloaded intentionally. @ http://localhost:3000/presentations/editor?id=pres-1775471431101-sgdeti:0
[  451857ms] [WARNING] The resource http://localhost:3000/_next/static/css/app/layout.css?v=1775471503049 was preloaded using link preload but not used within a few seconds from the window's load event. Please make sure it has an appropriate `as` value and it is preloaded intentionally. @ http://localhost:3000/presentations/editor?id=pres-1775471431101-sgdeti:0
[  451857ms] [WARNING] The resource http://localhost:3000/_next/static/css/app/layout.css?v=1775471598245 was preloaded using link preload but not used within a few seconds from the window's load event. Please make sure it has an appropriate `as` value and it is preloaded intentionally. @ http://localhost:3000/presentations/editor?id=pres-1775471431101-sgdeti:0
[  451857ms] [WARNING] The resource http://localhost:3000/_next/static/css/app/layout.css?v=1775471457337 was preloaded using link preload but not used within a few seconds from the window's load event. Please make sure it has an appropriate `as` value and it is preloaded intentionally. @ http://localhost:3000/presentations/editor?id=pres-1775471431101-sgdeti:0
[  451858ms] [WARNING] The resource http://localhost:3000/_next/static/css/app/layout.css?v=1775471489971 was preloaded using link preload but not used within a few seconds from the window's load event. Please make sure it has an appropriate `as` value and it is preloaded intentionally. @ http://localhost:3000/presentations/editor?id=pres-1775471431101-sgdeti:0
[  451858ms] [WARNING] The resource http://localhost:3000/_next/static/css/app/layout.css?v=1775471540269 was preloaded using link preload but not used within a few seconds from the window's load event. Please make sure it has an appropriate `as` value and it is preloaded intentionally. @ http://localhost:3000/presentations/editor?id=pres-1775471431101-sgdeti:0
[  451858ms] [WARNING] The resource http://localhost:3000/_next/static/css/app/layout.css?v=1775471515321 was preloaded using link preload but not used within a few seconds from the window's load event. Please make sure it has an appropriate `as` value and it is preloaded intentionally. @ http://localhost:3000/presentations/editor?id=pres-1775471431101-sgdeti:0
[  451858ms] [WARNING] The resource http://localhost:3000/_next/static/css/app/layout.css?v=1775471651913 was preloaded using link preload but not used within a few seconds from the window's load event. Please make sure it has an appropriate `as` value and it is preloaded intentionally. @ http://localhost:3000/presentations/editor?id=pres-1775471431101-sgdeti:0
[  451858ms] [WARNING] The resource http://localhost:3000/_next/static/css/app/layout.css?v=1775471612806 was preloaded using link preload but not used within a few seconds from the window's load event. Please make sure it has an appropriate `as` value and it is preloaded intentionally. @ http://localhost:3000/presentations/editor?id=pres-1775471431101-sgdeti:0
[  451858ms] [WARNING] The resource http://localhost:3000/_next/static/css/app/layout.css?v=1775471877828 was preloaded using link preload but not used within a few seconds from the window's load event. Please make sure it has an appropriate `as` value and it is preloaded intentionally. @ http://localhost:3000/presentations/editor?id=pres-1775471431101-sgdeti:0
[  451858ms] [WARNING] The resource http://localhost:3000/_next/static/css/app/layout.css?v=1775471531881 was preloaded using link preload but not used within a few seconds from the window's load event. Please make sure it has an appropriate `as` value and it is preloaded intentionally. @ http://localhost:3000/presentations/editor?id=pres-1775471431101-sgdeti:0
[  451858ms] [WARNING] The resource http://localhost:3000/_next/static/css/app/layout.css?v=1775471855123 was preloaded using link preload but not used within a few seconds from the window's load event. Please make sure it has an appropriate `as` value and it is preloaded intentionally. @ http://localhost:3000/presentations/editor?id=pres-1775471431101-sgdeti:0
[  451858ms] [WARNING] The resource http://localhost:3000/_next/static/css/app/layout.css?v=1775471872511 was preloaded using link preload but not used within a few seconds from the window's load event. Please make sure it has an appropriate `as` value and it is preloaded intentionally. @ http://localhost:3000/presentations/editor?id=pres-1775471431101-sgdeti:0
[  451858ms] [WARNING] The resource http://localhost:3000/_next/static/css/app/layout.css?v=1775471644119 was preloaded using link preload but not used within a few seconds from the window's load event. Please make sure it has an appropriate `as` value and it is preloaded intentionally. @ http://localhost:3000/presentations/editor?id=pres-1775471431101-sgdeti:0
[  451858ms] [WARNING] The resource http://localhost:3000/_next/static/css/app/layout.css?v=1775471700242 was preloaded using link preload but not used within a few seconds from the window's load event. Please make sure it has an appropriate `as` value and it is preloaded intentionally. @ http://localhost:3000/presentations/editor?id=pres-1775471431101-sgdeti:0
[  451858ms] [WARNING] The resource http://localhost:3000/_next/static/css/app/layout.css?v=1775471712005 was preloaded using link preload but not used within a few seconds from the window's load event. Please make sure it has an appropriate `as` value and it is preloaded intentionally. @ http://localhost:3000/presentations/editor?id=pres-1775471431101-sgdeti:0
[  451858ms] [WARNING] The resource http://localhost:3000/_next/static/css/app/layout.css?v=1775471680604 was preloaded using link preload but not used within a few seconds from the window's load event. Please make sure it has an appropriate `as` value and it is preloaded intentionally. @ http://localhost:3000/presentations/editor?id=pres-1775471431101-sgdeti:0
[  451858ms] [WARNING] The resource http://localhost:3000/_next/static/css/app/layout.css?v=1775471481610 was preloaded using link preload but not used within a few seconds from the window's load event. Please make sure it has an appropriate `as` value and it is preloaded intentionally. @ http://localhost:3000/presentations/editor?id=pres-1775471431101-sgdeti:0
[  451858ms] [WARNING] The resource http://localhost:3000/_next/static/css/app/layout.css?v=1775471461289 was preloaded using link preload but not used within a few seconds from the window's load event. Please make sure it has an appropriate `as` value and it is preloaded intentionally. @ http://localhost:3000/presentations/editor?id=pres-1775471431101-sgdeti:0
[  451858ms] [WARNING] The resource http://localhost:3000/_next/static/css/app/layout.css?v=1775471638826 was preloaded using link preload but not used within a few seconds from the window's load event. Please make sure it has an appropriate `as` value and it is preloaded intentionally. @ http://localhost:3000/presentations/editor?id=pres-1775471431101-sgdeti:0
[  451858ms] [WARNING] The resource http://localhost:3000/_next/static/css/app/layout.css?v=1775471781738 was preloaded using link preload but not used within a few seconds from the window's load event. Please make sure it has an appropriate `as` value and it is preloaded intentionally. @ http://localhost:3000/presentations/editor?id=pres-1775471431101-sgdeti:0
[  451858ms] [WARNING] The resource http://localhost:3000/_next/static/css/app/layout.css?v=1775471571540 was preloaded using link preload but not used within a few seconds from the window's load event. Please make sure it has an appropriate `as` value and it is preloaded intentionally. @ http://localhost:3000/presentations/editor?id=pres-1775471431101-sgdeti:0
[  451858ms] [WARNING] The resource http://localhost:3000/_next/static/css/app/layout.css?v=1775471575387 was preloaded using link preload but not used within a few seconds from the window's load event. Please make sure it has an appropriate `as` value and it is preloaded intentionally. @ http://localhost:3000/presentations/editor?id=pres-1775471431101-sgdeti:0
[  451858ms] [WARNING] The resource http://localhost:3000/_next/static/css/app/layout.css?v=1775471552870 was preloaded using link preload but not used within a few seconds from the window's load event. Please make sure it has an appropriate `as` value and it is preloaded intentionally. @ http://localhost:3000/presentations/editor?id=pres-1775471431101-sgdeti:0
[  451858ms] [WARNING] The resource http://localhost:3000/_next/static/css/app/layout.css?v=1775471863151 was preloaded using link preload but not used within a few seconds from the window's load event. Please make sure it has an appropriate `as` value and it is preloaded intentionally. @ http://localhost:3000/presentations/editor?id=pres-1775471431101-sgdeti:0
[  451858ms] [WARNING] The resource http://localhost:3000/_next/static/css/app/layout.css?v=1775471854424 was preloaded using link preload but not used within a few seconds from the window's load event. Please make sure it has an appropriate `as` value and it is preloaded intentionally. @ http://localhost:3000/presentations/editor?id=pres-1775471431101-sgdeti:0
[  451858ms] [WARNING] The resource http://localhost:3000/_next/static/css/app/layout.css?v=1775471615964 was preloaded using link preload but not used within a few seconds from the window's load event. Please make sure it has an appropriate `as` value and it is preloaded intentionally. @ http://localhost:3000/presentations/editor?id=pres-1775471431101-sgdeti:0
[  451858ms] [WARNING] The resource http://localhost:3000/_next/static/css/app/layout.css?v=1775471655612 was preloaded using link preload but not used within a few seconds from the window's load event. Please make sure it has an appropriate `as` value and it is preloaded intentionally. @ http://localhost:3000/presentations/editor?id=pres-1775471431101-sgdeti:0
[  451858ms] [WARNING] The resource http://localhost:3000/_next/static/css/app/layout.css?v=1775471626666 was preloaded using link preload but not used within a few seconds from the window's load event. Please make sure it has an appropriate `as` value and it is preloaded intentionally. @ http://localhost:3000/presentations/editor?id=pres-1775471431101-sgdeti:0
[  451858ms] [WARNING] The resource http://localhost:3000/_next/static/css/app/layout.css?v=1775471799346 was preloaded using link preload but not used within a few seconds from the window's load event. Please make sure it has an appropriate `as` value and it is preloaded intentionally. @ http://localhost:3000/presentations/editor?id=pres-1775471431101-sgdeti:0
[  451858ms] [WARNING] The resource http://localhost:3000/_next/static/css/app/layout.css?v=1775471450145 was preloaded using link preload but not used within a few seconds from the window's load event. Please make sure it has an appropriate `as` value and it is preloaded intentionally. @ http://localhost:3000/presentations/editor?id=pres-1775471431101-sgdeti:0
[  451858ms] [WARNING] The resource http://localhost:3000/_next/static/css/app/layout.css?v=1775471658831 was preloaded using link preload but not used within a few seconds from the window's load event. Please make sure it has an appropriate `as` value and it is preloaded intentionally. @ http://localhost:3000/presentations/editor?id=pres-1775471431101-sgdeti:0
[  451858ms] [WARNING] The resource http://localhost:3000/_next/static/css/app/layout.css?v=1775471760254 was preloaded using link preload but not used within a few seconds from the window's load event. Please make sure it has an appropriate `as` value and it is preloaded intentionally. @ http://localhost:3000/presentations/editor?id=pres-1775471431101-sgdeti:0
[  451858ms] [WARNING] The resource http://localhost:3000/_next/static/css/app/layout.css?v=1775471664541 was preloaded using link preload but not used within a few seconds from the window's load event. Please make sure it has an appropriate `as` value and it is preloaded intentionally. @ http://localhost:3000/presentations/editor?id=pres-1775471431101-sgdeti:0
[  451858ms] [WARNING] The resource http://localhost:3000/_next/static/css/app/layout.css?v=1775471789697 was preloaded using link preload but not used within a few seconds from the window's load event. Please make sure it has an appropriate `as` value and it is preloaded intentionally. @ http://localhost:3000/presentations/editor?id=pres-1775471431101-sgdeti:0
[  451858ms] [WARNING] The resource http://localhost:3000/_next/static/css/app/layout.css?v=1775471814901 was preloaded using link preload but not used within a few seconds from the window's load event. Please make sure it has an appropriate `as` value and it is preloaded intentionally. @ http://localhost:3000/presentations/editor?id=pres-1775471431101-sgdeti:0
[  451858ms] [WARNING] The resource http://localhost:3000/_next/static/css/app/layout.css?v=1775471474322 was preloaded using link preload but not used within a few seconds from the window's load event. Please make sure it has an appropriate `as` value and it is preloaded intentionally. @ http://localhost:3000/presentations/editor?id=pres-1775471431101-sgdeti:0
[  451858ms] [WARNING] The resource http://localhost:3000/_next/static/css/app/layout.css?v=1775471547179 was preloaded using link preload but not used within a few seconds from the window's load event. Please make sure it has an appropriate `as` value and it is preloaded intentionally. @ http://localhost:3000/presentations/editor?id=pres-1775471431101-sgdeti:0
[  451858ms] [WARNING] The resource http://localhost:3000/_next/static/css/app/layout.css?v=1775471644763 was preloaded using link preload but not used within a few seconds from the window's load event. Please make sure it has an appropriate `as` value and it is preloaded intentionally. @ http://localhost:3000/presentations/editor?id=pres-1775471431101-sgdeti:0
[  451858ms] [WARNING] The resource http://localhost:3000/_next/static/css/app/layout.css?v=1775471493227 was preloaded using link preload but not used within a few seconds from the window's load event. Please make sure it has an appropriate `as` value and it is preloaded intentionally. @ http://localhost:3000/presentations/editor?id=pres-1775471431101-sgdeti:0
[  451858ms] [WARNING] The resource http://localhost:3000/_next/static/css/app/layout.css?v=1775471618042 was preloaded using link preload but not used within a few seconds from the window's load event. Please make sure it has an appropriate `as` value and it is preloaded intentionally. @ http://localhost:3000/presentations/editor?id=pres-1775471431101-sgdeti:0
[  451858ms] [WARNING] The resource http://localhost:3000/_next/static/css/app/layout.css?v=1775471779858 was preloaded using link preload but not used within a few seconds from the window's load event. Please make sure it has an appropriate `as` value and it is preloaded intentionally. @ http://localhost:3000/presentations/editor?id=pres-1775471431101-sgdeti:0
[  451858ms] [WARNING] The resource http://localhost:3000/_next/static/css/app/layout.css?v=1775471794701 was preloaded using link preload but not used within a few seconds from the window's load event. Please make sure it has an appropriate `as` value and it is preloaded intentionally. @ http://localhost:3000/presentations/editor?id=pres-1775471431101-sgdeti:0
[  451858ms] [WARNING] The resource http://localhost:3000/_next/static/css/app/layout.css?v=1775471687626 was preloaded using link preload but not used within a few seconds from the window's load event. Please make sure it has an appropriate `as` value and it is preloaded intentionally. @ http://localhost:3000/presentations/editor?id=pres-1775471431101-sgdeti:0
[  451858ms] [WARNING] The resource http://localhost:3000/_next/static/css/app/layout.css?v=1775471584477 was preloaded using link preload but not used within a few seconds from the window's load event. Please make sure it has an appropriate `as` value and it is preloaded intentionally. @ http://localhost:3000/presentations/editor?id=pres-1775471431101-sgdeti:0
[  451858ms] [WARNING] The resource http://localhost:3000/_next/static/css/app/layout.css?v=1775471620987 was preloaded using link preload but not used within a few seconds from the window's load event. Please make sure it has an appropriate `as` value and it is preloaded intentionally. @ http://localhost:3000/presentations/editor?id=pres-1775471431101-sgdeti:0
[  451858ms] [WARNING] The resource http://localhost:3000/_next/static/css/app/layout.css?v=1775471667775 was preloaded using link preload but not used within a few seconds from the window's load event. Please make sure it has an appropriate `as` value and it is preloaded intentionally. @ http://localhost:3000/presentations/editor?id=pres-1775471431101-sgdeti:0
[  451858ms] [WARNING] The resource http://localhost:3000/_next/static/css/app/layout.css?v=1775471614135 was preloaded using link preload but not used within a few seconds from the window's load event. Please make sure it has an appropriate `as` value and it is preloaded intentionally. @ http://localhost:3000/presentations/editor?id=pres-1775471431101-sgdeti:0
[  451858ms] [WARNING] The resource http://localhost:3000/_next/static/css/app/layout.css?v=1775471650537 was preloaded using link preload but not used within a few seconds from the window's load event. Please make sure it has an appropriate `as` value and it is preloaded intentionally. @ http://localhost:3000/presentations/editor?id=pres-1775471431101-sgdeti:0
[  451858ms] [WARNING] The resource http://localhost:3000/_next/static/css/app/layout.css?v=1775471681350 was preloaded using link preload but not used within a few seconds from the window's load event. Please make sure it has an appropriate `as` value and it is preloaded intentionally. @ http://localhost:3000/presentations/editor?id=pres-1775471431101-sgdeti:0
[  451858ms] [WARNING] The resource http://localhost:3000/_next/static/css/app/layout.css?v=1775471473685 was preloaded using link preload but not used within a few seconds from the window's load event. Please make sure it has an appropriate `as` value and it is preloaded intentionally. @ http://localhost:3000/presentations/editor?id=pres-1775471431101-sgdeti:0
[  451858ms] [WARNING] The resource http://localhost:3000/_next/static/css/app/layout.css?v=1775471795958 was preloaded using link preload but not used within a few seconds from the window's load event. Please make sure it has an appropriate `as` value and it is preloaded intentionally. @ http://localhost:3000/presentations/editor?id=pres-1775471431101-sgdeti:0
[  451858ms] [WARNING] The resource http://localhost:3000/_next/static/css/app/layout.css?v=1775471675523 was preloaded using link preload but not used within a few seconds from the window's load event. Please make sure it has an appropriate `as` value and it is preloaded intentionally. @ http://localhost:3000/presentations/editor?id=pres-1775471431101-sgdeti:0
[  451858ms] [WARNING] The resource http://localhost:3000/_next/static/css/app/layout.css?v=1775471607096 was preloaded using link preload but not used within a few seconds from the window's load event. Please make sure it has an appropriate `as` value and it is preloaded intentionally. @ http://localhost:3000/presentations/editor?id=pres-1775471431101-sgdeti:0
[  451858ms] [WARNING] The resource http://localhost:3000/_next/static/css/app/layout.css?v=1775471786319 was preloaded using link preload but not used within a few seconds from the window's load event. Please make sure it has an appropriate `as` value and it is preloaded intentionally. @ http://localhost:3000/presentations/editor?id=pres-1775471431101-sgdeti:0
[  451858ms] [WARNING] The resource http://localhost:3000/_next/static/css/app/layout.css?v=1775471826105 was preloaded using link preload but not used within a few seconds from the window's load event. Please make sure it has an appropriate `as` value and it is preloaded intentionally. @ http://localhost:3000/presentations/editor?id=pres-1775471431101-sgdeti:0
[  451858ms] [WARNING] The resource http://localhost:3000/_next/static/css/app/layout.css?v=1775471517396 was preloaded using link preload but not used within a few seconds from the window's load event. Please make sure it has an appropriate `as` value and it is preloaded intentionally. @ http://localhost:3000/presentations/editor?id=pres-1775471431101-sgdeti:0
[  451858ms] [WARNING] The resource http://localhost:3000/_next/static/css/app/layout.css?v=1775471642146 was preloaded using link preload but not used within a few seconds from the window's load event. Please make sure it has an appropriate `as` value and it is preloaded intentionally. @ http://localhost:3000/presentations/editor?id=pres-1775471431101-sgdeti:0
[  451858ms] [WARNING] The resource http://localhost:3000/_next/static/css/app/layout.css?v=1775471456703 was preloaded using link preload but not used within a few seconds from the window's load event. Please make sure it has an appropriate `as` value and it is preloaded intentionally. @ http://localhost:3000/presentations/editor?id=pres-1775471431101-sgdeti:0
[  451858ms] [WARNING] The resource http://localhost:3000/_next/static/css/app/layout.css?v=1775471642786 was preloaded using link preload but not used within a few seconds from the window's load event. Please make sure it has an appropriate `as` value and it is preloaded intentionally. @ http://localhost:3000/presentations/editor?id=pres-1775471431101-sgdeti:0
[  451858ms] [WARNING] The resource http://localhost:3000/_next/static/css/app/layout.css?v=1775471740818 was preloaded using link preload but not used within a few seconds from the window's load event. Please make sure it has an appropriate `as` value and it is preloaded intentionally. @ http://localhost:3000/presentations/editor?id=pres-1775471431101-sgdeti:0
[  451858ms] [WARNING] The resource http://localhost:3000/_next/static/css/app/layout.css?v=1775471749092 was preloaded using link preload but not used within a few seconds from the window's load event. Please make sure it has an appropriate `as` value and it is preloaded intentionally. @ http://localhost:3000/presentations/editor?id=pres-1775471431101-sgdeti:0
[  451858ms] [WARNING] The resource http://localhost:3000/_next/static/css/app/layout.css?v=1775471663917 was preloaded using link preload but not used within a few seconds from the window's load event. Please make sure it has an appropriate `as` value and it is preloaded intentionally. @ http://localhost:3000/presentations/editor?id=pres-1775471431101-sgdeti:0
[  451858ms] [WARNING] The resource http://localhost:3000/_next/static/css/app/layout.css?v=1775471800525 was preloaded using link preload but not used within a few seconds from the window's load event. Please make sure it has an appropriate `as` value and it is preloaded intentionally. @ http://localhost:3000/presentations/editor?id=pres-1775471431101-sgdeti:0
[  451858ms] [WARNING] The resource http://localhost:3000/_next/static/css/app/layout.css?v=1775471512921 was preloaded using link preload but not used within a few seconds from the window's load event. Please make sure it has an appropriate `as` value and it is preloaded intentionally. @ http://localhost:3000/presentations/editor?id=pres-1775471431101-sgdeti:0
[  451859ms] [WARNING] The resource http://localhost:3000/_next/static/css/app/layout.css?v=1775471750490 was preloaded using link preload but not used within a few seconds from the window's load event. Please make sure it has an appropriate `as` value and it is preloaded intentionally. @ http://localhost:3000/presentations/editor?id=pres-1775471431101-sgdeti:0
[  451859ms] [WARNING] The resource http://localhost:3000/_next/static/css/app/layout.css?v=1775471805097 was preloaded using link preload but not used within a few seconds from the window's load event. Please make sure it has an appropriate `as` value and it is preloaded intentionally. @ http://localhost:3000/presentations/editor?id=pres-1775471431101-sgdeti:0
[  451859ms] [WARNING] The resource http://localhost:3000/_next/static/css/app/layout.css?v=1775471546573 was preloaded using link preload but not used within a few seconds from the window's load event. Please make sure it has an appropriate `as` value and it is preloaded intentionally. @ http://localhost:3000/presentations/editor?id=pres-1775471431101-sgdeti:0
[  451859ms] [WARNING] The resource http://localhost:3000/_next/static/css/app/layout.css?v=1775471868190 was preloaded using link preload but not used within a few seconds from the window's load event. Please make sure it has an appropriate `as` value and it is preloaded intentionally. @ http://localhost:3000/presentations/editor?id=pres-1775471431101-sgdeti:0
[  451859ms] [WARNING] The resource http://localhost:3000/_next/static/css/app/layout.css?v=1775471797800 was preloaded using link preload but not used within a few seconds from the window's load event. Please make sure it has an appropriate `as` value and it is preloaded intentionally. @ http://localhost:3000/presentations/editor?id=pres-1775471431101-sgdeti:0
[  451859ms] [WARNING] The resource http://localhost:3000/_next/static/css/app/layout.css?v=1775471717078 was preloaded using link preload but not used within a few seconds from the window's load event. Please make sure it has an appropriate `as` value and it is preloaded intentionally. @ http://localhost:3000/presentations/editor?id=pres-1775471431101-sgdeti:0
[  451859ms] [WARNING] The resource http://localhost:3000/_next/static/css/app/layout.css?v=1775471851184 was preloaded using link preload but not used within a few seconds from the window's load event. Please make sure it has an appropriate `as` value and it is preloaded intentionally. @ http://localhost:3000/presentations/editor?id=pres-1775471431101-sgdeti:0
[  451859ms] [WARNING] The resource http://localhost:3000/_next/static/css/app/layout.css?v=1775471609084 was preloaded using link preload but not used within a few seconds from the window's load event. Please make sure it has an appropriate `as` value and it is preloaded intentionally. @ http://localhost:3000/presentations/editor?id=pres-1775471431101-sgdeti:0
[  451859ms] [WARNING] The resource http://localhost:3000/_next/static/css/app/layout.css?v=1775471840659 was preloaded using link preload but not used within a few seconds from the window's load event. Please make sure it has an appropriate `as` value and it is preloaded intentionally. @ http://localhost:3000/presentations/editor?id=pres-1775471431101-sgdeti:0
[  451859ms] [WARNING] The resource http://localhost:3000/_next/static/css/app/layout.css?v=1775471659444 was preloaded using link preload but not used within a few seconds from the window's load event. Please make sure it has an appropriate `as` value and it is preloaded intentionally. @ http://localhost:3000/presentations/editor?id=pres-1775471431101-sgdeti:0
[  451859ms] [WARNING] The resource http://localhost:3000/_next/static/css/app/layout.css?v=1775471491973 was preloaded using link preload but not used within a few seconds from the window's load event. Please make sure it has an appropriate `as` value and it is preloaded intentionally. @ http://localhost:3000/presentations/editor?id=pres-1775471431101-sgdeti:0
[  451859ms] [WARNING] The resource http://localhost:3000/_next/static/css/app/layout.css?v=1775471765864 was preloaded using link preload but not used within a few seconds from the window's load event. Please make sure it has an appropriate `as` value and it is preloaded intentionally. @ http://localhost:3000/presentations/editor?id=pres-1775471431101-sgdeti:0
[  451859ms] [WARNING] The resource http://localhost:3000/_next/static/css/app/layout.css?v=1775471491371 was preloaded using link preload but not used within a few seconds from the window's load event. Please make sure it has an appropriate `as` value and it is preloaded intentionally. @ http://localhost:3000/presentations/editor?id=pres-1775471431101-sgdeti:0
[  451859ms] [WARNING] The resource http://localhost:3000/_next/static/css/app/layout.css?v=1775471867159 was preloaded using link preload but not used within a few seconds from the window's load event. Please make sure it has an appropriate `as` value and it is preloaded intentionally. @ http://localhost:3000/presentations/editor?id=pres-1775471431101-sgdeti:0
[  451859ms] [WARNING] The resource http://localhost:3000/_next/static/css/app/layout.css?v=1775471459852 was preloaded using link preload but not used within a few seconds from the window's load event. Please make sure it has an appropriate `as` value and it is preloaded intentionally. @ http://localhost:3000/presentations/editor?id=pres-1775471431101-sgdeti:0
[  451859ms] [WARNING] The resource http://localhost:3000/_next/static/css/app/layout.css?v=1775471557923 was preloaded using link preload but not used within a few seconds from the window's load event. Please make sure it has an appropriate `as` value and it is preloaded intentionally. @ http://localhost:3000/presentations/editor?id=pres-1775471431101-sgdeti:0
[  451859ms] [WARNING] The resource http://localhost:3000/_next/static/css/app/layout.css?v=1775471542086 was preloaded using link preload but not used within a few seconds from the window's load event. Please make sure it has an appropriate `as` value and it is preloaded intentionally. @ http://localhost:3000/presentations/editor?id=pres-1775471431101-sgdeti:0
[  451859ms] [WARNING] The resource http://localhost:3000/_next/static/css/app/layout.css?v=1775471692606 was preloaded using link preload but not used within a few seconds from the window's load event. Please make sure it has an appropriate `as` value and it is preloaded intentionally. @ http://localhost:3000/presentations/editor?id=pres-1775471431101-sgdeti:0
[  451859ms] [WARNING] The resource http://localhost:3000/_next/static/css/app/layout.css?v=1775471597021 was preloaded using link preload but not used within a few seconds from the window's load event. Please make sure it has an appropriate `as` value and it is preloaded intentionally. @ http://localhost:3000/presentations/editor?id=pres-1775471431101-sgdeti:0
[  451859ms] [WARNING] The resource http://localhost:3000/_next/static/css/app/layout.css?v=1775471763553 was preloaded using link preload but not used within a few seconds from the window's load event. Please make sure it has an appropriate `as` value and it is preloaded intentionally. @ http://localhost:3000/presentations/editor?id=pres-1775471431101-sgdeti:0
[  451859ms] [WARNING] The resource http://localhost:3000/_next/static/css/app/layout.css?v=1775471442508 was preloaded using link preload but not used within a few seconds from the window's load event. Please make sure it has an appropriate `as` value and it is preloaded intentionally. @ http://localhost:3000/presentations/editor?id=pres-1775471431101-sgdeti:0
[  451859ms] [WARNING] The resource http://localhost:3000/_next/static/css/app/layout.css?v=1775471674040 was preloaded using link preload but not used within a few seconds from the window's load event. Please make sure it has an appropriate `as` value and it is preloaded intentionally. @ http://localhost:3000/presentations/editor?id=pres-1775471431101-sgdeti:0
[  451859ms] [WARNING] The resource http://localhost:3000/_next/static/css/app/layout.css?v=1775471634385 was preloaded using link preload but not used within a few seconds from the window's load event. Please make sure it has an appropriate `as` value and it is preloaded intentionally. @ http://localhost:3000/presentations/editor?id=pres-1775471431101-sgdeti:0
[  451859ms] [WARNING] The resource http://localhost:3000/_next/static/css/app/layout.css?v=1775471499032 was preloaded using link preload but not used within a few seconds from the window's load event. Please make sure it has an appropriate `as` value and it is preloaded intentionally. @ http://localhost:3000/presentations/editor?id=pres-1775471431101-sgdeti:0
[  451859ms] [WARNING] The resource http://localhost:3000/_next/static/css/app/layout.css?v=1775471683820 was preloaded using link preload but not used within a few seconds from the window's load event. Please make sure it has an appropriate `as` value and it is preloaded intentionally. @ http://localhost:3000/presentations/editor?id=pres-1775471431101-sgdeti:0
[  451859ms] [WARNING] The resource http://localhost:3000/_next/static/css/app/layout.css?v=1775471713824 was preloaded using link preload but not used within a few seconds from the window's load event. Please make sure it has an appropriate `as` value and it is preloaded intentionally. @ http://localhost:3000/presentations/editor?id=pres-1775471431101-sgdeti:0
[  451859ms] [WARNING] The resource http://localhost:3000/_next/static/css/app/layout.css?v=1775471742044 was preloaded using link preload but not used within a few seconds from the window's load event. Please make sure it has an appropriate `as` value and it is preloaded intentionally. @ http://localhost:3000/presentations/editor?id=pres-1775471431101-sgdeti:0
[  451859ms] [WARNING] The resource http://localhost:3000/_next/static/css/app/layout.css?v=1775471496532 was preloaded using link preload but not used within a few seconds from the window's load event. Please make sure it has an appropriate `as` value and it is preloaded intentionally. @ http://localhost:3000/presentations/editor?id=pres-1775471431101-sgdeti:0
[  451859ms] [WARNING] The resource http://localhost:3000/_next/static/css/app/layout.css?v=1775471548426 was preloaded using link preload but not used within a few seconds from the window's load event. Please make sure it has an appropriate `as` value and it is preloaded intentionally. @ http://localhost:3000/presentations/editor?id=pres-1775471431101-sgdeti:0
[  451859ms] [WARNING] The resource http://localhost:3000/_next/static/css/app/layout.css?v=1775471480799 was preloaded using link preload but not used within a few seconds from the window's load event. Please make sure it has an appropriate `as` value and it is preloaded intentionally. @ http://localhost:3000/presentations/editor?id=pres-1775471431101-sgdeti:0
[  451859ms] [WARNING] The resource http://localhost:3000/_next/static/css/app/layout.css?v=1775471715830 was preloaded using link preload but not used within a few seconds from the window's load event. Please make sure it has an appropriate `as` value and it is preloaded intentionally. @ http://localhost:3000/presentations/editor?id=pres-1775471431101-sgdeti:0
[  451859ms] [WARNING] The resource http://localhost:3000/_next/static/css/app/layout.css?v=1775471601546 was preloaded using link preload but not used within a few seconds from the window's load event. Please make sure it has an appropriate `as` value and it is preloaded intentionally. @ http://localhost:3000/presentations/editor?id=pres-1775471431101-sgdeti:0
[  451859ms] [WARNING] The resource http://localhost:3000/_next/static/css/app/layout.css?v=1775471671591 was preloaded using link preload but not used within a few seconds from the window's load event. Please make sure it has an appropriate `as` value and it is preloaded intentionally. @ http://localhost:3000/presentations/editor?id=pres-1775471431101-sgdeti:0
[  451859ms] [WARNING] The resource http://localhost:3000/_next/static/css/app/layout.css?v=1775471810911 was preloaded using link preload but not used within a few seconds from the window's load event. Please make sure it has an appropriate `as` value and it is preloaded intentionally. @ http://localhost:3000/presentations/editor?id=pres-1775471431101-sgdeti:0
[  451859ms] [WARNING] The resource http://localhost:3000/_next/static/css/app/layout.css?v=1775471657618 was preloaded using link preload but not used within a few seconds from the window's load event. Please make sure it has an appropriate `as` value and it is preloaded intentionally. @ http://localhost:3000/presentations/editor?id=pres-1775471431101-sgdeti:0
[  451859ms] [WARNING] The resource http://localhost:3000/_next/static/css/app/layout.css?v=1775471708883 was preloaded using link preload but not used within a few seconds from the window's load event. Please make sure it has an appropriate `as` value and it is preloaded intentionally. @ http://localhost:3000/presentations/editor?id=pres-1775471431101-sgdeti:0
[  451859ms] [WARNING] The resource http://localhost:3000/_next/static/css/app/layout.css?v=1775471818679 was preloaded using link preload but not used within a few seconds from the window's load event. Please make sure it has an appropriate `as` value and it is preloaded intentionally. @ http://localhost:3000/presentations/editor?id=pres-1775471431101-sgdeti:0
[  451859ms] [WARNING] The resource http://localhost:3000/_next/static/css/app/layout.css?v=1775471828615 was preloaded using link preload but not used within a few seconds from the window's load event. Please make sure it has an appropriate `as` value and it is preloaded intentionally. @ http://localhost:3000/presentations/editor?id=pres-1775471431101-sgdeti:0
[  451859ms] [WARNING] The resource http://localhost:3000/_next/static/css/app/layout.css?v=1775471847267 was preloaded using link preload but not used within a few seconds from the window's load event. Please make sure it has an appropriate `as` value and it is preloaded intentionally. @ http://localhost:3000/presentations/editor?id=pres-1775471431101-sgdeti:0
[  451859ms] [WARNING] The resource http://localhost:3000/_next/static/css/app/layout.css?v=1775471582510 was preloaded using link preload but not used within a few seconds from the window's load event. Please make sure it has an appropriate `as` value and it is preloaded intentionally. @ http://localhost:3000/presentations/editor?id=pres-1775471431101-sgdeti:0
[  451859ms] [WARNING] The resource http://localhost:3000/_next/static/css/app/layout.css?v=1775471577865 was preloaded using link preload but not used within a few seconds from the window's load event. Please make sure it has an appropriate `as` value and it is preloaded intentionally. @ http://localhost:3000/presentations/editor?id=pres-1775471431101-sgdeti:0
[  451859ms] [WARNING] The resource http://localhost:3000/_next/static/css/app/layout.css?v=1775471695849 was preloaded using link preload but not used within a few seconds from the window's load event. Please make sure it has an appropriate `as` value and it is preloaded intentionally. @ http://localhost:3000/presentations/editor?id=pres-1775471431101-sgdeti:0
[  451859ms] [WARNING] The resource http://localhost:3000/_next/static/css/app/layout.css?v=1775471761641 was preloaded using link preload but not used within a few seconds from the window's load event. Please make sure it has an appropriate `as` value and it is preloaded intentionally. @ http://localhost:3000/presentations/editor?id=pres-1775471431101-sgdeti:0
[  451859ms] [WARNING] The resource http://localhost:3000/_next/static/css/app/layout.css?v=1775471591478 was preloaded using link preload but not used within a few seconds from the window's load event. Please make sure it has an appropriate `as` value and it is preloaded intentionally. @ http://localhost:3000/presentations/editor?id=pres-1775471431101-sgdeti:0
[  451859ms] [WARNING] The resource http://localhost:3000/_next/static/css/app/layout.css?v=1775471637565 was preloaded using link preload but not used within a few seconds from the window's load event. Please make sure it has an appropriate `as` value and it is preloaded intentionally. @ http://localhost:3000/presentations/editor?id=pres-1775471431101-sgdeti:0
[  451859ms] [WARNING] The resource http://localhost:3000/_next/static/css/app/layout.css?v=1775471463095 was preloaded using link preload but not used within a few seconds from the window's load event. Please make sure it has an appropriate `as` value and it is preloaded intentionally. @ http://localhost:3000/presentations/editor?id=pres-1775471431101-sgdeti:0
[  451859ms] [WARNING] The resource http://localhost:3000/_next/static/css/app/layout.css?v=1775471687011 was preloaded using link preload but not used within a few seconds from the window's load event. Please make sure it has an appropriate `as` value and it is preloaded intentionally. @ http://localhost:3000/presentations/editor?id=pres-1775471431101-sgdeti:0
[  451859ms] [WARNING] The resource http://localhost:3000/_next/static/css/app/layout.css?v=1775471549167 was preloaded using link preload but not used within a few seconds from the window's load event. Please make sure it has an appropriate `as` value and it is preloaded intentionally. @ http://localhost:3000/presentations/editor?id=pres-1775471431101-sgdeti:0
[  451859ms] [WARNING] The resource http://localhost:3000/_next/static/css/app/layout.css?v=1775471714471 was preloaded using link preload but not used within a few seconds from the window's load event. Please make sure it has an appropriate `as` value and it is preloaded intentionally. @ http://localhost:3000/presentations/editor?id=pres-1775471431101-sgdeti:0
[  451859ms] [WARNING] The resource http://localhost:3000/_next/static/css/app/layout.css?v=1775471735075 was preloaded using link preload but not used within a few seconds from the window's load event. Please make sure it has an appropriate `as` value and it is preloaded intentionally. @ http://localhost:3000/presentations/editor?id=pres-1775471431101-sgdeti:0
[  451859ms] [WARNING] The resource http://localhost:3000/_next/static/css/app/layout.css?v=1775471850522 was preloaded using link preload but not used within a few seconds from the window's load event. Please make sure it has an appropriate `as` value and it is preloaded intentionally. @ http://localhost:3000/presentations/editor?id=pres-1775471431101-sgdeti:0
[  451859ms] [WARNING] The resource http://localhost:3000/_next/static/css/app/layout.css?v=1775471866215 was preloaded using link preload but not used within a few seconds from the window's load event. Please make sure it has an appropriate `as` value and it is preloaded intentionally. @ http://localhost:3000/presentations/editor?id=pres-1775471431101-sgdeti:0
[  451859ms] [WARNING] The resource http://localhost:3000/_next/static/css/app/layout.css?v=1775471455307 was preloaded using link preload but not used within a few seconds from the window's load event. Please make sure it has an appropriate `as` value and it is preloaded intentionally. @ http://localhost:3000/presentations/editor?id=pres-1775471431101-sgdeti:0
[  451859ms] [WARNING] The resource http://localhost:3000/_next/static/css/app/layout.css?v=1775471566500 was preloaded using link preload but not used within a few seconds from the window's load event. Please make sure it has an appropriate `as` value and it is preloaded intentionally. @ http://localhost:3000/presentations/editor?id=pres-1775471431101-sgdeti:0
[  451859ms] [WARNING] The resource http://localhost:3000/_next/static/css/app/layout.css?v=1775471801799 was preloaded using link preload but not used within a few seconds from the window's load event. Please make sure it has an appropriate `as` value and it is preloaded intentionally. @ http://localhost:3000/presentations/editor?id=pres-1775471431101-sgdeti:0
[  451860ms] [WARNING] The resource http://localhost:3000/_next/static/css/app/layout.css?v=1775471657013 was preloaded using link preload but not used within a few seconds from the window's load event. Please make sure it has an appropriate `as` value and it is preloaded intentionally. @ http://localhost:3000/presentations/editor?id=pres-1775471431101-sgdeti:0
[  451860ms] [WARNING] The resource http://localhost:3000/_next/static/css/app/layout.css?v=1775471843091 was preloaded using link preload but not used within a few seconds from the window's load event. Please make sure it has an appropriate `as` value and it is preloaded intentionally. @ http://localhost:3000/presentations/editor?id=pres-1775471431101-sgdeti:0
[  451860ms] [WARNING] The resource http://localhost:3000/_next/static/css/app/layout.css?v=1775471725944 was preloaded using link preload but not used within a few seconds from the window's load event. Please make sure it has an appropriate `as` value and it is preloaded intentionally. @ http://localhost:3000/presentations/editor?id=pres-1775471431101-sgdeti:0
[  451860ms] [WARNING] The resource http://localhost:3000/_next/static/css/app/layout.css?v=1775471486823 was preloaded using link preload but not used within a few seconds from the window's load event. Please make sure it has an appropriate `as` value and it is preloaded intentionally. @ http://localhost:3000/presentations/editor?id=pres-1775471431101-sgdeti:0
[  451860ms] [WARNING] The resource http://localhost:3000/_next/static/css/app/layout.css?v=1775471736334 was preloaded using link preload but not used within a few seconds from the window's load event. Please make sure it has an appropriate `as` value and it is preloaded intentionally. @ http://localhost:3000/presentations/editor?id=pres-1775471431101-sgdeti:0
[  451860ms] [WARNING] The resource http://localhost:3000/_next/static/css/app/layout.css?v=1775471631250 was preloaded using link preload but not used within a few seconds from the window's load event. Please make sure it has an appropriate `as` value and it is preloaded intentionally. @ http://localhost:3000/presentations/editor?id=pres-1775471431101-sgdeti:0
[  451860ms] [WARNING] The resource http://localhost:3000/_next/static/css/app/layout.css?v=1775471844094 was preloaded using link preload but not used within a few seconds from the window's load event. Please make sure it has an appropriate `as` value and it is preloaded intentionally. @ http://localhost:3000/presentations/editor?id=pres-1775471431101-sgdeti:0
[  451860ms] [WARNING] The resource http://localhost:3000/_next/static/css/app/layout.css?v=1775471532526 was preloaded using link preload but not used within a few seconds from the window's load event. Please make sure it has an appropriate `as` value and it is preloaded intentionally. @ http://localhost:3000/presentations/editor?id=pres-1775471431101-sgdeti:0
[  451860ms] [WARNING] The resource http://localhost:3000/_next/static/css/app/layout.css?v=1775471604027 was preloaded using link preload but not used within a few seconds from the window's load event. Please make sure it has an appropriate `as` value and it is preloaded intentionally. @ http://localhost:3000/presentations/editor?id=pres-1775471431101-sgdeti:0
[  451860ms] [WARNING] The resource http://localhost:3000/_next/static/css/app/layout.css?v=1775471460559 was preloaded using link preload but not used within a few seconds from the window's load event. Please make sure it has an appropriate `as` value and it is preloaded intentionally. @ http://localhost:3000/presentations/editor?id=pres-1775471431101-sgdeti:0
[  451860ms] [WARNING] The resource http://localhost:3000/_next/static/css/app/layout.css?v=1775471782977 was preloaded using link preload but not used within a few seconds from the window's load event. Please make sure it has an appropriate `as` value and it is preloaded intentionally. @ http://localhost:3000/presentations/editor?id=pres-1775471431101-sgdeti:0
[  451860ms] [WARNING] The resource http://localhost:3000/_next/static/css/app/layout.css?v=1775471544651 was preloaded using link preload but not used within a few seconds from the window's load event. Please make sure it has an appropriate `as` value and it is preloaded intentionally. @ http://localhost:3000/presentations/editor?id=pres-1775471431101-sgdeti:0
[  451860ms] [WARNING] The resource http://localhost:3000/_next/static/css/app/layout.css?v=1775471596408 was preloaded using link preload but not used within a few seconds from the window's load event. Please make sure it has an appropriate `as` value and it is preloaded intentionally. @ http://localhost:3000/presentations/editor?id=pres-1775471431101-sgdeti:0
[  451860ms] [WARNING] The resource http://localhost:3000/_next/static/css/app/layout.css?v=1775471728436 was preloaded using link preload but not used within a few seconds from the window's load event. Please make sure it has an appropriate `as` value and it is preloaded intentionally. @ http://localhost:3000/presentations/editor?id=pres-1775471431101-sgdeti:0
[  451860ms] [WARNING] The resource http://localhost:3000/_next/static/css/app/layout.css?v=1775471665164 was preloaded using link preload but not used within a few seconds from the window's load event. Please make sure it has an appropriate `as` value and it is preloaded intentionally. @ http://localhost:3000/presentations/editor?id=pres-1775471431101-sgdeti:0
[  451860ms] [WARNING] The resource http://localhost:3000/_next/static/css/app/layout.css?v=1775471615358 was preloaded using link preload but not used within a few seconds from the window's load event. Please make sure it has an appropriate `as` value and it is preloaded intentionally. @ http://localhost:3000/presentations/editor?id=pres-1775471431101-sgdeti:0
[  451860ms] [WARNING] The resource http://localhost:3000/_next/static/css/app/layout.css?v=1775471479515 was preloaded using link preload but not used within a few seconds from the window's load event. Please make sure it has an appropriate `as` value and it is preloaded intentionally. @ http://localhost:3000/presentations/editor?id=pres-1775471431101-sgdeti:0
[  451860ms] [WARNING] The resource http://localhost:3000/_next/static/css/app/layout.css?v=1775471860998 was preloaded using link preload but not used within a few seconds from the window's load event. Please make sure it has an appropriate `as` value and it is preloaded intentionally. @ http://localhost:3000/presentations/editor?id=pres-1775471431101-sgdeti:0
[  451860ms] [WARNING] The resource http://localhost:3000/_next/static/css/app/layout.css?v=1775471566396 was preloaded using link preload but not used within a few seconds from the window's load event. Please make sure it has an appropriate `as` value and it is preloaded intentionally. @ http://localhost:3000/presentations/editor?id=pres-1775471431101-sgdeti:0
[  451860ms] [WARNING] The resource http://localhost:3000/_next/static/css/app/layout.css?v=1775471527993 was preloaded using link preload but not used within a few seconds from the window's load event. Please make sure it has an appropriate `as` value and it is preloaded intentionally. @ http://localhost:3000/presentations/editor?id=pres-1775471431101-sgdeti:0
[  451860ms] [WARNING] The resource http://localhost:3000/_next/static/css/app/layout.css?v=1775471543317 was preloaded using link preload but not used within a few seconds from the window's load event. Please make sure it has an appropriate `as` value and it is preloaded intentionally. @ http://localhost:3000/presentations/editor?id=pres-1775471431101-sgdeti:0
[  451860ms] [WARNING] The resource http://localhost:3000/_next/static/css/app/layout.css?v=1775471553493 was preloaded using link preload but not used within a few seconds from the window's load event. Please make sure it has an appropriate `as` value and it is preloaded intentionally. @ http://localhost:3000/presentations/editor?id=pres-1775471431101-sgdeti:0
[  451860ms] [WARNING] The resource http://localhost:3000/_next/static/css/app/layout.css?v=1775471748447 was preloaded using link preload but not used within a few seconds from the window's load event. Please make sure it has an appropriate `as` value and it is preloaded intentionally. @ http://localhost:3000/presentations/editor?id=pres-1775471431101-sgdeti:0
[  451860ms] [WARNING] The resource http://localhost:3000/_next/static/css/app/layout.css?v=1775471490617 was preloaded using link preload but not used within a few seconds from the window's load event. Please make sure it has an appropriate `as` value and it is preloaded intentionally. @ http://localhost:3000/presentations/editor?id=pres-1775471431101-sgdeti:0
[  451860ms] [WARNING] The resource http://localhost:3000/_next/static/css/app/layout.css?v=1775471492613 was preloaded using link preload but not used within a few seconds from the window's load event. Please make sure it has an appropriate `as` value and it is preloaded intentionally. @ http://localhost:3000/presentations/editor?id=pres-1775471431101-sgdeti:0
[  451860ms] [WARNING] The resource http://localhost:3000/_next/static/css/app/layout.css?v=1775471851807 was preloaded using link preload but not used within a few seconds from the window's load event. Please make sure it has an appropriate `as` value and it is preloaded intentionally. @ http://localhost:3000/presentations/editor?id=pres-1775471431101-sgdeti:0
[  451860ms] [WARNING] The resource http://localhost:3000/_next/static/css/app/layout.css?v=1775471653753 was preloaded using link preload but not used within a few seconds from the window's load event. Please make sure it has an appropriate `as` value and it is preloaded intentionally. @ http://localhost:3000/presentations/editor?id=pres-1775471431101-sgdeti:0
[  451860ms] [WARNING] The resource http://localhost:3000/_next/static/css/app/layout.css?v=1775471722729 was preloaded using link preload but not used within a few seconds from the window's load event. Please make sure it has an appropriate `as` value and it is preloaded intentionally. @ http://localhost:3000/presentations/editor?id=pres-1775471431101-sgdeti:0
[  451860ms] [WARNING] The resource http://localhost:3000/_next/static/css/app/layout.css?v=1775471685028 was preloaded using link preload but not used within a few seconds from the window's load event. Please make sure it has an appropriate `as` value and it is preloaded intentionally. @ http://localhost:3000/presentations/editor?id=pres-1775471431101-sgdeti:0
[  451860ms] [WARNING] The resource http://localhost:3000/_next/static/css/app/layout.css?v=1775471576722 was preloaded using link preload but not used within a few seconds from the window's load event. Please make sure it has an appropriate `as` value and it is preloaded intentionally. @ http://localhost:3000/presentations/editor?id=pres-1775471431101-sgdeti:0
[  451860ms] [WARNING] The resource http://localhost:3000/_next/static/css/app/layout.css?v=1775471674899 was preloaded using link preload but not used within a few seconds from the window's load event. Please make sure it has an appropriate `as` value and it is preloaded intentionally. @ http://localhost:3000/presentations/editor?id=pres-1775471431101-sgdeti:0
[  451860ms] [WARNING] The resource http://localhost:3000/_next/static/css/app/layout.css?v=1775471744722 was preloaded using link preload but not used within a few seconds from the window's load event. Please make sure it has an appropriate `as` value and it is preloaded intentionally. @ http://localhost:3000/presentations/editor?id=pres-1775471431101-sgdeti:0
[  451860ms] [WARNING] The resource http://localhost:3000/_next/static/css/app/layout.css?v=1775471772727 was preloaded using link preload but not used within a few seconds from the window's load event. Please make sure it has an appropriate `as` value and it is preloaded intentionally. @ http://localhost:3000/presentations/editor?id=pres-1775471431101-sgdeti:0
[  451860ms] [WARNING] The resource http://localhost:3000/_next/static/css/app/layout.css?v=1775471769120 was preloaded using link preload but not used within a few seconds from the window's load event. Please make sure it has an appropriate `as` value and it is preloaded intentionally. @ http://localhost:3000/presentations/editor?id=pres-1775471431101-sgdeti:0
[  451860ms] [WARNING] The resource http://localhost:3000/_next/static/css/app/layout.css?v=1775471679325 was preloaded using link preload but not used within a few seconds from the window's load event. Please make sure it has an appropriate `as` value and it is preloaded intentionally. @ http://localhost:3000/presentations/editor?id=pres-1775471431101-sgdeti:0
[  451860ms] [WARNING] The resource http://localhost:3000/_next/static/css/app/layout.css?v=1775471569051 was preloaded using link preload but not used within a few seconds from the window's load event. Please make sure it has an appropriate `as` value and it is preloaded intentionally. @ http://localhost:3000/presentations/editor?id=pres-1775471431101-sgdeti:0
[  451860ms] [WARNING] The resource http://localhost:3000/_next/static/css/app/layout.css?v=1775471746598 was preloaded using link preload but not used within a few seconds from the window's load event. Please make sure it has an appropriate `as` value and it is preloaded intentionally. @ http://localhost:3000/presentations/editor?id=pres-1775471431101-sgdeti:0
[  451860ms] [WARNING] The resource http://localhost:3000/_next/static/css/app/layout.css?v=1775471685663 was preloaded using link preload but not used within a few seconds from the window's load event. Please make sure it has an appropriate `as` value and it is preloaded intentionally. @ http://localhost:3000/presentations/editor?id=pres-1775471431101-sgdeti:0
[  451860ms] [WARNING] The resource http://localhost:3000/_next/static/css/app/layout.css?v=1775471478889 was preloaded using link preload but not used within a few seconds from the window's load event. Please make sure it has an appropriate `as` value and it is preloaded intentionally. @ http://localhost:3000/presentations/editor?id=pres-1775471431101-sgdeti:0
[  451860ms] [WARNING] The resource http://localhost:3000/_next/static/css/app/layout.css?v=1775471502302 was preloaded using link preload but not used within a few seconds from the window's load event. Please make sure it has an appropriate `as` value and it is preloaded intentionally. @ http://localhost:3000/presentations/editor?id=pres-1775471431101-sgdeti:0
[  451860ms] [WARNING] The resource http://localhost:3000/_next/static/css/app/layout.css?v=1775471493852 was preloaded using link preload but not used within a few seconds from the window's load event. Please make sure it has an appropriate `as` value and it is preloaded intentionally. @ http://localhost:3000/presentations/editor?id=pres-1775471431101-sgdeti:0
[  451860ms] [WARNING] The resource http://localhost:3000/_next/static/css/app/layout.css?v=1775471706902 was preloaded using link preload but not used within a few seconds from the window's load event. Please make sure it has an appropriate `as` value and it is preloaded intentionally. @ http://localhost:3000/presentations/editor?id=pres-1775471431101-sgdeti:0
[  451860ms] [WARNING] The resource http://localhost:3000/_next/static/css/app/layout.css?v=1775471533771 was preloaded using link preload but not used within a few seconds from the window's load event. Please make sure it has an appropriate `as` value and it is preloaded intentionally. @ http://localhost:3000/presentations/editor?id=pres-1775471431101-sgdeti:0
[  451860ms] [WARNING] The resource http://localhost:3000/_next/static/css/app/layout.css?v=1775471495258 was preloaded using link preload but not used within a few seconds from the window's load event. Please make sure it has an appropriate `as` value and it is preloaded intentionally. @ http://localhost:3000/presentations/editor?id=pres-1775471431101-sgdeti:0
[  451860ms] [WARNING] The resource http://localhost:3000/_next/static/css/app/layout.css?v=1775471603399 was preloaded using link preload but not used within a few seconds from the window's load event. Please make sure it has an appropriate `as` value and it is preloaded intentionally. @ http://localhost:3000/presentations/editor?id=pres-1775471431101-sgdeti:0
[  451860ms] [WARNING] The resource http://localhost:3000/_next/static/css/app/layout.css?v=1775471770238 was preloaded using link preload but not used within a few seconds from the window's load event. Please make sure it has an appropriate `as` value and it is preloaded intentionally. @ http://localhost:3000/presentations/editor?id=pres-1775471431101-sgdeti:0
[  451860ms] [WARNING] The resource http://localhost:3000/_next/static/css/app/layout.css?v=1775471751267 was preloaded using link preload but not used within a few seconds from the window's load event. Please make sure it has an appropriate `as` value and it is preloaded intentionally. @ http://localhost:3000/presentations/editor?id=pres-1775471431101-sgdeti:0
[  451860ms] [WARNING] The resource http://localhost:3000/_next/static/css/app/layout.css?v=1775471539639 was preloaded using link preload but not used within a few seconds from the window's load event. Please make sure it has an appropriate `as` value and it is preloaded intentionally. @ http://localhost:3000/presentations/editor?id=pres-1775471431101-sgdeti:0
[  451860ms] [WARNING] The resource http://localhost:3000/_next/static/css/app/layout.css?v=1775471570914 was preloaded using link preload but not used within a few seconds from the window's load event. Please make sure it has an appropriate `as` value and it is preloaded intentionally. @ http://localhost:3000/presentations/editor?id=pres-1775471431101-sgdeti:0
[  451860ms] [WARNING] The resource http://localhost:3000/_next/static/css/app/layout.css?v=1775471608448 was preloaded using link preload but not used within a few seconds from the window's load event. Please make sure it has an appropriate `as` value and it is preloaded intentionally. @ http://localhost:3000/presentations/editor?id=pres-1775471431101-sgdeti:0
[  451860ms] [WARNING] The resource http://localhost:3000/_next/static/css/app/layout.css?v=1775471528598 was preloaded using link preload but not used within a few seconds from the window's load event. Please make sure it has an appropriate `as` value and it is preloaded intentionally. @ http://localhost:3000/presentations/editor?id=pres-1775471431101-sgdeti:0
[  451860ms] [WARNING] The resource http://localhost:3000/_next/static/css/app/layout.css?v=1775471628686 was preloaded using link preload but not used within a few seconds from the window's load event. Please make sure it has an appropriate `as` value and it is preloaded intentionally. @ http://localhost:3000/presentations/editor?id=pres-1775471431101-sgdeti:0
[  451860ms] [WARNING] The resource http://localhost:3000/_next/static/css/app/layout.css?v=1775471806355 was preloaded using link preload but not used within a few seconds from the window's load event. Please make sure it has an appropriate `as` value and it is preloaded intentionally. @ http://localhost:3000/presentations/editor?id=pres-1775471431101-sgdeti:0
[  451860ms] [WARNING] The resource http://localhost:3000/_next/static/css/app/layout.css?v=1775471448276 was preloaded using link preload but not used within a few seconds from the window's load event. Please make sure it has an appropriate `as` value and it is preloaded intentionally. @ http://localhost:3000/presentations/editor?id=pres-1775471431101-sgdeti:0
[  451860ms] [WARNING] The resource http://localhost:3000/_next/static/css/app/layout.css?v=1775471760942 was preloaded using link preload but not used within a few seconds from the window's load event. Please make sure it has an appropriate `as` value and it is preloaded intentionally. @ http://localhost:3000/presentations/editor?id=pres-1775471431101-sgdeti:0
[  451860ms] [WARNING] The resource http://localhost:3000/_next/static/css/app/layout.css?v=1775471820807 was preloaded using link preload but not used within a few seconds from the window's load event. Please make sure it has an appropriate `as` value and it is preloaded intentionally. @ http://localhost:3000/presentations/editor?id=pres-1775471431101-sgdeti:0
[  451860ms] [WARNING] The resource http://localhost:3000/_next/static/css/app/layout.css?v=1775471520738 was preloaded using link preload but not used within a few seconds from the window's load event. Please make sure it has an appropriate `as` value and it is preloaded intentionally. @ http://localhost:3000/presentations/editor?id=pres-1775471431101-sgdeti:0
[  451860ms] [WARNING] The resource http://localhost:3000/_next/static/css/app/layout.css?v=1775471693842 was preloaded using link preload but not used within a few seconds from the window's load event. Please make sure it has an appropriate `as` value and it is preloaded intentionally. @ http://localhost:3000/presentations/editor?id=pres-1775471431101-sgdeti:0
[  451860ms] [WARNING] The resource http://localhost:3000/_next/static/css/app/layout.css?v=1775471622268 was preloaded using link preload but not used within a few seconds from the window's load event. Please make sure it has an appropriate `as` value and it is preloaded intentionally. @ http://localhost:3000/presentations/editor?id=pres-1775471431101-sgdeti:0
[  451860ms] [WARNING] The resource http://localhost:3000/_next/static/css/app/layout.css?v=1775471785083 was preloaded using link preload but not used within a few seconds from the window's load event. Please make sure it has an appropriate `as` value and it is preloaded intentionally. @ http://localhost:3000/presentations/editor?id=pres-1775471431101-sgdeti:0
[  451860ms] [WARNING] The resource http://localhost:3000/_next/static/css/app/layout.css?v=1775471501681 was preloaded using link preload but not used within a few seconds from the window's load event. Please make sure it has an appropriate `as` value and it is preloaded intentionally. @ http://localhost:3000/presentations/editor?id=pres-1775471431101-sgdeti:0
[  451861ms] [WARNING] The resource http://localhost:3000/_next/static/css/app/layout.css?v=1775471822807 was preloaded using link preload but not used within a few seconds from the window's load event. Please make sure it has an appropriate `as` value and it is preloaded intentionally. @ http://localhost:3000/presentations/editor?id=pres-1775471431101-sgdeti:0
[  451861ms] [WARNING] The resource http://localhost:3000/_next/static/css/app/layout.css?v=1775471735704 was preloaded using link preload but not used within a few seconds from the window's load event. Please make sure it has an appropriate `as` value and it is preloaded intentionally. @ http://localhost:3000/presentations/editor?id=pres-1775471431101-sgdeti:0
[  451861ms] [WARNING] The resource http://localhost:3000/_next/static/css/app/layout.css?v=1775471679949 was preloaded using link preload but not used within a few seconds from the window's load event. Please make sure it has an appropriate `as` value and it is preloaded intentionally. @ http://localhost:3000/presentations/editor?id=pres-1775471431101-sgdeti:0
[  451861ms] [WARNING] The resource http://localhost:3000/_next/static/css/app/layout.css?v=1775471819342 was preloaded using link preload but not used within a few seconds from the window's load event. Please make sure it has an appropriate `as` value and it is preloaded intentionally. @ http://localhost:3000/presentations/editor?id=pres-1775471431101-sgdeti:0
[  451861ms] [WARNING] The resource http://localhost:3000/_next/static/css/app/layout.css?v=1775471788205 was preloaded using link preload but not used within a few seconds from the window's load event. Please make sure it has an appropriate `as` value and it is preloaded intentionally. @ http://localhost:3000/presentations/editor?id=pres-1775471431101-sgdeti:0
[  451861ms] [WARNING] The resource http://localhost:3000/_next/static/css/app/layout.css?v=1775471482270 was preloaded using link preload but not used within a few seconds from the window's load event. Please make sure it has an appropriate `as` value and it is preloaded intentionally. @ http://localhost:3000/presentations/editor?id=pres-1775471431101-sgdeti:0
[  451861ms] [WARNING] The resource http://localhost:3000/_next/static/css/app/layout.css?v=1775471549810 was preloaded using link preload but not used within a few seconds from the window's load event. Please make sure it has an appropriate `as` value and it is preloaded intentionally. @ http://localhost:3000/presentations/editor?id=pres-1775471431101-sgdeti:0
[  451861ms] [WARNING] The resource http://localhost:3000/_next/static/css/app/layout.css?v=1775471593241 was preloaded using link preload but not used within a few seconds from the window's load event. Please make sure it has an appropriate `as` value and it is preloaded intentionally. @ http://localhost:3000/presentations/editor?id=pres-1775471431101-sgdeti:0
[  451861ms] [WARNING] The resource http://localhost:3000/_next/static/css/app/layout.css?v=1775471698918 was preloaded using link preload but not used within a few seconds from the window's load event. Please make sure it has an appropriate `as` value and it is preloaded intentionally. @ http://localhost:3000/presentations/editor?id=pres-1775471431101-sgdeti:0
[  451861ms] [WARNING] The resource http://localhost:3000/_next/static/css/app/layout.css?v=1775471805733 was preloaded using link preload but not used within a few seconds from the window's load event. Please make sure it has an appropriate `as` value and it is preloaded intentionally. @ http://localhost:3000/presentations/editor?id=pres-1775471431101-sgdeti:0
[  451861ms] [WARNING] The resource http://localhost:3000/_next/static/css/app/layout.css?v=1775471622954 was preloaded using link preload but not used within a few seconds from the window's load event. Please make sure it has an appropriate `as` value and it is preloaded intentionally. @ http://localhost:3000/presentations/editor?id=pres-1775471431101-sgdeti:0
[  451861ms] [WARNING] The resource http://localhost:3000/_next/static/css/app/layout.css?v=1775471752414 was preloaded using link preload but not used within a few seconds from the window's load event. Please make sure it has an appropriate `as` value and it is preloaded intentionally. @ http://localhost:3000/presentations/editor?id=pres-1775471431101-sgdeti:0
[  451861ms] [WARNING] The resource http://localhost:3000/_next/static/css/app/layout.css?v=1775471626056 was preloaded using link preload but not used within a few seconds from the window's load event. Please make sure it has an appropriate `as` value and it is preloaded intentionally. @ http://localhost:3000/presentations/editor?id=pres-1775471431101-sgdeti:0
[  451861ms] [WARNING] The resource http://localhost:3000/_next/static/css/app/layout.css?v=1775471798456 was preloaded using link preload but not used within a few seconds from the window's load event. Please make sure it has an appropriate `as` value and it is preloaded intentionally. @ http://localhost:3000/presentations/editor?id=pres-1775471431101-sgdeti:0
[  451861ms] [WARNING] The resource http://localhost:3000/_next/static/css/app/layout.css?v=1775471572152 was preloaded using link preload but not used within a few seconds from the window's load event. Please make sure it has an appropriate `as` value and it is preloaded intentionally. @ http://localhost:3000/presentations/editor?id=pres-1775471431101-sgdeti:0
[  451861ms] [WARNING] The resource http://localhost:3000/_next/static/css/app/layout.css?v=1775471791483 was preloaded using link preload but not used within a few seconds from the window's load event. Please make sure it has an appropriate `as` value and it is preloaded intentionally. @ http://localhost:3000/presentations/editor?id=pres-1775471431101-sgdeti:0
[  451861ms] [WARNING] The resource http://localhost:3000/_next/static/css/app/layout.css?v=1775471829965 was preloaded using link preload but not used within a few seconds from the window's load event. Please make sure it has an appropriate `as` value and it is preloaded intentionally. @ http://localhost:3000/presentations/editor?id=pres-1775471431101-sgdeti:0
[  451861ms] [WARNING] The resource http://localhost:3000/_next/static/css/app/layout.css?v=1775471723339 was preloaded using link preload but not used within a few seconds from the window's load event. Please make sure it has an appropriate `as` value and it is preloaded intentionally. @ http://localhost:3000/presentations/editor?id=pres-1775471431101-sgdeti:0
[  451861ms] [WARNING] The resource http://localhost:3000/_next/static/css/app/layout.css?v=1775471542704 was preloaded using link preload but not used within a few seconds from the window's load event. Please make sure it has an appropriate `as` value and it is preloaded intentionally. @ http://localhost:3000/presentations/editor?id=pres-1775471431101-sgdeti:0
[  451861ms] [WARNING] The resource http://localhost:3000/_next/static/css/app/layout.css?v=1775471476434 was preloaded using link preload but not used within a few seconds from the window's load event. Please make sure it has an appropriate `as` value and it is preloaded intentionally. @ http://localhost:3000/presentations/editor?id=pres-1775471431101-sgdeti:0
[  451861ms] [WARNING] The resource http://localhost:3000/_next/static/css/app/layout.css?v=1775471713229 was preloaded using link preload but not used within a few seconds from the window's load event. Please make sure it has an appropriate `as` value and it is preloaded intentionally. @ http://localhost:3000/presentations/editor?id=pres-1775471431101-sgdeti:0
[  451861ms] [WARNING] The resource http://localhost:3000/_next/static/css/app/layout.css?v=1775471536381 was preloaded using link preload but not used within a few seconds from the window's load event. Please make sure it has an appropriate `as` value and it is preloaded intentionally. @ http://localhost:3000/presentations/editor?id=pres-1775471431101-sgdeti:0
[  451861ms] [WARNING] The resource http://localhost:3000/_next/static/css/app/layout.css?v=1775471701726 was preloaded using link preload but not used within a few seconds from the window's load event. Please make sure it has an appropriate `as` value and it is preloaded intentionally. @ http://localhost:3000/presentations/editor?id=pres-1775471431101-sgdeti:0
[  451861ms] [WARNING] The resource http://localhost:3000/_next/static/css/app/layout.css?v=1775471563909 was preloaded using link preload but not used within a few seconds from the window's load event. Please make sure it has an appropriate `as` value and it is preloaded intentionally. @ http://localhost:3000/presentations/editor?id=pres-1775471431101-sgdeti:0
[  451861ms] [WARNING] The resource http://localhost:3000/_next/static/css/app/layout.css?v=1775471634996 was preloaded using link preload but not used within a few seconds from the window's load event. Please make sure it has an appropriate `as` value and it is preloaded intentionally. @ http://localhost:3000/presentations/editor?id=pres-1775471431101-sgdeti:0
[  451861ms] [WARNING] The resource http://localhost:3000/_next/static/css/app/layout.css?v=1775471677615 was preloaded using link preload but not used within a few seconds from the window's load event. Please make sure it has an appropriate `as` value and it is preloaded intentionally. @ http://localhost:3000/presentations/editor?id=pres-1775471431101-sgdeti:0
[  451861ms] [WARNING] The resource http://localhost:3000/_next/static/css/app/layout.css?v=1775471561363 was preloaded using link preload but not used within a few seconds from the window's load event. Please make sure it has an appropriate `as` value and it is preloaded intentionally. @ http://localhost:3000/presentations/editor?id=pres-1775471431101-sgdeti:0
[  451861ms] [WARNING] The resource http://localhost:3000/_next/static/css/app/layout.css?v=1775471530020 was preloaded using link preload but not used within a few seconds from the window's load event. Please make sure it has an appropriate `as` value and it is preloaded intentionally. @ http://localhost:3000/presentations/editor?id=pres-1775471431101-sgdeti:0
[  451861ms] [WARNING] The resource http://localhost:3000/_next/static/css/app/layout.css?v=1775471633170 was preloaded using link preload but not used within a few seconds from the window's load event. Please make sure it has an appropriate `as` value and it is preloaded intentionally. @ http://localhost:3000/presentations/editor?id=pres-1775471431101-sgdeti:0
[  451861ms] [WARNING] The resource http://localhost:3000/_next/static/css/app/layout.css?v=1775471707531 was preloaded using link preload but not used within a few seconds from the window's load event. Please make sure it has an appropriate `as` value and it is preloaded intentionally. @ http://localhost:3000/presentations/editor?id=pres-1775471431101-sgdeti:0
[  451861ms] [WARNING] The resource http://localhost:3000/_next/static/css/app/layout.css?v=1775471458604 was preloaded using link preload but not used within a few seconds from the window's load event. Please make sure it has an appropriate `as` value and it is preloaded intentionally. @ http://localhost:3000/presentations/editor?id=pres-1775471431101-sgdeti:0
[  451861ms] [WARNING] The resource http://localhost:3000/_next/static/css/app/layout.css?v=1775471676864 was preloaded using link preload but not used within a few seconds from the window's load event. Please make sure it has an appropriate `as` value and it is preloaded intentionally. @ http://localhost:3000/presentations/editor?id=pres-1775471431101-sgdeti:0
[  451861ms] [WARNING] The resource http://localhost:3000/_next/static/css/app/layout.css?v=1775471653145 was preloaded using link preload but not used within a few seconds from the window's load event. Please make sure it has an appropriate `as` value and it is preloaded intentionally. @ http://localhost:3000/presentations/editor?id=pres-1775471431101-sgdeti:0
[  451861ms] [WARNING] The resource http://localhost:3000/_next/static/css/app/layout.css?v=1775471871407 was preloaded using link preload but not used within a few seconds from the window's load event. Please make sure it has an appropriate `as` value and it is preloaded intentionally. @ http://localhost:3000/presentations/editor?id=pres-1775471431101-sgdeti:0
[  451861ms] [WARNING] The resource http://localhost:3000/_next/static/css/app/layout.css?v=1775471617898 was preloaded using link preload but not used within a few seconds from the window's load event. Please make sure it has an appropriate `as` value and it is preloaded intentionally. @ http://localhost:3000/presentations/editor?id=pres-1775471431101-sgdeti:0
[  451861ms] [WARNING] The resource http://localhost:3000/_next/static/css/app/layout.css?v=1775471811576 was preloaded using link preload but not used within a few seconds from the window's load event. Please make sure it has an appropriate `as` value and it is preloaded intentionally. @ http://localhost:3000/presentations/editor?id=pres-1775471431101-sgdeti:0
[  451861ms] [WARNING] The resource http://localhost:3000/_next/static/css/app/layout.css?v=1775471825470 was preloaded using link preload but not used within a few seconds from the window's load event. Please make sure it has an appropriate `as` value and it is preloaded intentionally. @ http://localhost:3000/presentations/editor?id=pres-1775471431101-sgdeti:0
[  451861ms] [WARNING] The resource http://localhost:3000/_next/static/css/app/layout.css?v=1775471600811 was preloaded using link preload but not used within a few seconds from the window's load event. Please make sure it has an appropriate `as` value and it is preloaded intentionally. @ http://localhost:3000/presentations/editor?id=pres-1775471431101-sgdeti:0
[  451861ms] [WARNING] The resource http://localhost:3000/_next/static/css/app/layout.css?v=1775471599583 was preloaded using link preload but not used within a few seconds from the window's load event. Please make sure it has an appropriate `as` value and it is preloaded intentionally. @ http://localhost:3000/presentations/editor?id=pres-1775471431101-sgdeti:0
[  451861ms] [WARNING] The resource http://localhost:3000/_next/static/css/app/layout.css?v=1775471762913 was preloaded using link preload but not used within a few seconds from the window's load event. Please make sure it has an appropriate `as` value and it is preloaded intentionally. @ http://localhost:3000/presentations/editor?id=pres-1775471431101-sgdeti:0
[  451861ms] [WARNING] The resource http://localhost:3000/_next/static/css/app/layout.css?v=1775471581885 was preloaded using link preload but not used within a few seconds from the window's load event. Please make sure it has an appropriate `as` value and it is preloaded intentionally. @ http://localhost:3000/presentations/editor?id=pres-1775471431101-sgdeti:0
[  451861ms] [WARNING] The resource http://localhost:3000/_next/static/css/app/layout.css?v=1775471745346 was preloaded using link preload but not used within a few seconds from the window's load event. Please make sure it has an appropriate `as` value and it is preloaded intentionally. @ http://localhost:3000/presentations/editor?id=pres-1775471431101-sgdeti:0
[  451861ms] [WARNING] The resource http://localhost:3000/_next/static/css/app/layout.css?v=1775471710765 was preloaded using link preload but not used within a few seconds from the window's load event. Please make sure it has an appropriate `as` value and it is preloaded intentionally. @ http://localhost:3000/presentations/editor?id=pres-1775471431101-sgdeti:0
[  451861ms] [WARNING] The resource http://localhost:3000/_next/static/css/app/layout.css?v=1775471569683 was preloaded using link preload but not used within a few seconds from the window's load event. Please make sure it has an appropriate `as` value and it is preloaded intentionally. @ http://localhost:3000/presentations/editor?id=pres-1775471431101-sgdeti:0
[  451861ms] [WARNING] The resource http://localhost:3000/_next/static/css/app/layout.css?v=1775471755665 was preloaded using link preload but not used within a few seconds from the window's load event. Please make sure it has an appropriate `as` value and it is preloaded intentionally. @ http://localhost:3000/presentations/editor?id=pres-1775471431101-sgdeti:0
[  451861ms] [WARNING] The resource http://localhost:3000/_next/static/css/app/layout.css?v=1775471482901 was preloaded using link preload but not used within a few seconds from the window's load event. Please make sure it has an appropriate `as` value and it is preloaded intentionally. @ http://localhost:3000/presentations/editor?id=pres-1775471431101-sgdeti:0
[  451861ms] [WARNING] The resource http://localhost:3000/_next/static/css/app/layout.css?v=1775471529283 was preloaded using link preload but not used within a few seconds from the window's load event. Please make sure it has an appropriate `as` value and it is preloaded intentionally. @ http://localhost:3000/presentations/editor?id=pres-1775471431101-sgdeti:0
[  451861ms] [WARNING] The resource http://localhost:3000/_next/static/css/app/layout.css?v=1775471606482 was preloaded using link preload but not used within a few seconds from the window's load event. Please make sure it has an appropriate `as` value and it is preloaded intentionally. @ http://localhost:3000/presentations/editor?id=pres-1775471431101-sgdeti:0
[  451861ms] [WARNING] The resource http://localhost:3000/_next/static/css/app/layout.css?v=1775471474945 was preloaded using link preload but not used within a few seconds from the window's load event. Please make sure it has an appropriate `as` value and it is preloaded intentionally. @ http://localhost:3000/presentations/editor?id=pres-1775471431101-sgdeti:0
[  451861ms] [WARNING] The resource http://localhost:3000/_next/static/css/app/layout.css?v=1775471495122 was preloaded using link preload but not used within a few seconds from the window's load event. Please make sure it has an appropriate `as` value and it is preloaded intentionally. @ http://localhost:3000/presentations/editor?id=pres-1775471431101-sgdeti:0
[  451861ms] [WARNING] The resource http://localhost:3000/_next/static/css/app/layout.css?v=1775471813613 was preloaded using link preload but not used within a few seconds from the window's load event. Please make sure it has an appropriate `as` value and it is preloaded intentionally. @ http://localhost:3000/presentations/editor?id=pres-1775471431101-sgdeti:0
[  451861ms] [WARNING] The resource http://localhost:3000/_next/static/css/app/layout.css?v=1775471809674 was preloaded using link preload but not used within a few seconds from the window's load event. Please make sure it has an appropriate `as` value and it is preloaded intentionally. @ http://localhost:3000/presentations/editor?id=pres-1775471431101-sgdeti:0
[  451861ms] [WARNING] The resource http://localhost:3000/_next/static/css/app/layout.css?v=1775471754401 was preloaded using link preload but not used within a few seconds from the window's load event. Please make sure it has an appropriate `as` value and it is preloaded intentionally. @ http://localhost:3000/presentations/editor?id=pres-1775471431101-sgdeti:0
[  451861ms] [WARNING] The resource http://localhost:3000/_next/static/css/app/layout.css?v=1775471799125 was preloaded using link preload but not used within a few seconds from the window's load event. Please make sure it has an appropriate `as` value and it is preloaded intentionally. @ http://localhost:3000/presentations/editor?id=pres-1775471431101-sgdeti:0
[  451861ms] [WARNING] The resource http://localhost:3000/_next/static/css/app/layout.css?v=1775471619143 was preloaded using link preload but not used within a few seconds from the window's load event. Please make sure it has an appropriate `as` value and it is preloaded intentionally. @ http://localhost:3000/presentations/editor?id=pres-1775471431101-sgdeti:0
[  451861ms] [WARNING] The resource http://localhost:3000/_next/static/css/app/layout.css?v=1775471856135 was preloaded using link preload but not used within a few seconds from the window's load event. Please make sure it has an appropriate `as` value and it is preloaded intentionally. @ http://localhost:3000/presentations/editor?id=pres-1775471431101-sgdeti:0
[  451862ms] [WARNING] The resource http://localhost:3000/_next/static/css/app/layout.css?v=1775471445631 was preloaded using link preload but not used within a few seconds from the window's load event. Please make sure it has an appropriate `as` value and it is preloaded intentionally. @ http://localhost:3000/presentations/editor?id=pres-1775471431101-sgdeti:0
[  451862ms] [WARNING] The resource http://localhost:3000/_next/static/css/app/layout.css?v=1775471725306 was preloaded using link preload but not used within a few seconds from the window's load event. Please make sure it has an appropriate `as` value and it is preloaded intentionally. @ http://localhost:3000/presentations/editor?id=pres-1775471431101-sgdeti:0
[  451862ms] [WARNING] The resource http://localhost:3000/_next/static/css/app/layout.css?v=1775471578490 was preloaded using link preload but not used within a few seconds from the window's load event. Please make sure it has an appropriate `as` value and it is preloaded intentionally. @ http://localhost:3000/presentations/editor?id=pres-1775471431101-sgdeti:0
[  451862ms] [WARNING] The resource http://localhost:3000/_next/static/css/app/layout.css?v=1775471487467 was preloaded using link preload but not used within a few seconds from the window's load event. Please make sure it has an appropriate `as` value and it is preloaded intentionally. @ http://localhost:3000/presentations/editor?id=pres-1775471431101-sgdeti:0
[  451862ms] [WARNING] The resource http://localhost:3000/_next/static/css/app/layout.css?v=1775471559401 was preloaded using link preload but not used within a few seconds from the window's load event. Please make sure it has an appropriate `as` value and it is preloaded intentionally. @ http://localhost:3000/presentations/editor?id=pres-1775471431101-sgdeti:0
[  451862ms] [WARNING] The resource http://localhost:3000/_next/static/css/app/layout.css?v=1775471670226 was preloaded using link preload but not used within a few seconds from the window's load event. Please make sure it has an appropriate `as` value and it is preloaded intentionally. @ http://localhost:3000/presentations/editor?id=pres-1775471431101-sgdeti:0
[  451862ms] [WARNING] The resource http://localhost:3000/_next/static/css/app/layout.css?v=1775471636864 was preloaded using link preload but not used within a few seconds from the window's load event. Please make sure it has an appropriate `as` value and it is preloaded intentionally. @ http://localhost:3000/presentations/editor?id=pres-1775471431101-sgdeti:0
[  451862ms] [WARNING] The resource http://localhost:3000/_next/static/css/app/layout.css?v=1775471824074 was preloaded using link preload but not used within a few seconds from the window's load event. Please make sure it has an appropriate `as` value and it is preloaded intentionally. @ http://localhost:3000/presentations/editor?id=pres-1775471431101-sgdeti:0
[  451862ms] [WARNING] The resource http://localhost:3000/_next/static/css/app/layout.css?v=1775471500298 was preloaded using link preload but not used within a few seconds from the window's load event. Please make sure it has an appropriate `as` value and it is preloaded intentionally. @ http://localhost:3000/presentations/editor?id=pres-1775471431101-sgdeti:0
[  451862ms] [WARNING] The resource http://localhost:3000/_next/static/css/app/layout.css?v=1775471583841 was preloaded using link preload but not used within a few seconds from the window's load event. Please make sure it has an appropriate `as` value and it is preloaded intentionally. @ http://localhost:3000/presentations/editor?id=pres-1775471431101-sgdeti:0
[  451862ms] [WARNING] The resource http://localhost:3000/_next/static/css/app/layout.css?v=1775471702489 was preloaded using link preload but not used within a few seconds from the window's load event. Please make sure it has an appropriate `as` value and it is preloaded intentionally. @ http://localhost:3000/presentations/editor?id=pres-1775471431101-sgdeti:0
[  451862ms] [WARNING] The resource http://localhost:3000/_next/static/css/app/layout.css?v=1775471830604 was preloaded using link preload but not used within a few seconds from the window's load event. Please make sure it has an appropriate `as` value and it is preloaded intentionally. @ http://localhost:3000/presentations/editor?id=pres-1775471431101-sgdeti:0
[  451862ms] [WARNING] The resource http://localhost:3000/_next/static/css/app/layout.css?v=1775471826738 was preloaded using link preload but not used within a few seconds from the window's load event. Please make sure it has an appropriate `as` value and it is preloaded intentionally. @ http://localhost:3000/presentations/editor?id=pres-1775471431101-sgdeti:0
[  451862ms] [WARNING] The resource http://localhost:3000/_next/static/css/app/layout.css?v=1775471862156 was preloaded using link preload but not used within a few seconds from the window's load event. Please make sure it has an appropriate `as` value and it is preloaded intentionally. @ http://localhost:3000/presentations/editor?id=pres-1775471431101-sgdeti:0
[  451862ms] [WARNING] The resource http://localhost:3000/_next/static/css/app/layout.css?v=1775471749872 was preloaded using link preload but not used within a few seconds from the window's load event. Please make sure it has an appropriate `as` value and it is preloaded intentionally. @ http://localhost:3000/presentations/editor?id=pres-1775471431101-sgdeti:0
[  451862ms] [WARNING] The resource http://localhost:3000/_next/static/css/app/layout.css?v=1775471708160 was preloaded using link preload but not used within a few seconds from the window's load event. Please make sure it has an appropriate `as` value and it is preloaded intentionally. @ http://localhost:3000/presentations/editor?id=pres-1775471431101-sgdeti:0
[  451862ms] [WARNING] The resource http://localhost:3000/_next/static/css/app/layout.css?v=1775471870327 was preloaded using link preload but not used within a few seconds from the window's load event. Please make sure it has an appropriate `as` value and it is preloaded intentionally. @ http://localhost:3000/presentations/editor?id=pres-1775471431101-sgdeti:0
[  451862ms] [WARNING] The resource http://localhost:3000/_next/static/css/app/layout.css?v=1775471833063 was preloaded using link preload but not used within a few seconds from the window's load event. Please make sure it has an appropriate `as` value and it is preloaded intentionally. @ http://localhost:3000/presentations/editor?id=pres-1775471431101-sgdeti:0
[  451862ms] [WARNING] The resource http://localhost:3000/_next/static/css/app/layout.css?v=1775471468738 was preloaded using link preload but not used within a few seconds from the window's load event. Please make sure it has an appropriate `as` value and it is preloaded intentionally. @ http://localhost:3000/presentations/editor?id=pres-1775471431101-sgdeti:0
[  451862ms] [WARNING] The resource http://localhost:3000/_next/static/css/app/layout.css?v=1775471462142 was preloaded using link preload but not used within a few seconds from the window's load event. Please make sure it has an appropriate `as` value and it is preloaded intentionally. @ http://localhost:3000/presentations/editor?id=pres-1775471431101-sgdeti:0
[  451862ms] [WARNING] The resource http://localhost:3000/_next/static/css/app/layout.css?v=1775471681967 was preloaded using link preload but not used within a few seconds from the window's load event. Please make sure it has an appropriate `as` value and it is preloaded intentionally. @ http://localhost:3000/presentations/editor?id=pres-1775471431101-sgdeti:0
[  451862ms] [WARNING] The resource http://localhost:3000/_next/static/css/app/layout.css?v=1775471624198 was preloaded using link preload but not used within a few seconds from the window's load event. Please make sure it has an appropriate `as` value and it is preloaded intentionally. @ http://localhost:3000/presentations/editor?id=pres-1775471431101-sgdeti:0
[  451862ms] [WARNING] The resource http://localhost:3000/_next/static/css/app/layout.css?v=1775471829246 was preloaded using link preload but not used within a few seconds from the window's load event. Please make sure it has an appropriate `as` value and it is preloaded intentionally. @ http://localhost:3000/presentations/editor?id=pres-1775471431101-sgdeti:0
[  451862ms] [WARNING] The resource http://localhost:3000/_next/static/css/app/layout.css?v=1775471497168 was preloaded using link preload but not used within a few seconds from the window's load event. Please make sure it has an appropriate `as` value and it is preloaded intentionally. @ http://localhost:3000/presentations/editor?id=pres-1775471431101-sgdeti:0
[  451862ms] [WARNING] The resource http://localhost:3000/_next/static/css/app/layout.css?v=1775471697700 was preloaded using link preload but not used within a few seconds from the window's load event. Please make sure it has an appropriate `as` value and it is preloaded intentionally. @ http://localhost:3000/presentations/editor?id=pres-1775471431101-sgdeti:0
[  451862ms] [WARNING] The resource http://localhost:3000/_next/static/css/app/layout.css?v=1775471712594 was preloaded using link preload but not used within a few seconds from the window's load event. Please make sure it has an appropriate `as` value and it is preloaded intentionally. @ http://localhost:3000/presentations/editor?id=pres-1775471431101-sgdeti:0
[  451862ms] [WARNING] The resource http://localhost:3000/_next/static/css/app/layout.css?v=1775471565783 was preloaded using link preload but not used within a few seconds from the window's load event. Please make sure it has an appropriate `as` value and it is preloaded intentionally. @ http://localhost:3000/presentations/editor?id=pres-1775471431101-sgdeti:0
[  451862ms] [WARNING] The resource http://localhost:3000/_next/static/css/app/layout.css?v=1775471781126 was preloaded using link preload but not used within a few seconds from the window's load event. Please make sure it has an appropriate `as` value and it is preloaded intentionally. @ http://localhost:3000/presentations/editor?id=pres-1775471431101-sgdeti:0
[  451862ms] [WARNING] The resource http://localhost:3000/_next/static/css/app/layout.css?v=1775471810315 was preloaded using link preload but not used within a few seconds from the window's load event. Please make sure it has an appropriate `as` value and it is preloaded intentionally. @ http://localhost:3000/presentations/editor?id=pres-1775471431101-sgdeti:0
[  451862ms] [WARNING] The resource http://localhost:3000/_next/static/css/app/layout.css?v=1775471756315 was preloaded using link preload but not used within a few seconds from the window's load event. Please make sure it has an appropriate `as` value and it is preloaded intentionally. @ http://localhost:3000/presentations/editor?id=pres-1775471431101-sgdeti:0
[  451862ms] [WARNING] The resource http://localhost:3000/_next/static/css/app/layout.css?v=1775471523358 was preloaded using link preload but not used within a few seconds from the window's load event. Please make sure it has an appropriate `as` value and it is preloaded intentionally. @ http://localhost:3000/presentations/editor?id=pres-1775471431101-sgdeti:0
[  451862ms] [WARNING] The resource http://localhost:3000/_next/static/css/app/layout.css?v=1775471609707 was preloaded using link preload but not used within a few seconds from the window's load event. Please make sure it has an appropriate `as` value and it is preloaded intentionally. @ http://localhost:3000/presentations/editor?id=pres-1775471431101-sgdeti:0
[  451862ms] [WARNING] The resource http://localhost:3000/_next/static/css/app/layout.css?v=1775471638204 was preloaded using link preload but not used within a few seconds from the window's load event. Please make sure it has an appropriate `as` value and it is preloaded intentionally. @ http://localhost:3000/presentations/editor?id=pres-1775471431101-sgdeti:0
[  451862ms] [WARNING] The resource http://localhost:3000/_next/static/css/app/layout.css?v=1775471449521 was preloaded using link preload but not used within a few seconds from the window's load event. Please make sure it has an appropriate `as` value and it is preloaded intentionally. @ http://localhost:3000/presentations/editor?id=pres-1775471431101-sgdeti:0
[  451862ms] [WARNING] The resource http://localhost:3000/_next/static/css/app/layout.css?v=1775471808245 was preloaded using link preload but not used within a few seconds from the window's load event. Please make sure it has an appropriate `as` value and it is preloaded intentionally. @ http://localhost:3000/presentations/editor?id=pres-1775471431101-sgdeti:0
[  451862ms] [WARNING] The resource http://localhost:3000/_next/static/css/app/layout.css?v=1775471824712 was preloaded using link preload but not used within a few seconds from the window's load event. Please make sure it has an appropriate `as` value and it is preloaded intentionally. @ http://localhost:3000/presentations/editor?id=pres-1775471431101-sgdeti:0
[  451862ms] [WARNING] The resource http://localhost:3000/_next/static/css/app/layout.css?v=1775471672201 was preloaded using link preload but not used within a few seconds from the window's load event. Please make sure it has an appropriate `as` value and it is preloaded intentionally. @ http://localhost:3000/presentations/editor?id=pres-1775471431101-sgdeti:0
[  451862ms] [WARNING] The resource http://localhost:3000/_next/static/css/app/layout.css?v=1775471776052 was preloaded using link preload but not used within a few seconds from the window's load event. Please make sure it has an appropriate `as` value and it is preloaded intentionally. @ http://localhost:3000/presentations/editor?id=pres-1775471431101-sgdeti:0
[  451862ms] [WARNING] The resource http://localhost:3000/_next/static/css/app/layout.css?v=1775471795333 was preloaded using link preload but not used within a few seconds from the window's load event. Please make sure it has an appropriate `as` value and it is preloaded intentionally. @ http://localhost:3000/presentations/editor?id=pres-1775471431101-sgdeti:0
[  451862ms] [WARNING] The resource http://localhost:3000/_next/static/css/app/layout.css?v=1775471833693 was preloaded using link preload but not used within a few seconds from the window's load event. Please make sure it has an appropriate `as` value and it is preloaded intentionally. @ http://localhost:3000/presentations/editor?id=pres-1775471431101-sgdeti:0
[  451862ms] [WARNING] The resource http://localhost:3000/_next/static/css/app/layout.css?v=1775471834360 was preloaded using link preload but not used within a few seconds from the window's load event. Please make sure it has an appropriate `as` value and it is preloaded intentionally. @ http://localhost:3000/presentations/editor?id=pres-1775471431101-sgdeti:0
[  451862ms] [WARNING] The resource http://localhost:3000/_next/static/css/app/layout.css?v=1775471484174 was preloaded using link preload but not used within a few seconds from the window's load event. Please make sure it has an appropriate `as` value and it is preloaded intentionally. @ http://localhost:3000/presentations/editor?id=pres-1775471431101-sgdeti:0
[  451862ms] [WARNING] The resource http://localhost:3000/_next/static/css/app/layout.css?v=1775471804359 was preloaded using link preload but not used within a few seconds from the window's load event. Please make sure it has an appropriate `as` value and it is preloaded intentionally. @ http://localhost:3000/presentations/editor?id=pres-1775471431101-sgdeti:0
[  451862ms] [WARNING] The resource http://localhost:3000/_next/static/css/app/layout.css?v=1775471575982 was preloaded using link preload but not used within a few seconds from the window's load event. Please make sure it has an appropriate `as` value and it is preloaded intentionally. @ http://localhost:3000/presentations/editor?id=pres-1775471431101-sgdeti:0
[  451862ms] [WARNING] The resource http://localhost:3000/_next/static/css/app/layout.css?v=1775471433620 was preloaded using link preload but not used within a few seconds from the window's load event. Please make sure it has an appropriate `as` value and it is preloaded intentionally. @ http://localhost:3000/presentations/editor?id=pres-1775471431101-sgdeti:0
[  451862ms] [WARNING] The resource http://localhost:3000/_next/static/css/app/layout.css?v=1775471727835 was preloaded using link preload but not used within a few seconds from the window's load event. Please make sure it has an appropriate `as` value and it is preloaded intentionally. @ http://localhost:3000/presentations/editor?id=pres-1775471431101-sgdeti:0
[  451862ms] [WARNING] The resource http://localhost:3000/_next/static/css/app/layout.css?v=1775471676245 was preloaded using link preload but not used within a few seconds from the window's load event. Please make sure it has an appropriate `as` value and it is preloaded intentionally. @ http://localhost:3000/presentations/editor?id=pres-1775471431101-sgdeti:0
[  451862ms] [WARNING] The resource http://localhost:3000/_next/static/css/app/layout.css?v=1775471654484 was preloaded using link preload but not used within a few seconds from the window's load event. Please make sure it has an appropriate `as` value and it is preloaded intentionally. @ http://localhost:3000/presentations/editor?id=pres-1775471431101-sgdeti:0
[  451862ms] [WARNING] The resource http://localhost:3000/_next/static/css/app/layout.css?v=1775471610925 was preloaded using link preload but not used within a few seconds from the window's load event. Please make sure it has an appropriate `as` value and it is preloaded intentionally. @ http://localhost:3000/presentations/editor?id=pres-1775471431101-sgdeti:0
[  451862ms] [WARNING] The resource http://localhost:3000/_next/static/css/app/layout.css?v=1775471552246 was preloaded using link preload but not used within a few seconds from the window's load event. Please make sure it has an appropriate `as` value and it is preloaded intentionally. @ http://localhost:3000/presentations/editor?id=pres-1775471431101-sgdeti:0
[  451862ms] [WARNING] The resource http://localhost:3000/_next/static/css/app/layout.css?v=1775471476315 was preloaded using link preload but not used within a few seconds from the window's load event. Please make sure it has an appropriate `as` value and it is preloaded intentionally. @ http://localhost:3000/presentations/editor?id=pres-1775471431101-sgdeti:0
[  451862ms] [WARNING] The resource http://localhost:3000/_next/static/css/app/layout.css?v=1775471721509 was preloaded using link preload but not used within a few seconds from the window's load event. Please make sure it has an appropriate `as` value and it is preloaded intentionally. @ http://localhost:3000/presentations/editor?id=pres-1775471431101-sgdeti:0
[  451862ms] [WARNING] The resource http://localhost:3000/_next/static/css/app/layout.css?v=1775471838547 was preloaded using link preload but not used within a few seconds from the window's load event. Please make sure it has an appropriate `as` value and it is preloaded intentionally. @ http://localhost:3000/presentations/editor?id=pres-1775471431101-sgdeti:0
[  451862ms] [WARNING] The resource http://localhost:3000/_next/static/css/app/layout.css?v=1775471693234 was preloaded using link preload but not used within a few seconds from the window's load event. Please make sure it has an appropriate `as` value and it is preloaded intentionally. @ http://localhost:3000/presentations/editor?id=pres-1775471431101-sgdeti:0
[  451862ms] [WARNING] The resource http://localhost:3000/_next/static/css/app/layout.css?v=1775471649294 was preloaded using link preload but not used within a few seconds from the window's load event. Please make sure it has an appropriate `as` value and it is preloaded intentionally. @ http://localhost:3000/presentations/editor?id=pres-1775471431101-sgdeti:0
[  451862ms] [WARNING] The resource http://localhost:3000/_next/static/css/app/layout.css?v=1775471572764 was preloaded using link preload but not used within a few seconds from the window's load event. Please make sure it has an appropriate `as` value and it is preloaded intentionally. @ http://localhost:3000/presentations/editor?id=pres-1775471431101-sgdeti:0
[  451862ms] [WARNING] The resource http://localhost:3000/_next/static/css/app/layout.css?v=1775471625416 was preloaded using link preload but not used within a few seconds from the window's load event. Please make sure it has an appropriate `as` value and it is preloaded intentionally. @ http://localhost:3000/presentations/editor?id=pres-1775471431101-sgdeti:0
[  451862ms] [WARNING] The resource http://localhost:3000/_next/static/css/app/layout.css?v=1775471790854 was preloaded using link preload but not used within a few seconds from the window's load event. Please make sure it has an appropriate `as` value and it is preloaded intentionally. @ http://localhost:3000/presentations/editor?id=pres-1775471431101-sgdeti:0
[  451862ms] [WARNING] The resource http://localhost:3000/_next/static/css/app/layout.css?v=1775471579251 was preloaded using link preload but not used within a few seconds from the window's load event. Please make sure it has an appropriate `as` value and it is preloaded intentionally. @ http://localhost:3000/presentations/editor?id=pres-1775471431101-sgdeti:0
[  451862ms] [WARNING] The resource http://localhost:3000/_next/static/css/app/layout.css?v=1775471629296 was preloaded using link preload but not used within a few seconds from the window's load event. Please make sure it has an appropriate `as` value and it is preloaded intentionally. @ http://localhost:3000/presentations/editor?id=pres-1775471431101-sgdeti:0
[  451862ms] [WARNING] The resource http://localhost:3000/_next/static/css/app/layout.css?v=1775471786958 was preloaded using link preload but not used within a few seconds from the window's load event. Please make sure it has an appropriate `as` value and it is preloaded intentionally. @ http://localhost:3000/presentations/editor?id=pres-1775471431101-sgdeti:0
[  451862ms] [WARNING] The resource http://localhost:3000/_next/static/css/app/layout.css?v=1775471758854 was preloaded using link preload but not used within a few seconds from the window's load event. Please make sure it has an appropriate `as` value and it is preloaded intentionally. @ http://localhost:3000/presentations/editor?id=pres-1775471431101-sgdeti:0
[  451862ms] [WARNING] The resource http://localhost:3000/_next/static/css/app/layout.css?v=1775471629906 was preloaded using link preload but not used within a few seconds from the window's load event. Please make sure it has an appropriate `as` value and it is preloaded intentionally. @ http://localhost:3000/presentations/editor?id=pres-1775471431101-sgdeti:0
[  451863ms] [WARNING] The resource http://localhost:3000/_next/static/css/app/layout.css?v=1775471757548 was preloaded using link preload but not used within a few seconds from the window's load event. Please make sure it has an appropriate `as` value and it is preloaded intentionally. @ http://localhost:3000/presentations/editor?id=pres-1775471431101-sgdeti:0
[  451863ms] [WARNING] The resource http://localhost:3000/_next/static/css/app/layout.css?v=1775471465317 was preloaded using link preload but not used within a few seconds from the window's load event. Please make sure it has an appropriate `as` value and it is preloaded intentionally. @ http://localhost:3000/presentations/editor?id=pres-1775471431101-sgdeti:0
[  451863ms] [WARNING] The resource http://localhost:3000/_next/static/css/app/layout.css?v=1775471738210 was preloaded using link preload but not used within a few seconds from the window's load event. Please make sure it has an appropriate `as` value and it is preloaded intentionally. @ http://localhost:3000/presentations/editor?id=pres-1775471431101-sgdeti:0
[  451863ms] [WARNING] The resource http://localhost:3000/_next/static/css/app/layout.css?v=1775471821517 was preloaded using link preload but not used within a few seconds from the window's load event. Please make sure it has an appropriate `as` value and it is preloaded intentionally. @ http://localhost:3000/presentations/editor?id=pres-1775471431101-sgdeti:0
[  451863ms] [WARNING] The resource http://localhost:3000/_next/static/css/app/layout.css?v=1775471778268 was preloaded using link preload but not used within a few seconds from the window's load event. Please make sure it has an appropriate `as` value and it is preloaded intentionally. @ http://localhost:3000/presentations/editor?id=pres-1775471431101-sgdeti:0
[  451863ms] [WARNING] The resource http://localhost:3000/_next/static/css/app/layout.css?v=1775471500405 was preloaded using link preload but not used within a few seconds from the window's load event. Please make sure it has an appropriate `as` value and it is preloaded intentionally. @ http://localhost:3000/presentations/editor?id=pres-1775471431101-sgdeti:0
[  451863ms] [WARNING] The resource http://localhost:3000/_next/static/css/app/layout.css?v=1775471704203 was preloaded using link preload but not used within a few seconds from the window's load event. Please make sure it has an appropriate `as` value and it is preloaded intentionally. @ http://localhost:3000/presentations/editor?id=pres-1775471431101-sgdeti:0
[  451863ms] [WARNING] The resource http://localhost:3000/_next/static/css/app/layout.css?v=1775471613514 was preloaded using link preload but not used within a few seconds from the window's load event. Please make sure it has an appropriate `as` value and it is preloaded intentionally. @ http://localhost:3000/presentations/editor?id=pres-1775471431101-sgdeti:0
[  451863ms] [WARNING] The resource http://localhost:3000/_next/static/css/app/layout.css?v=1775471858117 was preloaded using link preload but not used within a few seconds from the window's load event. Please make sure it has an appropriate `as` value and it is preloaded intentionally. @ http://localhost:3000/presentations/editor?id=pres-1775471431101-sgdeti:0
[  451863ms] [WARNING] The resource http://localhost:3000/_next/static/css/app/layout.css?v=1775471598988 was preloaded using link preload but not used within a few seconds from the window's load event. Please make sure it has an appropriate `as` value and it is preloaded intentionally. @ http://localhost:3000/presentations/editor?id=pres-1775471431101-sgdeti:0
[  451863ms] [WARNING] The resource http://localhost:3000/_next/static/css/app/layout.css?v=1775471768091 was preloaded using link preload but not used within a few seconds from the window's load event. Please make sure it has an appropriate `as` value and it is preloaded intentionally. @ http://localhost:3000/presentations/editor?id=pres-1775471431101-sgdeti:0
[  451863ms] [WARNING] The resource http://localhost:3000/_next/static/css/app/layout.css?v=1775471853650 was preloaded using link preload but not used within a few seconds from the window's load event. Please make sure it has an appropriate `as` value and it is preloaded intentionally. @ http://localhost:3000/presentations/editor?id=pres-1775471431101-sgdeti:0
[  451863ms] [WARNING] The resource http://localhost:3000/_next/static/css/app/layout.css?v=1775471651160 was preloaded using link preload but not used within a few seconds from the window's load event. Please make sure it has an appropriate `as` value and it is preloaded intentionally. @ http://localhost:3000/presentations/editor?id=pres-1775471431101-sgdeti:0
[  451863ms] [WARNING] The resource http://localhost:3000/_next/static/css/app/layout.css?v=1775471445012 was preloaded using link preload but not used within a few seconds from the window's load event. Please make sure it has an appropriate `as` value and it is preloaded intentionally. @ http://localhost:3000/presentations/editor?id=pres-1775471431101-sgdeti:0
[  451863ms] [WARNING] The resource http://localhost:3000/_next/static/css/app/layout.css?v=1775471654366 was preloaded using link preload but not used within a few seconds from the window's load event. Please make sure it has an appropriate `as` value and it is preloaded intentionally. @ http://localhost:3000/presentations/editor?id=pres-1775471431101-sgdeti:0
[  451863ms] [WARNING] The resource http://localhost:3000/_next/static/css/app/layout.css?v=1775471773862 was preloaded using link preload but not used within a few seconds from the window's load event. Please make sure it has an appropriate `as` value and it is preloaded intentionally. @ http://localhost:3000/presentations/editor?id=pres-1775471431101-sgdeti:0
[  451863ms] [WARNING] The resource http://localhost:3000/_next/static/css/app/layout.css?v=1775471477587 was preloaded using link preload but not used within a few seconds from the window's load event. Please make sure it has an appropriate `as` value and it is preloaded intentionally. @ http://localhost:3000/presentations/editor?id=pres-1775471431101-sgdeti:0
[  451863ms] [WARNING] The resource http://localhost:3000/_next/static/css/app/layout.css?v=1775471560698 was preloaded using link preload but not used within a few seconds from the window's load event. Please make sure it has an appropriate `as` value and it is preloaded intentionally. @ http://localhost:3000/presentations/editor?id=pres-1775471431101-sgdeti:0
[  451863ms] [WARNING] The resource http://localhost:3000/_next/static/css/app/layout.css?v=1775471499648 was preloaded using link preload but not used within a few seconds from the window's load event. Please make sure it has an appropriate `as` value and it is preloaded intentionally. @ http://localhost:3000/presentations/editor?id=pres-1775471431101-sgdeti:0
[  451863ms] [WARNING] The resource http://localhost:3000/_next/static/css/app/layout.css?v=1775471836380 was preloaded using link preload but not used within a few seconds from the window's load event. Please make sure it has an appropriate `as` value and it is preloaded intentionally. @ http://localhost:3000/presentations/editor?id=pres-1775471431101-sgdeti:0
[  451863ms] [WARNING] The resource http://localhost:3000/_next/static/css/app/layout.css?v=1775471628041 was preloaded using link preload but not used within a few seconds from the window's load event. Please make sure it has an appropriate `as` value and it is preloaded intentionally. @ http://localhost:3000/presentations/editor?id=pres-1775471431101-sgdeti:0
[  451863ms] [WARNING] The resource http://localhost:3000/_next/static/css/app/layout.css?v=1775471533142 was preloaded using link preload but not used within a few seconds from the window's load event. Please make sure it has an appropriate `as` value and it is preloaded intentionally. @ http://localhost:3000/presentations/editor?id=pres-1775471431101-sgdeti:0
[  451863ms] [WARNING] The resource http://localhost:3000/_next/static/css/app/layout.css?v=1775471623557 was preloaded using link preload but not used within a few seconds from the window's load event. Please make sure it has an appropriate `as` value and it is preloaded intentionally. @ http://localhost:3000/presentations/editor?id=pres-1775471431101-sgdeti:0
[  451863ms] [WARNING] The resource http://localhost:3000/_next/static/css/app/layout.css?v=1775471454167 was preloaded using link preload but not used within a few seconds from the window's load event. Please make sure it has an appropriate `as` value and it is preloaded intentionally. @ http://localhost:3000/presentations/editor?id=pres-1775471431101-sgdeti:0
[  451863ms] [WARNING] The resource http://localhost:3000/_next/static/css/app/layout.css?v=1775471447642 was preloaded using link preload but not used within a few seconds from the window's load event. Please make sure it has an appropriate `as` value and it is preloaded intentionally. @ http://localhost:3000/presentations/editor?id=pres-1775471431101-sgdeti:0
[  451863ms] [WARNING] The resource http://localhost:3000/_next/static/css/app/layout.css?v=1775471555473 was preloaded using link preload but not used within a few seconds from the window's load event. Please make sure it has an appropriate `as` value and it is preloaded intentionally. @ http://localhost:3000/presentations/editor?id=pres-1775471431101-sgdeti:0
[  451863ms] [WARNING] The resource http://localhost:3000/_next/static/css/app/layout.css?v=1775471547811 was preloaded using link preload but not used within a few seconds from the window's load event. Please make sure it has an appropriate `as` value and it is preloaded intentionally. @ http://localhost:3000/presentations/editor?id=pres-1775471431101-sgdeti:0
[  451863ms] [WARNING] The resource http://localhost:3000/_next/static/css/app/layout.css?v=1775471730521 was preloaded using link preload but not used within a few seconds from the window's load event. Please make sure it has an appropriate `as` value and it is preloaded intentionally. @ http://localhost:3000/presentations/editor?id=pres-1775471431101-sgdeti:0
[  451863ms] [WARNING] The resource http://localhost:3000/_next/static/css/app/layout.css?v=1775471439136 was preloaded using link preload but not used within a few seconds from the window's load event. Please make sure it has an appropriate `as` value and it is preloaded intentionally. @ http://localhost:3000/presentations/editor?id=pres-1775471431101-sgdeti:0
[  451863ms] [WARNING] The resource http://localhost:3000/_next/static/css/app/layout.css?v=1775471876651 was preloaded using link preload but not used within a few seconds from the window's load event. Please make sure it has an appropriate `as` value and it is preloaded intentionally. @ http://localhost:3000/presentations/editor?id=pres-1775471431101-sgdeti:0
[  451863ms] [WARNING] The resource http://localhost:3000/_next/static/css/app/layout.css?v=1775471565175 was preloaded using link preload but not used within a few seconds from the window's load event. Please make sure it has an appropriate `as` value and it is preloaded intentionally. @ http://localhost:3000/presentations/editor?id=pres-1775471431101-sgdeti:0
[  451863ms] [WARNING] The resource http://localhost:3000/_next/static/css/app/layout.css?v=1775471475590 was preloaded using link preload but not used within a few seconds from the window's load event. Please make sure it has an appropriate `as` value and it is preloaded intentionally. @ http://localhost:3000/presentations/editor?id=pres-1775471431101-sgdeti:0
[  451863ms] [WARNING] The resource http://localhost:3000/_next/static/css/app/layout.css?v=1775471473067 was preloaded using link preload but not used within a few seconds from the window's load event. Please make sure it has an appropriate `as` value and it is preloaded intentionally. @ http://localhost:3000/presentations/editor?id=pres-1775471431101-sgdeti:0
[  451863ms] [WARNING] The resource http://localhost:3000/_next/static/css/app/layout.css?v=1775471649919 was preloaded using link preload but not used within a few seconds from the window's load event. Please make sure it has an appropriate `as` value and it is preloaded intentionally. @ http://localhost:3000/presentations/editor?id=pres-1775471431101-sgdeti:0
[  451863ms] [WARNING] The resource http://localhost:3000/_next/static/css/app/layout.css?v=1775471691377 was preloaded using link preload but not used within a few seconds from the window's load event. Please make sure it has an appropriate `as` value and it is preloaded intentionally. @ http://localhost:3000/presentations/editor?id=pres-1775471431101-sgdeti:0
[  451863ms] [WARNING] The resource http://localhost:3000/_next/static/css/app/layout.css?v=1775471699552 was preloaded using link preload but not used within a few seconds from the window's load event. Please make sure it has an appropriate `as` value and it is preloaded intentionally. @ http://localhost:3000/presentations/editor?id=pres-1775471431101-sgdeti:0
[  451863ms] [WARNING] The resource http://localhost:3000/_next/static/css/app/layout.css?v=1775471812967 was preloaded using link preload but not used within a few seconds from the window's load event. Please make sure it has an appropriate `as` value and it is preloaded intentionally. @ http://localhost:3000/presentations/editor?id=pres-1775471431101-sgdeti:0
[  451863ms] [WARNING] The resource http://localhost:3000/_next/static/css/app/layout.css?v=1775471678728 was preloaded using link preload but not used within a few seconds from the window's load event. Please make sure it has an appropriate `as` value and it is preloaded intentionally. @ http://localhost:3000/presentations/editor?id=pres-1775471431101-sgdeti:0
[  451863ms] [WARNING] The resource http://localhost:3000/_next/static/css/app/layout.css?v=1775471726592 was preloaded using link preload but not used within a few seconds from the window's load event. Please make sure it has an appropriate `as` value and it is preloaded intentionally. @ http://localhost:3000/presentations/editor?id=pres-1775471431101-sgdeti:0
[  451863ms] [WARNING] The resource http://localhost:3000/_next/static/css/app/layout.css?v=1775471537607 was preloaded using link preload but not used within a few seconds from the window's load event. Please make sure it has an appropriate `as` value and it is preloaded intentionally. @ http://localhost:3000/presentations/editor?id=pres-1775471431101-sgdeti:0
[  451863ms] [WARNING] The resource http://localhost:3000/_next/static/css/app/layout.css?v=1775471849910 was preloaded using link preload but not used within a few seconds from the window's load event. Please make sure it has an appropriate `as` value and it is preloaded intentionally. @ http://localhost:3000/presentations/editor?id=pres-1775471431101-sgdeti:0
[  451863ms] [WARNING] The resource http://localhost:3000/_next/static/css/app/layout.css?v=1775471441150 was preloaded using link preload but not used within a few seconds from the window's load event. Please make sure it has an appropriate `as` value and it is preloaded intentionally. @ http://localhost:3000/presentations/editor?id=pres-1775471431101-sgdeti:0
[  451863ms] [WARNING] The resource http://localhost:3000/_next/static/css/app/layout.css?v=1775471704833 was preloaded using link preload but not used within a few seconds from the window's load event. Please make sure it has an appropriate `as` value and it is preloaded intentionally. @ http://localhost:3000/presentations/editor?id=pres-1775471431101-sgdeti:0
[  451863ms] [WARNING] The resource http://localhost:3000/_next/static/css/app/layout.css?v=1775471732430 was preloaded using link preload but not used within a few seconds from the window's load event. Please make sure it has an appropriate `as` value and it is preloaded intentionally. @ http://localhost:3000/presentations/editor?id=pres-1775471431101-sgdeti:0
[  451863ms] [WARNING] The resource http://localhost:3000/_next/static/css/app/layout.css?v=1775471508542 was preloaded using link preload but not used within a few seconds from the window's load event. Please make sure it has an appropriate `as` value and it is preloaded intentionally. @ http://localhost:3000/presentations/editor?id=pres-1775471431101-sgdeti:0
[  451863ms] [WARNING] The resource http://localhost:3000/_next/static/css/app/layout.css?v=1775471579886 was preloaded using link preload but not used within a few seconds from the window's load event. Please make sure it has an appropriate `as` value and it is preloaded intentionally. @ http://localhost:3000/presentations/editor?id=pres-1775471431101-sgdeti:0
[  451863ms] [WARNING] The resource http://localhost:3000/_next/static/css/app/layout.css?v=1775471837436 was preloaded using link preload but not used within a few seconds from the window's load event. Please make sure it has an appropriate `as` value and it is preloaded intentionally. @ http://localhost:3000/presentations/editor?id=pres-1775471431101-sgdeti:0
[  451863ms] [WARNING] The resource http://localhost:3000/_next/static/css/app/layout.css?v=1775471789508 was preloaded using link preload but not used within a few seconds from the window's load event. Please make sure it has an appropriate `as` value and it is preloaded intentionally. @ http://localhost:3000/presentations/editor?id=pres-1775471431101-sgdeti:0
[  451863ms] [WARNING] The resource http://localhost:3000/_next/static/css/app/layout.css?v=1775471585099 was preloaded using link preload but not used within a few seconds from the window's load event. Please make sure it has an appropriate `as` value and it is preloaded intentionally. @ http://localhost:3000/presentations/editor?id=pres-1775471431101-sgdeti:0
[  451863ms] [WARNING] The resource http://localhost:3000/_next/static/css/app/layout.css?v=1775471648668 was preloaded using link preload but not used within a few seconds from the window's load event. Please make sure it has an appropriate `as` value and it is preloaded intentionally. @ http://localhost:3000/presentations/editor?id=pres-1775471431101-sgdeti:0
[  451863ms] [WARNING] The resource http://localhost:3000/_next/static/css/app/layout.css?v=1775471774988 was preloaded using link preload but not used within a few seconds from the window's load event. Please make sure it has an appropriate `as` value and it is preloaded intentionally. @ http://localhost:3000/presentations/editor?id=pres-1775471431101-sgdeti:0
[  451863ms] [WARNING] The resource http://localhost:3000/_next/static/css/app/layout.css?v=1775471573422 was preloaded using link preload but not used within a few seconds from the window's load event. Please make sure it has an appropriate `as` value and it is preloaded intentionally. @ http://localhost:3000/presentations/editor?id=pres-1775471431101-sgdeti:0
[  451863ms] [WARNING] The resource http://localhost:3000/_next/static/css/app/layout.css?v=1775471557284 was preloaded using link preload but not used within a few seconds from the window's load event. Please make sure it has an appropriate `as` value and it is preloaded intentionally. @ http://localhost:3000/presentations/editor?id=pres-1775471431101-sgdeti:0
[  451863ms] [WARNING] The resource http://localhost:3000/_next/static/css/app/layout.css?v=1775471668987 was preloaded using link preload but not used within a few seconds from the window's load event. Please make sure it has an appropriate `as` value and it is preloaded intentionally. @ http://localhost:3000/presentations/editor?id=pres-1775471431101-sgdeti:0
[  451863ms] [WARNING] The resource http://localhost:3000/_next/static/css/app/layout.css?v=1775471504179 was preloaded using link preload but not used within a few seconds from the window's load event. Please make sure it has an appropriate `as` value and it is preloaded intentionally. @ http://localhost:3000/presentations/editor?id=pres-1775471431101-sgdeti:0
[  451863ms] [WARNING] The resource http://localhost:3000/_next/static/css/app/layout.css?v=1775471719542 was preloaded using link preload but not used within a few seconds from the window's load event. Please make sure it has an appropriate `as` value and it is preloaded intentionally. @ http://localhost:3000/presentations/editor?id=pres-1775471431101-sgdeti:0
[  451863ms] [WARNING] The resource http://localhost:3000/_next/static/css/app/layout.css?v=1775471852428 was preloaded using link preload but not used within a few seconds from the window's load event. Please make sure it has an appropriate `as` value and it is preloaded intentionally. @ http://localhost:3000/presentations/editor?id=pres-1775471431101-sgdeti:0
[  451863ms] [WARNING] The resource http://localhost:3000/_next/static/css/app/layout.css?v=1775471610322 was preloaded using link preload but not used within a few seconds from the window's load event. Please make sure it has an appropriate `as` value and it is preloaded intentionally. @ http://localhost:3000/presentations/editor?id=pres-1775471431101-sgdeti:0
[  451863ms] [WARNING] The resource http://localhost:3000/_next/static/css/app/layout.css?v=1775471690074 was preloaded using link preload but not used within a few seconds from the window's load event. Please make sure it has an appropriate `as` value and it is preloaded intentionally. @ http://localhost:3000/presentations/editor?id=pres-1775471431101-sgdeti:0
[  451863ms] [WARNING] The resource http://localhost:3000/_next/static/css/app/layout.css?v=1775471718303 was preloaded using link preload but not used within a few seconds from the window's load event. Please make sure it has an appropriate `as` value and it is preloaded intentionally. @ http://localhost:3000/presentations/editor?id=pres-1775471431101-sgdeti:0
[  451863ms] [WARNING] The resource http://localhost:3000/_next/static/css/app/layout.css?v=1775471607734 was preloaded using link preload but not used within a few seconds from the window's load event. Please make sure it has an appropriate `as` value and it is preloaded intentionally. @ http://localhost:3000/presentations/editor?id=pres-1775471431101-sgdeti:0
[  451863ms] [WARNING] The resource http://localhost:3000/_next/static/css/app/layout.css?v=1775471447008 was preloaded using link preload but not used within a few seconds from the window's load event. Please make sure it has an appropriate `as` value and it is preloaded intentionally. @ http://localhost:3000/presentations/editor?id=pres-1775471431101-sgdeti:0
[  451863ms] [WARNING] The resource http://localhost:3000/_next/static/css/app/layout.css?v=1775471452205 was preloaded using link preload but not used within a few seconds from the window's load event. Please make sure it has an appropriate `as` value and it is preloaded intentionally. @ http://localhost:3000/presentations/editor?id=pres-1775471431101-sgdeti:0
[  451863ms] [WARNING] The resource http://localhost:3000/_next/static/css/app/layout.css?v=1775471724627 was preloaded using link preload but not used within a few seconds from the window's load event. Please make sure it has an appropriate `as` value and it is preloaded intentionally. @ http://localhost:3000/presentations/editor?id=pres-1775471431101-sgdeti:0
[  451863ms] [WARNING] The resource http://localhost:3000/_next/static/css/app/layout.css?v=1775471864153 was preloaded using link preload but not used within a few seconds from the window's load event. Please make sure it has an appropriate `as` value and it is preloaded intentionally. @ http://localhost:3000/presentations/editor?id=pres-1775471431101-sgdeti:0
[  451864ms] [WARNING] The resource http://localhost:3000/_next/static/css/app/layout.css?v=1775471635602 was preloaded using link preload but not used within a few seconds from the window's load event. Please make sure it has an appropriate `as` value and it is preloaded intentionally. @ http://localhost:3000/presentations/editor?id=pres-1775471431101-sgdeti:0
[  451864ms] [WARNING] The resource http://localhost:3000/_next/static/css/app/layout.css?v=1775471733686 was preloaded using link preload but not used within a few seconds from the window's load event. Please make sure it has an appropriate `as` value and it is preloaded intentionally. @ http://localhost:3000/presentations/editor?id=pres-1775471431101-sgdeti:0
[  451864ms] [WARNING] The resource http://localhost:3000/_next/static/css/app/layout.css?v=1775471717696 was preloaded using link preload but not used within a few seconds from the window's load event. Please make sure it has an appropriate `as` value and it is preloaded intentionally. @ http://localhost:3000/presentations/editor?id=pres-1775471431101-sgdeti:0
[  451864ms] [WARNING] The resource http://localhost:3000/_next/static/css/app/layout.css?v=1775471632544 was preloaded using link preload but not used within a few seconds from the window's load event. Please make sure it has an appropriate `as` value and it is preloaded intentionally. @ http://localhost:3000/presentations/editor?id=pres-1775471431101-sgdeti:0
[  451864ms] [WARNING] The resource http://localhost:3000/_next/static/css/app/layout.css?v=1775471488081 was preloaded using link preload but not used within a few seconds from the window's load event. Please make sure it has an appropriate `as` value and it is preloaded intentionally. @ http://localhost:3000/presentations/editor?id=pres-1775471431101-sgdeti:0
[  451864ms] [WARNING] The resource http://localhost:3000/_next/static/css/app/layout.css?v=1775471655736 was preloaded using link preload but not used within a few seconds from the window's load event. Please make sure it has an appropriate `as` value and it is preloaded intentionally. @ http://localhost:3000/presentations/editor?id=pres-1775471431101-sgdeti:0
[  451864ms] [WARNING] The resource http://localhost:3000/_next/static/css/app/layout.css?v=1775471782362 was preloaded using link preload but not used within a few seconds from the window's load event. Please make sure it has an appropriate `as` value and it is preloaded intentionally. @ http://localhost:3000/presentations/editor?id=pres-1775471431101-sgdeti:0
[  451864ms] [WARNING] The resource http://localhost:3000/_next/static/css/app/layout.css?v=1775471519604 was preloaded using link preload but not used within a few seconds from the window's load event. Please make sure it has an appropriate `as` value and it is preloaded intentionally. @ http://localhost:3000/presentations/editor?id=pres-1775471431101-sgdeti:0
[  451864ms] [WARNING] The resource http://localhost:3000/_next/static/css/app/layout.css?v=1775471570315 was preloaded using link preload but not used within a few seconds from the window's load event. Please make sure it has an appropriate `as` value and it is preloaded intentionally. @ http://localhost:3000/presentations/editor?id=pres-1775471431101-sgdeti:0
[  451864ms] [WARNING] The resource http://localhost:3000/_next/static/css/app/layout.css?v=1775471711373 was preloaded using link preload but not used within a few seconds from the window's load event. Please make sure it has an appropriate `as` value and it is preloaded intentionally. @ http://localhost:3000/presentations/editor?id=pres-1775471431101-sgdeti:0
[  451864ms] [WARNING] The resource http://localhost:3000/_next/static/css/app/layout.css?v=1775471792718 was preloaded using link preload but not used within a few seconds from the window's load event. Please make sure it has an appropriate `as` value and it is preloaded intentionally. @ http://localhost:3000/presentations/editor?id=pres-1775471431101-sgdeti:0
[  451864ms] [WARNING] The resource http://localhost:3000/_next/static/css/app/layout.css?v=1775471662669 was preloaded using link preload but not used within a few seconds from the window's load event. Please make sure it has an appropriate `as` value and it is preloaded intentionally. @ http://localhost:3000/presentations/editor?id=pres-1775471431101-sgdeti:0
[  451864ms] [WARNING] The resource http://localhost:3000/_next/static/css/app/layout.css?v=1775471452801 was preloaded using link preload but not used within a few seconds from the window's load event. Please make sure it has an appropriate `as` value and it is preloaded intentionally. @ http://localhost:3000/presentations/editor?id=pres-1775471431101-sgdeti:0
[  451864ms] [WARNING] The resource http://localhost:3000/_next/static/css/app/layout.css?v=1775471605847 was preloaded using link preload but not used within a few seconds from the window's load event. Please make sure it has an appropriate `as` value and it is preloaded intentionally. @ http://localhost:3000/presentations/editor?id=pres-1775471431101-sgdeti:0
[  451864ms] [WARNING] The resource http://localhost:3000/_next/static/css/app/layout.css?v=1775471831844 was preloaded using link preload but not used within a few seconds from the window's load event. Please make sure it has an appropriate `as` value and it is preloaded intentionally. @ http://localhost:3000/presentations/editor?id=pres-1775471431101-sgdeti:0
[  451864ms] [WARNING] The resource http://localhost:3000/_next/static/css/app/layout.css?v=1775471723964 was preloaded using link preload but not used within a few seconds from the window's load event. Please make sure it has an appropriate `as` value and it is preloaded intentionally. @ http://localhost:3000/presentations/editor?id=pres-1775471431101-sgdeti:0
[  451864ms] [WARNING] The resource http://localhost:3000/_next/static/css/app/layout.css?v=1775471710005 was preloaded using link preload but not used within a few seconds from the window's load event. Please make sure it has an appropriate `as` value and it is preloaded intentionally. @ http://localhost:3000/presentations/editor?id=pres-1775471431101-sgdeti:0
[  451864ms] [WARNING] The resource http://localhost:3000/_next/static/css/app/layout.css?v=1775471743290 was preloaded using link preload but not used within a few seconds from the window's load event. Please make sure it has an appropriate `as` value and it is preloaded intentionally. @ http://localhost:3000/presentations/editor?id=pres-1775471431101-sgdeti:0
[  451864ms] [WARNING] The resource http://localhost:3000/_next/static/css/app/layout.css?v=1775471504851 was preloaded using link preload but not used within a few seconds from the window's load event. Please make sure it has an appropriate `as` value and it is preloaded intentionally. @ http://localhost:3000/presentations/editor?id=pres-1775471431101-sgdeti:0
[  451864ms] [WARNING] The resource http://localhost:3000/_next/static/css/app/layout.css?v=1775471793969 was preloaded using link preload but not used within a few seconds from the window's load event. Please make sure it has an appropriate `as` value and it is preloaded intentionally. @ http://localhost:3000/presentations/editor?id=pres-1775471431101-sgdeti:0
[  451864ms] [WARNING] The resource http://localhost:3000/_next/static/css/app/layout.css?v=1775471619274 was preloaded using link preload but not used within a few seconds from the window's load event. Please make sure it has an appropriate `as` value and it is preloaded intentionally. @ http://localhost:3000/presentations/editor?id=pres-1775471431101-sgdeti:0
[  451864ms] [WARNING] The resource http://localhost:3000/_next/static/css/app/layout.css?v=1775471511792 was preloaded using link preload but not used within a few seconds from the window's load event. Please make sure it has an appropriate `as` value and it is preloaded intentionally. @ http://localhost:3000/presentations/editor?id=pres-1775471431101-sgdeti:0
[  451864ms] [WARNING] The resource http://localhost:3000/_next/static/css/app/layout.css?v=1775471753676 was preloaded using link preload but not used within a few seconds from the window's load event. Please make sure it has an appropriate `as` value and it is preloaded intentionally. @ http://localhost:3000/presentations/editor?id=pres-1775471431101-sgdeti:0
[  451864ms] [WARNING] The resource http://localhost:3000/_next/static/css/app/layout.css?v=1775471454060 was preloaded using link preload but not used within a few seconds from the window's load event. Please make sure it has an appropriate `as` value and it is preloaded intentionally. @ http://localhost:3000/presentations/editor?id=pres-1775471431101-sgdeti:0
[  451864ms] [WARNING] The resource http://localhost:3000/_next/static/css/app/layout.css?v=1775471466484 was preloaded using link preload but not used within a few seconds from the window's load event. Please make sure it has an appropriate `as` value and it is preloaded intentionally. @ http://localhost:3000/presentations/editor?id=pres-1775471431101-sgdeti:0
[  451864ms] [WARNING] The resource http://localhost:3000/_next/static/css/app/layout.css?v=1775471747317 was preloaded using link preload but not used within a few seconds from the window's load event. Please make sure it has an appropriate `as` value and it is preloaded intentionally. @ http://localhost:3000/presentations/editor?id=pres-1775471431101-sgdeti:0
[  451864ms] [WARNING] The resource http://localhost:3000/_next/static/css/app/layout.css?v=1775471663298 was preloaded using link preload but not used within a few seconds from the window's load event. Please make sure it has an appropriate `as` value and it is preloaded intentionally. @ http://localhost:3000/presentations/editor?id=pres-1775471431101-sgdeti:0
[  451864ms] [WARNING] The resource http://localhost:3000/_next/static/css/app/layout.css?v=1775471715108 was preloaded using link preload but not used within a few seconds from the window's load event. Please make sure it has an appropriate `as` value and it is preloaded intentionally. @ http://localhost:3000/presentations/editor?id=pres-1775471431101-sgdeti:0
[  451864ms] [WARNING] The resource http://localhost:3000/_next/static/css/app/layout.css?v=1775471720260 was preloaded using link preload but not used within a few seconds from the window's load event. Please make sure it has an appropriate `as` value and it is preloaded intentionally. @ http://localhost:3000/presentations/editor?id=pres-1775471431101-sgdeti:0
[  451864ms] [WARNING] The resource http://localhost:3000/_next/static/css/app/layout.css?v=1775471682598 was preloaded using link preload but not used within a few seconds from the window's load event. Please make sure it has an appropriate `as` value and it is preloaded intentionally. @ http://localhost:3000/presentations/editor?id=pres-1775471431101-sgdeti:0
[  451864ms] [WARNING] The resource http://localhost:3000/_next/static/css/app/layout.css?v=1775471506159 was preloaded using link preload but not used within a few seconds from the window's load event. Please make sure it has an appropriate `as` value and it is preloaded intentionally. @ http://localhost:3000/presentations/editor?id=pres-1775471431101-sgdeti:0
[  451864ms] [WARNING] The resource http://localhost:3000/_next/static/css/app/layout.css?v=1775471595167 was preloaded using link preload but not used within a few seconds from the window's load event. Please make sure it has an appropriate `as` value and it is preloaded intentionally. @ http://localhost:3000/presentations/editor?id=pres-1775471431101-sgdeti:0
[  451864ms] [WARNING] The resource http://localhost:3000/_next/static/css/app/layout.css?v=1775471718923 was preloaded using link preload but not used within a few seconds from the window's load event. Please make sure it has an appropriate `as` value and it is preloaded intentionally. @ http://localhost:3000/presentations/editor?id=pres-1775471431101-sgdeti:0
[  451864ms] [WARNING] The resource http://localhost:3000/_next/static/css/app/layout.css?v=1775471639431 was preloaded using link preload but not used within a few seconds from the window's load event. Please make sure it has an appropriate `as` value and it is preloaded intentionally. @ http://localhost:3000/presentations/editor?id=pres-1775471431101-sgdeti:0
[  451864ms] [WARNING] The resource http://localhost:3000/_next/static/css/app/layout.css?v=1775471443768 was preloaded using link preload but not used within a few seconds from the window's load event. Please make sure it has an appropriate `as` value and it is preloaded intentionally. @ http://localhost:3000/presentations/editor?id=pres-1775471431101-sgdeti:0
[  451864ms] [WARNING] The resource http://localhost:3000/_next/static/css/app/layout.css?v=1775471643454 was preloaded using link preload but not used within a few seconds from the window's load event. Please make sure it has an appropriate `as` value and it is preloaded intentionally. @ http://localhost:3000/presentations/editor?id=pres-1775471431101-sgdeti:0
[  451864ms] [WARNING] The resource http://localhost:3000/_next/static/css/app/layout.css?v=1775471705509 was preloaded using link preload but not used within a few seconds from the window's load event. Please make sure it has an appropriate `as` value and it is preloaded intentionally. @ http://localhost:3000/presentations/editor?id=pres-1775471431101-sgdeti:0
[  451864ms] [WARNING] The resource http://localhost:3000/_next/static/css/app/layout.css?v=1775471645391 was preloaded using link preload but not used within a few seconds from the window's load event. Please make sure it has an appropriate `as` value and it is preloaded intentionally. @ http://localhost:3000/presentations/editor?id=pres-1775471431101-sgdeti:0
[  451864ms] [WARNING] The resource http://localhost:3000/_next/static/css/app/layout.css?v=1775471590759 was preloaded using link preload but not used within a few seconds from the window's load event. Please make sure it has an appropriate `as` value and it is preloaded intentionally. @ http://localhost:3000/presentations/editor?id=pres-1775471431101-sgdeti:0
[  451864ms] [WARNING] The resource http://localhost:3000/_next/static/css/app/layout.css?v=1775471701051 was preloaded using link preload but not used within a few seconds from the window's load event. Please make sure it has an appropriate `as` value and it is preloaded intentionally. @ http://localhost:3000/presentations/editor?id=pres-1775471431101-sgdeti:0
[  451864ms] [WARNING] The resource http://localhost:3000/_next/static/css/app/layout.css?v=1775471541469 was preloaded using link preload but not used within a few seconds from the window's load event. Please make sure it has an appropriate `as` value and it is preloaded intentionally. @ http://localhost:3000/presentations/editor?id=pres-1775471431101-sgdeti:0
[  451864ms] [WARNING] The resource http://localhost:3000/_next/static/css/app/layout.css?v=1775471662038 was preloaded using link preload but not used within a few seconds from the window's load event. Please make sure it has an appropriate `as` value and it is preloaded intentionally. @ http://localhost:3000/presentations/editor?id=pres-1775471431101-sgdeti:0
[  451864ms] [WARNING] The resource http://localhost:3000/_next/static/css/app/layout.css?v=1775471527359 was preloaded using link preload but not used within a few seconds from the window's load event. Please make sure it has an appropriate `as` value and it is preloaded intentionally. @ http://localhost:3000/presentations/editor?id=pres-1775471431101-sgdeti:0
[  451864ms] [WARNING] The resource http://localhost:3000/_next/static/css/app/layout.css?v=1775471583127 was preloaded using link preload but not used within a few seconds from the window's load event. Please make sure it has an appropriate `as` value and it is preloaded intentionally. @ http://localhost:3000/presentations/editor?id=pres-1775471431101-sgdeti:0
[  451864ms] [WARNING] The resource http://localhost:3000/_next/static/css/app/layout.css?v=1775471505499 was preloaded using link preload but not used within a few seconds from the window's load event. Please make sure it has an appropriate `as` value and it is preloaded intentionally. @ http://localhost:3000/presentations/editor?id=pres-1775471431101-sgdeti:0
[  451864ms] [WARNING] The resource http://localhost:3000/_next/static/css/app/layout.css?v=1775471859045 was preloaded using link preload but not used within a few seconds from the window's load event. Please make sure it has an appropriate `as` value and it is preloaded intentionally. @ http://localhost:3000/presentations/editor?id=pres-1775471431101-sgdeti:0
[  451864ms] [WARNING] The resource http://localhost:3000/_next/static/css/app/layout.css?v=1775471812215 was preloaded using link preload but not used within a few seconds from the window's load event. Please make sure it has an appropriate `as` value and it is preloaded intentionally. @ http://localhost:3000/presentations/editor?id=pres-1775471431101-sgdeti:0
[  451864ms] [WARNING] The resource http://localhost:3000/_next/static/css/app/layout.css?v=1775471740170 was preloaded using link preload but not used within a few seconds from the window's load event. Please make sure it has an appropriate `as` value and it is preloaded intentionally. @ http://localhost:3000/presentations/editor?id=pres-1775471431101-sgdeti:0
[  451864ms] [WARNING] The resource http://localhost:3000/_next/static/css/app/layout.css?v=1775471594573 was preloaded using link preload but not used within a few seconds from the window's load event. Please make sure it has an appropriate `as` value and it is preloaded intentionally. @ http://localhost:3000/presentations/editor?id=pres-1775471431101-sgdeti:0
[  451864ms] [WARNING] The resource http://localhost:3000/_next/static/css/app/layout.css?v=1775471729101 was preloaded using link preload but not used within a few seconds from the window's load event. Please make sure it has an appropriate `as` value and it is preloaded intentionally. @ http://localhost:3000/presentations/editor?id=pres-1775471431101-sgdeti:0
[  451864ms] [WARNING] The resource http://localhost:3000/_next/static/css/app/layout.css?v=1775471580555 was preloaded using link preload but not used within a few seconds from the window's load event. Please make sure it has an appropriate `as` value and it is preloaded intentionally. @ http://localhost:3000/presentations/editor?id=pres-1775471431101-sgdeti:0
[  451864ms] [WARNING] The resource http://localhost:3000/_next/static/css/app/layout.css?v=1775471783612 was preloaded using link preload but not used within a few seconds from the window's load event. Please make sure it has an appropriate `as` value and it is preloaded intentionally. @ http://localhost:3000/presentations/editor?id=pres-1775471431101-sgdeti:0
[  451864ms] [WARNING] The resource http://localhost:3000/_next/static/css/app/layout.css?v=1775471600223 was preloaded using link preload but not used within a few seconds from the window's load event. Please make sure it has an appropriate `as` value and it is preloaded intentionally. @ http://localhost:3000/presentations/editor?id=pres-1775471431101-sgdeti:0
[  451864ms] [WARNING] The resource http://localhost:3000/_next/static/css/app/layout.css?v=1775471792105 was preloaded using link preload but not used within a few seconds from the window's load event. Please make sure it has an appropriate `as` value and it is preloaded intentionally. @ http://localhost:3000/presentations/editor?id=pres-1775471431101-sgdeti:0
[  451864ms] [WARNING] The resource http://localhost:3000/_next/static/css/app/layout.css?v=1775471551032 was preloaded using link preload but not used within a few seconds from the window's load event. Please make sure it has an appropriate `as` value and it is preloaded intentionally. @ http://localhost:3000/presentations/editor?id=pres-1775471431101-sgdeti:0
[  451864ms] [WARNING] The resource http://localhost:3000/_next/static/css/app/layout.css?v=1775471846641 was preloaded using link preload but not used within a few seconds from the window's load event. Please make sure it has an appropriate `as` value and it is preloaded intentionally. @ http://localhost:3000/presentations/editor?id=pres-1775471431101-sgdeti:0
[  451864ms] [WARNING] The resource http://localhost:3000/_next/static/css/app/layout.css?v=1775471443142 was preloaded using link preload but not used within a few seconds from the window's load event. Please make sure it has an appropriate `as` value and it is preloaded intentionally. @ http://localhost:3000/presentations/editor?id=pres-1775471431101-sgdeti:0
[  451864ms] [WARNING] The resource http://localhost:3000/_next/static/css/app/layout.css?v=1775471780481 was preloaded using link preload but not used within a few seconds from the window's load event. Please make sure it has an appropriate `as` value and it is preloaded intentionally. @ http://localhost:3000/presentations/editor?id=pres-1775471431101-sgdeti:0
[  451864ms] [WARNING] The resource http://localhost:3000/_next/static/css/app/layout.css?v=1775471828006 was preloaded using link preload but not used within a few seconds from the window's load event. Please make sure it has an appropriate `as` value and it is preloaded intentionally. @ http://localhost:3000/presentations/editor?id=pres-1775471431101-sgdeti:0
[  451864ms] [WARNING] The resource http://localhost:3000/_next/static/css/app/layout.css?v=1775471588924 was preloaded using link preload but not used within a few seconds from the window's load event. Please make sure it has an appropriate `as` value and it is preloaded intentionally. @ http://localhost:3000/presentations/editor?id=pres-1775471431101-sgdeti:0
[  451864ms] [WARNING] The resource http://localhost:3000/_next/static/css/app/layout.css?v=1775471554852 was preloaded using link preload but not used within a few seconds from the window's load event. Please make sure it has an appropriate `as` value and it is preloaded intentionally. @ http://localhost:3000/presentations/editor?id=pres-1775471431101-sgdeti:0
[  451864ms] [WARNING] The resource http://localhost:3000/_next/static/css/app/layout.css?v=1775471526722 was preloaded using link preload but not used within a few seconds from the window's load event. Please make sure it has an appropriate `as` value and it is preloaded intentionally. @ http://localhost:3000/presentations/editor?id=pres-1775471431101-sgdeti:0
[  451865ms] [WARNING] The resource http://localhost:3000/_next/static/css/app/layout.css?v=1775471803045 was preloaded using link preload but not used within a few seconds from the window's load event. Please make sure it has an appropriate `as` value and it is preloaded intentionally. @ http://localhost:3000/presentations/editor?id=pres-1775471431101-sgdeti:0
[  451865ms] [WARNING] The resource http://localhost:3000/_next/static/css/app/layout.css?v=1775471605249 was preloaded using link preload but not used within a few seconds from the window's load event. Please make sure it has an appropriate `as` value and it is preloaded intentionally. @ http://localhost:3000/presentations/editor?id=pres-1775471431101-sgdeti:0
[  451865ms] [WARNING] The resource http://localhost:3000/_next/static/css/app/layout.css?v=1775471764810 was preloaded using link preload but not used within a few seconds from the window's load event. Please make sure it has an appropriate `as` value and it is preloaded intentionally. @ http://localhost:3000/presentations/editor?id=pres-1775471431101-sgdeti:0
[  451865ms] [WARNING] The resource http://localhost:3000/_next/static/css/app/layout.css?v=1775471556076 was preloaded using link preload but not used within a few seconds from the window's load event. Please make sure it has an appropriate `as` value and it is preloaded intentionally. @ http://localhost:3000/presentations/editor?id=pres-1775471431101-sgdeti:0
[  451865ms] [WARNING] The resource http://localhost:3000/_next/static/css/app/layout.css?v=1775471455960 was preloaded using link preload but not used within a few seconds from the window's load event. Please make sure it has an appropriate `as` value and it is preloaded intentionally. @ http://localhost:3000/presentations/editor?id=pres-1775471431101-sgdeti:0
[  451865ms] [WARNING] The resource http://localhost:3000/_next/static/css/app/layout.css?v=1775471873594 was preloaded using link preload but not used within a few seconds from the window's load event. Please make sure it has an appropriate `as` value and it is preloaded intentionally. @ http://localhost:3000/presentations/editor?id=pres-1775471431101-sgdeti:0
[  451865ms] [WARNING] The resource http://localhost:3000/_next/static/css/app/layout.css?v=1775471467609 was preloaded using link preload but not used within a few seconds from the window's load event. Please make sure it has an appropriate `as` value and it is preloaded intentionally. @ http://localhost:3000/presentations/editor?id=pres-1775471431101-sgdeti:0
[  451865ms] [WARNING] The resource http://localhost:3000/_next/static/css/app/layout.css?v=1775471802425 was preloaded using link preload but not used within a few seconds from the window's load event. Please make sure it has an appropriate `as` value and it is preloaded intentionally. @ http://localhost:3000/presentations/editor?id=pres-1775471431101-sgdeti:0
[  451865ms] [WARNING] The resource http://localhost:3000/_next/static/css/app/layout.css?v=1775471518436 was preloaded using link preload but not used within a few seconds from the window's load event. Please make sure it has an appropriate `as` value and it is preloaded intentionally. @ http://localhost:3000/presentations/editor?id=pres-1775471431101-sgdeti:0
[  451865ms] [WARNING] The resource http://localhost:3000/_next/static/css/app/layout.css?v=1775471591380 was preloaded using link preload but not used within a few seconds from the window's load event. Please make sure it has an appropriate `as` value and it is preloaded intentionally. @ http://localhost:3000/presentations/editor?id=pres-1775471431101-sgdeti:0
[  451865ms] [WARNING] The resource http://localhost:3000/_next/static/css/app/layout.css?v=1775471558666 was preloaded using link preload but not used within a few seconds from the window's load event. Please make sure it has an appropriate `as` value and it is preloaded intentionally. @ http://localhost:3000/presentations/editor?id=pres-1775471431101-sgdeti:0
[  451865ms] [WARNING] The resource http://localhost:3000/_next/static/css/app/layout.css?v=1775471630517 was preloaded using link preload but not used within a few seconds from the window's load event. Please make sure it has an appropriate `as` value and it is preloaded intentionally. @ http://localhost:3000/presentations/editor?id=pres-1775471431101-sgdeti:0
[  451865ms] [WARNING] The resource http://localhost:3000/_next/static/css/app/layout.css?v=1775471703579 was preloaded using link preload but not used within a few seconds from the window's load event. Please make sure it has an appropriate `as` value and it is preloaded intentionally. @ http://localhost:3000/presentations/editor?id=pres-1775471431101-sgdeti:0
[  451865ms] [WARNING] The resource http://localhost:3000/_next/static/css/app/layout.css?v=1775471489320 was preloaded using link preload but not used within a few seconds from the window's load event. Please make sure it has an appropriate `as` value and it is preloaded intentionally. @ http://localhost:3000/presentations/editor?id=pres-1775471431101-sgdeti:0
[  451865ms] [WARNING] The resource http://localhost:3000/_next/static/css/app/layout.css?v=1775471636203 was preloaded using link preload but not used within a few seconds from the window's load event. Please make sure it has an appropriate `as` value and it is preloaded intentionally. @ http://localhost:3000/presentations/editor?id=pres-1775471431101-sgdeti:0
[  451865ms] [WARNING] The resource http://localhost:3000/_next/static/css/app/layout.css?v=1775471513990 was preloaded using link preload but not used within a few seconds from the window's load event. Please make sure it has an appropriate `as` value and it is preloaded intentionally. @ http://localhost:3000/presentations/editor?id=pres-1775471431101-sgdeti:0
[  451865ms] [WARNING] The resource http://localhost:3000/_next/static/css/app/layout.css?v=1775471640037 was preloaded using link preload but not used within a few seconds from the window's load event. Please make sure it has an appropriate `as` value and it is preloaded intentionally. @ http://localhost:3000/presentations/editor?id=pres-1775471431101-sgdeti:0
[  451865ms] [WARNING] The resource http://localhost:3000/_next/static/css/app/layout.css?v=1775471827387 was preloaded using link preload but not used within a few seconds from the window's load event. Please make sure it has an appropriate `as` value and it is preloaded intentionally. @ http://localhost:3000/presentations/editor?id=pres-1775471431101-sgdeti:0
[  451865ms] [WARNING] The resource http://localhost:3000/_next/static/css/app/layout.css?v=1775471683206 was preloaded using link preload but not used within a few seconds from the window's load event. Please make sure it has an appropriate `as` value and it is preloaded intentionally. @ http://localhost:3000/presentations/editor?id=pres-1775471431101-sgdeti:0
[  451865ms] [WARNING] The resource http://localhost:3000/_next/static/css/app/layout.css?v=1775471874664 was preloaded using link preload but not used within a few seconds from the window's load event. Please make sure it has an appropriate `as` value and it is preloaded intentionally. @ http://localhost:3000/presentations/editor?id=pres-1775471431101-sgdeti:0
[  451865ms] [WARNING] The resource http://localhost:3000/_next/static/css/app/layout.css?v=1775471808375 was preloaded using link preload but not used within a few seconds from the window's load event. Please make sure it has an appropriate `as` value and it is preloaded intentionally. @ http://localhost:3000/presentations/editor?id=pres-1775471431101-sgdeti:0
[  451865ms] [WARNING] The resource http://localhost:3000/_next/static/css/app/layout.css?v=1775471589033 was preloaded using link preload but not used within a few seconds from the window's load event. Please make sure it has an appropriate `as` value and it is preloaded intentionally. @ http://localhost:3000/presentations/editor?id=pres-1775471431101-sgdeti:0
[  451865ms] [WARNING] The resource http://localhost:3000/_next/static/css/app/layout.css?v=1775471486177 was preloaded using link preload but not used within a few seconds from the window's load event. Please make sure it has an appropriate `as` value and it is preloaded intentionally. @ http://localhost:3000/presentations/editor?id=pres-1775471431101-sgdeti:0
[  451865ms] [WARNING] The resource http://localhost:3000/_next/static/css/app/layout.css?v=1775471538255 was preloaded using link preload but not used within a few seconds from the window's load event. Please make sure it has an appropriate `as` value and it is preloaded intentionally. @ http://localhost:3000/presentations/editor?id=pres-1775471431101-sgdeti:0
[  451865ms] [WARNING] The resource http://localhost:3000/_next/static/css/app/layout.css?v=1775471706288 was preloaded using link preload but not used within a few seconds from the window's load event. Please make sure it has an appropriate `as` value and it is preloaded intentionally. @ http://localhost:3000/presentations/editor?id=pres-1775471431101-sgdeti:0
[  451865ms] [WARNING] The resource http://localhost:3000/_next/static/css/app/layout.css?v=1775471739542 was preloaded using link preload but not used within a few seconds from the window's load event. Please make sure it has an appropriate `as` value and it is preloaded intentionally. @ http://localhost:3000/presentations/editor?id=pres-1775471431101-sgdeti:0
[  451865ms] [WARNING] The resource http://localhost:3000/_next/static/css/app/layout.css?v=1775471845255 was preloaded using link preload but not used within a few seconds from the window's load event. Please make sure it has an appropriate `as` value and it is preloaded intentionally. @ http://localhost:3000/presentations/editor?id=pres-1775471431101-sgdeti:0
[  451865ms] [WARNING] The resource http://localhost:3000/_next/static/css/app/layout.css?v=1775471801175 was preloaded using link preload but not used within a few seconds from the window's load event. Please make sure it has an appropriate `as` value and it is preloaded intentionally. @ http://localhost:3000/presentations/editor?id=pres-1775471431101-sgdeti:0
[  451865ms] [WARNING] The resource http://localhost:3000/_next/static/css/app/layout.css?v=1775471534490 was preloaded using link preload but not used within a few seconds from the window's load event. Please make sure it has an appropriate `as` value and it is preloaded intentionally. @ http://localhost:3000/presentations/editor?id=pres-1775471431101-sgdeti:0
[  451865ms] [WARNING] The resource http://localhost:3000/_next/static/css/app/layout.css?v=1775471665782 was preloaded using link preload but not used within a few seconds from the window's load event. Please make sure it has an appropriate `as` value and it is preloaded intentionally. @ http://localhost:3000/presentations/editor?id=pres-1775471431101-sgdeti:0
[  451865ms] [WARNING] The resource http://localhost:3000/_next/static/css/app/layout.css?v=1775471849298 was preloaded using link preload but not used within a few seconds from the window's load event. Please make sure it has an appropriate `as` value and it is preloaded intentionally. @ http://localhost:3000/presentations/editor?id=pres-1775471431101-sgdeti:0
[  451865ms] [WARNING] The resource http://localhost:3000/_next/static/css/app/layout.css?v=1775471673429 was preloaded using link preload but not used within a few seconds from the window's load event. Please make sure it has an appropriate `as` value and it is preloaded intentionally. @ http://localhost:3000/presentations/editor?id=pres-1775471431101-sgdeti:0
[  451865ms] [WARNING] The resource http://localhost:3000/_next/static/css/app/layout.css?v=1775471875683 was preloaded using link preload but not used within a few seconds from the window's load event. Please make sure it has an appropriate `as` value and it is preloaded intentionally. @ http://localhost:3000/presentations/editor?id=pres-1775471431101-sgdeti:0
[  451865ms] [WARNING] The resource http://localhost:3000/_next/static/css/app/layout.css?v=1775471720881 was preloaded using link preload but not used within a few seconds from the window's load event. Please make sure it has an appropriate `as` value and it is preloaded intentionally. @ http://localhost:3000/presentations/editor?id=pres-1775471431101-sgdeti:0
[  451865ms] [WARNING] The resource http://localhost:3000/_next/static/css/app/layout.css?v=1775471753043 was preloaded using link preload but not used within a few seconds from the window's load event. Please make sure it has an appropriate `as` value and it is preloaded intentionally. @ http://localhost:3000/presentations/editor?id=pres-1775471431101-sgdeti:0
[  451865ms] [WARNING] The resource http://localhost:3000/_next/static/css/app/layout.css?v=1775471563212 was preloaded using link preload but not used within a few seconds from the window's load event. Please make sure it has an appropriate `as` value and it is preloaded intentionally. @ http://localhost:3000/presentations/editor?id=pres-1775471431101-sgdeti:0
[  451865ms] [WARNING] The resource http://localhost:3000/_next/static/css/app/layout.css?v=1775471860050 was preloaded using link preload but not used within a few seconds from the window's load event. Please make sure it has an appropriate `as` value and it is preloaded intentionally. @ http://localhost:3000/presentations/editor?id=pres-1775471431101-sgdeti:0
[  451865ms] [WARNING] The resource http://localhost:3000/_next/static/css/app/layout.css?v=1775471586334 was preloaded using link preload but not used within a few seconds from the window's load event. Please make sure it has an appropriate `as` value and it is preloaded intentionally. @ http://localhost:3000/presentations/editor?id=pres-1775471431101-sgdeti:0
[  451865ms] [WARNING] The resource http://localhost:3000/_next/static/css/app/layout.css?v=1775471733042 was preloaded using link preload but not used within a few seconds from the window's load event. Please make sure it has an appropriate `as` value and it is preloaded intentionally. @ http://localhost:3000/presentations/editor?id=pres-1775471431101-sgdeti:0
[  451865ms] [WARNING] The resource http://localhost:3000/_next/static/css/app/layout.css?v=1775471756943 was preloaded using link preload but not used within a few seconds from the window's load event. Please make sure it has an appropriate `as` value and it is preloaded intentionally. @ http://localhost:3000/presentations/editor?id=pres-1775471431101-sgdeti:0
[  451865ms] [WARNING] The resource http://localhost:3000/_next/static/css/app/layout.css?v=1775471807087 was preloaded using link preload but not used within a few seconds from the window's load event. Please make sure it has an appropriate `as` value and it is preloaded intentionally. @ http://localhost:3000/presentations/editor?id=pres-1775471431101-sgdeti:0
[  451865ms] [WARNING] The resource http://localhost:3000/_next/static/css/app/layout.css?v=1775471666530 was preloaded using link preload but not used within a few seconds from the window's load event. Please make sure it has an appropriate `as` value and it is preloaded intentionally. @ http://localhost:3000/presentations/editor?id=pres-1775471431101-sgdeti:0
[  451865ms] [WARNING] The resource http://localhost:3000/_next/static/css/app/layout.css?v=1775471751148 was preloaded using link preload but not used within a few seconds from the window's load event. Please make sure it has an appropriate `as` value and it is preloaded intentionally. @ http://localhost:3000/presentations/editor?id=pres-1775471431101-sgdeti:0
[  451865ms] [WARNING] The resource http://localhost:3000/_next/static/css/app/layout.css?v=1775471484792 was preloaded using link preload but not used within a few seconds from the window's load event. Please make sure it has an appropriate `as` value and it is preloaded intentionally. @ http://localhost:3000/presentations/editor?id=pres-1775471431101-sgdeti:0
[  451865ms] [WARNING] The resource http://localhost:3000/_next/static/css/app/layout.css?v=1775471602661 was preloaded using link preload but not used within a few seconds from the window's load event. Please make sure it has an appropriate `as` value and it is preloaded intentionally. @ http://localhost:3000/presentations/editor?id=pres-1775471431101-sgdeti:0
[  451865ms] [WARNING] The resource http://localhost:3000/_next/static/css/app/layout.css?v=1775471832469 was preloaded using link preload but not used within a few seconds from the window's load event. Please make sure it has an appropriate `as` value and it is preloaded intentionally. @ http://localhost:3000/presentations/editor?id=pres-1775471431101-sgdeti:0
[  451865ms] [WARNING] The resource http://localhost:3000/_next/static/css/app/layout.css?v=1775471697088 was preloaded using link preload but not used within a few seconds from the window's load event. Please make sure it has an appropriate `as` value and it is preloaded intentionally. @ http://localhost:3000/presentations/editor?id=pres-1775471431101-sgdeti:0
[  451865ms] [WARNING] The resource http://localhost:3000/_next/static/css/app/layout.css?v=1775471621597 was preloaded using link preload but not used within a few seconds from the window's load event. Please make sure it has an appropriate `as` value and it is preloaded intentionally. @ http://localhost:3000/presentations/editor?id=pres-1775471431101-sgdeti:0
[  451865ms] [WARNING] The resource http://localhost:3000/_next/static/css/app/layout.css?v=1775471698306 was preloaded using link preload but not used within a few seconds from the window's load event. Please make sure it has an appropriate `as` value and it is preloaded intentionally. @ http://localhost:3000/presentations/editor?id=pres-1775471431101-sgdeti:0
[  451865ms] [WARNING] The resource http://localhost:3000/_next/static/css/app/layout.css?v=1775471690745 was preloaded using link preload but not used within a few seconds from the window's load event. Please make sure it has an appropriate `as` value and it is preloaded intentionally. @ http://localhost:3000/presentations/editor?id=pres-1775471431101-sgdeti:0
[  451865ms] [WARNING] The resource http://localhost:3000/_next/static/css/app/layout.css?v=1775471590158 was preloaded using link preload but not used within a few seconds from the window's load event. Please make sure it has an appropriate `as` value and it is preloaded intentionally. @ http://localhost:3000/presentations/editor?id=pres-1775471431101-sgdeti:0
[  451865ms] [WARNING] The resource http://localhost:3000/_next/static/css/app/layout.css?v=1775471742663 was preloaded using link preload but not used within a few seconds from the window's load event. Please make sure it has an appropriate `as` value and it is preloaded intentionally. @ http://localhost:3000/presentations/editor?id=pres-1775471431101-sgdeti:0
[  451865ms] [WARNING] The resource http://localhost:3000/_next/static/css/app/layout.css?v=1775471841742 was preloaded using link preload but not used within a few seconds from the window's load event. Please make sure it has an appropriate `as` value and it is preloaded intentionally. @ http://localhost:3000/presentations/editor?id=pres-1775471431101-sgdeti:0
[  451865ms] [WARNING] The resource http://localhost:3000/_next/static/css/app/layout.css?v=1775471787580 was preloaded using link preload but not used within a few seconds from the window's load event. Please make sure it has an appropriate `as` value and it is preloaded intentionally. @ http://localhost:3000/presentations/editor?id=pres-1775471431101-sgdeti:0
[  452178ms] [LOG] [Fast Refresh] rebuilding @ webpack-internal:///(app-pages-browser)/./node_modules/next/dist/client/components/react-dev-overlay/app/hot-reloader-client.js:240
[  452230ms] [LOG] [Fast Refresh] done in 52ms @ webpack-internal:///(app-pages-browser)/./node_modules/next/dist/client/components/react-dev-overlay/app/hot-reloader-client.js:67
[  453399ms] [LOG] [Fast Refresh] rebuilding @ webpack-internal:///(app-pages-browser)/./node_modules/next/dist/client/components/react-dev-overlay/app/hot-reloader-client.js:240
[  453456ms] [LOG] [Fast Refresh] done in 57ms @ webpack-internal:///(app-pages-browser)/./node_modules/next/dist/client/components/react-dev-overlay/app/hot-reloader-client.js:67
[  454434ms] [LOG] [Fast Refresh] rebuilding @ webpack-internal:///(app-pages-browser)/./node_modules/next/dist/client/components/react-dev-overlay/app/hot-reloader-client.js:240
[  454489ms] [LOG] [Fast Refresh] done in 55ms @ webpack-internal:///(app-pages-browser)/./node_modules/next/dist/client/components/react-dev-overlay/app/hot-reloader-client.js:67
[  455492ms] [LOG] [Fast Refresh] rebuilding @ webpack-internal:///(app-pages-browser)/./node_modules/next/dist/client/components/react-dev-overlay/app/hot-reloader-client.js:240
[  455543ms] [LOG] [Fast Refresh] done in 50ms @ webpack-internal:///(app-pages-browser)/./node_modules/next/dist/client/components/react-dev-overlay/app/hot-reloader-client.js:67
[  456641ms] [LOG] [Fast Refresh] rebuilding @ webpack-internal:///(app-pages-browser)/./node_modules/next/dist/client/components/react-dev-overlay/app/hot-reloader-client.js:240
[  456708ms] [LOG] [Fast Refresh] done in 66ms @ webpack-internal:///(app-pages-browser)/./node_modules/next/dist/client/components/react-dev-overlay/app/hot-reloader-client.js:67
[  457688ms] [LOG] [Fast Refresh] rebuilding @ webpack-internal:///(app-pages-browser)/./node_modules/next/dist/client/components/react-dev-overlay/app/hot-reloader-client.js:240
[  457751ms] [LOG] [Fast Refresh] done in 62ms @ webpack-internal:///(app-pages-browser)/./node_modules/next/dist/client/components/react-dev-overlay/app/hot-reloader-client.js:67
[  458795ms] [LOG] [Fast Refresh] rebuilding @ webpack-internal:///(app-pages-browser)/./node_modules/next/dist/client/components/react-dev-overlay/app/hot-reloader-client.js:240
[  458851ms] [LOG] [Fast Refresh] done in 56ms @ webpack-internal:///(app-pages-browser)/./node_modules/next/dist/client/components/react-dev-overlay/app/hot-reloader-client.js:67
[  459869ms] [LOG] [Fast Refresh] rebuilding @ webpack-internal:///(app-pages-browser)/./node_modules/next/dist/client/components/react-dev-overlay/app/hot-reloader-client.js:240
[  459934ms] [LOG] [Fast Refresh] done in 65ms @ webpack-internal:///(app-pages-browser)/./node_modules/next/dist/client/components/react-dev-overlay/app/hot-reloader-client.js:67
[  461070ms] [LOG] [Fast Refresh] rebuilding @ webpack-internal:///(app-pages-browser)/./node_modules/next/dist/client/components/react-dev-overlay/app/hot-reloader-client.js:240
[  461105ms] [LOG] [Fast Refresh] done in 35ms @ webpack-internal:///(app-pages-browser)/./node_modules/next/dist/client/components/react-dev-overlay/app/hot-reloader-client.js:67
[  462145ms] [LOG] [Fast Refresh] rebuilding @ webpack-internal:///(app-pages-browser)/./node_modules/next/dist/client/components/react-dev-overlay/app/hot-reloader-client.js:240
[  462197ms] [LOG] [Fast Refresh] done in 53ms @ webpack-internal:///(app-pages-browser)/./node_modules/next/dist/client/components/react-dev-overlay/app/hot-reloader-client.js:67
[  463109ms] [LOG] [Fast Refresh] rebuilding @ webpack-internal:///(app-pages-browser)/./node_modules/next/dist/client/components/react-dev-overlay/app/hot-reloader-client.js:240
[  463161ms] [LOG] [Fast Refresh] done in 51ms @ webpack-internal:///(app-pages-browser)/./node_modules/next/dist/client/components/react-dev-overlay/app/hot-reloader-client.js:67
[  464238ms] [LOG] [Fast Refresh] rebuilding @ webpack-internal:///(app-pages-browser)/./node_modules/next/dist/client/components/react-dev-overlay/app/hot-reloader-client.js:240
[  464295ms] [LOG] [Fast Refresh] done in 57ms @ webpack-internal:///(app-pages-browser)/./node_modules/next/dist/client/components/react-dev-overlay/app/hot-reloader-client.js:67
[  465242ms] [LOG] [Fast Refresh] rebuilding @ webpack-internal:///(app-pages-browser)/./node_modules/next/dist/client/components/react-dev-overlay/app/hot-reloader-client.js:240
[  465295ms] [LOG] [Fast Refresh] done in 54ms @ webpack-internal:///(app-pages-browser)/./node_modules/next/dist/client/components/react-dev-overlay/app/hot-reloader-client.js:67
[  466272ms] [LOG] [Fast Refresh] rebuilding @ webpack-internal:///(app-pages-browser)/./node_modules/next/dist/client/components/react-dev-overlay/app/hot-reloader-client.js:240
[  466326ms] [LOG] [Fast Refresh] done in 53ms @ webpack-internal:///(app-pages-browser)/./node_modules/next/dist/client/components/react-dev-overlay/app/hot-reloader-client.js:67
[  467392ms] [LOG] [Fast Refresh] rebuilding @ webpack-internal:///(app-pages-browser)/./node_modules/next/dist/client/components/react-dev-overlay/app/hot-reloader-client.js:240
[  467453ms] [LOG] [Fast Refresh] done in 61ms @ webpack-internal:///(app-pages-browser)/./node_modules/next/dist/client/components/react-dev-overlay/app/hot-reloader-client.js:67
[  468472ms] [LOG] [Fast Refresh] rebuilding @ webpack-internal:///(app-pages-browser)/./node_modules/next/dist/client/components/react-dev-overlay/app/hot-reloader-client.js:240
[  468552ms] [LOG] [Fast Refresh] done in 79ms @ webpack-internal:///(app-pages-browser)/./node_modules/next/dist/client/components/react-dev-overlay/app/hot-reloader-client.js:67
[  469242ms] [LOG] [Fast Refresh] rebuilding @ webpack-internal:///(app-pages-browser)/./node_modules/next/dist/client/components/react-dev-overlay/app/hot-reloader-client.js:240
[  469798ms] [LOG] [Fast Refresh] done in 556ms @ webpack-internal:///(app-pages-browser)/./node_modules/next/dist/client/components/react-dev-overlay/app/hot-reloader-client.js:67
[  469907ms] [LOG] [Fast Refresh] rebuilding @ webpack-internal:///(app-pages-browser)/./node_modules/next/dist/client/components/react-dev-overlay/app/hot-reloader-client.js:240
[  469935ms] [LOG] [Fast Refresh] done in 28ms @ webpack-internal:///(app-pages-browser)/./node_modules/next/dist/client/components/react-dev-overlay/app/hot-reloader-client.js:67
[  470851ms] [LOG] [Fast Refresh] rebuilding @ webpack-internal:///(app-pages-browser)/./node_modules/next/dist/client/components/react-dev-overlay/app/hot-reloader-client.js:240
[  470897ms] [LOG] [Fast Refresh] done in 46ms @ webpack-internal:///(app-pages-browser)/./node_modules/next/dist/client/components/react-dev-overlay/app/hot-reloader-client.js:67
[  471884ms] [LOG] [Fast Refresh] rebuilding @ webpack-internal:///(app-pages-browser)/./node_modules/next/dist/client/components/react-dev-overlay/app/hot-reloader-client.js:240
[  471930ms] [LOG] [Fast Refresh] done in 46ms @ webpack-internal:///(app-pages-browser)/./node_modules/next/dist/client/components/react-dev-overlay/app/hot-reloader-client.js:67
[  472666ms] [LOG] [Fast Refresh] rebuilding @ webpack-internal:///(app-pages-browser)/./node_modules/next/dist/client/components/react-dev-overlay/app/hot-reloader-client.js:240
[  472687ms] [LOG] [Fast Refresh] done in 21ms @ webpack-internal:///(app-pages-browser)/./node_modules/next/dist/client/components/react-dev-overlay/app/hot-reloader-client.js:67
[  473345ms] [LOG] [Fast Refresh] rebuilding @ webpack-internal:///(app-pages-browser)/./node_modules/next/dist/client/components/react-dev-overlay/app/hot-reloader-client.js:240
[  473368ms] [LOG] [Fast Refresh] done in 24ms @ webpack-internal:///(app-pages-browser)/./node_modules/next/dist/client/components/react-dev-overlay/app/hot-reloader-client.js:67
[  474167ms] [LOG] [Fast Refresh] rebuilding @ webpack-internal:///(app-pages-browser)/./node_modules/next/dist/client/components/react-dev-overlay/app/hot-reloader-client.js:240
[  474218ms] [LOG] [Fast Refresh] done in 51ms @ webpack-internal:///(app-pages-browser)/./node_modules/next/dist/client/components/react-dev-overlay/app/hot-reloader-client.js:67
[  475447ms] [LOG] [Fast Refresh] rebuilding @ webpack-internal:///(app-pages-browser)/./node_modules/next/dist/client/components/react-dev-overlay/app/hot-reloader-client.js:240
[  475497ms] [LOG] [Fast Refresh] done in 50ms @ webpack-internal:///(app-pages-browser)/./node_modules/next/dist/client/components/react-dev-overlay/app/hot-reloader-client.js:67
[  476472ms] [LOG] [Fast Refresh] rebuilding @ webpack-internal:///(app-pages-browser)/./node_modules/next/dist/client/components/react-dev-overlay/app/hot-reloader-client.js:240
[  476502ms] [LOG] [Fast Refresh] done in 30ms @ webpack-internal:///(app-pages-browser)/./node_modules/next/dist/client/components/react-dev-overlay/app/hot-reloader-client.js:67
[  477498ms] [LOG] [Fast Refresh] rebuilding @ webpack-internal:///(app-pages-browser)/./node_modules/next/dist/client/components/react-dev-overlay/app/hot-reloader-client.js:240
[  477544ms] [LOG] [Fast Refresh] done in 47ms @ webpack-internal:///(app-pages-browser)/./node_modules/next/dist/client/components/react-dev-overlay/app/hot-reloader-client.js:67
[  478596ms] [LOG] [Fast Refresh] rebuilding @ webpack-internal:///(app-pages-browser)/./node_modules/next/dist/client/components/react-dev-overlay/app/hot-reloader-client.js:240
[  478624ms] [LOG] [Fast Refresh] done in 28ms @ webpack-internal:///(app-pages-browser)/./node_modules/next/dist/client/components/react-dev-overlay/app/hot-reloader-client.js:67
[  479693ms] [LOG] [Fast Refresh] rebuilding @ webpack-internal:///(app-pages-browser)/./node_modules/next/dist/client/components/react-dev-overlay/app/hot-reloader-client.js:240
[  479729ms] [LOG] [Fast Refresh] done in 36ms @ webpack-internal:///(app-pages-browser)/./node_modules/next/dist/client/components/react-dev-overlay/app/hot-reloader-client.js:67
[  480751ms] [LOG] [Fast Refresh] rebuilding @ webpack-internal:///(app-pages-browser)/./node_modules/next/dist/client/components/react-dev-overlay/app/hot-reloader-client.js:240
[  480784ms] [LOG] [Fast Refresh] done in 32ms @ webpack-internal:///(app-pages-browser)/./node_modules/next/dist/client/components/react-dev-overlay/app/hot-reloader-client.js:67
[  481745ms] [LOG] [Fast Refresh] rebuilding @ webpack-internal:///(app-pages-browser)/./node_modules/next/dist/client/components/react-dev-overlay/app/hot-reloader-client.js:240
[  481779ms] [LOG] [Fast Refresh] done in 34ms @ webpack-internal:///(app-pages-browser)/./node_modules/next/dist/client/components/react-dev-overlay/app/hot-reloader-client.js:67
[  482759ms] [LOG] [Fast Refresh] rebuilding @ webpack-internal:///(app-pages-browser)/./node_modules/next/dist/client/components/react-dev-overlay/app/hot-reloader-client.js:240
[  482793ms] [LOG] [Fast Refresh] done in 34ms @ webpack-internal:///(app-pages-browser)/./node_modules/next/dist/client/components/react-dev-overlay/app/hot-reloader-client.js:67
[  483926ms] [LOG] [Fast Refresh] rebuilding @ webpack-internal:///(app-pages-browser)/./node_modules/next/dist/client/components/react-dev-overlay/app/hot-reloader-client.js:240
[  483981ms] [LOG] [Fast Refresh] done in 56ms @ webpack-internal:///(app-pages-browser)/./node_modules/next/dist/client/components/react-dev-overlay/app/hot-reloader-client.js:67
[  487122ms] [WARNING] The resource http://localhost:3000/_next/static/css/app/layout.css?v=1775471434357 was preloaded using link preload but not used within a few seconds from the window's load event. Please make sure it has an appropriate `as` value and it is preloaded intentionally. @ http://localhost:3000/presentations/editor?id=pres-1775471431101-sgdeti:0
[  487122ms] [WARNING] The resource http://localhost:3000/_next/static/css/app/layout.css?v=1775471817435 was preloaded using link preload but not used within a few seconds from the window's load event. Please make sure it has an appropriate `as` value and it is preloaded intentionally. @ http://localhost:3000/presentations/editor?id=pres-1775471431101-sgdeti:0
[  487122ms] [WARNING] The resource http://localhost:3000/_next/static/css/app/layout.css?v=1775471525764 was preloaded using link preload but not used within a few seconds from the window's load event. Please make sure it has an appropriate `as` value and it is preloaded intentionally. @ http://localhost:3000/presentations/editor?id=pres-1775471431101-sgdeti:0
[  487122ms] [WARNING] The resource http://localhost:3000/_next/static/css/app/layout.css?v=1775471691486 was preloaded using link preload but not used within a few seconds from the window's load event. Please make sure it has an appropriate `as` value and it is preloaded intentionally. @ http://localhost:3000/presentations/editor?id=pres-1775471431101-sgdeti:0
[  487122ms] [WARNING] The resource http://localhost:3000/_next/static/css/app/layout.css?v=1775471762274 was preloaded using link preload but not used within a few seconds from the window's load event. Please make sure it has an appropriate `as` value and it is preloaded intentionally. @ http://localhost:3000/presentations/editor?id=pres-1775471431101-sgdeti:0
[  487122ms] [WARNING] The resource http://localhost:3000/_next/static/css/app/layout.css?v=1775471734355 was preloaded using link preload but not used within a few seconds from the window's load event. Please make sure it has an appropriate `as` value and it is preloaded intentionally. @ http://localhost:3000/presentations/editor?id=pres-1775471431101-sgdeti:0
[  487122ms] [WARNING] The resource http://localhost:3000/_next/static/css/app/layout.css?v=1775471592594 was preloaded using link preload but not used within a few seconds from the window's load event. Please make sure it has an appropriate `as` value and it is preloaded intentionally. @ http://localhost:3000/presentations/editor?id=pres-1775471431101-sgdeti:0
[  487122ms] [WARNING] The resource http://localhost:3000/_next/static/css/app/layout.css?v=1775471595792 was preloaded using link preload but not used within a few seconds from the window's load event. Please make sure it has an appropriate `as` value and it is preloaded intentionally. @ http://localhost:3000/presentations/editor?id=pres-1775471431101-sgdeti:0
[  487122ms] [WARNING] The resource http://localhost:3000/_next/static/css/app/layout.css?v=1775471601434 was preloaded using link preload but not used within a few seconds from the window's load event. Please make sure it has an appropriate `as` value and it is preloaded intentionally. @ http://localhost:3000/presentations/editor?id=pres-1775471431101-sgdeti:0
[  487122ms] [WARNING] The resource http://localhost:3000/_next/static/css/app/layout.css?v=1775471660681 was preloaded using link preload but not used within a few seconds from the window's load event. Please make sure it has an appropriate `as` value and it is preloaded intentionally. @ http://localhost:3000/presentations/editor?id=pres-1775471431101-sgdeti:0
[  487122ms] [WARNING] The resource http://localhost:3000/_next/static/css/app/layout.css?v=1775471537010 was preloaded using link preload but not used within a few seconds from the window's load event. Please make sure it has an appropriate `as` value and it is preloaded intentionally. @ http://localhost:3000/presentations/editor?id=pres-1775471431101-sgdeti:0
[  487122ms] [WARNING] The resource http://localhost:3000/_next/static/css/app/layout.css?v=1775471544032 was preloaded using link preload but not used within a few seconds from the window's load event. Please make sure it has an appropriate `as` value and it is preloaded intentionally. @ http://localhost:3000/presentations/editor?id=pres-1775471431101-sgdeti:0
[  487122ms] [WARNING] The resource http://localhost:3000/_next/static/css/app/layout.css?v=1775471587577 was preloaded using link preload but not used within a few seconds from the window's load event. Please make sure it has an appropriate `as` value and it is preloaded intentionally. @ http://localhost:3000/presentations/editor?id=pres-1775471431101-sgdeti:0
[  487122ms] [WARNING] The resource http://localhost:3000/_next/static/css/app/layout.css?v=1775471767014 was preloaded using link preload but not used within a few seconds from the window's load event. Please make sure it has an appropriate `as` value and it is preloaded intentionally. @ http://localhost:3000/presentations/editor?id=pres-1775471431101-sgdeti:0
[  487122ms] [WARNING] The resource http://localhost:3000/_next/static/css/app/layout.css?v=1775471494488 was preloaded using link preload but not used within a few seconds from the window's load event. Please make sure it has an appropriate `as` value and it is preloaded intentionally. @ http://localhost:3000/presentations/editor?id=pres-1775471431101-sgdeti:0
[  487122ms] [WARNING] The resource http://localhost:3000/_next/static/css/app/layout.css?v=1775471574773 was preloaded using link preload but not used within a few seconds from the window's load event. Please make sure it has an appropriate `as` value and it is preloaded intentionally. @ http://localhost:3000/presentations/editor?id=pres-1775471431101-sgdeti:0
[  487122ms] [WARNING] The resource http://localhost:3000/_next/static/css/app/layout.css?v=1775471530633 was preloaded using link preload but not used within a few seconds from the window's load event. Please make sure it has an appropriate `as` value and it is preloaded intentionally. @ http://localhost:3000/presentations/editor?id=pres-1775471431101-sgdeti:0
[  487122ms] [WARNING] The resource http://localhost:3000/_next/static/css/app/layout.css?v=1775471689437 was preloaded using link preload but not used within a few seconds from the window's load event. Please make sure it has an appropriate `as` value and it is preloaded intentionally. @ http://localhost:3000/presentations/editor?id=pres-1775471431101-sgdeti:0
[  487122ms] [WARNING] The resource http://localhost:3000/_next/static/css/app/layout.css?v=1775471576612 was preloaded using link preload but not used within a few seconds from the window's load event. Please make sure it has an appropriate `as` value and it is preloaded intentionally. @ http://localhost:3000/presentations/editor?id=pres-1775471431101-sgdeti:0
[  487122ms] [WARNING] The resource http://localhost:3000/_next/static/css/app/layout.css?v=1775471502926 was preloaded using link preload but not used within a few seconds from the window's load event. Please make sure it has an appropriate `as` value and it is preloaded intentionally. @ http://localhost:3000/presentations/editor?id=pres-1775471431101-sgdeti:0
[  487122ms] [WARNING] The resource http://localhost:3000/_next/static/css/app/layout.css?v=1775471688354 was preloaded using link preload but not used within a few seconds from the window's load event. Please make sure it has an appropriate `as` value and it is preloaded intentionally. @ http://localhost:3000/presentations/editor?id=pres-1775471431101-sgdeti:0
[  487122ms] [WARNING] The resource http://localhost:3000/_next/static/css/app/layout.css?v=1775471904563 was preloaded using link preload but not used within a few seconds from the window's load event. Please make sure it has an appropriate `as` value and it is preloaded intentionally. @ http://localhost:3000/presentations/editor?id=pres-1775471431101-sgdeti:0
[  487122ms] [WARNING] The resource http://localhost:3000/_next/static/css/app/layout.css?v=1775471853039 was preloaded using link preload but not used within a few seconds from the window's load event. Please make sure it has an appropriate `as` value and it is preloaded intentionally. @ http://localhost:3000/presentations/editor?id=pres-1775471431101-sgdeti:0
[  487122ms] [WARNING] The resource http://localhost:3000/_next/static/css/app/layout.css?v=1775471686386 was preloaded using link preload but not used within a few seconds from the window's load event. Please make sure it has an appropriate `as` value and it is preloaded intentionally. @ http://localhost:3000/presentations/editor?id=pres-1775471431101-sgdeti:0
[  487122ms] [WARNING] The resource http://localhost:3000/_next/static/css/app/layout.css?v=1775471784375 was preloaded using link preload but not used within a few seconds from the window's load event. Please make sure it has an appropriate `as` value and it is preloaded intentionally. @ http://localhost:3000/presentations/editor?id=pres-1775471431101-sgdeti:0
[  487122ms] [WARNING] The resource http://localhost:3000/_next/static/css/app/layout.css?v=1775471617190 was preloaded using link preload but not used within a few seconds from the window's load event. Please make sure it has an appropriate `as` value and it is preloaded intentionally. @ http://localhost:3000/presentations/editor?id=pres-1775471431101-sgdeti:0
[  487122ms] [WARNING] The resource http://localhost:3000/_next/static/css/app/layout.css?v=1775471472286 was preloaded using link preload but not used within a few seconds from the window's load event. Please make sure it has an appropriate `as` value and it is preloaded intentionally. @ http://localhost:3000/presentations/editor?id=pres-1775471431101-sgdeti:0
[  487122ms] [WARNING] The resource http://localhost:3000/_next/static/css/app/layout.css?v=1775471446356 was preloaded using link preload but not used within a few seconds from the window's load event. Please make sure it has an appropriate `as` value and it is preloaded intentionally. @ http://localhost:3000/presentations/editor?id=pres-1775471431101-sgdeti:0
[  487122ms] [WARNING] The resource http://localhost:3000/_next/static/css/app/layout.css?v=1775471771350 was preloaded using link preload but not used within a few seconds from the window's load event. Please make sure it has an appropriate `as` value and it is preloaded intentionally. @ http://localhost:3000/presentations/editor?id=pres-1775471431101-sgdeti:0
[  487122ms] [WARNING] The resource http://localhost:3000/_next/static/css/app/layout.css?v=1775471731801 was preloaded using link preload but not used within a few seconds from the window's load event. Please make sure it has an appropriate `as` value and it is preloaded intentionally. @ http://localhost:3000/presentations/editor?id=pres-1775471431101-sgdeti:0
[  487122ms] [WARNING] The resource http://localhost:3000/_next/static/css/app/layout.css?v=1775471796701 was preloaded using link preload but not used within a few seconds from the window's load event. Please make sure it has an appropriate `as` value and it is preloaded intentionally. @ http://localhost:3000/presentations/editor?id=pres-1775471431101-sgdeti:0
[  487122ms] [WARNING] The resource http://localhost:3000/_next/static/css/app/layout.css?v=1775471695134 was preloaded using link preload but not used within a few seconds from the window's load event. Please make sure it has an appropriate `as` value and it is preloaded intentionally. @ http://localhost:3000/presentations/editor?id=pres-1775471431101-sgdeti:0
[  487122ms] [WARNING] The resource http://localhost:3000/_next/static/css/app/layout.css?v=1775471792824 was preloaded using link preload but not used within a few seconds from the window's load event. Please make sure it has an appropriate `as` value and it is preloaded intentionally. @ http://localhost:3000/presentations/editor?id=pres-1775471431101-sgdeti:0
[  487122ms] [WARNING] The resource http://localhost:3000/_next/static/css/app/layout.css?v=1775471485430 was preloaded using link preload but not used within a few seconds from the window's load event. Please make sure it has an appropriate `as` value and it is preloaded intentionally. @ http://localhost:3000/presentations/editor?id=pres-1775471431101-sgdeti:0
[  487123ms] [WARNING] The resource http://localhost:3000/_next/static/css/app/layout.css?v=1775471624811 was preloaded using link preload but not used within a few seconds from the window's load event. Please make sure it has an appropriate `as` value and it is preloaded intentionally. @ http://localhost:3000/presentations/editor?id=pres-1775471431101-sgdeti:0
[  487123ms] [WARNING] The resource http://localhost:3000/_next/static/css/app/layout.css?v=1775471581245 was preloaded using link preload but not used within a few seconds from the window's load event. Please make sure it has an appropriate `as` value and it is preloaded intentionally. @ http://localhost:3000/presentations/editor?id=pres-1775471431101-sgdeti:0
[  487123ms] [WARNING] The resource http://localhost:3000/_next/static/css/app/layout.css?v=1775471457981 was preloaded using link preload but not used within a few seconds from the window's load event. Please make sure it has an appropriate `as` value and it is preloaded intentionally. @ http://localhost:3000/presentations/editor?id=pres-1775471431101-sgdeti:0
[  487123ms] [WARNING] The resource http://localhost:3000/_next/static/css/app/layout.css?v=1775471779129 was preloaded using link preload but not used within a few seconds from the window's load event. Please make sure it has an appropriate `as` value and it is preloaded intentionally. @ http://localhost:3000/presentations/editor?id=pres-1775471431101-sgdeti:0
[  487123ms] [WARNING] The resource http://localhost:3000/_next/static/css/app/layout.css?v=1775471531258 was preloaded using link preload but not used within a few seconds from the window's load event. Please make sure it has an appropriate `as` value and it is preloaded intentionally. @ http://localhost:3000/presentations/editor?id=pres-1775471431101-sgdeti:0
[  487123ms] [WARNING] The resource http://localhost:3000/_next/static/css/app/layout.css?v=1775471758183 was preloaded using link preload but not used within a few seconds from the window's load event. Please make sure it has an appropriate `as` value and it is preloaded intentionally. @ http://localhost:3000/presentations/editor?id=pres-1775471431101-sgdeti:0
[  487123ms] [WARNING] The resource http://localhost:3000/_next/static/css/app/layout.css?v=1775471593439 was preloaded using link preload but not used within a few seconds from the window's load event. Please make sure it has an appropriate `as` value and it is preloaded intentionally. @ http://localhost:3000/presentations/editor?id=pres-1775471431101-sgdeti:0
[  487123ms] [WARNING] The resource http://localhost:3000/_next/static/css/app/layout.css?v=1775471471124 was preloaded using link preload but not used within a few seconds from the window's load event. Please make sure it has an appropriate `as` value and it is preloaded intentionally. @ http://localhost:3000/presentations/editor?id=pres-1775471431101-sgdeti:0
[  487123ms] [WARNING] The resource http://localhost:3000/_next/static/css/app/layout.css?v=1775471451544 was preloaded using link preload but not used within a few seconds from the window's load event. Please make sure it has an appropriate `as` value and it is preloaded intentionally. @ http://localhost:3000/presentations/editor?id=pres-1775471431101-sgdeti:0
[  487123ms] [WARNING] The resource http://localhost:3000/_next/static/css/app/layout.css?v=1775471640731 was preloaded using link preload but not used within a few seconds from the window's load event. Please make sure it has an appropriate `as` value and it is preloaded intentionally. @ http://localhost:3000/presentations/editor?id=pres-1775471431101-sgdeti:0
[  487123ms] [WARNING] The resource http://localhost:3000/_next/static/css/app/layout.css?v=1775471687749 was preloaded using link preload but not used within a few seconds from the window's load event. Please make sure it has an appropriate `as` value and it is preloaded intentionally. @ http://localhost:3000/presentations/editor?id=pres-1775471431101-sgdeti:0
[  487123ms] [WARNING] The resource http://localhost:3000/_next/static/css/app/layout.css?v=1775471561470 was preloaded using link preload but not used within a few seconds from the window's load event. Please make sure it has an appropriate `as` value and it is preloaded intentionally. @ http://localhost:3000/presentations/editor?id=pres-1775471431101-sgdeti:0
[  487123ms] [WARNING] The resource http://localhost:3000/_next/static/css/app/layout.css?v=1775471755049 was preloaded using link preload but not used within a few seconds from the window's load event. Please make sure it has an appropriate `as` value and it is preloaded intentionally. @ http://localhost:3000/presentations/editor?id=pres-1775471431101-sgdeti:0
[  487123ms] [WARNING] The resource http://localhost:3000/_next/static/css/app/layout.css?v=1775471564524 was preloaded using link preload but not used within a few seconds from the window's load event. Please make sure it has an appropriate `as` value and it is preloaded intentionally. @ http://localhost:3000/presentations/editor?id=pres-1775471431101-sgdeti:0
[  487123ms] [WARNING] The resource http://localhost:3000/_next/static/css/app/layout.css?v=1775471535771 was preloaded using link preload but not used within a few seconds from the window's load event. Please make sure it has an appropriate `as` value and it is preloaded intentionally. @ http://localhost:3000/presentations/editor?id=pres-1775471431101-sgdeti:0
[  487123ms] [WARNING] The resource http://localhost:3000/_next/static/css/app/layout.css?v=1775471672834 was preloaded using link preload but not used within a few seconds from the window's load event. Please make sure it has an appropriate `as` value and it is preloaded intentionally. @ http://localhost:3000/presentations/editor?id=pres-1775471431101-sgdeti:0
[  487123ms] [WARNING] The resource http://localhost:3000/_next/static/css/app/layout.css?v=1775471727214 was preloaded using link preload but not used within a few seconds from the window's load event. Please make sure it has an appropriate `as` value and it is preloaded intentionally. @ http://localhost:3000/presentations/editor?id=pres-1775471431101-sgdeti:0
[  487123ms] [WARNING] The resource http://localhost:3000/_next/static/css/app/layout.css?v=1775471459223 was preloaded using link preload but not used within a few seconds from the window's load event. Please make sure it has an appropriate `as` value and it is preloaded intentionally. @ http://localhost:3000/presentations/editor?id=pres-1775471431101-sgdeti:0
[  487123ms] [WARNING] The resource http://localhost:3000/_next/static/css/app/layout.css?v=1775471432348 was preloaded using link preload but not used within a few seconds from the window's load event. Please make sure it has an appropriate `as` value and it is preloaded intentionally. @ http://localhost:3000/presentations/editor?id=pres-1775471431101-sgdeti:0
[  487123ms] [WARNING] The resource http://localhost:3000/_next/static/css/app/layout.css?v=1775471823425 was preloaded using link preload but not used within a few seconds from the window's load event. Please make sure it has an appropriate `as` value and it is preloaded intentionally. @ http://localhost:3000/presentations/editor?id=pres-1775471431101-sgdeti:0
[  487123ms] [WARNING] The resource http://localhost:3000/_next/static/css/app/layout.css?v=1775471737577 was preloaded using link preload but not used within a few seconds from the window's load event. Please make sure it has an appropriate `as` value and it is preloaded intentionally. @ http://localhost:3000/presentations/editor?id=pres-1775471431101-sgdeti:0
[  487123ms] [WARNING] The resource http://localhost:3000/_next/static/css/app/layout.css?v=1775471736950 was preloaded using link preload but not used within a few seconds from the window's load event. Please make sure it has an appropriate `as` value and it is preloaded intentionally. @ http://localhost:3000/presentations/editor?id=pres-1775471431101-sgdeti:0
[  487123ms] [WARNING] The resource http://localhost:3000/_next/static/css/app/layout.css?v=1775471857123 was preloaded using link preload but not used within a few seconds from the window's load event. Please make sure it has an appropriate `as` value and it is preloaded intentionally. @ http://localhost:3000/presentations/editor?id=pres-1775471431101-sgdeti:0
[  487123ms] [WARNING] The resource http://localhost:3000/_next/static/css/app/layout.css?v=1775471669584 was preloaded using link preload but not used within a few seconds from the window's load event. Please make sure it has an appropriate `as` value and it is preloaded intentionally. @ http://localhost:3000/presentations/editor?id=pres-1775471431101-sgdeti:0
[  487123ms] [WARNING] The resource http://localhost:3000/_next/static/css/app/layout.css?v=1775471716432 was preloaded using link preload but not used within a few seconds from the window's load event. Please make sure it has an appropriate `as` value and it is preloaded intentionally. @ http://localhost:3000/presentations/editor?id=pres-1775471431101-sgdeti:0
[  487123ms] [WARNING] The resource http://localhost:3000/_next/static/css/app/layout.css?v=1775471731168 was preloaded using link preload but not used within a few seconds from the window's load event. Please make sure it has an appropriate `as` value and it is preloaded intentionally. @ http://localhost:3000/presentations/editor?id=pres-1775471431101-sgdeti:0
[  487123ms] [WARNING] The resource http://localhost:3000/_next/static/css/app/layout.css?v=1775471612165 was preloaded using link preload but not used within a few seconds from the window's load event. Please make sure it has an appropriate `as` value and it is preloaded intentionally. @ http://localhost:3000/presentations/editor?id=pres-1775471431101-sgdeti:0
[  487123ms] [WARNING] The resource http://localhost:3000/_next/static/css/app/layout.css?v=1775471848567 was preloaded using link preload but not used within a few seconds from the window's load event. Please make sure it has an appropriate `as` value and it is preloaded intentionally. @ http://localhost:3000/presentations/editor?id=pres-1775471431101-sgdeti:0
[  487123ms] [WARNING] The resource http://localhost:3000/_next/static/css/app/layout.css?v=1775471510742 was preloaded using link preload but not used within a few seconds from the window's load event. Please make sure it has an appropriate `as` value and it is preloaded intentionally. @ http://localhost:3000/presentations/editor?id=pres-1775471431101-sgdeti:0
[  487123ms] [WARNING] The resource http://localhost:3000/_next/static/css/app/layout.css?v=1775471745970 was preloaded using link preload but not used within a few seconds from the window's load event. Please make sure it has an appropriate `as` value and it is preloaded intentionally. @ http://localhost:3000/presentations/editor?id=pres-1775471431101-sgdeti:0
[  487123ms] [WARNING] The resource http://localhost:3000/_next/static/css/app/layout.css?v=1775471545940 was preloaded using link preload but not used within a few seconds from the window's load event. Please make sure it has an appropriate `as` value and it is preloaded intentionally. @ http://localhost:3000/presentations/editor?id=pres-1775471431101-sgdeti:0
[  487123ms] [WARNING] The resource http://localhost:3000/_next/static/css/app/layout.css?v=1775471498413 was preloaded using link preload but not used within a few seconds from the window's load event. Please make sure it has an appropriate `as` value and it is preloaded intentionally. @ http://localhost:3000/presentations/editor?id=pres-1775471431101-sgdeti:0
[  487123ms] [WARNING] The resource http://localhost:3000/_next/static/css/app/layout.css?v=1775471450835 was preloaded using link preload but not used within a few seconds from the window's load event. Please make sure it has an appropriate `as` value and it is preloaded intentionally. @ http://localhost:3000/presentations/editor?id=pres-1775471431101-sgdeti:0
[  487123ms] [WARNING] The resource http://localhost:3000/_next/static/css/app/layout.css?v=1775471661338 was preloaded using link preload but not used within a few seconds from the window's load event. Please make sure it has an appropriate `as` value and it is preloaded intentionally. @ http://localhost:3000/presentations/editor?id=pres-1775471431101-sgdeti:0
[  487123ms] [WARNING] The resource http://localhost:3000/_next/static/css/app/layout.css?v=1775471535130 was preloaded using link preload but not used within a few seconds from the window's load event. Please make sure it has an appropriate `as` value and it is preloaded intentionally. @ http://localhost:3000/presentations/editor?id=pres-1775471431101-sgdeti:0
[  487123ms] [WARNING] The resource http://localhost:3000/_next/static/css/app/layout.css?v=1775471568302 was preloaded using link preload but not used within a few seconds from the window's load event. Please make sure it has an appropriate `as` value and it is preloaded intentionally. @ http://localhost:3000/presentations/editor?id=pres-1775471431101-sgdeti:0
[  487123ms] [WARNING] The resource http://localhost:3000/_next/static/css/app/layout.css?v=1775471562590 was preloaded using link preload but not used within a few seconds from the window's load event. Please make sure it has an appropriate `as` value and it is preloaded intentionally. @ http://localhost:3000/presentations/editor?id=pres-1775471431101-sgdeti:0
[  487123ms] [WARNING] The resource http://localhost:3000/_next/static/css/app/layout.css?v=1775471869116 was preloaded using link preload but not used within a few seconds from the window's load event. Please make sure it has an appropriate `as` value and it is preloaded intentionally. @ http://localhost:3000/presentations/editor?id=pres-1775471431101-sgdeti:0
[  487123ms] [WARNING] The resource http://localhost:3000/_next/static/css/app/layout.css?v=1775471556664 was preloaded using link preload but not used within a few seconds from the window's load event. Please make sure it has an appropriate `as` value and it is preloaded intentionally. @ http://localhost:3000/presentations/editor?id=pres-1775471431101-sgdeti:0
[  487123ms] [WARNING] The resource http://localhost:3000/_next/static/css/app/layout.css?v=1775471816158 was preloaded using link preload but not used within a few seconds from the window's load event. Please make sure it has an appropriate `as` value and it is preloaded intentionally. @ http://localhost:3000/presentations/editor?id=pres-1775471431101-sgdeti:0
[  487123ms] [WARNING] The resource http://localhost:3000/_next/static/css/app/layout.css?v=1775471729904 was preloaded using link preload but not used within a few seconds from the window's load event. Please make sure it has an appropriate `as` value and it is preloaded intentionally. @ http://localhost:3000/presentations/editor?id=pres-1775471431101-sgdeti:0
[  487123ms] [WARNING] The resource http://localhost:3000/_next/static/css/app/layout.css?v=1775471567621 was preloaded using link preload but not used within a few seconds from the window's load event. Please make sure it has an appropriate `as` value and it is preloaded intentionally. @ http://localhost:3000/presentations/editor?id=pres-1775471431101-sgdeti:0
[  487123ms] [WARNING] The resource http://localhost:3000/_next/static/css/app/layout.css?v=1775471585701 was preloaded using link preload but not used within a few seconds from the window's load event. Please make sure it has an appropriate `as` value and it is preloaded intentionally. @ http://localhost:3000/presentations/editor?id=pres-1775471431101-sgdeti:0
[  487123ms] [WARNING] The resource http://localhost:3000/_next/static/css/app/layout.css?v=1775471545312 was preloaded using link preload but not used within a few seconds from the window's load event. Please make sure it has an appropriate `as` value and it is preloaded intentionally. @ http://localhost:3000/presentations/editor?id=pres-1775471431101-sgdeti:0
[  487123ms] [WARNING] The resource http://localhost:3000/_next/static/css/app/layout.css?v=1775471646780 was preloaded using link preload but not used within a few seconds from the window's load event. Please make sure it has an appropriate `as` value and it is preloaded intentionally. @ http://localhost:3000/presentations/editor?id=pres-1775471431101-sgdeti:0
[  487123ms] [WARNING] The resource http://localhost:3000/_next/static/css/app/layout.css?v=1775471464285 was preloaded using link preload but not used within a few seconds from the window's load event. Please make sure it has an appropriate `as` value and it is preloaded intentionally. @ http://localhost:3000/presentations/editor?id=pres-1775471431101-sgdeti:0
[  487123ms] [WARNING] The resource http://localhost:3000/_next/static/css/app/layout.css?v=1775471507381 was preloaded using link preload but not used within a few seconds from the window's load event. Please make sure it has an appropriate `as` value and it is preloaded intentionally. @ http://localhost:3000/presentations/editor?id=pres-1775471431101-sgdeti:0
[  487123ms] [WARNING] The resource http://localhost:3000/_next/static/css/app/layout.css?v=1775471818063 was preloaded using link preload but not used within a few seconds from the window's load event. Please make sure it has an appropriate `as` value and it is preloaded intentionally. @ http://localhost:3000/presentations/editor?id=pres-1775471431101-sgdeti:0
[  487123ms] [WARNING] The resource http://localhost:3000/_next/static/css/app/layout.css?v=1775471865203 was preloaded using link preload but not used within a few seconds from the window's load event. Please make sure it has an appropriate `as` value and it is preloaded intentionally. @ http://localhost:3000/presentations/editor?id=pres-1775471431101-sgdeti:0
[  487123ms] [WARNING] The resource http://localhost:3000/_next/static/css/app/layout.css?v=1775471503049 was preloaded using link preload but not used within a few seconds from the window's load event. Please make sure it has an appropriate `as` value and it is preloaded intentionally. @ http://localhost:3000/presentations/editor?id=pres-1775471431101-sgdeti:0
[  487123ms] [WARNING] The resource http://localhost:3000/_next/static/css/app/layout.css?v=1775471598245 was preloaded using link preload but not used within a few seconds from the window's load event. Please make sure it has an appropriate `as` value and it is preloaded intentionally. @ http://localhost:3000/presentations/editor?id=pres-1775471431101-sgdeti:0
[  487123ms] [WARNING] The resource http://localhost:3000/_next/static/css/app/layout.css?v=1775471457337 was preloaded using link preload but not used within a few seconds from the window's load event. Please make sure it has an appropriate `as` value and it is preloaded intentionally. @ http://localhost:3000/presentations/editor?id=pres-1775471431101-sgdeti:0
[  487123ms] [WARNING] The resource http://localhost:3000/_next/static/css/app/layout.css?v=1775471489971 was preloaded using link preload but not used within a few seconds from the window's load event. Please make sure it has an appropriate `as` value and it is preloaded intentionally. @ http://localhost:3000/presentations/editor?id=pres-1775471431101-sgdeti:0
[  487123ms] [WARNING] The resource http://localhost:3000/_next/static/css/app/layout.css?v=1775471540269 was preloaded using link preload but not used within a few seconds from the window's load event. Please make sure it has an appropriate `as` value and it is preloaded intentionally. @ http://localhost:3000/presentations/editor?id=pres-1775471431101-sgdeti:0
[  487123ms] [WARNING] The resource http://localhost:3000/_next/static/css/app/layout.css?v=1775471515321 was preloaded using link preload but not used within a few seconds from the window's load event. Please make sure it has an appropriate `as` value and it is preloaded intentionally. @ http://localhost:3000/presentations/editor?id=pres-1775471431101-sgdeti:0
[  487123ms] [WARNING] The resource http://localhost:3000/_next/static/css/app/layout.css?v=1775471651913 was preloaded using link preload but not used within a few seconds from the window's load event. Please make sure it has an appropriate `as` value and it is preloaded intentionally. @ http://localhost:3000/presentations/editor?id=pres-1775471431101-sgdeti:0
[  487123ms] [WARNING] The resource http://localhost:3000/_next/static/css/app/layout.css?v=1775471612806 was preloaded using link preload but not used within a few seconds from the window's load event. Please make sure it has an appropriate `as` value and it is preloaded intentionally. @ http://localhost:3000/presentations/editor?id=pres-1775471431101-sgdeti:0
[  487123ms] [WARNING] The resource http://localhost:3000/_next/static/css/app/layout.css?v=1775471877828 was preloaded using link preload but not used within a few seconds from the window's load event. Please make sure it has an appropriate `as` value and it is preloaded intentionally. @ http://localhost:3000/presentations/editor?id=pres-1775471431101-sgdeti:0
[  487123ms] [WARNING] The resource http://localhost:3000/_next/static/css/app/layout.css?v=1775471531881 was preloaded using link preload but not used within a few seconds from the window's load event. Please make sure it has an appropriate `as` value and it is preloaded intentionally. @ http://localhost:3000/presentations/editor?id=pres-1775471431101-sgdeti:0
[  487123ms] [WARNING] The resource http://localhost:3000/_next/static/css/app/layout.css?v=1775471855123 was preloaded using link preload but not used within a few seconds from the window's load event. Please make sure it has an appropriate `as` value and it is preloaded intentionally. @ http://localhost:3000/presentations/editor?id=pres-1775471431101-sgdeti:0
[  487124ms] [WARNING] The resource http://localhost:3000/_next/static/css/app/layout.css?v=1775471872511 was preloaded using link preload but not used within a few seconds from the window's load event. Please make sure it has an appropriate `as` value and it is preloaded intentionally. @ http://localhost:3000/presentations/editor?id=pres-1775471431101-sgdeti:0
[  487124ms] [WARNING] The resource http://localhost:3000/_next/static/css/app/layout.css?v=1775471644119 was preloaded using link preload but not used within a few seconds from the window's load event. Please make sure it has an appropriate `as` value and it is preloaded intentionally. @ http://localhost:3000/presentations/editor?id=pres-1775471431101-sgdeti:0
[  487124ms] [WARNING] The resource http://localhost:3000/_next/static/css/app/layout.css?v=1775471700242 was preloaded using link preload but not used within a few seconds from the window's load event. Please make sure it has an appropriate `as` value and it is preloaded intentionally. @ http://localhost:3000/presentations/editor?id=pres-1775471431101-sgdeti:0
[  487124ms] [WARNING] The resource http://localhost:3000/_next/static/css/app/layout.css?v=1775471712005 was preloaded using link preload but not used within a few seconds from the window's load event. Please make sure it has an appropriate `as` value and it is preloaded intentionally. @ http://localhost:3000/presentations/editor?id=pres-1775471431101-sgdeti:0
[  487124ms] [WARNING] The resource http://localhost:3000/_next/static/css/app/layout.css?v=1775471680604 was preloaded using link preload but not used within a few seconds from the window's load event. Please make sure it has an appropriate `as` value and it is preloaded intentionally. @ http://localhost:3000/presentations/editor?id=pres-1775471431101-sgdeti:0
[  487124ms] [WARNING] The resource http://localhost:3000/_next/static/css/app/layout.css?v=1775471481610 was preloaded using link preload but not used within a few seconds from the window's load event. Please make sure it has an appropriate `as` value and it is preloaded intentionally. @ http://localhost:3000/presentations/editor?id=pres-1775471431101-sgdeti:0
[  487124ms] [WARNING] The resource http://localhost:3000/_next/static/css/app/layout.css?v=1775471461289 was preloaded using link preload but not used within a few seconds from the window's load event. Please make sure it has an appropriate `as` value and it is preloaded intentionally. @ http://localhost:3000/presentations/editor?id=pres-1775471431101-sgdeti:0
[  487124ms] [WARNING] The resource http://localhost:3000/_next/static/css/app/layout.css?v=1775471638826 was preloaded using link preload but not used within a few seconds from the window's load event. Please make sure it has an appropriate `as` value and it is preloaded intentionally. @ http://localhost:3000/presentations/editor?id=pres-1775471431101-sgdeti:0
[  487124ms] [WARNING] The resource http://localhost:3000/_next/static/css/app/layout.css?v=1775471781738 was preloaded using link preload but not used within a few seconds from the window's load event. Please make sure it has an appropriate `as` value and it is preloaded intentionally. @ http://localhost:3000/presentations/editor?id=pres-1775471431101-sgdeti:0
[  487124ms] [WARNING] The resource http://localhost:3000/_next/static/css/app/layout.css?v=1775471571540 was preloaded using link preload but not used within a few seconds from the window's load event. Please make sure it has an appropriate `as` value and it is preloaded intentionally. @ http://localhost:3000/presentations/editor?id=pres-1775471431101-sgdeti:0
[  487124ms] [WARNING] The resource http://localhost:3000/_next/static/css/app/layout.css?v=1775471575387 was preloaded using link preload but not used within a few seconds from the window's load event. Please make sure it has an appropriate `as` value and it is preloaded intentionally. @ http://localhost:3000/presentations/editor?id=pres-1775471431101-sgdeti:0
[  487124ms] [WARNING] The resource http://localhost:3000/_next/static/css/app/layout.css?v=1775471552870 was preloaded using link preload but not used within a few seconds from the window's load event. Please make sure it has an appropriate `as` value and it is preloaded intentionally. @ http://localhost:3000/presentations/editor?id=pres-1775471431101-sgdeti:0
[  487124ms] [WARNING] The resource http://localhost:3000/_next/static/css/app/layout.css?v=1775471863151 was preloaded using link preload but not used within a few seconds from the window's load event. Please make sure it has an appropriate `as` value and it is preloaded intentionally. @ http://localhost:3000/presentations/editor?id=pres-1775471431101-sgdeti:0
[  487124ms] [WARNING] The resource http://localhost:3000/_next/static/css/app/layout.css?v=1775471854424 was preloaded using link preload but not used within a few seconds from the window's load event. Please make sure it has an appropriate `as` value and it is preloaded intentionally. @ http://localhost:3000/presentations/editor?id=pres-1775471431101-sgdeti:0
[  487124ms] [WARNING] The resource http://localhost:3000/_next/static/css/app/layout.css?v=1775471615964 was preloaded using link preload but not used within a few seconds from the window's load event. Please make sure it has an appropriate `as` value and it is preloaded intentionally. @ http://localhost:3000/presentations/editor?id=pres-1775471431101-sgdeti:0
[  487124ms] [WARNING] The resource http://localhost:3000/_next/static/css/app/layout.css?v=1775471655612 was preloaded using link preload but not used within a few seconds from the window's load event. Please make sure it has an appropriate `as` value and it is preloaded intentionally. @ http://localhost:3000/presentations/editor?id=pres-1775471431101-sgdeti:0
[  487124ms] [WARNING] The resource http://localhost:3000/_next/static/css/app/layout.css?v=1775471626666 was preloaded using link preload but not used within a few seconds from the window's load event. Please make sure it has an appropriate `as` value and it is preloaded intentionally. @ http://localhost:3000/presentations/editor?id=pres-1775471431101-sgdeti:0
[  487124ms] [WARNING] The resource http://localhost:3000/_next/static/css/app/layout.css?v=1775471799346 was preloaded using link preload but not used within a few seconds from the window's load event. Please make sure it has an appropriate `as` value and it is preloaded intentionally. @ http://localhost:3000/presentations/editor?id=pres-1775471431101-sgdeti:0
[  487124ms] [WARNING] The resource http://localhost:3000/_next/static/css/app/layout.css?v=1775471450145 was preloaded using link preload but not used within a few seconds from the window's load event. Please make sure it has an appropriate `as` value and it is preloaded intentionally. @ http://localhost:3000/presentations/editor?id=pres-1775471431101-sgdeti:0
[  487124ms] [WARNING] The resource http://localhost:3000/_next/static/css/app/layout.css?v=1775471658831 was preloaded using link preload but not used within a few seconds from the window's load event. Please make sure it has an appropriate `as` value and it is preloaded intentionally. @ http://localhost:3000/presentations/editor?id=pres-1775471431101-sgdeti:0
[  487124ms] [WARNING] The resource http://localhost:3000/_next/static/css/app/layout.css?v=1775471760254 was preloaded using link preload but not used within a few seconds from the window's load event. Please make sure it has an appropriate `as` value and it is preloaded intentionally. @ http://localhost:3000/presentations/editor?id=pres-1775471431101-sgdeti:0
[  487124ms] [WARNING] The resource http://localhost:3000/_next/static/css/app/layout.css?v=1775471664541 was preloaded using link preload but not used within a few seconds from the window's load event. Please make sure it has an appropriate `as` value and it is preloaded intentionally. @ http://localhost:3000/presentations/editor?id=pres-1775471431101-sgdeti:0
[  487124ms] [WARNING] The resource http://localhost:3000/_next/static/css/app/layout.css?v=1775471789697 was preloaded using link preload but not used within a few seconds from the window's load event. Please make sure it has an appropriate `as` value and it is preloaded intentionally. @ http://localhost:3000/presentations/editor?id=pres-1775471431101-sgdeti:0
[  487124ms] [WARNING] The resource http://localhost:3000/_next/static/css/app/layout.css?v=1775471814901 was preloaded using link preload but not used within a few seconds from the window's load event. Please make sure it has an appropriate `as` value and it is preloaded intentionally. @ http://localhost:3000/presentations/editor?id=pres-1775471431101-sgdeti:0
[  487124ms] [WARNING] The resource http://localhost:3000/_next/static/css/app/layout.css?v=1775471474322 was preloaded using link preload but not used within a few seconds from the window's load event. Please make sure it has an appropriate `as` value and it is preloaded intentionally. @ http://localhost:3000/presentations/editor?id=pres-1775471431101-sgdeti:0
[  487124ms] [WARNING] The resource http://localhost:3000/_next/static/css/app/layout.css?v=1775471547179 was preloaded using link preload but not used within a few seconds from the window's load event. Please make sure it has an appropriate `as` value and it is preloaded intentionally. @ http://localhost:3000/presentations/editor?id=pres-1775471431101-sgdeti:0
[  487124ms] [WARNING] The resource http://localhost:3000/_next/static/css/app/layout.css?v=1775471644763 was preloaded using link preload but not used within a few seconds from the window's load event. Please make sure it has an appropriate `as` value and it is preloaded intentionally. @ http://localhost:3000/presentations/editor?id=pres-1775471431101-sgdeti:0
[  487124ms] [WARNING] The resource http://localhost:3000/_next/static/css/app/layout.css?v=1775471493227 was preloaded using link preload but not used within a few seconds from the window's load event. Please make sure it has an appropriate `as` value and it is preloaded intentionally. @ http://localhost:3000/presentations/editor?id=pres-1775471431101-sgdeti:0
[  487124ms] [WARNING] The resource http://localhost:3000/_next/static/css/app/layout.css?v=1775471618042 was preloaded using link preload but not used within a few seconds from the window's load event. Please make sure it has an appropriate `as` value and it is preloaded intentionally. @ http://localhost:3000/presentations/editor?id=pres-1775471431101-sgdeti:0
[  487124ms] [WARNING] The resource http://localhost:3000/_next/static/css/app/layout.css?v=1775471779858 was preloaded using link preload but not used within a few seconds from the window's load event. Please make sure it has an appropriate `as` value and it is preloaded intentionally. @ http://localhost:3000/presentations/editor?id=pres-1775471431101-sgdeti:0
[  487124ms] [WARNING] The resource http://localhost:3000/_next/static/css/app/layout.css?v=1775471794701 was preloaded using link preload but not used within a few seconds from the window's load event. Please make sure it has an appropriate `as` value and it is preloaded intentionally. @ http://localhost:3000/presentations/editor?id=pres-1775471431101-sgdeti:0
[  487124ms] [WARNING] The resource http://localhost:3000/_next/static/css/app/layout.css?v=1775471687626 was preloaded using link preload but not used within a few seconds from the window's load event. Please make sure it has an appropriate `as` value and it is preloaded intentionally. @ http://localhost:3000/presentations/editor?id=pres-1775471431101-sgdeti:0
[  487124ms] [WARNING] The resource http://localhost:3000/_next/static/css/app/layout.css?v=1775471584477 was preloaded using link preload but not used within a few seconds from the window's load event. Please make sure it has an appropriate `as` value and it is preloaded intentionally. @ http://localhost:3000/presentations/editor?id=pres-1775471431101-sgdeti:0
[  487124ms] [WARNING] The resource http://localhost:3000/_next/static/css/app/layout.css?v=1775471620987 was preloaded using link preload but not used within a few seconds from the window's load event. Please make sure it has an appropriate `as` value and it is preloaded intentionally. @ http://localhost:3000/presentations/editor?id=pres-1775471431101-sgdeti:0
[  487124ms] [WARNING] The resource http://localhost:3000/_next/static/css/app/layout.css?v=1775471667775 was preloaded using link preload but not used within a few seconds from the window's load event. Please make sure it has an appropriate `as` value and it is preloaded intentionally. @ http://localhost:3000/presentations/editor?id=pres-1775471431101-sgdeti:0
[  487124ms] [WARNING] The resource http://localhost:3000/_next/static/css/app/layout.css?v=1775471614135 was preloaded using link preload but not used within a few seconds from the window's load event. Please make sure it has an appropriate `as` value and it is preloaded intentionally. @ http://localhost:3000/presentations/editor?id=pres-1775471431101-sgdeti:0
[  487124ms] [WARNING] The resource http://localhost:3000/_next/static/css/app/layout.css?v=1775471650537 was preloaded using link preload but not used within a few seconds from the window's load event. Please make sure it has an appropriate `as` value and it is preloaded intentionally. @ http://localhost:3000/presentations/editor?id=pres-1775471431101-sgdeti:0
[  487124ms] [WARNING] The resource http://localhost:3000/_next/static/css/app/layout.css?v=1775471681350 was preloaded using link preload but not used within a few seconds from the window's load event. Please make sure it has an appropriate `as` value and it is preloaded intentionally. @ http://localhost:3000/presentations/editor?id=pres-1775471431101-sgdeti:0
[  487124ms] [WARNING] The resource http://localhost:3000/_next/static/css/app/layout.css?v=1775471473685 was preloaded using link preload but not used within a few seconds from the window's load event. Please make sure it has an appropriate `as` value and it is preloaded intentionally. @ http://localhost:3000/presentations/editor?id=pres-1775471431101-sgdeti:0
[  487124ms] [WARNING] The resource http://localhost:3000/_next/static/css/app/layout.css?v=1775471795958 was preloaded using link preload but not used within a few seconds from the window's load event. Please make sure it has an appropriate `as` value and it is preloaded intentionally. @ http://localhost:3000/presentations/editor?id=pres-1775471431101-sgdeti:0
[  487124ms] [WARNING] The resource http://localhost:3000/_next/static/css/app/layout.css?v=1775471675523 was preloaded using link preload but not used within a few seconds from the window's load event. Please make sure it has an appropriate `as` value and it is preloaded intentionally. @ http://localhost:3000/presentations/editor?id=pres-1775471431101-sgdeti:0
[  487124ms] [WARNING] The resource http://localhost:3000/_next/static/css/app/layout.css?v=1775471607096 was preloaded using link preload but not used within a few seconds from the window's load event. Please make sure it has an appropriate `as` value and it is preloaded intentionally. @ http://localhost:3000/presentations/editor?id=pres-1775471431101-sgdeti:0
[  487124ms] [WARNING] The resource http://localhost:3000/_next/static/css/app/layout.css?v=1775471786319 was preloaded using link preload but not used within a few seconds from the window's load event. Please make sure it has an appropriate `as` value and it is preloaded intentionally. @ http://localhost:3000/presentations/editor?id=pres-1775471431101-sgdeti:0
[  487124ms] [WARNING] The resource http://localhost:3000/_next/static/css/app/layout.css?v=1775471826105 was preloaded using link preload but not used within a few seconds from the window's load event. Please make sure it has an appropriate `as` value and it is preloaded intentionally. @ http://localhost:3000/presentations/editor?id=pres-1775471431101-sgdeti:0
[  487124ms] [WARNING] The resource http://localhost:3000/_next/static/css/app/layout.css?v=1775471517396 was preloaded using link preload but not used within a few seconds from the window's load event. Please make sure it has an appropriate `as` value and it is preloaded intentionally. @ http://localhost:3000/presentations/editor?id=pres-1775471431101-sgdeti:0
[  487124ms] [WARNING] The resource http://localhost:3000/_next/static/css/app/layout.css?v=1775471642146 was preloaded using link preload but not used within a few seconds from the window's load event. Please make sure it has an appropriate `as` value and it is preloaded intentionally. @ http://localhost:3000/presentations/editor?id=pres-1775471431101-sgdeti:0
[  487124ms] [WARNING] The resource http://localhost:3000/_next/static/css/app/layout.css?v=1775471456703 was preloaded using link preload but not used within a few seconds from the window's load event. Please make sure it has an appropriate `as` value and it is preloaded intentionally. @ http://localhost:3000/presentations/editor?id=pres-1775471431101-sgdeti:0
[  487124ms] [WARNING] The resource http://localhost:3000/_next/static/css/app/layout.css?v=1775471642786 was preloaded using link preload but not used within a few seconds from the window's load event. Please make sure it has an appropriate `as` value and it is preloaded intentionally. @ http://localhost:3000/presentations/editor?id=pres-1775471431101-sgdeti:0
[  487124ms] [WARNING] The resource http://localhost:3000/_next/static/css/app/layout.css?v=1775471740818 was preloaded using link preload but not used within a few seconds from the window's load event. Please make sure it has an appropriate `as` value and it is preloaded intentionally. @ http://localhost:3000/presentations/editor?id=pres-1775471431101-sgdeti:0
[  487124ms] [WARNING] The resource http://localhost:3000/_next/static/css/app/layout.css?v=1775471749092 was preloaded using link preload but not used within a few seconds from the window's load event. Please make sure it has an appropriate `as` value and it is preloaded intentionally. @ http://localhost:3000/presentations/editor?id=pres-1775471431101-sgdeti:0
[  487124ms] [WARNING] The resource http://localhost:3000/_next/static/css/app/layout.css?v=1775471663917 was preloaded using link preload but not used within a few seconds from the window's load event. Please make sure it has an appropriate `as` value and it is preloaded intentionally. @ http://localhost:3000/presentations/editor?id=pres-1775471431101-sgdeti:0
[  487124ms] [WARNING] The resource http://localhost:3000/_next/static/css/app/layout.css?v=1775471800525 was preloaded using link preload but not used within a few seconds from the window's load event. Please make sure it has an appropriate `as` value and it is preloaded intentionally. @ http://localhost:3000/presentations/editor?id=pres-1775471431101-sgdeti:0
[  487124ms] [WARNING] The resource http://localhost:3000/_next/static/css/app/layout.css?v=1775471512921 was preloaded using link preload but not used within a few seconds from the window's load event. Please make sure it has an appropriate `as` value and it is preloaded intentionally. @ http://localhost:3000/presentations/editor?id=pres-1775471431101-sgdeti:0
[  487124ms] [WARNING] The resource http://localhost:3000/_next/static/css/app/layout.css?v=1775471750490 was preloaded using link preload but not used within a few seconds from the window's load event. Please make sure it has an appropriate `as` value and it is preloaded intentionally. @ http://localhost:3000/presentations/editor?id=pres-1775471431101-sgdeti:0
[  487124ms] [WARNING] The resource http://localhost:3000/_next/static/css/app/layout.css?v=1775471805097 was preloaded using link preload but not used within a few seconds from the window's load event. Please make sure it has an appropriate `as` value and it is preloaded intentionally. @ http://localhost:3000/presentations/editor?id=pres-1775471431101-sgdeti:0
[  487124ms] [WARNING] The resource http://localhost:3000/_next/static/css/app/layout.css?v=1775471546573 was preloaded using link preload but not used within a few seconds from the window's load event. Please make sure it has an appropriate `as` value and it is preloaded intentionally. @ http://localhost:3000/presentations/editor?id=pres-1775471431101-sgdeti:0
[  487124ms] [WARNING] The resource http://localhost:3000/_next/static/css/app/layout.css?v=1775471868190 was preloaded using link preload but not used within a few seconds from the window's load event. Please make sure it has an appropriate `as` value and it is preloaded intentionally. @ http://localhost:3000/presentations/editor?id=pres-1775471431101-sgdeti:0
[  487124ms] [WARNING] The resource http://localhost:3000/_next/static/css/app/layout.css?v=1775471797800 was preloaded using link preload but not used within a few seconds from the window's load event. Please make sure it has an appropriate `as` value and it is preloaded intentionally. @ http://localhost:3000/presentations/editor?id=pres-1775471431101-sgdeti:0
[  487124ms] [WARNING] The resource http://localhost:3000/_next/static/css/app/layout.css?v=1775471717078 was preloaded using link preload but not used within a few seconds from the window's load event. Please make sure it has an appropriate `as` value and it is preloaded intentionally. @ http://localhost:3000/presentations/editor?id=pres-1775471431101-sgdeti:0
[  487124ms] [WARNING] The resource http://localhost:3000/_next/static/css/app/layout.css?v=1775471851184 was preloaded using link preload but not used within a few seconds from the window's load event. Please make sure it has an appropriate `as` value and it is preloaded intentionally. @ http://localhost:3000/presentations/editor?id=pres-1775471431101-sgdeti:0
[  487124ms] [WARNING] The resource http://localhost:3000/_next/static/css/app/layout.css?v=1775471609084 was preloaded using link preload but not used within a few seconds from the window's load event. Please make sure it has an appropriate `as` value and it is preloaded intentionally. @ http://localhost:3000/presentations/editor?id=pres-1775471431101-sgdeti:0
[  487125ms] [WARNING] The resource http://localhost:3000/_next/static/css/app/layout.css?v=1775471840659 was preloaded using link preload but not used within a few seconds from the window's load event. Please make sure it has an appropriate `as` value and it is preloaded intentionally. @ http://localhost:3000/presentations/editor?id=pres-1775471431101-sgdeti:0
[  487125ms] [WARNING] The resource http://localhost:3000/_next/static/css/app/layout.css?v=1775471659444 was preloaded using link preload but not used within a few seconds from the window's load event. Please make sure it has an appropriate `as` value and it is preloaded intentionally. @ http://localhost:3000/presentations/editor?id=pres-1775471431101-sgdeti:0
[  487125ms] [WARNING] The resource http://localhost:3000/_next/static/css/app/layout.css?v=1775471491973 was preloaded using link preload but not used within a few seconds from the window's load event. Please make sure it has an appropriate `as` value and it is preloaded intentionally. @ http://localhost:3000/presentations/editor?id=pres-1775471431101-sgdeti:0
[  487125ms] [WARNING] The resource http://localhost:3000/_next/static/css/app/layout.css?v=1775471765864 was preloaded using link preload but not used within a few seconds from the window's load event. Please make sure it has an appropriate `as` value and it is preloaded intentionally. @ http://localhost:3000/presentations/editor?id=pres-1775471431101-sgdeti:0
[  487125ms] [WARNING] The resource http://localhost:3000/_next/static/css/app/layout.css?v=1775471491371 was preloaded using link preload but not used within a few seconds from the window's load event. Please make sure it has an appropriate `as` value and it is preloaded intentionally. @ http://localhost:3000/presentations/editor?id=pres-1775471431101-sgdeti:0
[  487125ms] [WARNING] The resource http://localhost:3000/_next/static/css/app/layout.css?v=1775471867159 was preloaded using link preload but not used within a few seconds from the window's load event. Please make sure it has an appropriate `as` value and it is preloaded intentionally. @ http://localhost:3000/presentations/editor?id=pres-1775471431101-sgdeti:0
[  487125ms] [WARNING] The resource http://localhost:3000/_next/static/css/app/layout.css?v=1775471459852 was preloaded using link preload but not used within a few seconds from the window's load event. Please make sure it has an appropriate `as` value and it is preloaded intentionally. @ http://localhost:3000/presentations/editor?id=pres-1775471431101-sgdeti:0
[  487125ms] [WARNING] The resource http://localhost:3000/_next/static/css/app/layout.css?v=1775471557923 was preloaded using link preload but not used within a few seconds from the window's load event. Please make sure it has an appropriate `as` value and it is preloaded intentionally. @ http://localhost:3000/presentations/editor?id=pres-1775471431101-sgdeti:0
[  487125ms] [WARNING] The resource http://localhost:3000/_next/static/css/app/layout.css?v=1775471542086 was preloaded using link preload but not used within a few seconds from the window's load event. Please make sure it has an appropriate `as` value and it is preloaded intentionally. @ http://localhost:3000/presentations/editor?id=pres-1775471431101-sgdeti:0
[  487125ms] [WARNING] The resource http://localhost:3000/_next/static/css/app/layout.css?v=1775471692606 was preloaded using link preload but not used within a few seconds from the window's load event. Please make sure it has an appropriate `as` value and it is preloaded intentionally. @ http://localhost:3000/presentations/editor?id=pres-1775471431101-sgdeti:0
[  487125ms] [WARNING] The resource http://localhost:3000/_next/static/css/app/layout.css?v=1775471597021 was preloaded using link preload but not used within a few seconds from the window's load event. Please make sure it has an appropriate `as` value and it is preloaded intentionally. @ http://localhost:3000/presentations/editor?id=pres-1775471431101-sgdeti:0
[  487125ms] [WARNING] The resource http://localhost:3000/_next/static/css/app/layout.css?v=1775471763553 was preloaded using link preload but not used within a few seconds from the window's load event. Please make sure it has an appropriate `as` value and it is preloaded intentionally. @ http://localhost:3000/presentations/editor?id=pres-1775471431101-sgdeti:0
[  487125ms] [WARNING] The resource http://localhost:3000/_next/static/css/app/layout.css?v=1775471442508 was preloaded using link preload but not used within a few seconds from the window's load event. Please make sure it has an appropriate `as` value and it is preloaded intentionally. @ http://localhost:3000/presentations/editor?id=pres-1775471431101-sgdeti:0
[  487125ms] [WARNING] The resource http://localhost:3000/_next/static/css/app/layout.css?v=1775471674040 was preloaded using link preload but not used within a few seconds from the window's load event. Please make sure it has an appropriate `as` value and it is preloaded intentionally. @ http://localhost:3000/presentations/editor?id=pres-1775471431101-sgdeti:0
[  487125ms] [WARNING] The resource http://localhost:3000/_next/static/css/app/layout.css?v=1775471634385 was preloaded using link preload but not used within a few seconds from the window's load event. Please make sure it has an appropriate `as` value and it is preloaded intentionally. @ http://localhost:3000/presentations/editor?id=pres-1775471431101-sgdeti:0
[  487125ms] [WARNING] The resource http://localhost:3000/_next/static/css/app/layout.css?v=1775471499032 was preloaded using link preload but not used within a few seconds from the window's load event. Please make sure it has an appropriate `as` value and it is preloaded intentionally. @ http://localhost:3000/presentations/editor?id=pres-1775471431101-sgdeti:0
[  487125ms] [WARNING] The resource http://localhost:3000/_next/static/css/app/layout.css?v=1775471683820 was preloaded using link preload but not used within a few seconds from the window's load event. Please make sure it has an appropriate `as` value and it is preloaded intentionally. @ http://localhost:3000/presentations/editor?id=pres-1775471431101-sgdeti:0
[  487125ms] [WARNING] The resource http://localhost:3000/_next/static/css/app/layout.css?v=1775471713824 was preloaded using link preload but not used within a few seconds from the window's load event. Please make sure it has an appropriate `as` value and it is preloaded intentionally. @ http://localhost:3000/presentations/editor?id=pres-1775471431101-sgdeti:0
[  487125ms] [WARNING] The resource http://localhost:3000/_next/static/css/app/layout.css?v=1775471742044 was preloaded using link preload but not used within a few seconds from the window's load event. Please make sure it has an appropriate `as` value and it is preloaded intentionally. @ http://localhost:3000/presentations/editor?id=pres-1775471431101-sgdeti:0
[  487125ms] [WARNING] The resource http://localhost:3000/_next/static/css/app/layout.css?v=1775471496532 was preloaded using link preload but not used within a few seconds from the window's load event. Please make sure it has an appropriate `as` value and it is preloaded intentionally. @ http://localhost:3000/presentations/editor?id=pres-1775471431101-sgdeti:0
[  487125ms] [WARNING] The resource http://localhost:3000/_next/static/css/app/layout.css?v=1775471548426 was preloaded using link preload but not used within a few seconds from the window's load event. Please make sure it has an appropriate `as` value and it is preloaded intentionally. @ http://localhost:3000/presentations/editor?id=pres-1775471431101-sgdeti:0
[  487125ms] [WARNING] The resource http://localhost:3000/_next/static/css/app/layout.css?v=1775471480799 was preloaded using link preload but not used within a few seconds from the window's load event. Please make sure it has an appropriate `as` value and it is preloaded intentionally. @ http://localhost:3000/presentations/editor?id=pres-1775471431101-sgdeti:0
[  487125ms] [WARNING] The resource http://localhost:3000/_next/static/css/app/layout.css?v=1775471715830 was preloaded using link preload but not used within a few seconds from the window's load event. Please make sure it has an appropriate `as` value and it is preloaded intentionally. @ http://localhost:3000/presentations/editor?id=pres-1775471431101-sgdeti:0
[  487125ms] [WARNING] The resource http://localhost:3000/_next/static/css/app/layout.css?v=1775471601546 was preloaded using link preload but not used within a few seconds from the window's load event. Please make sure it has an appropriate `as` value and it is preloaded intentionally. @ http://localhost:3000/presentations/editor?id=pres-1775471431101-sgdeti:0
[  487125ms] [WARNING] The resource http://localhost:3000/_next/static/css/app/layout.css?v=1775471671591 was preloaded using link preload but not used within a few seconds from the window's load event. Please make sure it has an appropriate `as` value and it is preloaded intentionally. @ http://localhost:3000/presentations/editor?id=pres-1775471431101-sgdeti:0
[  487125ms] [WARNING] The resource http://localhost:3000/_next/static/css/app/layout.css?v=1775471810911 was preloaded using link preload but not used within a few seconds from the window's load event. Please make sure it has an appropriate `as` value and it is preloaded intentionally. @ http://localhost:3000/presentations/editor?id=pres-1775471431101-sgdeti:0
[  487125ms] [WARNING] The resource http://localhost:3000/_next/static/css/app/layout.css?v=1775471657618 was preloaded using link preload but not used within a few seconds from the window's load event. Please make sure it has an appropriate `as` value and it is preloaded intentionally. @ http://localhost:3000/presentations/editor?id=pres-1775471431101-sgdeti:0
[  487125ms] [WARNING] The resource http://localhost:3000/_next/static/css/app/layout.css?v=1775471708883 was preloaded using link preload but not used within a few seconds from the window's load event. Please make sure it has an appropriate `as` value and it is preloaded intentionally. @ http://localhost:3000/presentations/editor?id=pres-1775471431101-sgdeti:0
[  487125ms] [WARNING] The resource http://localhost:3000/_next/static/css/app/layout.css?v=1775471818679 was preloaded using link preload but not used within a few seconds from the window's load event. Please make sure it has an appropriate `as` value and it is preloaded intentionally. @ http://localhost:3000/presentations/editor?id=pres-1775471431101-sgdeti:0
[  487125ms] [WARNING] The resource http://localhost:3000/_next/static/css/app/layout.css?v=1775471828615 was preloaded using link preload but not used within a few seconds from the window's load event. Please make sure it has an appropriate `as` value and it is preloaded intentionally. @ http://localhost:3000/presentations/editor?id=pres-1775471431101-sgdeti:0
[  487125ms] [WARNING] The resource http://localhost:3000/_next/static/css/app/layout.css?v=1775471847267 was preloaded using link preload but not used within a few seconds from the window's load event. Please make sure it has an appropriate `as` value and it is preloaded intentionally. @ http://localhost:3000/presentations/editor?id=pres-1775471431101-sgdeti:0
[  487125ms] [WARNING] The resource http://localhost:3000/_next/static/css/app/layout.css?v=1775471582510 was preloaded using link preload but not used within a few seconds from the window's load event. Please make sure it has an appropriate `as` value and it is preloaded intentionally. @ http://localhost:3000/presentations/editor?id=pres-1775471431101-sgdeti:0
[  487125ms] [WARNING] The resource http://localhost:3000/_next/static/css/app/layout.css?v=1775471577865 was preloaded using link preload but not used within a few seconds from the window's load event. Please make sure it has an appropriate `as` value and it is preloaded intentionally. @ http://localhost:3000/presentations/editor?id=pres-1775471431101-sgdeti:0
[  487125ms] [WARNING] The resource http://localhost:3000/_next/static/css/app/layout.css?v=1775471695849 was preloaded using link preload but not used within a few seconds from the window's load event. Please make sure it has an appropriate `as` value and it is preloaded intentionally. @ http://localhost:3000/presentations/editor?id=pres-1775471431101-sgdeti:0
[  487125ms] [WARNING] The resource http://localhost:3000/_next/static/css/app/layout.css?v=1775471761641 was preloaded using link preload but not used within a few seconds from the window's load event. Please make sure it has an appropriate `as` value and it is preloaded intentionally. @ http://localhost:3000/presentations/editor?id=pres-1775471431101-sgdeti:0
[  487125ms] [WARNING] The resource http://localhost:3000/_next/static/css/app/layout.css?v=1775471591478 was preloaded using link preload but not used within a few seconds from the window's load event. Please make sure it has an appropriate `as` value and it is preloaded intentionally. @ http://localhost:3000/presentations/editor?id=pres-1775471431101-sgdeti:0
[  487125ms] [WARNING] The resource http://localhost:3000/_next/static/css/app/layout.css?v=1775471637565 was preloaded using link preload but not used within a few seconds from the window's load event. Please make sure it has an appropriate `as` value and it is preloaded intentionally. @ http://localhost:3000/presentations/editor?id=pres-1775471431101-sgdeti:0
[  487125ms] [WARNING] The resource http://localhost:3000/_next/static/css/app/layout.css?v=1775471463095 was preloaded using link preload but not used within a few seconds from the window's load event. Please make sure it has an appropriate `as` value and it is preloaded intentionally. @ http://localhost:3000/presentations/editor?id=pres-1775471431101-sgdeti:0
[  487125ms] [WARNING] The resource http://localhost:3000/_next/static/css/app/layout.css?v=1775471687011 was preloaded using link preload but not used within a few seconds from the window's load event. Please make sure it has an appropriate `as` value and it is preloaded intentionally. @ http://localhost:3000/presentations/editor?id=pres-1775471431101-sgdeti:0
[  487125ms] [WARNING] The resource http://localhost:3000/_next/static/css/app/layout.css?v=1775471549167 was preloaded using link preload but not used within a few seconds from the window's load event. Please make sure it has an appropriate `as` value and it is preloaded intentionally. @ http://localhost:3000/presentations/editor?id=pres-1775471431101-sgdeti:0
[  487125ms] [WARNING] The resource http://localhost:3000/_next/static/css/app/layout.css?v=1775471714471 was preloaded using link preload but not used within a few seconds from the window's load event. Please make sure it has an appropriate `as` value and it is preloaded intentionally. @ http://localhost:3000/presentations/editor?id=pres-1775471431101-sgdeti:0
[  487125ms] [WARNING] The resource http://localhost:3000/_next/static/css/app/layout.css?v=1775471735075 was preloaded using link preload but not used within a few seconds from the window's load event. Please make sure it has an appropriate `as` value and it is preloaded intentionally. @ http://localhost:3000/presentations/editor?id=pres-1775471431101-sgdeti:0
[  487125ms] [WARNING] The resource http://localhost:3000/_next/static/css/app/layout.css?v=1775471850522 was preloaded using link preload but not used within a few seconds from the window's load event. Please make sure it has an appropriate `as` value and it is preloaded intentionally. @ http://localhost:3000/presentations/editor?id=pres-1775471431101-sgdeti:0
[  487125ms] [WARNING] The resource http://localhost:3000/_next/static/css/app/layout.css?v=1775471866215 was preloaded using link preload but not used within a few seconds from the window's load event. Please make sure it has an appropriate `as` value and it is preloaded intentionally. @ http://localhost:3000/presentations/editor?id=pres-1775471431101-sgdeti:0
[  487125ms] [WARNING] The resource http://localhost:3000/_next/static/css/app/layout.css?v=1775471455307 was preloaded using link preload but not used within a few seconds from the window's load event. Please make sure it has an appropriate `as` value and it is preloaded intentionally. @ http://localhost:3000/presentations/editor?id=pres-1775471431101-sgdeti:0
[  487125ms] [WARNING] The resource http://localhost:3000/_next/static/css/app/layout.css?v=1775471566500 was preloaded using link preload but not used within a few seconds from the window's load event. Please make sure it has an appropriate `as` value and it is preloaded intentionally. @ http://localhost:3000/presentations/editor?id=pres-1775471431101-sgdeti:0
[  487125ms] [WARNING] The resource http://localhost:3000/_next/static/css/app/layout.css?v=1775471801799 was preloaded using link preload but not used within a few seconds from the window's load event. Please make sure it has an appropriate `as` value and it is preloaded intentionally. @ http://localhost:3000/presentations/editor?id=pres-1775471431101-sgdeti:0
[  487125ms] [WARNING] The resource http://localhost:3000/_next/static/css/app/layout.css?v=1775471657013 was preloaded using link preload but not used within a few seconds from the window's load event. Please make sure it has an appropriate `as` value and it is preloaded intentionally. @ http://localhost:3000/presentations/editor?id=pres-1775471431101-sgdeti:0
[  487125ms] [WARNING] The resource http://localhost:3000/_next/static/css/app/layout.css?v=1775471843091 was preloaded using link preload but not used within a few seconds from the window's load event. Please make sure it has an appropriate `as` value and it is preloaded intentionally. @ http://localhost:3000/presentations/editor?id=pres-1775471431101-sgdeti:0
[  487125ms] [WARNING] The resource http://localhost:3000/_next/static/css/app/layout.css?v=1775471725944 was preloaded using link preload but not used within a few seconds from the window's load event. Please make sure it has an appropriate `as` value and it is preloaded intentionally. @ http://localhost:3000/presentations/editor?id=pres-1775471431101-sgdeti:0
[  487125ms] [WARNING] The resource http://localhost:3000/_next/static/css/app/layout.css?v=1775471486823 was preloaded using link preload but not used within a few seconds from the window's load event. Please make sure it has an appropriate `as` value and it is preloaded intentionally. @ http://localhost:3000/presentations/editor?id=pres-1775471431101-sgdeti:0
[  487125ms] [WARNING] The resource http://localhost:3000/_next/static/css/app/layout.css?v=1775471736334 was preloaded using link preload but not used within a few seconds from the window's load event. Please make sure it has an appropriate `as` value and it is preloaded intentionally. @ http://localhost:3000/presentations/editor?id=pres-1775471431101-sgdeti:0
[  487125ms] [WARNING] The resource http://localhost:3000/_next/static/css/app/layout.css?v=1775471631250 was preloaded using link preload but not used within a few seconds from the window's load event. Please make sure it has an appropriate `as` value and it is preloaded intentionally. @ http://localhost:3000/presentations/editor?id=pres-1775471431101-sgdeti:0
[  487125ms] [WARNING] The resource http://localhost:3000/_next/static/css/app/layout.css?v=1775471844094 was preloaded using link preload but not used within a few seconds from the window's load event. Please make sure it has an appropriate `as` value and it is preloaded intentionally. @ http://localhost:3000/presentations/editor?id=pres-1775471431101-sgdeti:0
[  487125ms] [WARNING] The resource http://localhost:3000/_next/static/css/app/layout.css?v=1775471532526 was preloaded using link preload but not used within a few seconds from the window's load event. Please make sure it has an appropriate `as` value and it is preloaded intentionally. @ http://localhost:3000/presentations/editor?id=pres-1775471431101-sgdeti:0
[  487125ms] [WARNING] The resource http://localhost:3000/_next/static/css/app/layout.css?v=1775471604027 was preloaded using link preload but not used within a few seconds from the window's load event. Please make sure it has an appropriate `as` value and it is preloaded intentionally. @ http://localhost:3000/presentations/editor?id=pres-1775471431101-sgdeti:0
[  487125ms] [WARNING] The resource http://localhost:3000/_next/static/css/app/layout.css?v=1775471460559 was preloaded using link preload but not used within a few seconds from the window's load event. Please make sure it has an appropriate `as` value and it is preloaded intentionally. @ http://localhost:3000/presentations/editor?id=pres-1775471431101-sgdeti:0
[  487125ms] [WARNING] The resource http://localhost:3000/_next/static/css/app/layout.css?v=1775471782977 was preloaded using link preload but not used within a few seconds from the window's load event. Please make sure it has an appropriate `as` value and it is preloaded intentionally. @ http://localhost:3000/presentations/editor?id=pres-1775471431101-sgdeti:0
[  487125ms] [WARNING] The resource http://localhost:3000/_next/static/css/app/layout.css?v=1775471544651 was preloaded using link preload but not used within a few seconds from the window's load event. Please make sure it has an appropriate `as` value and it is preloaded intentionally. @ http://localhost:3000/presentations/editor?id=pres-1775471431101-sgdeti:0
[  487125ms] [WARNING] The resource http://localhost:3000/_next/static/css/app/layout.css?v=1775471596408 was preloaded using link preload but not used within a few seconds from the window's load event. Please make sure it has an appropriate `as` value and it is preloaded intentionally. @ http://localhost:3000/presentations/editor?id=pres-1775471431101-sgdeti:0
[  487125ms] [WARNING] The resource http://localhost:3000/_next/static/css/app/layout.css?v=1775471728436 was preloaded using link preload but not used within a few seconds from the window's load event. Please make sure it has an appropriate `as` value and it is preloaded intentionally. @ http://localhost:3000/presentations/editor?id=pres-1775471431101-sgdeti:0
[  487125ms] [WARNING] The resource http://localhost:3000/_next/static/css/app/layout.css?v=1775471665164 was preloaded using link preload but not used within a few seconds from the window's load event. Please make sure it has an appropriate `as` value and it is preloaded intentionally. @ http://localhost:3000/presentations/editor?id=pres-1775471431101-sgdeti:0
[  487126ms] [WARNING] The resource http://localhost:3000/_next/static/css/app/layout.css?v=1775471615358 was preloaded using link preload but not used within a few seconds from the window's load event. Please make sure it has an appropriate `as` value and it is preloaded intentionally. @ http://localhost:3000/presentations/editor?id=pres-1775471431101-sgdeti:0
[  487126ms] [WARNING] The resource http://localhost:3000/_next/static/css/app/layout.css?v=1775471479515 was preloaded using link preload but not used within a few seconds from the window's load event. Please make sure it has an appropriate `as` value and it is preloaded intentionally. @ http://localhost:3000/presentations/editor?id=pres-1775471431101-sgdeti:0
[  487126ms] [WARNING] The resource http://localhost:3000/_next/static/css/app/layout.css?v=1775471860998 was preloaded using link preload but not used within a few seconds from the window's load event. Please make sure it has an appropriate `as` value and it is preloaded intentionally. @ http://localhost:3000/presentations/editor?id=pres-1775471431101-sgdeti:0
[  487126ms] [WARNING] The resource http://localhost:3000/_next/static/css/app/layout.css?v=1775471566396 was preloaded using link preload but not used within a few seconds from the window's load event. Please make sure it has an appropriate `as` value and it is preloaded intentionally. @ http://localhost:3000/presentations/editor?id=pres-1775471431101-sgdeti:0
[  487126ms] [WARNING] The resource http://localhost:3000/_next/static/css/app/layout.css?v=1775471527993 was preloaded using link preload but not used within a few seconds from the window's load event. Please make sure it has an appropriate `as` value and it is preloaded intentionally. @ http://localhost:3000/presentations/editor?id=pres-1775471431101-sgdeti:0
[  487126ms] [WARNING] The resource http://localhost:3000/_next/static/css/app/layout.css?v=1775471543317 was preloaded using link preload but not used within a few seconds from the window's load event. Please make sure it has an appropriate `as` value and it is preloaded intentionally. @ http://localhost:3000/presentations/editor?id=pres-1775471431101-sgdeti:0
[  487126ms] [WARNING] The resource http://localhost:3000/_next/static/css/app/layout.css?v=1775471553493 was preloaded using link preload but not used within a few seconds from the window's load event. Please make sure it has an appropriate `as` value and it is preloaded intentionally. @ http://localhost:3000/presentations/editor?id=pres-1775471431101-sgdeti:0
[  487126ms] [WARNING] The resource http://localhost:3000/_next/static/css/app/layout.css?v=1775471748447 was preloaded using link preload but not used within a few seconds from the window's load event. Please make sure it has an appropriate `as` value and it is preloaded intentionally. @ http://localhost:3000/presentations/editor?id=pres-1775471431101-sgdeti:0
[  487126ms] [WARNING] The resource http://localhost:3000/_next/static/css/app/layout.css?v=1775471490617 was preloaded using link preload but not used within a few seconds from the window's load event. Please make sure it has an appropriate `as` value and it is preloaded intentionally. @ http://localhost:3000/presentations/editor?id=pres-1775471431101-sgdeti:0
[  487126ms] [WARNING] The resource http://localhost:3000/_next/static/css/app/layout.css?v=1775471492613 was preloaded using link preload but not used within a few seconds from the window's load event. Please make sure it has an appropriate `as` value and it is preloaded intentionally. @ http://localhost:3000/presentations/editor?id=pres-1775471431101-sgdeti:0
[  487126ms] [WARNING] The resource http://localhost:3000/_next/static/css/app/layout.css?v=1775471851807 was preloaded using link preload but not used within a few seconds from the window's load event. Please make sure it has an appropriate `as` value and it is preloaded intentionally. @ http://localhost:3000/presentations/editor?id=pres-1775471431101-sgdeti:0
[  487126ms] [WARNING] The resource http://localhost:3000/_next/static/css/app/layout.css?v=1775471653753 was preloaded using link preload but not used within a few seconds from the window's load event. Please make sure it has an appropriate `as` value and it is preloaded intentionally. @ http://localhost:3000/presentations/editor?id=pres-1775471431101-sgdeti:0
[  487126ms] [WARNING] The resource http://localhost:3000/_next/static/css/app/layout.css?v=1775471722729 was preloaded using link preload but not used within a few seconds from the window's load event. Please make sure it has an appropriate `as` value and it is preloaded intentionally. @ http://localhost:3000/presentations/editor?id=pres-1775471431101-sgdeti:0
[  487126ms] [WARNING] The resource http://localhost:3000/_next/static/css/app/layout.css?v=1775471685028 was preloaded using link preload but not used within a few seconds from the window's load event. Please make sure it has an appropriate `as` value and it is preloaded intentionally. @ http://localhost:3000/presentations/editor?id=pres-1775471431101-sgdeti:0
[  487126ms] [WARNING] The resource http://localhost:3000/_next/static/css/app/layout.css?v=1775471892540 was preloaded using link preload but not used within a few seconds from the window's load event. Please make sure it has an appropriate `as` value and it is preloaded intentionally. @ http://localhost:3000/presentations/editor?id=pres-1775471431101-sgdeti:0
[  487126ms] [WARNING] The resource http://localhost:3000/_next/static/css/app/layout.css?v=1775471576722 was preloaded using link preload but not used within a few seconds from the window's load event. Please make sure it has an appropriate `as` value and it is preloaded intentionally. @ http://localhost:3000/presentations/editor?id=pres-1775471431101-sgdeti:0
[  487126ms] [WARNING] The resource http://localhost:3000/_next/static/css/app/layout.css?v=1775471674899 was preloaded using link preload but not used within a few seconds from the window's load event. Please make sure it has an appropriate `as` value and it is preloaded intentionally. @ http://localhost:3000/presentations/editor?id=pres-1775471431101-sgdeti:0
[  487126ms] [WARNING] The resource http://localhost:3000/_next/static/css/app/layout.css?v=1775471744722 was preloaded using link preload but not used within a few seconds from the window's load event. Please make sure it has an appropriate `as` value and it is preloaded intentionally. @ http://localhost:3000/presentations/editor?id=pres-1775471431101-sgdeti:0
[  487126ms] [WARNING] The resource http://localhost:3000/_next/static/css/app/layout.css?v=1775471772727 was preloaded using link preload but not used within a few seconds from the window's load event. Please make sure it has an appropriate `as` value and it is preloaded intentionally. @ http://localhost:3000/presentations/editor?id=pres-1775471431101-sgdeti:0
[  487126ms] [WARNING] The resource http://localhost:3000/_next/static/css/app/layout.css?v=1775471769120 was preloaded using link preload but not used within a few seconds from the window's load event. Please make sure it has an appropriate `as` value and it is preloaded intentionally. @ http://localhost:3000/presentations/editor?id=pres-1775471431101-sgdeti:0
[  487126ms] [WARNING] The resource http://localhost:3000/_next/static/css/app/layout.css?v=1775471679325 was preloaded using link preload but not used within a few seconds from the window's load event. Please make sure it has an appropriate `as` value and it is preloaded intentionally. @ http://localhost:3000/presentations/editor?id=pres-1775471431101-sgdeti:0
[  487126ms] [WARNING] The resource http://localhost:3000/_next/static/css/app/layout.css?v=1775471569051 was preloaded using link preload but not used within a few seconds from the window's load event. Please make sure it has an appropriate `as` value and it is preloaded intentionally. @ http://localhost:3000/presentations/editor?id=pres-1775471431101-sgdeti:0
[  487126ms] [WARNING] The resource http://localhost:3000/_next/static/css/app/layout.css?v=1775471746598 was preloaded using link preload but not used within a few seconds from the window's load event. Please make sure it has an appropriate `as` value and it is preloaded intentionally. @ http://localhost:3000/presentations/editor?id=pres-1775471431101-sgdeti:0
[  487126ms] [WARNING] The resource http://localhost:3000/_next/static/css/app/layout.css?v=1775471685663 was preloaded using link preload but not used within a few seconds from the window's load event. Please make sure it has an appropriate `as` value and it is preloaded intentionally. @ http://localhost:3000/presentations/editor?id=pres-1775471431101-sgdeti:0
[  487126ms] [WARNING] The resource http://localhost:3000/_next/static/css/app/layout.css?v=1775471478889 was preloaded using link preload but not used within a few seconds from the window's load event. Please make sure it has an appropriate `as` value and it is preloaded intentionally. @ http://localhost:3000/presentations/editor?id=pres-1775471431101-sgdeti:0
[  487126ms] [WARNING] The resource http://localhost:3000/_next/static/css/app/layout.css?v=1775471502302 was preloaded using link preload but not used within a few seconds from the window's load event. Please make sure it has an appropriate `as` value and it is preloaded intentionally. @ http://localhost:3000/presentations/editor?id=pres-1775471431101-sgdeti:0
[  487126ms] [WARNING] The resource http://localhost:3000/_next/static/css/app/layout.css?v=1775471493852 was preloaded using link preload but not used within a few seconds from the window's load event. Please make sure it has an appropriate `as` value and it is preloaded intentionally. @ http://localhost:3000/presentations/editor?id=pres-1775471431101-sgdeti:0
[  487126ms] [WARNING] The resource http://localhost:3000/_next/static/css/app/layout.css?v=1775471706902 was preloaded using link preload but not used within a few seconds from the window's load event. Please make sure it has an appropriate `as` value and it is preloaded intentionally. @ http://localhost:3000/presentations/editor?id=pres-1775471431101-sgdeti:0
[  487126ms] [WARNING] The resource http://localhost:3000/_next/static/css/app/layout.css?v=1775471533771 was preloaded using link preload but not used within a few seconds from the window's load event. Please make sure it has an appropriate `as` value and it is preloaded intentionally. @ http://localhost:3000/presentations/editor?id=pres-1775471431101-sgdeti:0
[  487126ms] [WARNING] The resource http://localhost:3000/_next/static/css/app/layout.css?v=1775471495258 was preloaded using link preload but not used within a few seconds from the window's load event. Please make sure it has an appropriate `as` value and it is preloaded intentionally. @ http://localhost:3000/presentations/editor?id=pres-1775471431101-sgdeti:0
[  487126ms] [WARNING] The resource http://localhost:3000/_next/static/css/app/layout.css?v=1775471603399 was preloaded using link preload but not used within a few seconds from the window's load event. Please make sure it has an appropriate `as` value and it is preloaded intentionally. @ http://localhost:3000/presentations/editor?id=pres-1775471431101-sgdeti:0
[  487126ms] [WARNING] The resource http://localhost:3000/_next/static/css/app/layout.css?v=1775471770238 was preloaded using link preload but not used within a few seconds from the window's load event. Please make sure it has an appropriate `as` value and it is preloaded intentionally. @ http://localhost:3000/presentations/editor?id=pres-1775471431101-sgdeti:0
[  487126ms] [WARNING] The resource http://localhost:3000/_next/static/css/app/layout.css?v=1775471751267 was preloaded using link preload but not used within a few seconds from the window's load event. Please make sure it has an appropriate `as` value and it is preloaded intentionally. @ http://localhost:3000/presentations/editor?id=pres-1775471431101-sgdeti:0
[  487126ms] [WARNING] The resource http://localhost:3000/_next/static/css/app/layout.css?v=1775471539639 was preloaded using link preload but not used within a few seconds from the window's load event. Please make sure it has an appropriate `as` value and it is preloaded intentionally. @ http://localhost:3000/presentations/editor?id=pres-1775471431101-sgdeti:0
[  487126ms] [WARNING] The resource http://localhost:3000/_next/static/css/app/layout.css?v=1775471570914 was preloaded using link preload but not used within a few seconds from the window's load event. Please make sure it has an appropriate `as` value and it is preloaded intentionally. @ http://localhost:3000/presentations/editor?id=pres-1775471431101-sgdeti:0
[  487126ms] [WARNING] The resource http://localhost:3000/_next/static/css/app/layout.css?v=1775471608448 was preloaded using link preload but not used within a few seconds from the window's load event. Please make sure it has an appropriate `as` value and it is preloaded intentionally. @ http://localhost:3000/presentations/editor?id=pres-1775471431101-sgdeti:0
[  487126ms] [WARNING] The resource http://localhost:3000/_next/static/css/app/layout.css?v=1775471528598 was preloaded using link preload but not used within a few seconds from the window's load event. Please make sure it has an appropriate `as` value and it is preloaded intentionally. @ http://localhost:3000/presentations/editor?id=pres-1775471431101-sgdeti:0
[  487126ms] [WARNING] The resource http://localhost:3000/_next/static/css/app/layout.css?v=1775471628686 was preloaded using link preload but not used within a few seconds from the window's load event. Please make sure it has an appropriate `as` value and it is preloaded intentionally. @ http://localhost:3000/presentations/editor?id=pres-1775471431101-sgdeti:0
[  487126ms] [WARNING] The resource http://localhost:3000/_next/static/css/app/layout.css?v=1775471806355 was preloaded using link preload but not used within a few seconds from the window's load event. Please make sure it has an appropriate `as` value and it is preloaded intentionally. @ http://localhost:3000/presentations/editor?id=pres-1775471431101-sgdeti:0
[  487126ms] [WARNING] The resource http://localhost:3000/_next/static/css/app/layout.css?v=1775471448276 was preloaded using link preload but not used within a few seconds from the window's load event. Please make sure it has an appropriate `as` value and it is preloaded intentionally. @ http://localhost:3000/presentations/editor?id=pres-1775471431101-sgdeti:0
[  487126ms] [WARNING] The resource http://localhost:3000/_next/static/css/app/layout.css?v=1775471760942 was preloaded using link preload but not used within a few seconds from the window's load event. Please make sure it has an appropriate `as` value and it is preloaded intentionally. @ http://localhost:3000/presentations/editor?id=pres-1775471431101-sgdeti:0
[  487126ms] [WARNING] The resource http://localhost:3000/_next/static/css/app/layout.css?v=1775471898818 was preloaded using link preload but not used within a few seconds from the window's load event. Please make sure it has an appropriate `as` value and it is preloaded intentionally. @ http://localhost:3000/presentations/editor?id=pres-1775471431101-sgdeti:0
[  487126ms] [WARNING] The resource http://localhost:3000/_next/static/css/app/layout.css?v=1775471820807 was preloaded using link preload but not used within a few seconds from the window's load event. Please make sure it has an appropriate `as` value and it is preloaded intentionally. @ http://localhost:3000/presentations/editor?id=pres-1775471431101-sgdeti:0
[  487126ms] [WARNING] The resource http://localhost:3000/_next/static/css/app/layout.css?v=1775471520738 was preloaded using link preload but not used within a few seconds from the window's load event. Please make sure it has an appropriate `as` value and it is preloaded intentionally. @ http://localhost:3000/presentations/editor?id=pres-1775471431101-sgdeti:0
[  487126ms] [WARNING] The resource http://localhost:3000/_next/static/css/app/layout.css?v=1775471693842 was preloaded using link preload but not used within a few seconds from the window's load event. Please make sure it has an appropriate `as` value and it is preloaded intentionally. @ http://localhost:3000/presentations/editor?id=pres-1775471431101-sgdeti:0
[  487126ms] [WARNING] The resource http://localhost:3000/_next/static/css/app/layout.css?v=1775471622268 was preloaded using link preload but not used within a few seconds from the window's load event. Please make sure it has an appropriate `as` value and it is preloaded intentionally. @ http://localhost:3000/presentations/editor?id=pres-1775471431101-sgdeti:0
[  487126ms] [WARNING] The resource http://localhost:3000/_next/static/css/app/layout.css?v=1775471785083 was preloaded using link preload but not used within a few seconds from the window's load event. Please make sure it has an appropriate `as` value and it is preloaded intentionally. @ http://localhost:3000/presentations/editor?id=pres-1775471431101-sgdeti:0
[  487126ms] [WARNING] The resource http://localhost:3000/_next/static/css/app/layout.css?v=1775471501681 was preloaded using link preload but not used within a few seconds from the window's load event. Please make sure it has an appropriate `as` value and it is preloaded intentionally. @ http://localhost:3000/presentations/editor?id=pres-1775471431101-sgdeti:0
[  487126ms] [WARNING] The resource http://localhost:3000/_next/static/css/app/layout.css?v=1775471822807 was preloaded using link preload but not used within a few seconds from the window's load event. Please make sure it has an appropriate `as` value and it is preloaded intentionally. @ http://localhost:3000/presentations/editor?id=pres-1775471431101-sgdeti:0
[  487126ms] [WARNING] The resource http://localhost:3000/_next/static/css/app/layout.css?v=1775471735704 was preloaded using link preload but not used within a few seconds from the window's load event. Please make sure it has an appropriate `as` value and it is preloaded intentionally. @ http://localhost:3000/presentations/editor?id=pres-1775471431101-sgdeti:0
[  487126ms] [WARNING] The resource http://localhost:3000/_next/static/css/app/layout.css?v=1775471679949 was preloaded using link preload but not used within a few seconds from the window's load event. Please make sure it has an appropriate `as` value and it is preloaded intentionally. @ http://localhost:3000/presentations/editor?id=pres-1775471431101-sgdeti:0
[  487126ms] [WARNING] The resource http://localhost:3000/_next/static/css/app/layout.css?v=1775471819342 was preloaded using link preload but not used within a few seconds from the window's load event. Please make sure it has an appropriate `as` value and it is preloaded intentionally. @ http://localhost:3000/presentations/editor?id=pres-1775471431101-sgdeti:0
[  487126ms] [WARNING] The resource http://localhost:3000/_next/static/css/app/layout.css?v=1775471899660 was preloaded using link preload but not used within a few seconds from the window's load event. Please make sure it has an appropriate `as` value and it is preloaded intentionally. @ http://localhost:3000/presentations/editor?id=pres-1775471431101-sgdeti:0
[  487126ms] [WARNING] The resource http://localhost:3000/_next/static/css/app/layout.css?v=1775471788205 was preloaded using link preload but not used within a few seconds from the window's load event. Please make sure it has an appropriate `as` value and it is preloaded intentionally. @ http://localhost:3000/presentations/editor?id=pres-1775471431101-sgdeti:0
[  487126ms] [WARNING] The resource http://localhost:3000/_next/static/css/app/layout.css?v=1775471482270 was preloaded using link preload but not used within a few seconds from the window's load event. Please make sure it has an appropriate `as` value and it is preloaded intentionally. @ http://localhost:3000/presentations/editor?id=pres-1775471431101-sgdeti:0
[  487126ms] [WARNING] The resource http://localhost:3000/_next/static/css/app/layout.css?v=1775471549810 was preloaded using link preload but not used within a few seconds from the window's load event. Please make sure it has an appropriate `as` value and it is preloaded intentionally. @ http://localhost:3000/presentations/editor?id=pres-1775471431101-sgdeti:0
[  487126ms] [WARNING] The resource http://localhost:3000/_next/static/css/app/layout.css?v=1775471593241 was preloaded using link preload but not used within a few seconds from the window's load event. Please make sure it has an appropriate `as` value and it is preloaded intentionally. @ http://localhost:3000/presentations/editor?id=pres-1775471431101-sgdeti:0
[  487126ms] [WARNING] The resource http://localhost:3000/_next/static/css/app/layout.css?v=1775471698918 was preloaded using link preload but not used within a few seconds from the window's load event. Please make sure it has an appropriate `as` value and it is preloaded intentionally. @ http://localhost:3000/presentations/editor?id=pres-1775471431101-sgdeti:0
[  487126ms] [WARNING] The resource http://localhost:3000/_next/static/css/app/layout.css?v=1775471805733 was preloaded using link preload but not used within a few seconds from the window's load event. Please make sure it has an appropriate `as` value and it is preloaded intentionally. @ http://localhost:3000/presentations/editor?id=pres-1775471431101-sgdeti:0
[  487126ms] [WARNING] The resource http://localhost:3000/_next/static/css/app/layout.css?v=1775471910102 was preloaded using link preload but not used within a few seconds from the window's load event. Please make sure it has an appropriate `as` value and it is preloaded intentionally. @ http://localhost:3000/presentations/editor?id=pres-1775471431101-sgdeti:0
[  487126ms] [WARNING] The resource http://localhost:3000/_next/static/css/app/layout.css?v=1775471622954 was preloaded using link preload but not used within a few seconds from the window's load event. Please make sure it has an appropriate `as` value and it is preloaded intentionally. @ http://localhost:3000/presentations/editor?id=pres-1775471431101-sgdeti:0
[  487126ms] [WARNING] The resource http://localhost:3000/_next/static/css/app/layout.css?v=1775471752414 was preloaded using link preload but not used within a few seconds from the window's load event. Please make sure it has an appropriate `as` value and it is preloaded intentionally. @ http://localhost:3000/presentations/editor?id=pres-1775471431101-sgdeti:0
[  487126ms] [WARNING] The resource http://localhost:3000/_next/static/css/app/layout.css?v=1775471626056 was preloaded using link preload but not used within a few seconds from the window's load event. Please make sure it has an appropriate `as` value and it is preloaded intentionally. @ http://localhost:3000/presentations/editor?id=pres-1775471431101-sgdeti:0
[  487127ms] [WARNING] The resource http://localhost:3000/_next/static/css/app/layout.css?v=1775471798456 was preloaded using link preload but not used within a few seconds from the window's load event. Please make sure it has an appropriate `as` value and it is preloaded intentionally. @ http://localhost:3000/presentations/editor?id=pres-1775471431101-sgdeti:0
[  487127ms] [WARNING] The resource http://localhost:3000/_next/static/css/app/layout.css?v=1775471572152 was preloaded using link preload but not used within a few seconds from the window's load event. Please make sure it has an appropriate `as` value and it is preloaded intentionally. @ http://localhost:3000/presentations/editor?id=pres-1775471431101-sgdeti:0
[  487127ms] [WARNING] The resource http://localhost:3000/_next/static/css/app/layout.css?v=1775471791483 was preloaded using link preload but not used within a few seconds from the window's load event. Please make sure it has an appropriate `as` value and it is preloaded intentionally. @ http://localhost:3000/presentations/editor?id=pres-1775471431101-sgdeti:0
[  487127ms] [WARNING] The resource http://localhost:3000/_next/static/css/app/layout.css?v=1775471829965 was preloaded using link preload but not used within a few seconds from the window's load event. Please make sure it has an appropriate `as` value and it is preloaded intentionally. @ http://localhost:3000/presentations/editor?id=pres-1775471431101-sgdeti:0
[  487127ms] [WARNING] The resource http://localhost:3000/_next/static/css/app/layout.css?v=1775471723339 was preloaded using link preload but not used within a few seconds from the window's load event. Please make sure it has an appropriate `as` value and it is preloaded intentionally. @ http://localhost:3000/presentations/editor?id=pres-1775471431101-sgdeti:0
[  487127ms] [WARNING] The resource http://localhost:3000/_next/static/css/app/layout.css?v=1775471542704 was preloaded using link preload but not used within a few seconds from the window's load event. Please make sure it has an appropriate `as` value and it is preloaded intentionally. @ http://localhost:3000/presentations/editor?id=pres-1775471431101-sgdeti:0
[  487127ms] [WARNING] The resource http://localhost:3000/_next/static/css/app/layout.css?v=1775471476434 was preloaded using link preload but not used within a few seconds from the window's load event. Please make sure it has an appropriate `as` value and it is preloaded intentionally. @ http://localhost:3000/presentations/editor?id=pres-1775471431101-sgdeti:0
[  487127ms] [WARNING] The resource http://localhost:3000/_next/static/css/app/layout.css?v=1775471713229 was preloaded using link preload but not used within a few seconds from the window's load event. Please make sure it has an appropriate `as` value and it is preloaded intentionally. @ http://localhost:3000/presentations/editor?id=pres-1775471431101-sgdeti:0
[  487127ms] [WARNING] The resource http://localhost:3000/_next/static/css/app/layout.css?v=1775471536381 was preloaded using link preload but not used within a few seconds from the window's load event. Please make sure it has an appropriate `as` value and it is preloaded intentionally. @ http://localhost:3000/presentations/editor?id=pres-1775471431101-sgdeti:0
[  487127ms] [WARNING] The resource http://localhost:3000/_next/static/css/app/layout.css?v=1775471701726 was preloaded using link preload but not used within a few seconds from the window's load event. Please make sure it has an appropriate `as` value and it is preloaded intentionally. @ http://localhost:3000/presentations/editor?id=pres-1775471431101-sgdeti:0
[  487127ms] [WARNING] The resource http://localhost:3000/_next/static/css/app/layout.css?v=1775471563909 was preloaded using link preload but not used within a few seconds from the window's load event. Please make sure it has an appropriate `as` value and it is preloaded intentionally. @ http://localhost:3000/presentations/editor?id=pres-1775471431101-sgdeti:0
[  487127ms] [WARNING] The resource http://localhost:3000/_next/static/css/app/layout.css?v=1775471634996 was preloaded using link preload but not used within a few seconds from the window's load event. Please make sure it has an appropriate `as` value and it is preloaded intentionally. @ http://localhost:3000/presentations/editor?id=pres-1775471431101-sgdeti:0
[  487127ms] [WARNING] The resource http://localhost:3000/_next/static/css/app/layout.css?v=1775471677615 was preloaded using link preload but not used within a few seconds from the window's load event. Please make sure it has an appropriate `as` value and it is preloaded intentionally. @ http://localhost:3000/presentations/editor?id=pres-1775471431101-sgdeti:0
[  487127ms] [WARNING] The resource http://localhost:3000/_next/static/css/app/layout.css?v=1775471561363 was preloaded using link preload but not used within a few seconds from the window's load event. Please make sure it has an appropriate `as` value and it is preloaded intentionally. @ http://localhost:3000/presentations/editor?id=pres-1775471431101-sgdeti:0
[  487127ms] [WARNING] The resource http://localhost:3000/_next/static/css/app/layout.css?v=1775471900334 was preloaded using link preload but not used within a few seconds from the window's load event. Please make sure it has an appropriate `as` value and it is preloaded intentionally. @ http://localhost:3000/presentations/editor?id=pres-1775471431101-sgdeti:0
[  487127ms] [WARNING] The resource http://localhost:3000/_next/static/css/app/layout.css?v=1775471530020 was preloaded using link preload but not used within a few seconds from the window's load event. Please make sure it has an appropriate `as` value and it is preloaded intentionally. @ http://localhost:3000/presentations/editor?id=pres-1775471431101-sgdeti:0
[  487127ms] [WARNING] The resource http://localhost:3000/_next/static/css/app/layout.css?v=1775471633170 was preloaded using link preload but not used within a few seconds from the window's load event. Please make sure it has an appropriate `as` value and it is preloaded intentionally. @ http://localhost:3000/presentations/editor?id=pres-1775471431101-sgdeti:0
[  487127ms] [WARNING] The resource http://localhost:3000/_next/static/css/app/layout.css?v=1775471707531 was preloaded using link preload but not used within a few seconds from the window's load event. Please make sure it has an appropriate `as` value and it is preloaded intentionally. @ http://localhost:3000/presentations/editor?id=pres-1775471431101-sgdeti:0
[  487127ms] [WARNING] The resource http://localhost:3000/_next/static/css/app/layout.css?v=1775471458604 was preloaded using link preload but not used within a few seconds from the window's load event. Please make sure it has an appropriate `as` value and it is preloaded intentionally. @ http://localhost:3000/presentations/editor?id=pres-1775471431101-sgdeti:0
[  487127ms] [WARNING] The resource http://localhost:3000/_next/static/css/app/layout.css?v=1775471676864 was preloaded using link preload but not used within a few seconds from the window's load event. Please make sure it has an appropriate `as` value and it is preloaded intentionally. @ http://localhost:3000/presentations/editor?id=pres-1775471431101-sgdeti:0
[  487127ms] [WARNING] The resource http://localhost:3000/_next/static/css/app/layout.css?v=1775471653145 was preloaded using link preload but not used within a few seconds from the window's load event. Please make sure it has an appropriate `as` value and it is preloaded intentionally. @ http://localhost:3000/presentations/editor?id=pres-1775471431101-sgdeti:0
[  487127ms] [WARNING] The resource http://localhost:3000/_next/static/css/app/layout.css?v=1775471871407 was preloaded using link preload but not used within a few seconds from the window's load event. Please make sure it has an appropriate `as` value and it is preloaded intentionally. @ http://localhost:3000/presentations/editor?id=pres-1775471431101-sgdeti:0
[  487127ms] [WARNING] The resource http://localhost:3000/_next/static/css/app/layout.css?v=1775471617898 was preloaded using link preload but not used within a few seconds from the window's load event. Please make sure it has an appropriate `as` value and it is preloaded intentionally. @ http://localhost:3000/presentations/editor?id=pres-1775471431101-sgdeti:0
[  487127ms] [WARNING] The resource http://localhost:3000/_next/static/css/app/layout.css?v=1775471811576 was preloaded using link preload but not used within a few seconds from the window's load event. Please make sure it has an appropriate `as` value and it is preloaded intentionally. @ http://localhost:3000/presentations/editor?id=pres-1775471431101-sgdeti:0
[  487127ms] [WARNING] The resource http://localhost:3000/_next/static/css/app/layout.css?v=1775471825470 was preloaded using link preload but not used within a few seconds from the window's load event. Please make sure it has an appropriate `as` value and it is preloaded intentionally. @ http://localhost:3000/presentations/editor?id=pres-1775471431101-sgdeti:0
[  487127ms] [WARNING] The resource http://localhost:3000/_next/static/css/app/layout.css?v=1775471600811 was preloaded using link preload but not used within a few seconds from the window's load event. Please make sure it has an appropriate `as` value and it is preloaded intentionally. @ http://localhost:3000/presentations/editor?id=pres-1775471431101-sgdeti:0
[  487127ms] [WARNING] The resource http://localhost:3000/_next/static/css/app/layout.css?v=1775471599583 was preloaded using link preload but not used within a few seconds from the window's load event. Please make sure it has an appropriate `as` value and it is preloaded intentionally. @ http://localhost:3000/presentations/editor?id=pres-1775471431101-sgdeti:0
[  487127ms] [WARNING] The resource http://localhost:3000/_next/static/css/app/layout.css?v=1775471762913 was preloaded using link preload but not used within a few seconds from the window's load event. Please make sure it has an appropriate `as` value and it is preloaded intentionally. @ http://localhost:3000/presentations/editor?id=pres-1775471431101-sgdeti:0
[  487127ms] [WARNING] The resource http://localhost:3000/_next/static/css/app/layout.css?v=1775471581885 was preloaded using link preload but not used within a few seconds from the window's load event. Please make sure it has an appropriate `as` value and it is preloaded intentionally. @ http://localhost:3000/presentations/editor?id=pres-1775471431101-sgdeti:0
[  487127ms] [WARNING] The resource http://localhost:3000/_next/static/css/app/layout.css?v=1775471745346 was preloaded using link preload but not used within a few seconds from the window's load event. Please make sure it has an appropriate `as` value and it is preloaded intentionally. @ http://localhost:3000/presentations/editor?id=pres-1775471431101-sgdeti:0
[  487127ms] [WARNING] The resource http://localhost:3000/_next/static/css/app/layout.css?v=1775471895637 was preloaded using link preload but not used within a few seconds from the window's load event. Please make sure it has an appropriate `as` value and it is preloaded intentionally. @ http://localhost:3000/presentations/editor?id=pres-1775471431101-sgdeti:0
[  487127ms] [WARNING] The resource http://localhost:3000/_next/static/css/app/layout.css?v=1775471710765 was preloaded using link preload but not used within a few seconds from the window's load event. Please make sure it has an appropriate `as` value and it is preloaded intentionally. @ http://localhost:3000/presentations/editor?id=pres-1775471431101-sgdeti:0
[  487127ms] [WARNING] The resource http://localhost:3000/_next/static/css/app/layout.css?v=1775471569683 was preloaded using link preload but not used within a few seconds from the window's load event. Please make sure it has an appropriate `as` value and it is preloaded intentionally. @ http://localhost:3000/presentations/editor?id=pres-1775471431101-sgdeti:0
[  487127ms] [WARNING] The resource http://localhost:3000/_next/static/css/app/layout.css?v=1775471755665 was preloaded using link preload but not used within a few seconds from the window's load event. Please make sure it has an appropriate `as` value and it is preloaded intentionally. @ http://localhost:3000/presentations/editor?id=pres-1775471431101-sgdeti:0
[  487127ms] [WARNING] The resource http://localhost:3000/_next/static/css/app/layout.css?v=1775471482901 was preloaded using link preload but not used within a few seconds from the window's load event. Please make sure it has an appropriate `as` value and it is preloaded intentionally. @ http://localhost:3000/presentations/editor?id=pres-1775471431101-sgdeti:0
[  487127ms] [WARNING] The resource http://localhost:3000/_next/static/css/app/layout.css?v=1775471529283 was preloaded using link preload but not used within a few seconds from the window's load event. Please make sure it has an appropriate `as` value and it is preloaded intentionally. @ http://localhost:3000/presentations/editor?id=pres-1775471431101-sgdeti:0
[  487127ms] [WARNING] The resource http://localhost:3000/_next/static/css/app/layout.css?v=1775471606482 was preloaded using link preload but not used within a few seconds from the window's load event. Please make sure it has an appropriate `as` value and it is preloaded intentionally. @ http://localhost:3000/presentations/editor?id=pres-1775471431101-sgdeti:0
[  487127ms] [WARNING] The resource http://localhost:3000/_next/static/css/app/layout.css?v=1775471474945 was preloaded using link preload but not used within a few seconds from the window's load event. Please make sure it has an appropriate `as` value and it is preloaded intentionally. @ http://localhost:3000/presentations/editor?id=pres-1775471431101-sgdeti:0
[  487127ms] [WARNING] The resource http://localhost:3000/_next/static/css/app/layout.css?v=1775471495122 was preloaded using link preload but not used within a few seconds from the window's load event. Please make sure it has an appropriate `as` value and it is preloaded intentionally. @ http://localhost:3000/presentations/editor?id=pres-1775471431101-sgdeti:0
[  487127ms] [WARNING] The resource http://localhost:3000/_next/static/css/app/layout.css?v=1775471813613 was preloaded using link preload but not used within a few seconds from the window's load event. Please make sure it has an appropriate `as` value and it is preloaded intentionally. @ http://localhost:3000/presentations/editor?id=pres-1775471431101-sgdeti:0
[  487127ms] [WARNING] The resource http://localhost:3000/_next/static/css/app/layout.css?v=1775471809674 was preloaded using link preload but not used within a few seconds from the window's load event. Please make sure it has an appropriate `as` value and it is preloaded intentionally. @ http://localhost:3000/presentations/editor?id=pres-1775471431101-sgdeti:0
[  487127ms] [WARNING] The resource http://localhost:3000/_next/static/css/app/layout.css?v=1775471754401 was preloaded using link preload but not used within a few seconds from the window's load event. Please make sure it has an appropriate `as` value and it is preloaded intentionally. @ http://localhost:3000/presentations/editor?id=pres-1775471431101-sgdeti:0
[  487127ms] [WARNING] The resource http://localhost:3000/_next/static/css/app/layout.css?v=1775471799125 was preloaded using link preload but not used within a few seconds from the window's load event. Please make sure it has an appropriate `as` value and it is preloaded intentionally. @ http://localhost:3000/presentations/editor?id=pres-1775471431101-sgdeti:0
[  487127ms] [WARNING] The resource http://localhost:3000/_next/static/css/app/layout.css?v=1775471619143 was preloaded using link preload but not used within a few seconds from the window's load event. Please make sure it has an appropriate `as` value and it is preloaded intentionally. @ http://localhost:3000/presentations/editor?id=pres-1775471431101-sgdeti:0
[  487127ms] [WARNING] The resource http://localhost:3000/_next/static/css/app/layout.css?v=1775471856135 was preloaded using link preload but not used within a few seconds from the window's load event. Please make sure it has an appropriate `as` value and it is preloaded intentionally. @ http://localhost:3000/presentations/editor?id=pres-1775471431101-sgdeti:0
[  487127ms] [WARNING] The resource http://localhost:3000/_next/static/css/app/layout.css?v=1775471905722 was preloaded using link preload but not used within a few seconds from the window's load event. Please make sure it has an appropriate `as` value and it is preloaded intentionally. @ http://localhost:3000/presentations/editor?id=pres-1775471431101-sgdeti:0
[  487127ms] [WARNING] The resource http://localhost:3000/_next/static/css/app/layout.css?v=1775471445631 was preloaded using link preload but not used within a few seconds from the window's load event. Please make sure it has an appropriate `as` value and it is preloaded intentionally. @ http://localhost:3000/presentations/editor?id=pres-1775471431101-sgdeti:0
[  487127ms] [WARNING] The resource http://localhost:3000/_next/static/css/app/layout.css?v=1775471725306 was preloaded using link preload but not used within a few seconds from the window's load event. Please make sure it has an appropriate `as` value and it is preloaded intentionally. @ http://localhost:3000/presentations/editor?id=pres-1775471431101-sgdeti:0
[  487127ms] [WARNING] The resource http://localhost:3000/_next/static/css/app/layout.css?v=1775471578490 was preloaded using link preload but not used within a few seconds from the window's load event. Please make sure it has an appropriate `as` value and it is preloaded intentionally. @ http://localhost:3000/presentations/editor?id=pres-1775471431101-sgdeti:0
[  487127ms] [WARNING] The resource http://localhost:3000/_next/static/css/app/layout.css?v=1775471487467 was preloaded using link preload but not used within a few seconds from the window's load event. Please make sure it has an appropriate `as` value and it is preloaded intentionally. @ http://localhost:3000/presentations/editor?id=pres-1775471431101-sgdeti:0
[  487127ms] [WARNING] The resource http://localhost:3000/_next/static/css/app/layout.css?v=1775471559401 was preloaded using link preload but not used within a few seconds from the window's load event. Please make sure it has an appropriate `as` value and it is preloaded intentionally. @ http://localhost:3000/presentations/editor?id=pres-1775471431101-sgdeti:0
[  487127ms] [WARNING] The resource http://localhost:3000/_next/static/css/app/layout.css?v=1775471670226 was preloaded using link preload but not used within a few seconds from the window's load event. Please make sure it has an appropriate `as` value and it is preloaded intentionally. @ http://localhost:3000/presentations/editor?id=pres-1775471431101-sgdeti:0
[  487127ms] [WARNING] The resource http://localhost:3000/_next/static/css/app/layout.css?v=1775471636864 was preloaded using link preload but not used within a few seconds from the window's load event. Please make sure it has an appropriate `as` value and it is preloaded intentionally. @ http://localhost:3000/presentations/editor?id=pres-1775471431101-sgdeti:0
[  487127ms] [WARNING] The resource http://localhost:3000/_next/static/css/app/layout.css?v=1775471824074 was preloaded using link preload but not used within a few seconds from the window's load event. Please make sure it has an appropriate `as` value and it is preloaded intentionally. @ http://localhost:3000/presentations/editor?id=pres-1775471431101-sgdeti:0
[  487127ms] [WARNING] The resource http://localhost:3000/_next/static/css/app/layout.css?v=1775471500298 was preloaded using link preload but not used within a few seconds from the window's load event. Please make sure it has an appropriate `as` value and it is preloaded intentionally. @ http://localhost:3000/presentations/editor?id=pres-1775471431101-sgdeti:0
[  487127ms] [WARNING] The resource http://localhost:3000/_next/static/css/app/layout.css?v=1775471583841 was preloaded using link preload but not used within a few seconds from the window's load event. Please make sure it has an appropriate `as` value and it is preloaded intentionally. @ http://localhost:3000/presentations/editor?id=pres-1775471431101-sgdeti:0
[  487127ms] [WARNING] The resource http://localhost:3000/_next/static/css/app/layout.css?v=1775471702489 was preloaded using link preload but not used within a few seconds from the window's load event. Please make sure it has an appropriate `as` value and it is preloaded intentionally. @ http://localhost:3000/presentations/editor?id=pres-1775471431101-sgdeti:0
[  487127ms] [WARNING] The resource http://localhost:3000/_next/static/css/app/layout.css?v=1775471830604 was preloaded using link preload but not used within a few seconds from the window's load event. Please make sure it has an appropriate `as` value and it is preloaded intentionally. @ http://localhost:3000/presentations/editor?id=pres-1775471431101-sgdeti:0
[  487128ms] [WARNING] The resource http://localhost:3000/_next/static/css/app/layout.css?v=1775471826738 was preloaded using link preload but not used within a few seconds from the window's load event. Please make sure it has an appropriate `as` value and it is preloaded intentionally. @ http://localhost:3000/presentations/editor?id=pres-1775471431101-sgdeti:0
[  487128ms] [WARNING] The resource http://localhost:3000/_next/static/css/app/layout.css?v=1775471862156 was preloaded using link preload but not used within a few seconds from the window's load event. Please make sure it has an appropriate `as` value and it is preloaded intentionally. @ http://localhost:3000/presentations/editor?id=pres-1775471431101-sgdeti:0
[  487128ms] [WARNING] The resource http://localhost:3000/_next/static/css/app/layout.css?v=1775471749872 was preloaded using link preload but not used within a few seconds from the window's load event. Please make sure it has an appropriate `as` value and it is preloaded intentionally. @ http://localhost:3000/presentations/editor?id=pres-1775471431101-sgdeti:0
[  487128ms] [WARNING] The resource http://localhost:3000/_next/static/css/app/layout.css?v=1775471708160 was preloaded using link preload but not used within a few seconds from the window's load event. Please make sure it has an appropriate `as` value and it is preloaded intentionally. @ http://localhost:3000/presentations/editor?id=pres-1775471431101-sgdeti:0
[  487128ms] [WARNING] The resource http://localhost:3000/_next/static/css/app/layout.css?v=1775471870327 was preloaded using link preload but not used within a few seconds from the window's load event. Please make sure it has an appropriate `as` value and it is preloaded intentionally. @ http://localhost:3000/presentations/editor?id=pres-1775471431101-sgdeti:0
[  487128ms] [WARNING] The resource http://localhost:3000/_next/static/css/app/layout.css?v=1775471833063 was preloaded using link preload but not used within a few seconds from the window's load event. Please make sure it has an appropriate `as` value and it is preloaded intentionally. @ http://localhost:3000/presentations/editor?id=pres-1775471431101-sgdeti:0
[  487128ms] [WARNING] The resource http://localhost:3000/_next/static/css/app/layout.css?v=1775471468738 was preloaded using link preload but not used within a few seconds from the window's load event. Please make sure it has an appropriate `as` value and it is preloaded intentionally. @ http://localhost:3000/presentations/editor?id=pres-1775471431101-sgdeti:0
[  487128ms] [WARNING] The resource http://localhost:3000/_next/static/css/app/layout.css?v=1775471462142 was preloaded using link preload but not used within a few seconds from the window's load event. Please make sure it has an appropriate `as` value and it is preloaded intentionally. @ http://localhost:3000/presentations/editor?id=pres-1775471431101-sgdeti:0
[  487128ms] [WARNING] The resource http://localhost:3000/_next/static/css/app/layout.css?v=1775471681967 was preloaded using link preload but not used within a few seconds from the window's load event. Please make sure it has an appropriate `as` value and it is preloaded intentionally. @ http://localhost:3000/presentations/editor?id=pres-1775471431101-sgdeti:0
[  487128ms] [WARNING] The resource http://localhost:3000/_next/static/css/app/layout.css?v=1775471624198 was preloaded using link preload but not used within a few seconds from the window's load event. Please make sure it has an appropriate `as` value and it is preloaded intentionally. @ http://localhost:3000/presentations/editor?id=pres-1775471431101-sgdeti:0
[  487128ms] [WARNING] The resource http://localhost:3000/_next/static/css/app/layout.css?v=1775471829246 was preloaded using link preload but not used within a few seconds from the window's load event. Please make sure it has an appropriate `as` value and it is preloaded intentionally. @ http://localhost:3000/presentations/editor?id=pres-1775471431101-sgdeti:0
[  487128ms] [WARNING] The resource http://localhost:3000/_next/static/css/app/layout.css?v=1775471497168 was preloaded using link preload but not used within a few seconds from the window's load event. Please make sure it has an appropriate `as` value and it is preloaded intentionally. @ http://localhost:3000/presentations/editor?id=pres-1775471431101-sgdeti:0
[  487128ms] [WARNING] The resource http://localhost:3000/_next/static/css/app/layout.css?v=1775471697700 was preloaded using link preload but not used within a few seconds from the window's load event. Please make sure it has an appropriate `as` value and it is preloaded intentionally. @ http://localhost:3000/presentations/editor?id=pres-1775471431101-sgdeti:0
[  487128ms] [WARNING] The resource http://localhost:3000/_next/static/css/app/layout.css?v=1775471712594 was preloaded using link preload but not used within a few seconds from the window's load event. Please make sure it has an appropriate `as` value and it is preloaded intentionally. @ http://localhost:3000/presentations/editor?id=pres-1775471431101-sgdeti:0
[  487128ms] [WARNING] The resource http://localhost:3000/_next/static/css/app/layout.css?v=1775471565783 was preloaded using link preload but not used within a few seconds from the window's load event. Please make sure it has an appropriate `as` value and it is preloaded intentionally. @ http://localhost:3000/presentations/editor?id=pres-1775471431101-sgdeti:0
[  487128ms] [WARNING] The resource http://localhost:3000/_next/static/css/app/layout.css?v=1775471781126 was preloaded using link preload but not used within a few seconds from the window's load event. Please make sure it has an appropriate `as` value and it is preloaded intentionally. @ http://localhost:3000/presentations/editor?id=pres-1775471431101-sgdeti:0
[  487128ms] [WARNING] The resource http://localhost:3000/_next/static/css/app/layout.css?v=1775471810315 was preloaded using link preload but not used within a few seconds from the window's load event. Please make sure it has an appropriate `as` value and it is preloaded intentionally. @ http://localhost:3000/presentations/editor?id=pres-1775471431101-sgdeti:0
[  487128ms] [WARNING] The resource http://localhost:3000/_next/static/css/app/layout.css?v=1775471756315 was preloaded using link preload but not used within a few seconds from the window's load event. Please make sure it has an appropriate `as` value and it is preloaded intentionally. @ http://localhost:3000/presentations/editor?id=pres-1775471431101-sgdeti:0
[  487128ms] [WARNING] The resource http://localhost:3000/_next/static/css/app/layout.css?v=1775471523358 was preloaded using link preload but not used within a few seconds from the window's load event. Please make sure it has an appropriate `as` value and it is preloaded intentionally. @ http://localhost:3000/presentations/editor?id=pres-1775471431101-sgdeti:0
[  487128ms] [WARNING] The resource http://localhost:3000/_next/static/css/app/layout.css?v=1775471609707 was preloaded using link preload but not used within a few seconds from the window's load event. Please make sure it has an appropriate `as` value and it is preloaded intentionally. @ http://localhost:3000/presentations/editor?id=pres-1775471431101-sgdeti:0
[  487128ms] [WARNING] The resource http://localhost:3000/_next/static/css/app/layout.css?v=1775471638204 was preloaded using link preload but not used within a few seconds from the window's load event. Please make sure it has an appropriate `as` value and it is preloaded intentionally. @ http://localhost:3000/presentations/editor?id=pres-1775471431101-sgdeti:0
[  487128ms] [WARNING] The resource http://localhost:3000/_next/static/css/app/layout.css?v=1775471449521 was preloaded using link preload but not used within a few seconds from the window's load event. Please make sure it has an appropriate `as` value and it is preloaded intentionally. @ http://localhost:3000/presentations/editor?id=pres-1775471431101-sgdeti:0
[  487128ms] [WARNING] The resource http://localhost:3000/_next/static/css/app/layout.css?v=1775471808245 was preloaded using link preload but not used within a few seconds from the window's load event. Please make sure it has an appropriate `as` value and it is preloaded intentionally. @ http://localhost:3000/presentations/editor?id=pres-1775471431101-sgdeti:0
[  487128ms] [WARNING] The resource http://localhost:3000/_next/static/css/app/layout.css?v=1775471824712 was preloaded using link preload but not used within a few seconds from the window's load event. Please make sure it has an appropriate `as` value and it is preloaded intentionally. @ http://localhost:3000/presentations/editor?id=pres-1775471431101-sgdeti:0
[  487128ms] [WARNING] The resource http://localhost:3000/_next/static/css/app/layout.css?v=1775471672201 was preloaded using link preload but not used within a few seconds from the window's load event. Please make sure it has an appropriate `as` value and it is preloaded intentionally. @ http://localhost:3000/presentations/editor?id=pres-1775471431101-sgdeti:0
[  487128ms] [WARNING] The resource http://localhost:3000/_next/static/css/app/layout.css?v=1775471776052 was preloaded using link preload but not used within a few seconds from the window's load event. Please make sure it has an appropriate `as` value and it is preloaded intentionally. @ http://localhost:3000/presentations/editor?id=pres-1775471431101-sgdeti:0
[  487128ms] [WARNING] The resource http://localhost:3000/_next/static/css/app/layout.css?v=1775471795333 was preloaded using link preload but not used within a few seconds from the window's load event. Please make sure it has an appropriate `as` value and it is preloaded intentionally. @ http://localhost:3000/presentations/editor?id=pres-1775471431101-sgdeti:0
[  487128ms] [WARNING] The resource http://localhost:3000/_next/static/css/app/layout.css?v=1775471833693 was preloaded using link preload but not used within a few seconds from the window's load event. Please make sure it has an appropriate `as` value and it is preloaded intentionally. @ http://localhost:3000/presentations/editor?id=pres-1775471431101-sgdeti:0
[  487128ms] [WARNING] The resource http://localhost:3000/_next/static/css/app/layout.css?v=1775471834360 was preloaded using link preload but not used within a few seconds from the window's load event. Please make sure it has an appropriate `as` value and it is preloaded intentionally. @ http://localhost:3000/presentations/editor?id=pres-1775471431101-sgdeti:0
[  487128ms] [WARNING] The resource http://localhost:3000/_next/static/css/app/layout.css?v=1775471484174 was preloaded using link preload but not used within a few seconds from the window's load event. Please make sure it has an appropriate `as` value and it is preloaded intentionally. @ http://localhost:3000/presentations/editor?id=pres-1775471431101-sgdeti:0
[  487128ms] [WARNING] The resource http://localhost:3000/_next/static/css/app/layout.css?v=1775471804359 was preloaded using link preload but not used within a few seconds from the window's load event. Please make sure it has an appropriate `as` value and it is preloaded intentionally. @ http://localhost:3000/presentations/editor?id=pres-1775471431101-sgdeti:0
[  487128ms] [WARNING] The resource http://localhost:3000/_next/static/css/app/layout.css?v=1775471575982 was preloaded using link preload but not used within a few seconds from the window's load event. Please make sure it has an appropriate `as` value and it is preloaded intentionally. @ http://localhost:3000/presentations/editor?id=pres-1775471431101-sgdeti:0
[  487128ms] [WARNING] The resource http://localhost:3000/_next/static/css/app/layout.css?v=1775471433620 was preloaded using link preload but not used within a few seconds from the window's load event. Please make sure it has an appropriate `as` value and it is preloaded intentionally. @ http://localhost:3000/presentations/editor?id=pres-1775471431101-sgdeti:0
[  487128ms] [WARNING] The resource http://localhost:3000/_next/static/css/app/layout.css?v=1775471727835 was preloaded using link preload but not used within a few seconds from the window's load event. Please make sure it has an appropriate `as` value and it is preloaded intentionally. @ http://localhost:3000/presentations/editor?id=pres-1775471431101-sgdeti:0
[  487128ms] [WARNING] The resource http://localhost:3000/_next/static/css/app/layout.css?v=1775471676245 was preloaded using link preload but not used within a few seconds from the window's load event. Please make sure it has an appropriate `as` value and it is preloaded intentionally. @ http://localhost:3000/presentations/editor?id=pres-1775471431101-sgdeti:0
[  487128ms] [WARNING] The resource http://localhost:3000/_next/static/css/app/layout.css?v=1775471654484 was preloaded using link preload but not used within a few seconds from the window's load event. Please make sure it has an appropriate `as` value and it is preloaded intentionally. @ http://localhost:3000/presentations/editor?id=pres-1775471431101-sgdeti:0
[  487128ms] [WARNING] The resource http://localhost:3000/_next/static/css/app/layout.css?v=1775471610925 was preloaded using link preload but not used within a few seconds from the window's load event. Please make sure it has an appropriate `as` value and it is preloaded intentionally. @ http://localhost:3000/presentations/editor?id=pres-1775471431101-sgdeti:0
[  487128ms] [WARNING] The resource http://localhost:3000/_next/static/css/app/layout.css?v=1775471552246 was preloaded using link preload but not used within a few seconds from the window's load event. Please make sure it has an appropriate `as` value and it is preloaded intentionally. @ http://localhost:3000/presentations/editor?id=pres-1775471431101-sgdeti:0
[  487128ms] [WARNING] The resource http://localhost:3000/_next/static/css/app/layout.css?v=1775471476315 was preloaded using link preload but not used within a few seconds from the window's load event. Please make sure it has an appropriate `as` value and it is preloaded intentionally. @ http://localhost:3000/presentations/editor?id=pres-1775471431101-sgdeti:0
[  487128ms] [WARNING] The resource http://localhost:3000/_next/static/css/app/layout.css?v=1775471721509 was preloaded using link preload but not used within a few seconds from the window's load event. Please make sure it has an appropriate `as` value and it is preloaded intentionally. @ http://localhost:3000/presentations/editor?id=pres-1775471431101-sgdeti:0
[  487128ms] [WARNING] The resource http://localhost:3000/_next/static/css/app/layout.css?v=1775471838547 was preloaded using link preload but not used within a few seconds from the window's load event. Please make sure it has an appropriate `as` value and it is preloaded intentionally. @ http://localhost:3000/presentations/editor?id=pres-1775471431101-sgdeti:0
[  487128ms] [WARNING] The resource http://localhost:3000/_next/static/css/app/layout.css?v=1775471693234 was preloaded using link preload but not used within a few seconds from the window's load event. Please make sure it has an appropriate `as` value and it is preloaded intentionally. @ http://localhost:3000/presentations/editor?id=pres-1775471431101-sgdeti:0
[  487128ms] [WARNING] The resource http://localhost:3000/_next/static/css/app/layout.css?v=1775471649294 was preloaded using link preload but not used within a few seconds from the window's load event. Please make sure it has an appropriate `as` value and it is preloaded intentionally. @ http://localhost:3000/presentations/editor?id=pres-1775471431101-sgdeti:0
[  487128ms] [WARNING] The resource http://localhost:3000/_next/static/css/app/layout.css?v=1775471572764 was preloaded using link preload but not used within a few seconds from the window's load event. Please make sure it has an appropriate `as` value and it is preloaded intentionally. @ http://localhost:3000/presentations/editor?id=pres-1775471431101-sgdeti:0
[  487128ms] [WARNING] The resource http://localhost:3000/_next/static/css/app/layout.css?v=1775471625416 was preloaded using link preload but not used within a few seconds from the window's load event. Please make sure it has an appropriate `as` value and it is preloaded intentionally. @ http://localhost:3000/presentations/editor?id=pres-1775471431101-sgdeti:0
[  487128ms] [WARNING] The resource http://localhost:3000/_next/static/css/app/layout.css?v=1775471790854 was preloaded using link preload but not used within a few seconds from the window's load event. Please make sure it has an appropriate `as` value and it is preloaded intentionally. @ http://localhost:3000/presentations/editor?id=pres-1775471431101-sgdeti:0
[  487128ms] [WARNING] The resource http://localhost:3000/_next/static/css/app/layout.css?v=1775471579251 was preloaded using link preload but not used within a few seconds from the window's load event. Please make sure it has an appropriate `as` value and it is preloaded intentionally. @ http://localhost:3000/presentations/editor?id=pres-1775471431101-sgdeti:0
[  487128ms] [WARNING] The resource http://localhost:3000/_next/static/css/app/layout.css?v=1775471629296 was preloaded using link preload but not used within a few seconds from the window's load event. Please make sure it has an appropriate `as` value and it is preloaded intentionally. @ http://localhost:3000/presentations/editor?id=pres-1775471431101-sgdeti:0
[  487128ms] [WARNING] The resource http://localhost:3000/_next/static/css/app/layout.css?v=1775471786958 was preloaded using link preload but not used within a few seconds from the window's load event. Please make sure it has an appropriate `as` value and it is preloaded intentionally. @ http://localhost:3000/presentations/editor?id=pres-1775471431101-sgdeti:0
[  487128ms] [WARNING] The resource http://localhost:3000/_next/static/css/app/layout.css?v=1775471758854 was preloaded using link preload but not used within a few seconds from the window's load event. Please make sure it has an appropriate `as` value and it is preloaded intentionally. @ http://localhost:3000/presentations/editor?id=pres-1775471431101-sgdeti:0
[  487128ms] [WARNING] The resource http://localhost:3000/_next/static/css/app/layout.css?v=1775471629906 was preloaded using link preload but not used within a few seconds from the window's load event. Please make sure it has an appropriate `as` value and it is preloaded intentionally. @ http://localhost:3000/presentations/editor?id=pres-1775471431101-sgdeti:0
[  487128ms] [WARNING] The resource http://localhost:3000/_next/static/css/app/layout.css?v=1775471757548 was preloaded using link preload but not used within a few seconds from the window's load event. Please make sure it has an appropriate `as` value and it is preloaded intentionally. @ http://localhost:3000/presentations/editor?id=pres-1775471431101-sgdeti:0
[  487128ms] [WARNING] The resource http://localhost:3000/_next/static/css/app/layout.css?v=1775471465317 was preloaded using link preload but not used within a few seconds from the window's load event. Please make sure it has an appropriate `as` value and it is preloaded intentionally. @ http://localhost:3000/presentations/editor?id=pres-1775471431101-sgdeti:0
[  487128ms] [WARNING] The resource http://localhost:3000/_next/static/css/app/layout.css?v=1775471738210 was preloaded using link preload but not used within a few seconds from the window's load event. Please make sure it has an appropriate `as` value and it is preloaded intentionally. @ http://localhost:3000/presentations/editor?id=pres-1775471431101-sgdeti:0
[  487128ms] [WARNING] The resource http://localhost:3000/_next/static/css/app/layout.css?v=1775471821517 was preloaded using link preload but not used within a few seconds from the window's load event. Please make sure it has an appropriate `as` value and it is preloaded intentionally. @ http://localhost:3000/presentations/editor?id=pres-1775471431101-sgdeti:0
[  487128ms] [WARNING] The resource http://localhost:3000/_next/static/css/app/layout.css?v=1775471778268 was preloaded using link preload but not used within a few seconds from the window's load event. Please make sure it has an appropriate `as` value and it is preloaded intentionally. @ http://localhost:3000/presentations/editor?id=pres-1775471431101-sgdeti:0
[  487128ms] [WARNING] The resource http://localhost:3000/_next/static/css/app/layout.css?v=1775471500405 was preloaded using link preload but not used within a few seconds from the window's load event. Please make sure it has an appropriate `as` value and it is preloaded intentionally. @ http://localhost:3000/presentations/editor?id=pres-1775471431101-sgdeti:0
[  487128ms] [WARNING] The resource http://localhost:3000/_next/static/css/app/layout.css?v=1775471704203 was preloaded using link preload but not used within a few seconds from the window's load event. Please make sure it has an appropriate `as` value and it is preloaded intentionally. @ http://localhost:3000/presentations/editor?id=pres-1775471431101-sgdeti:0
[  487128ms] [WARNING] The resource http://localhost:3000/_next/static/css/app/layout.css?v=1775471613514 was preloaded using link preload but not used within a few seconds from the window's load event. Please make sure it has an appropriate `as` value and it is preloaded intentionally. @ http://localhost:3000/presentations/editor?id=pres-1775471431101-sgdeti:0
[  487128ms] [WARNING] The resource http://localhost:3000/_next/static/css/app/layout.css?v=1775471858117 was preloaded using link preload but not used within a few seconds from the window's load event. Please make sure it has an appropriate `as` value and it is preloaded intentionally. @ http://localhost:3000/presentations/editor?id=pres-1775471431101-sgdeti:0
[  487128ms] [WARNING] The resource http://localhost:3000/_next/static/css/app/layout.css?v=1775471598988 was preloaded using link preload but not used within a few seconds from the window's load event. Please make sure it has an appropriate `as` value and it is preloaded intentionally. @ http://localhost:3000/presentations/editor?id=pres-1775471431101-sgdeti:0
[  487128ms] [WARNING] The resource http://localhost:3000/_next/static/css/app/layout.css?v=1775471768091 was preloaded using link preload but not used within a few seconds from the window's load event. Please make sure it has an appropriate `as` value and it is preloaded intentionally. @ http://localhost:3000/presentations/editor?id=pres-1775471431101-sgdeti:0
[  487128ms] [WARNING] The resource http://localhost:3000/_next/static/css/app/layout.css?v=1775471853650 was preloaded using link preload but not used within a few seconds from the window's load event. Please make sure it has an appropriate `as` value and it is preloaded intentionally. @ http://localhost:3000/presentations/editor?id=pres-1775471431101-sgdeti:0
[  487128ms] [WARNING] The resource http://localhost:3000/_next/static/css/app/layout.css?v=1775471651160 was preloaded using link preload but not used within a few seconds from the window's load event. Please make sure it has an appropriate `as` value and it is preloaded intentionally. @ http://localhost:3000/presentations/editor?id=pres-1775471431101-sgdeti:0
[  487128ms] [WARNING] The resource http://localhost:3000/_next/static/css/app/layout.css?v=1775471445012 was preloaded using link preload but not used within a few seconds from the window's load event. Please make sure it has an appropriate `as` value and it is preloaded intentionally. @ http://localhost:3000/presentations/editor?id=pres-1775471431101-sgdeti:0
[  487128ms] [WARNING] The resource http://localhost:3000/_next/static/css/app/layout.css?v=1775471897787 was preloaded using link preload but not used within a few seconds from the window's load event. Please make sure it has an appropriate `as` value and it is preloaded intentionally. @ http://localhost:3000/presentations/editor?id=pres-1775471431101-sgdeti:0
[  487128ms] [WARNING] The resource http://localhost:3000/_next/static/css/app/layout.css?v=1775471654366 was preloaded using link preload but not used within a few seconds from the window's load event. Please make sure it has an appropriate `as` value and it is preloaded intentionally. @ http://localhost:3000/presentations/editor?id=pres-1775471431101-sgdeti:0
[  487128ms] [WARNING] The resource http://localhost:3000/_next/static/css/app/layout.css?v=1775471773862 was preloaded using link preload but not used within a few seconds from the window's load event. Please make sure it has an appropriate `as` value and it is preloaded intentionally. @ http://localhost:3000/presentations/editor?id=pres-1775471431101-sgdeti:0
[  487128ms] [WARNING] The resource http://localhost:3000/_next/static/css/app/layout.css?v=1775471477587 was preloaded using link preload but not used within a few seconds from the window's load event. Please make sure it has an appropriate `as` value and it is preloaded intentionally. @ http://localhost:3000/presentations/editor?id=pres-1775471431101-sgdeti:0
[  487128ms] [WARNING] The resource http://localhost:3000/_next/static/css/app/layout.css?v=1775471560698 was preloaded using link preload but not used within a few seconds from the window's load event. Please make sure it has an appropriate `as` value and it is preloaded intentionally. @ http://localhost:3000/presentations/editor?id=pres-1775471431101-sgdeti:0
[  487128ms] [WARNING] The resource http://localhost:3000/_next/static/css/app/layout.css?v=1775471499648 was preloaded using link preload but not used within a few seconds from the window's load event. Please make sure it has an appropriate `as` value and it is preloaded intentionally. @ http://localhost:3000/presentations/editor?id=pres-1775471431101-sgdeti:0
[  487128ms] [WARNING] The resource http://localhost:3000/_next/static/css/app/layout.css?v=1775471836380 was preloaded using link preload but not used within a few seconds from the window's load event. Please make sure it has an appropriate `as` value and it is preloaded intentionally. @ http://localhost:3000/presentations/editor?id=pres-1775471431101-sgdeti:0
[  487129ms] [WARNING] The resource http://localhost:3000/_next/static/css/app/layout.css?v=1775471628041 was preloaded using link preload but not used within a few seconds from the window's load event. Please make sure it has an appropriate `as` value and it is preloaded intentionally. @ http://localhost:3000/presentations/editor?id=pres-1775471431101-sgdeti:0
[  487129ms] [WARNING] The resource http://localhost:3000/_next/static/css/app/layout.css?v=1775471533142 was preloaded using link preload but not used within a few seconds from the window's load event. Please make sure it has an appropriate `as` value and it is preloaded intentionally. @ http://localhost:3000/presentations/editor?id=pres-1775471431101-sgdeti:0
[  487129ms] [WARNING] The resource http://localhost:3000/_next/static/css/app/layout.css?v=1775471623557 was preloaded using link preload but not used within a few seconds from the window's load event. Please make sure it has an appropriate `as` value and it is preloaded intentionally. @ http://localhost:3000/presentations/editor?id=pres-1775471431101-sgdeti:0
[  487129ms] [WARNING] The resource http://localhost:3000/_next/static/css/app/layout.css?v=1775471454167 was preloaded using link preload but not used within a few seconds from the window's load event. Please make sure it has an appropriate `as` value and it is preloaded intentionally. @ http://localhost:3000/presentations/editor?id=pres-1775471431101-sgdeti:0
[  487129ms] [WARNING] The resource http://localhost:3000/_next/static/css/app/layout.css?v=1775471447642 was preloaded using link preload but not used within a few seconds from the window's load event. Please make sure it has an appropriate `as` value and it is preloaded intentionally. @ http://localhost:3000/presentations/editor?id=pres-1775471431101-sgdeti:0
[  487129ms] [WARNING] The resource http://localhost:3000/_next/static/css/app/layout.css?v=1775471555473 was preloaded using link preload but not used within a few seconds from the window's load event. Please make sure it has an appropriate `as` value and it is preloaded intentionally. @ http://localhost:3000/presentations/editor?id=pres-1775471431101-sgdeti:0
[  487129ms] [WARNING] The resource http://localhost:3000/_next/static/css/app/layout.css?v=1775471547811 was preloaded using link preload but not used within a few seconds from the window's load event. Please make sure it has an appropriate `as` value and it is preloaded intentionally. @ http://localhost:3000/presentations/editor?id=pres-1775471431101-sgdeti:0
[  487129ms] [WARNING] The resource http://localhost:3000/_next/static/css/app/layout.css?v=1775471730521 was preloaded using link preload but not used within a few seconds from the window's load event. Please make sure it has an appropriate `as` value and it is preloaded intentionally. @ http://localhost:3000/presentations/editor?id=pres-1775471431101-sgdeti:0
[  487129ms] [WARNING] The resource http://localhost:3000/_next/static/css/app/layout.css?v=1775471893502 was preloaded using link preload but not used within a few seconds from the window's load event. Please make sure it has an appropriate `as` value and it is preloaded intentionally. @ http://localhost:3000/presentations/editor?id=pres-1775471431101-sgdeti:0
[  487129ms] [WARNING] The resource http://localhost:3000/_next/static/css/app/layout.css?v=1775471439136 was preloaded using link preload but not used within a few seconds from the window's load event. Please make sure it has an appropriate `as` value and it is preloaded intentionally. @ http://localhost:3000/presentations/editor?id=pres-1775471431101-sgdeti:0
[  487129ms] [WARNING] The resource http://localhost:3000/_next/static/css/app/layout.css?v=1775471876651 was preloaded using link preload but not used within a few seconds from the window's load event. Please make sure it has an appropriate `as` value and it is preloaded intentionally. @ http://localhost:3000/presentations/editor?id=pres-1775471431101-sgdeti:0
[  487129ms] [WARNING] The resource http://localhost:3000/_next/static/css/app/layout.css?v=1775471565175 was preloaded using link preload but not used within a few seconds from the window's load event. Please make sure it has an appropriate `as` value and it is preloaded intentionally. @ http://localhost:3000/presentations/editor?id=pres-1775471431101-sgdeti:0
[  487129ms] [WARNING] The resource http://localhost:3000/_next/static/css/app/layout.css?v=1775471475590 was preloaded using link preload but not used within a few seconds from the window's load event. Please make sure it has an appropriate `as` value and it is preloaded intentionally. @ http://localhost:3000/presentations/editor?id=pres-1775471431101-sgdeti:0
[  487129ms] [WARNING] The resource http://localhost:3000/_next/static/css/app/layout.css?v=1775471473067 was preloaded using link preload but not used within a few seconds from the window's load event. Please make sure it has an appropriate `as` value and it is preloaded intentionally. @ http://localhost:3000/presentations/editor?id=pres-1775471431101-sgdeti:0
[  487129ms] [WARNING] The resource http://localhost:3000/_next/static/css/app/layout.css?v=1775471649919 was preloaded using link preload but not used within a few seconds from the window's load event. Please make sure it has an appropriate `as` value and it is preloaded intentionally. @ http://localhost:3000/presentations/editor?id=pres-1775471431101-sgdeti:0
[  487129ms] [WARNING] The resource http://localhost:3000/_next/static/css/app/layout.css?v=1775471691377 was preloaded using link preload but not used within a few seconds from the window's load event. Please make sure it has an appropriate `as` value and it is preloaded intentionally. @ http://localhost:3000/presentations/editor?id=pres-1775471431101-sgdeti:0
[  487129ms] [WARNING] The resource http://localhost:3000/_next/static/css/app/layout.css?v=1775471699552 was preloaded using link preload but not used within a few seconds from the window's load event. Please make sure it has an appropriate `as` value and it is preloaded intentionally. @ http://localhost:3000/presentations/editor?id=pres-1775471431101-sgdeti:0
[  487129ms] [WARNING] The resource http://localhost:3000/_next/static/css/app/layout.css?v=1775471812967 was preloaded using link preload but not used within a few seconds from the window's load event. Please make sure it has an appropriate `as` value and it is preloaded intentionally. @ http://localhost:3000/presentations/editor?id=pres-1775471431101-sgdeti:0
[  487129ms] [WARNING] The resource http://localhost:3000/_next/static/css/app/layout.css?v=1775471678728 was preloaded using link preload but not used within a few seconds from the window's load event. Please make sure it has an appropriate `as` value and it is preloaded intentionally. @ http://localhost:3000/presentations/editor?id=pres-1775471431101-sgdeti:0
[  487129ms] [WARNING] The resource http://localhost:3000/_next/static/css/app/layout.css?v=1775471726592 was preloaded using link preload but not used within a few seconds from the window's load event. Please make sure it has an appropriate `as` value and it is preloaded intentionally. @ http://localhost:3000/presentations/editor?id=pres-1775471431101-sgdeti:0
[  487129ms] [WARNING] The resource http://localhost:3000/_next/static/css/app/layout.css?v=1775471537607 was preloaded using link preload but not used within a few seconds from the window's load event. Please make sure it has an appropriate `as` value and it is preloaded intentionally. @ http://localhost:3000/presentations/editor?id=pres-1775471431101-sgdeti:0
[  487129ms] [WARNING] The resource http://localhost:3000/_next/static/css/app/layout.css?v=1775471849910 was preloaded using link preload but not used within a few seconds from the window's load event. Please make sure it has an appropriate `as` value and it is preloaded intentionally. @ http://localhost:3000/presentations/editor?id=pres-1775471431101-sgdeti:0
[  487129ms] [WARNING] The resource http://localhost:3000/_next/static/css/app/layout.css?v=1775471441150 was preloaded using link preload but not used within a few seconds from the window's load event. Please make sure it has an appropriate `as` value and it is preloaded intentionally. @ http://localhost:3000/presentations/editor?id=pres-1775471431101-sgdeti:0
[  487129ms] [WARNING] The resource http://localhost:3000/_next/static/css/app/layout.css?v=1775471704833 was preloaded using link preload but not used within a few seconds from the window's load event. Please make sure it has an appropriate `as` value and it is preloaded intentionally. @ http://localhost:3000/presentations/editor?id=pres-1775471431101-sgdeti:0
[  487129ms] [WARNING] The resource http://localhost:3000/_next/static/css/app/layout.css?v=1775471732430 was preloaded using link preload but not used within a few seconds from the window's load event. Please make sure it has an appropriate `as` value and it is preloaded intentionally. @ http://localhost:3000/presentations/editor?id=pres-1775471431101-sgdeti:0
[  487129ms] [WARNING] The resource http://localhost:3000/_next/static/css/app/layout.css?v=1775471508542 was preloaded using link preload but not used within a few seconds from the window's load event. Please make sure it has an appropriate `as` value and it is preloaded intentionally. @ http://localhost:3000/presentations/editor?id=pres-1775471431101-sgdeti:0
[  487129ms] [WARNING] The resource http://localhost:3000/_next/static/css/app/layout.css?v=1775471579886 was preloaded using link preload but not used within a few seconds from the window's load event. Please make sure it has an appropriate `as` value and it is preloaded intentionally. @ http://localhost:3000/presentations/editor?id=pres-1775471431101-sgdeti:0
[  487129ms] [WARNING] The resource http://localhost:3000/_next/static/css/app/layout.css?v=1775471837436 was preloaded using link preload but not used within a few seconds from the window's load event. Please make sure it has an appropriate `as` value and it is preloaded intentionally. @ http://localhost:3000/presentations/editor?id=pres-1775471431101-sgdeti:0
[  487129ms] [WARNING] The resource http://localhost:3000/_next/static/css/app/layout.css?v=1775471789508 was preloaded using link preload but not used within a few seconds from the window's load event. Please make sure it has an appropriate `as` value and it is preloaded intentionally. @ http://localhost:3000/presentations/editor?id=pres-1775471431101-sgdeti:0
[  487129ms] [WARNING] The resource http://localhost:3000/_next/static/css/app/layout.css?v=1775471585099 was preloaded using link preload but not used within a few seconds from the window's load event. Please make sure it has an appropriate `as` value and it is preloaded intentionally. @ http://localhost:3000/presentations/editor?id=pres-1775471431101-sgdeti:0
[  487129ms] [WARNING] The resource http://localhost:3000/_next/static/css/app/layout.css?v=1775471648668 was preloaded using link preload but not used within a few seconds from the window's load event. Please make sure it has an appropriate `as` value and it is preloaded intentionally. @ http://localhost:3000/presentations/editor?id=pres-1775471431101-sgdeti:0
[  487129ms] [WARNING] The resource http://localhost:3000/_next/static/css/app/layout.css?v=1775471774988 was preloaded using link preload but not used within a few seconds from the window's load event. Please make sure it has an appropriate `as` value and it is preloaded intentionally. @ http://localhost:3000/presentations/editor?id=pres-1775471431101-sgdeti:0
[  487129ms] [WARNING] The resource http://localhost:3000/_next/static/css/app/layout.css?v=1775471573422 was preloaded using link preload but not used within a few seconds from the window's load event. Please make sure it has an appropriate `as` value and it is preloaded intentionally. @ http://localhost:3000/presentations/editor?id=pres-1775471431101-sgdeti:0
[  487129ms] [WARNING] The resource http://localhost:3000/_next/static/css/app/layout.css?v=1775471557284 was preloaded using link preload but not used within a few seconds from the window's load event. Please make sure it has an appropriate `as` value and it is preloaded intentionally. @ http://localhost:3000/presentations/editor?id=pres-1775471431101-sgdeti:0
[  487129ms] [WARNING] The resource http://localhost:3000/_next/static/css/app/layout.css?v=1775471668987 was preloaded using link preload but not used within a few seconds from the window's load event. Please make sure it has an appropriate `as` value and it is preloaded intentionally. @ http://localhost:3000/presentations/editor?id=pres-1775471431101-sgdeti:0
[  487129ms] [WARNING] The resource http://localhost:3000/_next/static/css/app/layout.css?v=1775471504179 was preloaded using link preload but not used within a few seconds from the window's load event. Please make sure it has an appropriate `as` value and it is preloaded intentionally. @ http://localhost:3000/presentations/editor?id=pres-1775471431101-sgdeti:0
[  487129ms] [WARNING] The resource http://localhost:3000/_next/static/css/app/layout.css?v=1775471719542 was preloaded using link preload but not used within a few seconds from the window's load event. Please make sure it has an appropriate `as` value and it is preloaded intentionally. @ http://localhost:3000/presentations/editor?id=pres-1775471431101-sgdeti:0
[  487129ms] [WARNING] The resource http://localhost:3000/_next/static/css/app/layout.css?v=1775471852428 was preloaded using link preload but not used within a few seconds from the window's load event. Please make sure it has an appropriate `as` value and it is preloaded intentionally. @ http://localhost:3000/presentations/editor?id=pres-1775471431101-sgdeti:0
[  487129ms] [WARNING] The resource http://localhost:3000/_next/static/css/app/layout.css?v=1775471610322 was preloaded using link preload but not used within a few seconds from the window's load event. Please make sure it has an appropriate `as` value and it is preloaded intentionally. @ http://localhost:3000/presentations/editor?id=pres-1775471431101-sgdeti:0
[  487129ms] [WARNING] The resource http://localhost:3000/_next/static/css/app/layout.css?v=1775471690074 was preloaded using link preload but not used within a few seconds from the window's load event. Please make sure it has an appropriate `as` value and it is preloaded intentionally. @ http://localhost:3000/presentations/editor?id=pres-1775471431101-sgdeti:0
[  487129ms] [WARNING] The resource http://localhost:3000/_next/static/css/app/layout.css?v=1775471718303 was preloaded using link preload but not used within a few seconds from the window's load event. Please make sure it has an appropriate `as` value and it is preloaded intentionally. @ http://localhost:3000/presentations/editor?id=pres-1775471431101-sgdeti:0
[  487129ms] [WARNING] The resource http://localhost:3000/_next/static/css/app/layout.css?v=1775471607734 was preloaded using link preload but not used within a few seconds from the window's load event. Please make sure it has an appropriate `as` value and it is preloaded intentionally. @ http://localhost:3000/presentations/editor?id=pres-1775471431101-sgdeti:0
[  487129ms] [WARNING] The resource http://localhost:3000/_next/static/css/app/layout.css?v=1775471447008 was preloaded using link preload but not used within a few seconds from the window's load event. Please make sure it has an appropriate `as` value and it is preloaded intentionally. @ http://localhost:3000/presentations/editor?id=pres-1775471431101-sgdeti:0
[  487129ms] [WARNING] The resource http://localhost:3000/_next/static/css/app/layout.css?v=1775471452205 was preloaded using link preload but not used within a few seconds from the window's load event. Please make sure it has an appropriate `as` value and it is preloaded intentionally. @ http://localhost:3000/presentations/editor?id=pres-1775471431101-sgdeti:0
[  487129ms] [WARNING] The resource http://localhost:3000/_next/static/css/app/layout.css?v=1775471724627 was preloaded using link preload but not used within a few seconds from the window's load event. Please make sure it has an appropriate `as` value and it is preloaded intentionally. @ http://localhost:3000/presentations/editor?id=pres-1775471431101-sgdeti:0
[  487129ms] [WARNING] The resource http://localhost:3000/_next/static/css/app/layout.css?v=1775471864153 was preloaded using link preload but not used within a few seconds from the window's load event. Please make sure it has an appropriate `as` value and it is preloaded intentionally. @ http://localhost:3000/presentations/editor?id=pres-1775471431101-sgdeti:0
[  487129ms] [WARNING] The resource http://localhost:3000/_next/static/css/app/layout.css?v=1775471635602 was preloaded using link preload but not used within a few seconds from the window's load event. Please make sure it has an appropriate `as` value and it is preloaded intentionally. @ http://localhost:3000/presentations/editor?id=pres-1775471431101-sgdeti:0
[  487129ms] [WARNING] The resource http://localhost:3000/_next/static/css/app/layout.css?v=1775471733686 was preloaded using link preload but not used within a few seconds from the window's load event. Please make sure it has an appropriate `as` value and it is preloaded intentionally. @ http://localhost:3000/presentations/editor?id=pres-1775471431101-sgdeti:0
[  487129ms] [WARNING] The resource http://localhost:3000/_next/static/css/app/layout.css?v=1775471717696 was preloaded using link preload but not used within a few seconds from the window's load event. Please make sure it has an appropriate `as` value and it is preloaded intentionally. @ http://localhost:3000/presentations/editor?id=pres-1775471431101-sgdeti:0
[  487129ms] [WARNING] The resource http://localhost:3000/_next/static/css/app/layout.css?v=1775471632544 was preloaded using link preload but not used within a few seconds from the window's load event. Please make sure it has an appropriate `as` value and it is preloaded intentionally. @ http://localhost:3000/presentations/editor?id=pres-1775471431101-sgdeti:0
[  487129ms] [WARNING] The resource http://localhost:3000/_next/static/css/app/layout.css?v=1775471488081 was preloaded using link preload but not used within a few seconds from the window's load event. Please make sure it has an appropriate `as` value and it is preloaded intentionally. @ http://localhost:3000/presentations/editor?id=pres-1775471431101-sgdeti:0
[  487129ms] [WARNING] The resource http://localhost:3000/_next/static/css/app/layout.css?v=1775471655736 was preloaded using link preload but not used within a few seconds from the window's load event. Please make sure it has an appropriate `as` value and it is preloaded intentionally. @ http://localhost:3000/presentations/editor?id=pres-1775471431101-sgdeti:0
[  487129ms] [WARNING] The resource http://localhost:3000/_next/static/css/app/layout.css?v=1775471782362 was preloaded using link preload but not used within a few seconds from the window's load event. Please make sure it has an appropriate `as` value and it is preloaded intentionally. @ http://localhost:3000/presentations/editor?id=pres-1775471431101-sgdeti:0
[  487129ms] [WARNING] The resource http://localhost:3000/_next/static/css/app/layout.css?v=1775471519604 was preloaded using link preload but not used within a few seconds from the window's load event. Please make sure it has an appropriate `as` value and it is preloaded intentionally. @ http://localhost:3000/presentations/editor?id=pres-1775471431101-sgdeti:0
[  487129ms] [WARNING] The resource http://localhost:3000/_next/static/css/app/layout.css?v=1775471570315 was preloaded using link preload but not used within a few seconds from the window's load event. Please make sure it has an appropriate `as` value and it is preloaded intentionally. @ http://localhost:3000/presentations/editor?id=pres-1775471431101-sgdeti:0
[  487130ms] [WARNING] The resource http://localhost:3000/_next/static/css/app/layout.css?v=1775471711373 was preloaded using link preload but not used within a few seconds from the window's load event. Please make sure it has an appropriate `as` value and it is preloaded intentionally. @ http://localhost:3000/presentations/editor?id=pres-1775471431101-sgdeti:0
[  487130ms] [WARNING] The resource http://localhost:3000/_next/static/css/app/layout.css?v=1775471792718 was preloaded using link preload but not used within a few seconds from the window's load event. Please make sure it has an appropriate `as` value and it is preloaded intentionally. @ http://localhost:3000/presentations/editor?id=pres-1775471431101-sgdeti:0
[  487130ms] [WARNING] The resource http://localhost:3000/_next/static/css/app/layout.css?v=1775471662669 was preloaded using link preload but not used within a few seconds from the window's load event. Please make sure it has an appropriate `as` value and it is preloaded intentionally. @ http://localhost:3000/presentations/editor?id=pres-1775471431101-sgdeti:0
[  487130ms] [WARNING] The resource http://localhost:3000/_next/static/css/app/layout.css?v=1775471452801 was preloaded using link preload but not used within a few seconds from the window's load event. Please make sure it has an appropriate `as` value and it is preloaded intentionally. @ http://localhost:3000/presentations/editor?id=pres-1775471431101-sgdeti:0
[  487130ms] [WARNING] The resource http://localhost:3000/_next/static/css/app/layout.css?v=1775471605847 was preloaded using link preload but not used within a few seconds from the window's load event. Please make sure it has an appropriate `as` value and it is preloaded intentionally. @ http://localhost:3000/presentations/editor?id=pres-1775471431101-sgdeti:0
[  487130ms] [WARNING] The resource http://localhost:3000/_next/static/css/app/layout.css?v=1775471831844 was preloaded using link preload but not used within a few seconds from the window's load event. Please make sure it has an appropriate `as` value and it is preloaded intentionally. @ http://localhost:3000/presentations/editor?id=pres-1775471431101-sgdeti:0
[  487130ms] [WARNING] The resource http://localhost:3000/_next/static/css/app/layout.css?v=1775471723964 was preloaded using link preload but not used within a few seconds from the window's load event. Please make sure it has an appropriate `as` value and it is preloaded intentionally. @ http://localhost:3000/presentations/editor?id=pres-1775471431101-sgdeti:0
[  487130ms] [WARNING] The resource http://localhost:3000/_next/static/css/app/layout.css?v=1775471710005 was preloaded using link preload but not used within a few seconds from the window's load event. Please make sure it has an appropriate `as` value and it is preloaded intentionally. @ http://localhost:3000/presentations/editor?id=pres-1775471431101-sgdeti:0
[  487130ms] [WARNING] The resource http://localhost:3000/_next/static/css/app/layout.css?v=1775471743290 was preloaded using link preload but not used within a few seconds from the window's load event. Please make sure it has an appropriate `as` value and it is preloaded intentionally. @ http://localhost:3000/presentations/editor?id=pres-1775471431101-sgdeti:0
[  487130ms] [WARNING] The resource http://localhost:3000/_next/static/css/app/layout.css?v=1775471504851 was preloaded using link preload but not used within a few seconds from the window's load event. Please make sure it has an appropriate `as` value and it is preloaded intentionally. @ http://localhost:3000/presentations/editor?id=pres-1775471431101-sgdeti:0
[  487130ms] [WARNING] The resource http://localhost:3000/_next/static/css/app/layout.css?v=1775471793969 was preloaded using link preload but not used within a few seconds from the window's load event. Please make sure it has an appropriate `as` value and it is preloaded intentionally. @ http://localhost:3000/presentations/editor?id=pres-1775471431101-sgdeti:0
[  487130ms] [WARNING] The resource http://localhost:3000/_next/static/css/app/layout.css?v=1775471619274 was preloaded using link preload but not used within a few seconds from the window's load event. Please make sure it has an appropriate `as` value and it is preloaded intentionally. @ http://localhost:3000/presentations/editor?id=pres-1775471431101-sgdeti:0
[  487130ms] [WARNING] The resource http://localhost:3000/_next/static/css/app/layout.css?v=1775471511792 was preloaded using link preload but not used within a few seconds from the window's load event. Please make sure it has an appropriate `as` value and it is preloaded intentionally. @ http://localhost:3000/presentations/editor?id=pres-1775471431101-sgdeti:0
[  487130ms] [WARNING] The resource http://localhost:3000/_next/static/css/app/layout.css?v=1775471753676 was preloaded using link preload but not used within a few seconds from the window's load event. Please make sure it has an appropriate `as` value and it is preloaded intentionally. @ http://localhost:3000/presentations/editor?id=pres-1775471431101-sgdeti:0
[  487130ms] [WARNING] The resource http://localhost:3000/_next/static/css/app/layout.css?v=1775471454060 was preloaded using link preload but not used within a few seconds from the window's load event. Please make sure it has an appropriate `as` value and it is preloaded intentionally. @ http://localhost:3000/presentations/editor?id=pres-1775471431101-sgdeti:0
[  487130ms] [WARNING] The resource http://localhost:3000/_next/static/css/app/layout.css?v=1775471466484 was preloaded using link preload but not used within a few seconds from the window's load event. Please make sure it has an appropriate `as` value and it is preloaded intentionally. @ http://localhost:3000/presentations/editor?id=pres-1775471431101-sgdeti:0
[  487130ms] [WARNING] The resource http://localhost:3000/_next/static/css/app/layout.css?v=1775471747317 was preloaded using link preload but not used within a few seconds from the window's load event. Please make sure it has an appropriate `as` value and it is preloaded intentionally. @ http://localhost:3000/presentations/editor?id=pres-1775471431101-sgdeti:0
[  487130ms] [WARNING] The resource http://localhost:3000/_next/static/css/app/layout.css?v=1775471663298 was preloaded using link preload but not used within a few seconds from the window's load event. Please make sure it has an appropriate `as` value and it is preloaded intentionally. @ http://localhost:3000/presentations/editor?id=pres-1775471431101-sgdeti:0
[  487130ms] [WARNING] The resource http://localhost:3000/_next/static/css/app/layout.css?v=1775471715108 was preloaded using link preload but not used within a few seconds from the window's load event. Please make sure it has an appropriate `as` value and it is preloaded intentionally. @ http://localhost:3000/presentations/editor?id=pres-1775471431101-sgdeti:0
[  487130ms] [WARNING] The resource http://localhost:3000/_next/static/css/app/layout.css?v=1775471720260 was preloaded using link preload but not used within a few seconds from the window's load event. Please make sure it has an appropriate `as` value and it is preloaded intentionally. @ http://localhost:3000/presentations/editor?id=pres-1775471431101-sgdeti:0
[  487130ms] [WARNING] The resource http://localhost:3000/_next/static/css/app/layout.css?v=1775471682598 was preloaded using link preload but not used within a few seconds from the window's load event. Please make sure it has an appropriate `as` value and it is preloaded intentionally. @ http://localhost:3000/presentations/editor?id=pres-1775471431101-sgdeti:0
[  487130ms] [WARNING] The resource http://localhost:3000/_next/static/css/app/layout.css?v=1775471506159 was preloaded using link preload but not used within a few seconds from the window's load event. Please make sure it has an appropriate `as` value and it is preloaded intentionally. @ http://localhost:3000/presentations/editor?id=pres-1775471431101-sgdeti:0
[  487130ms] [WARNING] The resource http://localhost:3000/_next/static/css/app/layout.css?v=1775471595167 was preloaded using link preload but not used within a few seconds from the window's load event. Please make sure it has an appropriate `as` value and it is preloaded intentionally. @ http://localhost:3000/presentations/editor?id=pres-1775471431101-sgdeti:0
[  487130ms] [WARNING] The resource http://localhost:3000/_next/static/css/app/layout.css?v=1775471718923 was preloaded using link preload but not used within a few seconds from the window's load event. Please make sure it has an appropriate `as` value and it is preloaded intentionally. @ http://localhost:3000/presentations/editor?id=pres-1775471431101-sgdeti:0
[  487130ms] [WARNING] The resource http://localhost:3000/_next/static/css/app/layout.css?v=1775471639431 was preloaded using link preload but not used within a few seconds from the window's load event. Please make sure it has an appropriate `as` value and it is preloaded intentionally. @ http://localhost:3000/presentations/editor?id=pres-1775471431101-sgdeti:0
[  487130ms] [WARNING] The resource http://localhost:3000/_next/static/css/app/layout.css?v=1775471443768 was preloaded using link preload but not used within a few seconds from the window's load event. Please make sure it has an appropriate `as` value and it is preloaded intentionally. @ http://localhost:3000/presentations/editor?id=pres-1775471431101-sgdeti:0
[  487130ms] [WARNING] The resource http://localhost:3000/_next/static/css/app/layout.css?v=1775471643454 was preloaded using link preload but not used within a few seconds from the window's load event. Please make sure it has an appropriate `as` value and it is preloaded intentionally. @ http://localhost:3000/presentations/editor?id=pres-1775471431101-sgdeti:0
[  487130ms] [WARNING] The resource http://localhost:3000/_next/static/css/app/layout.css?v=1775471705509 was preloaded using link preload but not used within a few seconds from the window's load event. Please make sure it has an appropriate `as` value and it is preloaded intentionally. @ http://localhost:3000/presentations/editor?id=pres-1775471431101-sgdeti:0
[  487130ms] [WARNING] The resource http://localhost:3000/_next/static/css/app/layout.css?v=1775471645391 was preloaded using link preload but not used within a few seconds from the window's load event. Please make sure it has an appropriate `as` value and it is preloaded intentionally. @ http://localhost:3000/presentations/editor?id=pres-1775471431101-sgdeti:0
[  487130ms] [WARNING] The resource http://localhost:3000/_next/static/css/app/layout.css?v=1775471590759 was preloaded using link preload but not used within a few seconds from the window's load event. Please make sure it has an appropriate `as` value and it is preloaded intentionally. @ http://localhost:3000/presentations/editor?id=pres-1775471431101-sgdeti:0
[  487130ms] [WARNING] The resource http://localhost:3000/_next/static/css/app/layout.css?v=1775471701051 was preloaded using link preload but not used within a few seconds from the window's load event. Please make sure it has an appropriate `as` value and it is preloaded intentionally. @ http://localhost:3000/presentations/editor?id=pres-1775471431101-sgdeti:0
[  487130ms] [WARNING] The resource http://localhost:3000/_next/static/css/app/layout.css?v=1775471541469 was preloaded using link preload but not used within a few seconds from the window's load event. Please make sure it has an appropriate `as` value and it is preloaded intentionally. @ http://localhost:3000/presentations/editor?id=pres-1775471431101-sgdeti:0
[  487130ms] [WARNING] The resource http://localhost:3000/_next/static/css/app/layout.css?v=1775471662038 was preloaded using link preload but not used within a few seconds from the window's load event. Please make sure it has an appropriate `as` value and it is preloaded intentionally. @ http://localhost:3000/presentations/editor?id=pres-1775471431101-sgdeti:0
[  487130ms] [WARNING] The resource http://localhost:3000/_next/static/css/app/layout.css?v=1775471527359 was preloaded using link preload but not used within a few seconds from the window's load event. Please make sure it has an appropriate `as` value and it is preloaded intentionally. @ http://localhost:3000/presentations/editor?id=pres-1775471431101-sgdeti:0
[  487130ms] [WARNING] The resource http://localhost:3000/_next/static/css/app/layout.css?v=1775471583127 was preloaded using link preload but not used within a few seconds from the window's load event. Please make sure it has an appropriate `as` value and it is preloaded intentionally. @ http://localhost:3000/presentations/editor?id=pres-1775471431101-sgdeti:0
[  487130ms] [WARNING] The resource http://localhost:3000/_next/static/css/app/layout.css?v=1775471505499 was preloaded using link preload but not used within a few seconds from the window's load event. Please make sure it has an appropriate `as` value and it is preloaded intentionally. @ http://localhost:3000/presentations/editor?id=pres-1775471431101-sgdeti:0
[  487130ms] [WARNING] The resource http://localhost:3000/_next/static/css/app/layout.css?v=1775471859045 was preloaded using link preload but not used within a few seconds from the window's load event. Please make sure it has an appropriate `as` value and it is preloaded intentionally. @ http://localhost:3000/presentations/editor?id=pres-1775471431101-sgdeti:0
[  487130ms] [WARNING] The resource http://localhost:3000/_next/static/css/app/layout.css?v=1775471812215 was preloaded using link preload but not used within a few seconds from the window's load event. Please make sure it has an appropriate `as` value and it is preloaded intentionally. @ http://localhost:3000/presentations/editor?id=pres-1775471431101-sgdeti:0
[  487130ms] [WARNING] The resource http://localhost:3000/_next/static/css/app/layout.css?v=1775471740170 was preloaded using link preload but not used within a few seconds from the window's load event. Please make sure it has an appropriate `as` value and it is preloaded intentionally. @ http://localhost:3000/presentations/editor?id=pres-1775471431101-sgdeti:0
[  487130ms] [WARNING] The resource http://localhost:3000/_next/static/css/app/layout.css?v=1775471594573 was preloaded using link preload but not used within a few seconds from the window's load event. Please make sure it has an appropriate `as` value and it is preloaded intentionally. @ http://localhost:3000/presentations/editor?id=pres-1775471431101-sgdeti:0
[  487130ms] [WARNING] The resource http://localhost:3000/_next/static/css/app/layout.css?v=1775471729101 was preloaded using link preload but not used within a few seconds from the window's load event. Please make sure it has an appropriate `as` value and it is preloaded intentionally. @ http://localhost:3000/presentations/editor?id=pres-1775471431101-sgdeti:0
[  487130ms] [WARNING] The resource http://localhost:3000/_next/static/css/app/layout.css?v=1775471580555 was preloaded using link preload but not used within a few seconds from the window's load event. Please make sure it has an appropriate `as` value and it is preloaded intentionally. @ http://localhost:3000/presentations/editor?id=pres-1775471431101-sgdeti:0
[  487130ms] [WARNING] The resource http://localhost:3000/_next/static/css/app/layout.css?v=1775471783612 was preloaded using link preload but not used within a few seconds from the window's load event. Please make sure it has an appropriate `as` value and it is preloaded intentionally. @ http://localhost:3000/presentations/editor?id=pres-1775471431101-sgdeti:0
[  487130ms] [WARNING] The resource http://localhost:3000/_next/static/css/app/layout.css?v=1775471600223 was preloaded using link preload but not used within a few seconds from the window's load event. Please make sure it has an appropriate `as` value and it is preloaded intentionally. @ http://localhost:3000/presentations/editor?id=pres-1775471431101-sgdeti:0
[  487130ms] [WARNING] The resource http://localhost:3000/_next/static/css/app/layout.css?v=1775471792105 was preloaded using link preload but not used within a few seconds from the window's load event. Please make sure it has an appropriate `as` value and it is preloaded intentionally. @ http://localhost:3000/presentations/editor?id=pres-1775471431101-sgdeti:0
[  487130ms] [WARNING] The resource http://localhost:3000/_next/static/css/app/layout.css?v=1775471551032 was preloaded using link preload but not used within a few seconds from the window's load event. Please make sure it has an appropriate `as` value and it is preloaded intentionally. @ http://localhost:3000/presentations/editor?id=pres-1775471431101-sgdeti:0
[  487130ms] [WARNING] The resource http://localhost:3000/_next/static/css/app/layout.css?v=1775471846641 was preloaded using link preload but not used within a few seconds from the window's load event. Please make sure it has an appropriate `as` value and it is preloaded intentionally. @ http://localhost:3000/presentations/editor?id=pres-1775471431101-sgdeti:0
[  487130ms] [WARNING] The resource http://localhost:3000/_next/static/css/app/layout.css?v=1775471443142 was preloaded using link preload but not used within a few seconds from the window's load event. Please make sure it has an appropriate `as` value and it is preloaded intentionally. @ http://localhost:3000/presentations/editor?id=pres-1775471431101-sgdeti:0
[  487130ms] [WARNING] The resource http://localhost:3000/_next/static/css/app/layout.css?v=1775471780481 was preloaded using link preload but not used within a few seconds from the window's load event. Please make sure it has an appropriate `as` value and it is preloaded intentionally. @ http://localhost:3000/presentations/editor?id=pres-1775471431101-sgdeti:0
[  487130ms] [WARNING] The resource http://localhost:3000/_next/static/css/app/layout.css?v=1775471828006 was preloaded using link preload but not used within a few seconds from the window's load event. Please make sure it has an appropriate `as` value and it is preloaded intentionally. @ http://localhost:3000/presentations/editor?id=pres-1775471431101-sgdeti:0
[  487130ms] [WARNING] The resource http://localhost:3000/_next/static/css/app/layout.css?v=1775471588924 was preloaded using link preload but not used within a few seconds from the window's load event. Please make sure it has an appropriate `as` value and it is preloaded intentionally. @ http://localhost:3000/presentations/editor?id=pres-1775471431101-sgdeti:0
[  487130ms] [WARNING] The resource http://localhost:3000/_next/static/css/app/layout.css?v=1775471554852 was preloaded using link preload but not used within a few seconds from the window's load event. Please make sure it has an appropriate `as` value and it is preloaded intentionally. @ http://localhost:3000/presentations/editor?id=pres-1775471431101-sgdeti:0
[  487130ms] [WARNING] The resource http://localhost:3000/_next/static/css/app/layout.css?v=1775471901239 was preloaded using link preload but not used within a few seconds from the window's load event. Please make sure it has an appropriate `as` value and it is preloaded intentionally. @ http://localhost:3000/presentations/editor?id=pres-1775471431101-sgdeti:0
[  487130ms] [WARNING] The resource http://localhost:3000/_next/static/css/app/layout.css?v=1775471526722 was preloaded using link preload but not used within a few seconds from the window's load event. Please make sure it has an appropriate `as` value and it is preloaded intentionally. @ http://localhost:3000/presentations/editor?id=pres-1775471431101-sgdeti:0
[  487130ms] [WARNING] The resource http://localhost:3000/_next/static/css/app/layout.css?v=1775471803045 was preloaded using link preload but not used within a few seconds from the window's load event. Please make sure it has an appropriate `as` value and it is preloaded intentionally. @ http://localhost:3000/presentations/editor?id=pres-1775471431101-sgdeti:0
[  487130ms] [WARNING] The resource http://localhost:3000/_next/static/css/app/layout.css?v=1775471605249 was preloaded using link preload but not used within a few seconds from the window's load event. Please make sure it has an appropriate `as` value and it is preloaded intentionally. @ http://localhost:3000/presentations/editor?id=pres-1775471431101-sgdeti:0
[  487130ms] [WARNING] The resource http://localhost:3000/_next/static/css/app/layout.css?v=1775471764810 was preloaded using link preload but not used within a few seconds from the window's load event. Please make sure it has an appropriate `as` value and it is preloaded intentionally. @ http://localhost:3000/presentations/editor?id=pres-1775471431101-sgdeti:0
[  487130ms] [WARNING] The resource http://localhost:3000/_next/static/css/app/layout.css?v=1775471556076 was preloaded using link preload but not used within a few seconds from the window's load event. Please make sure it has an appropriate `as` value and it is preloaded intentionally. @ http://localhost:3000/presentations/editor?id=pres-1775471431101-sgdeti:0
[  487130ms] [WARNING] The resource http://localhost:3000/_next/static/css/app/layout.css?v=1775471455960 was preloaded using link preload but not used within a few seconds from the window's load event. Please make sure it has an appropriate `as` value and it is preloaded intentionally. @ http://localhost:3000/presentations/editor?id=pres-1775471431101-sgdeti:0
[  487130ms] [WARNING] The resource http://localhost:3000/_next/static/css/app/layout.css?v=1775471873594 was preloaded using link preload but not used within a few seconds from the window's load event. Please make sure it has an appropriate `as` value and it is preloaded intentionally. @ http://localhost:3000/presentations/editor?id=pres-1775471431101-sgdeti:0
[  487130ms] [WARNING] The resource http://localhost:3000/_next/static/css/app/layout.css?v=1775471467609 was preloaded using link preload but not used within a few seconds from the window's load event. Please make sure it has an appropriate `as` value and it is preloaded intentionally. @ http://localhost:3000/presentations/editor?id=pres-1775471431101-sgdeti:0
[  487131ms] [WARNING] The resource http://localhost:3000/_next/static/css/app/layout.css?v=1775471802425 was preloaded using link preload but not used within a few seconds from the window's load event. Please make sure it has an appropriate `as` value and it is preloaded intentionally. @ http://localhost:3000/presentations/editor?id=pres-1775471431101-sgdeti:0
[  487131ms] [WARNING] The resource http://localhost:3000/_next/static/css/app/layout.css?v=1775471518436 was preloaded using link preload but not used within a few seconds from the window's load event. Please make sure it has an appropriate `as` value and it is preloaded intentionally. @ http://localhost:3000/presentations/editor?id=pres-1775471431101-sgdeti:0
[  487131ms] [WARNING] The resource http://localhost:3000/_next/static/css/app/layout.css?v=1775471591380 was preloaded using link preload but not used within a few seconds from the window's load event. Please make sure it has an appropriate `as` value and it is preloaded intentionally. @ http://localhost:3000/presentations/editor?id=pres-1775471431101-sgdeti:0
[  487131ms] [WARNING] The resource http://localhost:3000/_next/static/css/app/layout.css?v=1775471558666 was preloaded using link preload but not used within a few seconds from the window's load event. Please make sure it has an appropriate `as` value and it is preloaded intentionally. @ http://localhost:3000/presentations/editor?id=pres-1775471431101-sgdeti:0
[  487131ms] [WARNING] The resource http://localhost:3000/_next/static/css/app/layout.css?v=1775471630517 was preloaded using link preload but not used within a few seconds from the window's load event. Please make sure it has an appropriate `as` value and it is preloaded intentionally. @ http://localhost:3000/presentations/editor?id=pres-1775471431101-sgdeti:0
[  487131ms] [WARNING] The resource http://localhost:3000/_next/static/css/app/layout.css?v=1775471703579 was preloaded using link preload but not used within a few seconds from the window's load event. Please make sure it has an appropriate `as` value and it is preloaded intentionally. @ http://localhost:3000/presentations/editor?id=pres-1775471431101-sgdeti:0
[  487131ms] [WARNING] The resource http://localhost:3000/_next/static/css/app/layout.css?v=1775471489320 was preloaded using link preload but not used within a few seconds from the window's load event. Please make sure it has an appropriate `as` value and it is preloaded intentionally. @ http://localhost:3000/presentations/editor?id=pres-1775471431101-sgdeti:0
[  487131ms] [WARNING] The resource http://localhost:3000/_next/static/css/app/layout.css?v=1775471636203 was preloaded using link preload but not used within a few seconds from the window's load event. Please make sure it has an appropriate `as` value and it is preloaded intentionally. @ http://localhost:3000/presentations/editor?id=pres-1775471431101-sgdeti:0
[  487131ms] [WARNING] The resource http://localhost:3000/_next/static/css/app/layout.css?v=1775471513990 was preloaded using link preload but not used within a few seconds from the window's load event. Please make sure it has an appropriate `as` value and it is preloaded intentionally. @ http://localhost:3000/presentations/editor?id=pres-1775471431101-sgdeti:0
[  487131ms] [WARNING] The resource http://localhost:3000/_next/static/css/app/layout.css?v=1775471640037 was preloaded using link preload but not used within a few seconds from the window's load event. Please make sure it has an appropriate `as` value and it is preloaded intentionally. @ http://localhost:3000/presentations/editor?id=pres-1775471431101-sgdeti:0
[  487131ms] [WARNING] The resource http://localhost:3000/_next/static/css/app/layout.css?v=1775471827387 was preloaded using link preload but not used within a few seconds from the window's load event. Please make sure it has an appropriate `as` value and it is preloaded intentionally. @ http://localhost:3000/presentations/editor?id=pres-1775471431101-sgdeti:0
[  487131ms] [WARNING] The resource http://localhost:3000/_next/static/css/app/layout.css?v=1775471683206 was preloaded using link preload but not used within a few seconds from the window's load event. Please make sure it has an appropriate `as` value and it is preloaded intentionally. @ http://localhost:3000/presentations/editor?id=pres-1775471431101-sgdeti:0
[  487131ms] [WARNING] The resource http://localhost:3000/_next/static/css/app/layout.css?v=1775471874664 was preloaded using link preload but not used within a few seconds from the window's load event. Please make sure it has an appropriate `as` value and it is preloaded intentionally. @ http://localhost:3000/presentations/editor?id=pres-1775471431101-sgdeti:0
[  487131ms] [WARNING] The resource http://localhost:3000/_next/static/css/app/layout.css?v=1775471808375 was preloaded using link preload but not used within a few seconds from the window's load event. Please make sure it has an appropriate `as` value and it is preloaded intentionally. @ http://localhost:3000/presentations/editor?id=pres-1775471431101-sgdeti:0
[  487131ms] [WARNING] The resource http://localhost:3000/_next/static/css/app/layout.css?v=1775471589033 was preloaded using link preload but not used within a few seconds from the window's load event. Please make sure it has an appropriate `as` value and it is preloaded intentionally. @ http://localhost:3000/presentations/editor?id=pres-1775471431101-sgdeti:0
[  487131ms] [WARNING] The resource http://localhost:3000/_next/static/css/app/layout.css?v=1775471486177 was preloaded using link preload but not used within a few seconds from the window's load event. Please make sure it has an appropriate `as` value and it is preloaded intentionally. @ http://localhost:3000/presentations/editor?id=pres-1775471431101-sgdeti:0
[  487131ms] [WARNING] The resource http://localhost:3000/_next/static/css/app/layout.css?v=1775471903776 was preloaded using link preload but not used within a few seconds from the window's load event. Please make sure it has an appropriate `as` value and it is preloaded intentionally. @ http://localhost:3000/presentations/editor?id=pres-1775471431101-sgdeti:0
[  487131ms] [WARNING] The resource http://localhost:3000/_next/static/css/app/layout.css?v=1775471538255 was preloaded using link preload but not used within a few seconds from the window's load event. Please make sure it has an appropriate `as` value and it is preloaded intentionally. @ http://localhost:3000/presentations/editor?id=pres-1775471431101-sgdeti:0
[  487131ms] [WARNING] The resource http://localhost:3000/_next/static/css/app/layout.css?v=1775471706288 was preloaded using link preload but not used within a few seconds from the window's load event. Please make sure it has an appropriate `as` value and it is preloaded intentionally. @ http://localhost:3000/presentations/editor?id=pres-1775471431101-sgdeti:0
[  487131ms] [WARNING] The resource http://localhost:3000/_next/static/css/app/layout.css?v=1775471739542 was preloaded using link preload but not used within a few seconds from the window's load event. Please make sure it has an appropriate `as` value and it is preloaded intentionally. @ http://localhost:3000/presentations/editor?id=pres-1775471431101-sgdeti:0
[  487131ms] [WARNING] The resource http://localhost:3000/_next/static/css/app/layout.css?v=1775471845255 was preloaded using link preload but not used within a few seconds from the window's load event. Please make sure it has an appropriate `as` value and it is preloaded intentionally. @ http://localhost:3000/presentations/editor?id=pres-1775471431101-sgdeti:0
[  487131ms] [WARNING] The resource http://localhost:3000/_next/static/css/app/layout.css?v=1775471801175 was preloaded using link preload but not used within a few seconds from the window's load event. Please make sure it has an appropriate `as` value and it is preloaded intentionally. @ http://localhost:3000/presentations/editor?id=pres-1775471431101-sgdeti:0
[  487131ms] [WARNING] The resource http://localhost:3000/_next/static/css/app/layout.css?v=1775471534490 was preloaded using link preload but not used within a few seconds from the window's load event. Please make sure it has an appropriate `as` value and it is preloaded intentionally. @ http://localhost:3000/presentations/editor?id=pres-1775471431101-sgdeti:0
[  487131ms] [WARNING] The resource http://localhost:3000/_next/static/css/app/layout.css?v=1775471665782 was preloaded using link preload but not used within a few seconds from the window's load event. Please make sure it has an appropriate `as` value and it is preloaded intentionally. @ http://localhost:3000/presentations/editor?id=pres-1775471431101-sgdeti:0
[  487131ms] [WARNING] The resource http://localhost:3000/_next/static/css/app/layout.css?v=1775471849298 was preloaded using link preload but not used within a few seconds from the window's load event. Please make sure it has an appropriate `as` value and it is preloaded intentionally. @ http://localhost:3000/presentations/editor?id=pres-1775471431101-sgdeti:0
[  487131ms] [WARNING] The resource http://localhost:3000/_next/static/css/app/layout.css?v=1775471907908 was preloaded using link preload but not used within a few seconds from the window's load event. Please make sure it has an appropriate `as` value and it is preloaded intentionally. @ http://localhost:3000/presentations/editor?id=pres-1775471431101-sgdeti:0
[  487131ms] [WARNING] The resource http://localhost:3000/_next/static/css/app/layout.css?v=1775471673429 was preloaded using link preload but not used within a few seconds from the window's load event. Please make sure it has an appropriate `as` value and it is preloaded intentionally. @ http://localhost:3000/presentations/editor?id=pres-1775471431101-sgdeti:0
[  487131ms] [WARNING] The resource http://localhost:3000/_next/static/css/app/layout.css?v=1775471875683 was preloaded using link preload but not used within a few seconds from the window's load event. Please make sure it has an appropriate `as` value and it is preloaded intentionally. @ http://localhost:3000/presentations/editor?id=pres-1775471431101-sgdeti:0
[  487131ms] [WARNING] The resource http://localhost:3000/_next/static/css/app/layout.css?v=1775471720881 was preloaded using link preload but not used within a few seconds from the window's load event. Please make sure it has an appropriate `as` value and it is preloaded intentionally. @ http://localhost:3000/presentations/editor?id=pres-1775471431101-sgdeti:0
[  487131ms] [WARNING] The resource http://localhost:3000/_next/static/css/app/layout.css?v=1775471753043 was preloaded using link preload but not used within a few seconds from the window's load event. Please make sure it has an appropriate `as` value and it is preloaded intentionally. @ http://localhost:3000/presentations/editor?id=pres-1775471431101-sgdeti:0
[  487131ms] [WARNING] The resource http://localhost:3000/_next/static/css/app/layout.css?v=1775471563212 was preloaded using link preload but not used within a few seconds from the window's load event. Please make sure it has an appropriate `as` value and it is preloaded intentionally. @ http://localhost:3000/presentations/editor?id=pres-1775471431101-sgdeti:0
[  487131ms] [WARNING] The resource http://localhost:3000/_next/static/css/app/layout.css?v=1775471860050 was preloaded using link preload but not used within a few seconds from the window's load event. Please make sure it has an appropriate `as` value and it is preloaded intentionally. @ http://localhost:3000/presentations/editor?id=pres-1775471431101-sgdeti:0
[  487131ms] [WARNING] The resource http://localhost:3000/_next/static/css/app/layout.css?v=1775471586334 was preloaded using link preload but not used within a few seconds from the window's load event. Please make sure it has an appropriate `as` value and it is preloaded intentionally. @ http://localhost:3000/presentations/editor?id=pres-1775471431101-sgdeti:0
[  487131ms] [WARNING] The resource http://localhost:3000/_next/static/css/app/layout.css?v=1775471733042 was preloaded using link preload but not used within a few seconds from the window's load event. Please make sure it has an appropriate `as` value and it is preloaded intentionally. @ http://localhost:3000/presentations/editor?id=pres-1775471431101-sgdeti:0
[  487131ms] [WARNING] The resource http://localhost:3000/_next/static/css/app/layout.css?v=1775471756943 was preloaded using link preload but not used within a few seconds from the window's load event. Please make sure it has an appropriate `as` value and it is preloaded intentionally. @ http://localhost:3000/presentations/editor?id=pres-1775471431101-sgdeti:0
[  487131ms] [WARNING] The resource http://localhost:3000/_next/static/css/app/layout.css?v=1775471807087 was preloaded using link preload but not used within a few seconds from the window's load event. Please make sure it has an appropriate `as` value and it is preloaded intentionally. @ http://localhost:3000/presentations/editor?id=pres-1775471431101-sgdeti:0
[  487131ms] [WARNING] The resource http://localhost:3000/_next/static/css/app/layout.css?v=1775471666530 was preloaded using link preload but not used within a few seconds from the window's load event. Please make sure it has an appropriate `as` value and it is preloaded intentionally. @ http://localhost:3000/presentations/editor?id=pres-1775471431101-sgdeti:0
[  487131ms] [WARNING] The resource http://localhost:3000/_next/static/css/app/layout.css?v=1775471751148 was preloaded using link preload but not used within a few seconds from the window's load event. Please make sure it has an appropriate `as` value and it is preloaded intentionally. @ http://localhost:3000/presentations/editor?id=pres-1775471431101-sgdeti:0
[  487131ms] [WARNING] The resource http://localhost:3000/_next/static/css/app/layout.css?v=1775471484792 was preloaded using link preload but not used within a few seconds from the window's load event. Please make sure it has an appropriate `as` value and it is preloaded intentionally. @ http://localhost:3000/presentations/editor?id=pres-1775471431101-sgdeti:0
[  487131ms] [WARNING] The resource http://localhost:3000/_next/static/css/app/layout.css?v=1775471602661 was preloaded using link preload but not used within a few seconds from the window's load event. Please make sure it has an appropriate `as` value and it is preloaded intentionally. @ http://localhost:3000/presentations/editor?id=pres-1775471431101-sgdeti:0
[  487131ms] [WARNING] The resource http://localhost:3000/_next/static/css/app/layout.css?v=1775471832469 was preloaded using link preload but not used within a few seconds from the window's load event. Please make sure it has an appropriate `as` value and it is preloaded intentionally. @ http://localhost:3000/presentations/editor?id=pres-1775471431101-sgdeti:0
[  487131ms] [WARNING] The resource http://localhost:3000/_next/static/css/app/layout.css?v=1775471697088 was preloaded using link preload but not used within a few seconds from the window's load event. Please make sure it has an appropriate `as` value and it is preloaded intentionally. @ http://localhost:3000/presentations/editor?id=pres-1775471431101-sgdeti:0
[  487131ms] [WARNING] The resource http://localhost:3000/_next/static/css/app/layout.css?v=1775471621597 was preloaded using link preload but not used within a few seconds from the window's load event. Please make sure it has an appropriate `as` value and it is preloaded intentionally. @ http://localhost:3000/presentations/editor?id=pres-1775471431101-sgdeti:0
[  487131ms] [WARNING] The resource http://localhost:3000/_next/static/css/app/layout.css?v=1775471896666 was preloaded using link preload but not used within a few seconds from the window's load event. Please make sure it has an appropriate `as` value and it is preloaded intentionally. @ http://localhost:3000/presentations/editor?id=pres-1775471431101-sgdeti:0
[  487131ms] [WARNING] The resource http://localhost:3000/_next/static/css/app/layout.css?v=1775471698306 was preloaded using link preload but not used within a few seconds from the window's load event. Please make sure it has an appropriate `as` value and it is preloaded intentionally. @ http://localhost:3000/presentations/editor?id=pres-1775471431101-sgdeti:0
[  487131ms] [WARNING] The resource http://localhost:3000/_next/static/css/app/layout.css?v=1775471690745 was preloaded using link preload but not used within a few seconds from the window's load event. Please make sure it has an appropriate `as` value and it is preloaded intentionally. @ http://localhost:3000/presentations/editor?id=pres-1775471431101-sgdeti:0
[  487131ms] [WARNING] The resource http://localhost:3000/_next/static/css/app/layout.css?v=1775471590158 was preloaded using link preload but not used within a few seconds from the window's load event. Please make sure it has an appropriate `as` value and it is preloaded intentionally. @ http://localhost:3000/presentations/editor?id=pres-1775471431101-sgdeti:0
[  487131ms] [WARNING] The resource http://localhost:3000/_next/static/css/app/layout.css?v=1775471742663 was preloaded using link preload but not used within a few seconds from the window's load event. Please make sure it has an appropriate `as` value and it is preloaded intentionally. @ http://localhost:3000/presentations/editor?id=pres-1775471431101-sgdeti:0
[  487131ms] [WARNING] The resource http://localhost:3000/_next/static/css/app/layout.css?v=1775471841742 was preloaded using link preload but not used within a few seconds from the window's load event. Please make sure it has an appropriate `as` value and it is preloaded intentionally. @ http://localhost:3000/presentations/editor?id=pres-1775471431101-sgdeti:0
[  487131ms] [WARNING] The resource http://localhost:3000/_next/static/css/app/layout.css?v=1775471787580 was preloaded using link preload but not used within a few seconds from the window's load event. Please make sure it has an appropriate `as` value and it is preloaded intentionally. @ http://localhost:3000/presentations/editor?id=pres-1775471431101-sgdeti:0
[  490558ms] [LOG] [Fast Refresh] rebuilding @ webpack-internal:///(app-pages-browser)/./node_modules/next/dist/client/components/react-dev-overlay/app/hot-reloader-client.js:240
[  490776ms] [LOG] [Fast Refresh] done in 218ms @ webpack-internal:///(app-pages-browser)/./node_modules/next/dist/client/components/react-dev-overlay/app/hot-reloader-client.js:67
[  491931ms] [LOG] [Fast Refresh] rebuilding @ webpack-internal:///(app-pages-browser)/./node_modules/next/dist/client/components/react-dev-overlay/app/hot-reloader-client.js:240
[  491973ms] [LOG] [Fast Refresh] done in 42ms @ webpack-internal:///(app-pages-browser)/./node_modules/next/dist/client/components/react-dev-overlay/app/hot-reloader-client.js:67
[  492989ms] [LOG] [Fast Refresh] rebuilding @ webpack-internal:///(app-pages-browser)/./node_modules/next/dist/client/components/react-dev-overlay/app/hot-reloader-client.js:240
[  493042ms] [LOG] [Fast Refresh] done in 54ms @ webpack-internal:///(app-pages-browser)/./node_modules/next/dist/client/components/react-dev-overlay/app/hot-reloader-client.js:67
[  493945ms] [LOG] [Fast Refresh] rebuilding @ webpack-internal:///(app-pages-browser)/./node_modules/next/dist/client/components/react-dev-overlay/app/hot-reloader-client.js:240
[  493997ms] [LOG] [Fast Refresh] done in 52ms @ webpack-internal:///(app-pages-browser)/./node_modules/next/dist/client/components/react-dev-overlay/app/hot-reloader-client.js:67
[  494906ms] [LOG] [Fast Refresh] rebuilding @ webpack-internal:///(app-pages-browser)/./node_modules/next/dist/client/components/react-dev-overlay/app/hot-reloader-client.js:240
[  494949ms] [LOG] [Fast Refresh] done in 44ms @ webpack-internal:///(app-pages-browser)/./node_modules/next/dist/client/components/react-dev-overlay/app/hot-reloader-client.js:67
[  495963ms] [LOG] [Fast Refresh] rebuilding @ webpack-internal:///(app-pages-browser)/./node_modules/next/dist/client/components/react-dev-overlay/app/hot-reloader-client.js:240
[  496009ms] [LOG] [Fast Refresh] done in 47ms @ webpack-internal:///(app-pages-browser)/./node_modules/next/dist/client/components/react-dev-overlay/app/hot-reloader-client.js:67
[  497081ms] [LOG] [Fast Refresh] rebuilding @ webpack-internal:///(app-pages-browser)/./node_modules/next/dist/client/components/react-dev-overlay/app/hot-reloader-client.js:240
[  497131ms] [LOG] [Fast Refresh] done in 50ms @ webpack-internal:///(app-pages-browser)/./node_modules/next/dist/client/components/react-dev-overlay/app/hot-reloader-client.js:67
[  498438ms] [LOG] [Fast Refresh] rebuilding @ webpack-internal:///(app-pages-browser)/./node_modules/next/dist/client/components/react-dev-overlay/app/hot-reloader-client.js:240
[  498466ms] [LOG] [Fast Refresh] done in 28ms @ webpack-internal:///(app-pages-browser)/./node_modules/next/dist/client/components/react-dev-overlay/app/hot-reloader-client.js:67
[  499513ms] [LOG] [Fast Refresh] rebuilding @ webpack-internal:///(app-pages-browser)/./node_modules/next/dist/client/components/react-dev-overlay/app/hot-reloader-client.js:240
[  499548ms] [LOG] [Fast Refresh] done in 35ms @ webpack-internal:///(app-pages-browser)/./node_modules/next/dist/client/components/react-dev-overlay/app/hot-reloader-client.js:67
[  500567ms] [LOG] [Fast Refresh] rebuilding @ webpack-internal:///(app-pages-browser)/./node_modules/next/dist/client/components/react-dev-overlay/app/hot-reloader-client.js:240
[  500594ms] [LOG] [Fast Refresh] done in 28ms @ webpack-internal:///(app-pages-browser)/./node_modules/next/dist/client/components/react-dev-overlay/app/hot-reloader-client.js:67
[  501753ms] [LOG] [Fast Refresh] rebuilding @ webpack-internal:///(app-pages-browser)/./node_modules/next/dist/client/components/react-dev-overlay/app/hot-reloader-client.js:240
[  501791ms] [LOG] [Fast Refresh] done in 38ms @ webpack-internal:///(app-pages-browser)/./node_modules/next/dist/client/components/react-dev-overlay/app/hot-reloader-client.js:67
[  502834ms] [LOG] [Fast Refresh] rebuilding @ webpack-internal:///(app-pages-browser)/./node_modules/next/dist/client/components/react-dev-overlay/app/hot-reloader-client.js:240
[  502881ms] [LOG] [Fast Refresh] done in 48ms @ webpack-internal:///(app-pages-browser)/./node_modules/next/dist/client/components/react-dev-overlay/app/hot-reloader-client.js:67
[  503891ms] [LOG] [Fast Refresh] rebuilding @ webpack-internal:///(app-pages-browser)/./node_modules/next/dist/client/components/react-dev-overlay/app/hot-reloader-client.js:240
[  503938ms] [LOG] [Fast Refresh] done in 46ms @ webpack-internal:///(app-pages-browser)/./node_modules/next/dist/client/components/react-dev-overlay/app/hot-reloader-client.js:67
[  504966ms] [LOG] [Fast Refresh] rebuilding @ webpack-internal:///(app-pages-browser)/./node_modules/next/dist/client/components/react-dev-overlay/app/hot-reloader-client.js:240
[  505014ms] [LOG] [Fast Refresh] done in 48ms @ webpack-internal:///(app-pages-browser)/./node_modules/next/dist/client/components/react-dev-overlay/app/hot-reloader-client.js:67
[  505927ms] [LOG] [Fast Refresh] rebuilding @ webpack-internal:///(app-pages-browser)/./node_modules/next/dist/client/components/react-dev-overlay/app/hot-reloader-client.js:240
[  505977ms] [LOG] [Fast Refresh] done in 51ms @ webpack-internal:///(app-pages-browser)/./node_modules/next/dist/client/components/react-dev-overlay/app/hot-reloader-client.js:67
[  507173ms] [LOG] [Fast Refresh] rebuilding @ webpack-internal:///(app-pages-browser)/./node_modules/next/dist/client/components/react-dev-overlay/app/hot-reloader-client.js:240
[  507239ms] [LOG] [Fast Refresh] done in 66ms @ webpack-internal:///(app-pages-browser)/./node_modules/next/dist/client/components/react-dev-overlay/app/hot-reloader-client.js:67
[  508151ms] [LOG] [Fast Refresh] rebuilding @ webpack-internal:///(app-pages-browser)/./node_modules/next/dist/client/components/react-dev-overlay/app/hot-reloader-client.js:240
[  508199ms] [LOG] [Fast Refresh] done in 49ms @ webpack-internal:///(app-pages-browser)/./node_modules/next/dist/client/components/react-dev-overlay/app/hot-reloader-client.js:67
[  508880ms] [LOG] [Fast Refresh] rebuilding @ webpack-internal:///(app-pages-browser)/./node_modules/next/dist/client/components/react-dev-overlay/app/hot-reloader-client.js:240
[  508912ms] [LOG] [Fast Refresh] done in 32ms @ webpack-internal:///(app-pages-browser)/./node_modules/next/dist/client/components/react-dev-overlay/app/hot-reloader-client.js:67
[  509566ms] [LOG] [Fast Refresh] rebuilding @ webpack-internal:///(app-pages-browser)/./node_modules/next/dist/client/components/react-dev-overlay/app/hot-reloader-client.js:240
[  509595ms] [LOG] [Fast Refresh] done in 29ms @ webpack-internal:///(app-pages-browser)/./node_modules/next/dist/client/components/react-dev-overlay/app/hot-reloader-client.js:67
[  510277ms] [LOG] [Fast Refresh] rebuilding @ webpack-internal:///(app-pages-browser)/./node_modules/next/dist/client/components/react-dev-overlay/app/hot-reloader-client.js:240
[  510311ms] [LOG] [Fast Refresh] done in 33ms @ webpack-internal:///(app-pages-browser)/./node_modules/next/dist/client/components/react-dev-overlay/app/hot-reloader-client.js:67
[  510989ms] [LOG] [Fast Refresh] rebuilding @ webpack-internal:///(app-pages-browser)/./node_modules/next/dist/client/components/react-dev-overlay/app/hot-reloader-client.js:240
[  511019ms] [LOG] [Fast Refresh] done in 30ms @ webpack-internal:///(app-pages-browser)/./node_modules/next/dist/client/components/react-dev-overlay/app/hot-reloader-client.js:67
[  511642ms] [LOG] [Fast Refresh] rebuilding @ webpack-internal:///(app-pages-browser)/./node_modules/next/dist/client/components/react-dev-overlay/app/hot-reloader-client.js:240
[  511671ms] [LOG] [Fast Refresh] done in 29ms @ webpack-internal:///(app-pages-browser)/./node_modules/next/dist/client/components/react-dev-overlay/app/hot-reloader-client.js:67
[  512285ms] [LOG] [Fast Refresh] rebuilding @ webpack-internal:///(app-pages-browser)/./node_modules/next/dist/client/components/react-dev-overlay/app/hot-reloader-client.js:240
[  512311ms] [LOG] [Fast Refresh] done in 26ms @ webpack-internal:///(app-pages-browser)/./node_modules/next/dist/client/components/react-dev-overlay/app/hot-reloader-client.js:67
[  513083ms] [LOG] [Fast Refresh] rebuilding @ webpack-internal:///(app-pages-browser)/./node_modules/next/dist/client/components/react-dev-overlay/app/hot-reloader-client.js:240
[  513104ms] [LOG] [Fast Refresh] done in 21ms @ webpack-internal:///(app-pages-browser)/./node_modules/next/dist/client/components/react-dev-overlay/app/hot-reloader-client.js:67
[  513723ms] [LOG] [Fast Refresh] rebuilding @ webpack-internal:///(app-pages-browser)/./node_modules/next/dist/client/components/react-dev-overlay/app/hot-reloader-client.js:240
[  513746ms] [LOG] [Fast Refresh] done in 22ms @ webpack-internal:///(app-pages-browser)/./node_modules/next/dist/client/components/react-dev-overlay/app/hot-reloader-client.js:67
[  514373ms] [LOG] [Fast Refresh] rebuilding @ webpack-internal:///(app-pages-browser)/./node_modules/next/dist/client/components/react-dev-overlay/app/hot-reloader-client.js:240
[  514394ms] [LOG] [Fast Refresh] done in 20ms @ webpack-internal:///(app-pages-browser)/./node_modules/next/dist/client/components/react-dev-overlay/app/hot-reloader-client.js:67
[  515005ms] [LOG] [Fast Refresh] rebuilding @ webpack-internal:///(app-pages-browser)/./node_modules/next/dist/client/components/react-dev-overlay/app/hot-reloader-client.js:240
[  515034ms] [LOG] [Fast Refresh] done in 30ms @ webpack-internal:///(app-pages-browser)/./node_modules/next/dist/client/components/react-dev-overlay/app/hot-reloader-client.js:67
[  515637ms] [LOG] [Fast Refresh] rebuilding @ webpack-internal:///(app-pages-browser)/./node_modules/next/dist/client/components/react-dev-overlay/app/hot-reloader-client.js:240
[  515667ms] [LOG] [Fast Refresh] done in 29ms @ webpack-internal:///(app-pages-browser)/./node_modules/next/dist/client/components/react-dev-overlay/app/hot-reloader-client.js:67
[  516256ms] [LOG] [Fast Refresh] rebuilding @ webpack-internal:///(app-pages-browser)/./node_modules/next/dist/client/components/react-dev-overlay/app/hot-reloader-client.js:240
[  516806ms] [LOG] [Fast Refresh] done in 550ms @ webpack-internal:///(app-pages-browser)/./node_modules/next/dist/client/components/react-dev-overlay/app/hot-reloader-client.js:67
[  516910ms] [LOG] [Fast Refresh] rebuilding @ webpack-internal:///(app-pages-browser)/./node_modules/next/dist/client/components/react-dev-overlay/app/hot-reloader-client.js:240
[  516934ms] [LOG] [Fast Refresh] done in 23ms @ webpack-internal:///(app-pages-browser)/./node_modules/next/dist/client/components/react-dev-overlay/app/hot-reloader-client.js:67
[  517563ms] [LOG] [Fast Refresh] rebuilding @ webpack-internal:///(app-pages-browser)/./node_modules/next/dist/client/components/react-dev-overlay/app/hot-reloader-client.js:240
[  518091ms] [LOG] [Fast Refresh] done in 528ms @ webpack-internal:///(app-pages-browser)/./node_modules/next/dist/client/components/react-dev-overlay/app/hot-reloader-client.js:67
[  518329ms] [LOG] [Fast Refresh] rebuilding @ webpack-internal:///(app-pages-browser)/./node_modules/next/dist/client/components/react-dev-overlay/app/hot-reloader-client.js:240
[  518361ms] [LOG] [Fast Refresh] done in 32ms @ webpack-internal:///(app-pages-browser)/./node_modules/next/dist/client/components/react-dev-overlay/app/hot-reloader-client.js:67
[  518951ms] [LOG] [Fast Refresh] rebuilding @ webpack-internal:///(app-pages-browser)/./node_modules/next/dist/client/components/react-dev-overlay/app/hot-reloader-client.js:240
[  518980ms] [LOG] [Fast Refresh] done in 30ms @ webpack-internal:///(app-pages-browser)/./node_modules/next/dist/client/components/react-dev-overlay/app/hot-reloader-client.js:67
[  519589ms] [LOG] [Fast Refresh] rebuilding @ webpack-internal:///(app-pages-browser)/./node_modules/next/dist/client/components/react-dev-overlay/app/hot-reloader-client.js:240
[  519610ms] [LOG] [Fast Refresh] done in 20ms @ webpack-internal:///(app-pages-browser)/./node_modules/next/dist/client/components/react-dev-overlay/app/hot-reloader-client.js:67
[  520216ms] [LOG] [Fast Refresh] rebuilding @ webpack-internal:///(app-pages-browser)/./node_modules/next/dist/client/components/react-dev-overlay/app/hot-reloader-client.js:240
[  520247ms] [LOG] [Fast Refresh] done in 31ms @ webpack-internal:///(app-pages-browser)/./node_modules/next/dist/client/components/react-dev-overlay/app/hot-reloader-client.js:67
[  520843ms] [LOG] [Fast Refresh] rebuilding @ webpack-internal:///(app-pages-browser)/./node_modules/next/dist/client/components/react-dev-overlay/app/hot-reloader-client.js:240
[  520871ms] [LOG] [Fast Refresh] done in 28ms @ webpack-internal:///(app-pages-browser)/./node_modules/next/dist/client/components/react-dev-overlay/app/hot-reloader-client.js:67
[  521483ms] [LOG] [Fast Refresh] rebuilding @ webpack-internal:///(app-pages-browser)/./node_modules/next/dist/client/components/react-dev-overlay/app/hot-reloader-client.js:240
[  521510ms] [LOG] [Fast Refresh] done in 27ms @ webpack-internal:///(app-pages-browser)/./node_modules/next/dist/client/components/react-dev-overlay/app/hot-reloader-client.js:67
[  522100ms] [LOG] [Fast Refresh] rebuilding @ webpack-internal:///(app-pages-browser)/./node_modules/next/dist/client/components/react-dev-overlay/app/hot-reloader-client.js:240
[  522132ms] [LOG] [Fast Refresh] done in 32ms @ webpack-internal:///(app-pages-browser)/./node_modules/next/dist/client/components/react-dev-overlay/app/hot-reloader-client.js:67
[  522740ms] [LOG] [Fast Refresh] rebuilding @ webpack-internal:///(app-pages-browser)/./node_modules/next/dist/client/components/react-dev-overlay/app/hot-reloader-client.js:240
[  522766ms] [LOG] [Fast Refresh] done in 25ms @ webpack-internal:///(app-pages-browser)/./node_modules/next/dist/client/components/react-dev-overlay/app/hot-reloader-client.js:67
[  523508ms] [LOG] [Fast Refresh] rebuilding @ webpack-internal:///(app-pages-browser)/./node_modules/next/dist/client/components/react-dev-overlay/app/hot-reloader-client.js:240
[  523552ms] [LOG] [Fast Refresh] done in 44ms @ webpack-internal:///(app-pages-browser)/./node_modules/next/dist/client/components/react-dev-overlay/app/hot-reloader-client.js:67
[  524163ms] [LOG] [Fast Refresh] rebuilding @ webpack-internal:///(app-pages-browser)/./node_modules/next/dist/client/components/react-dev-overlay/app/hot-reloader-client.js:240
[  524187ms] [LOG] [Fast Refresh] done in 23ms @ webpack-internal:///(app-pages-browser)/./node_modules/next/dist/client/components/react-dev-overlay/app/hot-reloader-client.js:67
[  524828ms] [LOG] [Fast Refresh] rebuilding @ webpack-internal:///(app-pages-browser)/./node_modules/next/dist/client/components/react-dev-overlay/app/hot-reloader-client.js:240
[  524856ms] [LOG] [Fast Refresh] done in 28ms @ webpack-internal:///(app-pages-browser)/./node_modules/next/dist/client/components/react-dev-overlay/app/hot-reloader-client.js:67
[  525458ms] [LOG] [Fast Refresh] rebuilding @ webpack-internal:///(app-pages-browser)/./node_modules/next/dist/client/components/react-dev-overlay/app/hot-reloader-client.js:240
[  525493ms] [LOG] [Fast Refresh] done in 36ms @ webpack-internal:///(app-pages-browser)/./node_modules/next/dist/client/components/react-dev-overlay/app/hot-reloader-client.js:67
[  526102ms] [LOG] [Fast Refresh] rebuilding @ webpack-internal:///(app-pages-browser)/./node_modules/next/dist/client/components/react-dev-overlay/app/hot-reloader-client.js:240
[  526128ms] [LOG] [Fast Refresh] done in 27ms @ webpack-internal:///(app-pages-browser)/./node_modules/next/dist/client/components/react-dev-overlay/app/hot-reloader-client.js:67
[  526710ms] [LOG] [Fast Refresh] rebuilding @ webpack-internal:///(app-pages-browser)/./node_modules/next/dist/client/components/react-dev-overlay/app/hot-reloader-client.js:240
[  526732ms] [LOG] [Fast Refresh] done in 22ms @ webpack-internal:///(app-pages-browser)/./node_modules/next/dist/client/components/react-dev-overlay/app/hot-reloader-client.js:67
[  527322ms] [LOG] [Fast Refresh] rebuilding @ webpack-internal:///(app-pages-browser)/./node_modules/next/dist/client/components/react-dev-overlay/app/hot-reloader-client.js:240
[  527363ms] [LOG] [Fast Refresh] done in 40ms @ webpack-internal:///(app-pages-browser)/./node_modules/next/dist/client/components/react-dev-overlay/app/hot-reloader-client.js:67
[  527974ms] [LOG] [Fast Refresh] rebuilding @ webpack-internal:///(app-pages-browser)/./node_modules/next/dist/client/components/react-dev-overlay/app/hot-reloader-client.js:240
[  528500ms] [LOG] [Fast Refresh] done in 525ms @ webpack-internal:///(app-pages-browser)/./node_modules/next/dist/client/components/react-dev-overlay/app/hot-reloader-client.js:67
[  528737ms] [LOG] [Fast Refresh] rebuilding @ webpack-internal:///(app-pages-browser)/./node_modules/next/dist/client/components/react-dev-overlay/app/hot-reloader-client.js:240
[  528783ms] [LOG] [Fast Refresh] done in 46ms @ webpack-internal:///(app-pages-browser)/./node_modules/next/dist/client/components/react-dev-overlay/app/hot-reloader-client.js:67
[  529424ms] [LOG] [Fast Refresh] rebuilding @ webpack-internal:///(app-pages-browser)/./node_modules/next/dist/client/components/react-dev-overlay/app/hot-reloader-client.js:240
[  529456ms] [LOG] [Fast Refresh] done in 31ms @ webpack-internal:///(app-pages-browser)/./node_modules/next/dist/client/components/react-dev-overlay/app/hot-reloader-client.js:67
[  530065ms] [LOG] [Fast Refresh] rebuilding @ webpack-internal:///(app-pages-browser)/./node_modules/next/dist/client/components/react-dev-overlay/app/hot-reloader-client.js:240
[  530097ms] [LOG] [Fast Refresh] done in 32ms @ webpack-internal:///(app-pages-browser)/./node_modules/next/dist/client/components/react-dev-overlay/app/hot-reloader-client.js:67
[  530703ms] [LOG] [Fast Refresh] rebuilding @ webpack-internal:///(app-pages-browser)/./node_modules/next/dist/client/components/react-dev-overlay/app/hot-reloader-client.js:240
[  530733ms] [LOG] [Fast Refresh] done in 29ms @ webpack-internal:///(app-pages-browser)/./node_modules/next/dist/client/components/react-dev-overlay/app/hot-reloader-client.js:67
[  531312ms] [LOG] [Fast Refresh] rebuilding @ webpack-internal:///(app-pages-browser)/./node_modules/next/dist/client/components/react-dev-overlay/app/hot-reloader-client.js:240
[  531336ms] [LOG] [Fast Refresh] done in 24ms @ webpack-internal:///(app-pages-browser)/./node_modules/next/dist/client/components/react-dev-overlay/app/hot-reloader-client.js:67
[  531944ms] [LOG] [Fast Refresh] rebuilding @ webpack-internal:///(app-pages-browser)/./node_modules/next/dist/client/components/react-dev-overlay/app/hot-reloader-client.js:240
[  531972ms] [LOG] [Fast Refresh] done in 27ms @ webpack-internal:///(app-pages-browser)/./node_modules/next/dist/client/components/react-dev-overlay/app/hot-reloader-client.js:67
[  532570ms] [LOG] [Fast Refresh] rebuilding @ webpack-internal:///(app-pages-browser)/./node_modules/next/dist/client/components/react-dev-overlay/app/hot-reloader-client.js:240
[  532606ms] [LOG] [Fast Refresh] done in 36ms @ webpack-internal:///(app-pages-browser)/./node_modules/next/dist/client/components/react-dev-overlay/app/hot-reloader-client.js:67
[  533210ms] [LOG] [Fast Refresh] rebuilding @ webpack-internal:///(app-pages-browser)/./node_modules/next/dist/client/components/react-dev-overlay/app/hot-reloader-client.js:240
[  533237ms] [LOG] [Fast Refresh] done in 27ms @ webpack-internal:///(app-pages-browser)/./node_modules/next/dist/client/components/react-dev-overlay/app/hot-reloader-client.js:67
[  533970ms] [LOG] [Fast Refresh] rebuilding @ webpack-internal:///(app-pages-browser)/./node_modules/next/dist/client/components/react-dev-overlay/app/hot-reloader-client.js:240
[  534012ms] [LOG] [Fast Refresh] done in 42ms @ webpack-internal:///(app-pages-browser)/./node_modules/next/dist/client/components/react-dev-overlay/app/hot-reloader-client.js:67
[  534617ms] [LOG] [Fast Refresh] rebuilding @ webpack-internal:///(app-pages-browser)/./node_modules/next/dist/client/components/react-dev-overlay/app/hot-reloader-client.js:240
[  534655ms] [LOG] [Fast Refresh] done in 37ms @ webpack-internal:///(app-pages-browser)/./node_modules/next/dist/client/components/react-dev-overlay/app/hot-reloader-client.js:67
[  535260ms] [LOG] [Fast Refresh] rebuilding @ webpack-internal:///(app-pages-browser)/./node_modules/next/dist/client/components/react-dev-overlay/app/hot-reloader-client.js:240
[  535288ms] [LOG] [Fast Refresh] done in 28ms @ webpack-internal:///(app-pages-browser)/./node_modules/next/dist/client/components/react-dev-overlay/app/hot-reloader-client.js:67
[  535881ms] [LOG] [Fast Refresh] rebuilding @ webpack-internal:///(app-pages-browser)/./node_modules/next/dist/client/components/react-dev-overlay/app/hot-reloader-client.js:240
[  535910ms] [LOG] [Fast Refresh] done in 29ms @ webpack-internal:///(app-pages-browser)/./node_modules/next/dist/client/components/react-dev-overlay/app/hot-reloader-client.js:67
[  536509ms] [LOG] [Fast Refresh] rebuilding @ webpack-internal:///(app-pages-browser)/./node_modules/next/dist/client/components/react-dev-overlay/app/hot-reloader-client.js:240
[  536532ms] [LOG] [Fast Refresh] done in 22ms @ webpack-internal:///(app-pages-browser)/./node_modules/next/dist/client/components/react-dev-overlay/app/hot-reloader-client.js:67
[  537156ms] [LOG] [Fast Refresh] rebuilding @ webpack-internal:///(app-pages-browser)/./node_modules/next/dist/client/components/react-dev-overlay/app/hot-reloader-client.js:240
[  537182ms] [LOG] [Fast Refresh] done in 27ms @ webpack-internal:///(app-pages-browser)/./node_modules/next/dist/client/components/react-dev-overlay/app/hot-reloader-client.js:67
[  537795ms] [LOG] [Fast Refresh] rebuilding @ webpack-internal:///(app-pages-browser)/./node_modules/next/dist/client/components/react-dev-overlay/app/hot-reloader-client.js:240
[  537824ms] [LOG] [Fast Refresh] done in 28ms @ webpack-internal:///(app-pages-browser)/./node_modules/next/dist/client/components/react-dev-overlay/app/hot-reloader-client.js:67
[  538443ms] [LOG] [Fast Refresh] rebuilding @ webpack-internal:///(app-pages-browser)/./node_modules/next/dist/client/components/react-dev-overlay/app/hot-reloader-client.js:240
[  538469ms] [LOG] [Fast Refresh] done in 26ms @ webpack-internal:///(app-pages-browser)/./node_modules/next/dist/client/components/react-dev-overlay/app/hot-reloader-client.js:67
[  539213ms] [LOG] [Fast Refresh] rebuilding @ webpack-internal:///(app-pages-browser)/./node_modules/next/dist/client/components/react-dev-overlay/app/hot-reloader-client.js:240
[  539229ms] [LOG] [Fast Refresh] done in 17ms @ webpack-internal:///(app-pages-browser)/./node_modules/next/dist/client/components/react-dev-overlay/app/hot-reloader-client.js:67
[  539862ms] [LOG] [Fast Refresh] rebuilding @ webpack-internal:///(app-pages-browser)/./node_modules/next/dist/client/components/react-dev-overlay/app/hot-reloader-client.js:240
[  539895ms] [LOG] [Fast Refresh] done in 32ms @ webpack-internal:///(app-pages-browser)/./node_modules/next/dist/client/components/react-dev-overlay/app/hot-reloader-client.js:67
[  540495ms] [LOG] [Fast Refresh] rebuilding @ webpack-internal:///(app-pages-browser)/./node_modules/next/dist/client/components/react-dev-overlay/app/hot-reloader-client.js:240
[  540532ms] [LOG] [Fast Refresh] done in 37ms @ webpack-internal:///(app-pages-browser)/./node_modules/next/dist/client/components/react-dev-overlay/app/hot-reloader-client.js:67
[  541149ms] [LOG] [Fast Refresh] rebuilding @ webpack-internal:///(app-pages-browser)/./node_modules/next/dist/client/components/react-dev-overlay/app/hot-reloader-client.js:240
[  541171ms] [LOG] [Fast Refresh] done in 21ms @ webpack-internal:///(app-pages-browser)/./node_modules/next/dist/client/components/react-dev-overlay/app/hot-reloader-client.js:67
[  541773ms] [LOG] [Fast Refresh] rebuilding @ webpack-internal:///(app-pages-browser)/./node_modules/next/dist/client/components/react-dev-overlay/app/hot-reloader-client.js:240
[  541806ms] [LOG] [Fast Refresh] done in 33ms @ webpack-internal:///(app-pages-browser)/./node_modules/next/dist/client/components/react-dev-overlay/app/hot-reloader-client.js:67
[  542404ms] [LOG] [Fast Refresh] rebuilding @ webpack-internal:///(app-pages-browser)/./node_modules/next/dist/client/components/react-dev-overlay/app/hot-reloader-client.js:240
[  542444ms] [LOG] [Fast Refresh] done in 40ms @ webpack-internal:///(app-pages-browser)/./node_modules/next/dist/client/components/react-dev-overlay/app/hot-reloader-client.js:67
[  543051ms] [LOG] [Fast Refresh] rebuilding @ webpack-internal:///(app-pages-browser)/./node_modules/next/dist/client/components/react-dev-overlay/app/hot-reloader-client.js:240
[  543073ms] [LOG] [Fast Refresh] done in 22ms @ webpack-internal:///(app-pages-browser)/./node_modules/next/dist/client/components/react-dev-overlay/app/hot-reloader-client.js:67
[  543716ms] [LOG] [Fast Refresh] rebuilding @ webpack-internal:///(app-pages-browser)/./node_modules/next/dist/client/components/react-dev-overlay/app/hot-reloader-client.js:240
[  543746ms] [LOG] [Fast Refresh] done in 31ms @ webpack-internal:///(app-pages-browser)/./node_modules/next/dist/client/components/react-dev-overlay/app/hot-reloader-client.js:67
[  544509ms] [LOG] [Fast Refresh] rebuilding @ webpack-internal:///(app-pages-browser)/./node_modules/next/dist/client/components/react-dev-overlay/app/hot-reloader-client.js:240
[  545055ms] [LOG] [Fast Refresh] done in 546ms @ webpack-internal:///(app-pages-browser)/./node_modules/next/dist/client/components/react-dev-overlay/app/hot-reloader-client.js:67
[  545155ms] [LOG] [Fast Refresh] rebuilding @ webpack-internal:///(app-pages-browser)/./node_modules/next/dist/client/components/react-dev-overlay/app/hot-reloader-client.js:240
[  545177ms] [LOG] [Fast Refresh] done in 22ms @ webpack-internal:///(app-pages-browser)/./node_modules/next/dist/client/components/react-dev-overlay/app/hot-reloader-client.js:67
[  546272ms] [LOG] [Fast Refresh] rebuilding @ webpack-internal:///(app-pages-browser)/./node_modules/next/dist/client/components/react-dev-overlay/app/hot-reloader-client.js:240
[  546356ms] [LOG] [Fast Refresh] done in 84ms @ webpack-internal:///(app-pages-browser)/./node_modules/next/dist/client/components/react-dev-overlay/app/hot-reloader-client.js:67
[  547032ms] [LOG] [Fast Refresh] rebuilding @ webpack-internal:///(app-pages-browser)/./node_modules/next/dist/client/components/react-dev-overlay/app/hot-reloader-client.js:240
[  547071ms] [LOG] [Fast Refresh] done in 40ms @ webpack-internal:///(app-pages-browser)/./node_modules/next/dist/client/components/react-dev-overlay/app/hot-reloader-client.js:67
[  547687ms] [LOG] [Fast Refresh] rebuilding @ webpack-internal:///(app-pages-browser)/./node_modules/next/dist/client/components/react-dev-overlay/app/hot-reloader-client.js:240
[  548213ms] [LOG] [Fast Refresh] done in 527ms @ webpack-internal:///(app-pages-browser)/./node_modules/next/dist/client/components/react-dev-overlay/app/hot-reloader-client.js:67
[  548317ms] [LOG] [Fast Refresh] rebuilding @ webpack-internal:///(app-pages-browser)/./node_modules/next/dist/client/components/react-dev-overlay/app/hot-reloader-client.js:240
[  548342ms] [LOG] [Fast Refresh] done in 25ms @ webpack-internal:///(app-pages-browser)/./node_modules/next/dist/client/components/react-dev-overlay/app/hot-reloader-client.js:67
[  548974ms] [LOG] [Fast Refresh] rebuilding @ webpack-internal:///(app-pages-browser)/./node_modules/next/dist/client/components/react-dev-overlay/app/hot-reloader-client.js:240
[  549002ms] [LOG] [Fast Refresh] done in 28ms @ webpack-internal:///(app-pages-browser)/./node_modules/next/dist/client/components/react-dev-overlay/app/hot-reloader-client.js:67
[  549598ms] [LOG] [Fast Refresh] rebuilding @ webpack-internal:///(app-pages-browser)/./node_modules/next/dist/client/components/react-dev-overlay/app/hot-reloader-client.js:240
[  549621ms] [LOG] [Fast Refresh] done in 22ms @ webpack-internal:///(app-pages-browser)/./node_modules/next/dist/client/components/react-dev-overlay/app/hot-reloader-client.js:67
[  550265ms] [LOG] [Fast Refresh] rebuilding @ webpack-internal:///(app-pages-browser)/./node_modules/next/dist/client/components/react-dev-overlay/app/hot-reloader-client.js:240
[  550293ms] [LOG] [Fast Refresh] done in 27ms @ webpack-internal:///(app-pages-browser)/./node_modules/next/dist/client/components/react-dev-overlay/app/hot-reloader-client.js:67
[  550928ms] [LOG] [Fast Refresh] rebuilding @ webpack-internal:///(app-pages-browser)/./node_modules/next/dist/client/components/react-dev-overlay/app/hot-reloader-client.js:240
[  550959ms] [LOG] [Fast Refresh] done in 31ms @ webpack-internal:///(app-pages-browser)/./node_modules/next/dist/client/components/react-dev-overlay/app/hot-reloader-client.js:67
[  551606ms] [LOG] [Fast Refresh] rebuilding @ webpack-internal:///(app-pages-browser)/./node_modules/next/dist/client/components/react-dev-overlay/app/hot-reloader-client.js:240
[  551689ms] [LOG] [Fast Refresh] done in 83ms @ webpack-internal:///(app-pages-browser)/./node_modules/next/dist/client/components/react-dev-overlay/app/hot-reloader-client.js:67
[  552368ms] [LOG] [Fast Refresh] rebuilding @ webpack-internal:///(app-pages-browser)/./node_modules/next/dist/client/components/react-dev-overlay/app/hot-reloader-client.js:240
[  552404ms] [LOG] [Fast Refresh] done in 36ms @ webpack-internal:///(app-pages-browser)/./node_modules/next/dist/client/components/react-dev-overlay/app/hot-reloader-client.js:67
[  553038ms] [LOG] [Fast Refresh] rebuilding @ webpack-internal:///(app-pages-browser)/./node_modules/next/dist/client/components/react-dev-overlay/app/hot-reloader-client.js:240
[  553070ms] [LOG] [Fast Refresh] done in 32ms @ webpack-internal:///(app-pages-browser)/./node_modules/next/dist/client/components/react-dev-overlay/app/hot-reloader-client.js:67
[  553673ms] [LOG] [Fast Refresh] rebuilding @ webpack-internal:///(app-pages-browser)/./node_modules/next/dist/client/components/react-dev-overlay/app/hot-reloader-client.js:240
[  553692ms] [LOG] [Fast Refresh] done in 18ms @ webpack-internal:///(app-pages-browser)/./node_modules/next/dist/client/components/react-dev-overlay/app/hot-reloader-client.js:67
[  554313ms] [LOG] [Fast Refresh] rebuilding @ webpack-internal:///(app-pages-browser)/./node_modules/next/dist/client/components/react-dev-overlay/app/hot-reloader-client.js:240
[  554332ms] [LOG] [Fast Refresh] done in 20ms @ webpack-internal:///(app-pages-browser)/./node_modules/next/dist/client/components/react-dev-overlay/app/hot-reloader-client.js:67
[  554948ms] [LOG] [Fast Refresh] rebuilding @ webpack-internal:///(app-pages-browser)/./node_modules/next/dist/client/components/react-dev-overlay/app/hot-reloader-client.js:240
[  554968ms] [LOG] [Fast Refresh] done in 20ms @ webpack-internal:///(app-pages-browser)/./node_modules/next/dist/client/components/react-dev-overlay/app/hot-reloader-client.js:67
[  555583ms] [LOG] [Fast Refresh] rebuilding @ webpack-internal:///(app-pages-browser)/./node_modules/next/dist/client/components/react-dev-overlay/app/hot-reloader-client.js:240
[  555614ms] [LOG] [Fast Refresh] done in 31ms @ webpack-internal:///(app-pages-browser)/./node_modules/next/dist/client/components/react-dev-overlay/app/hot-reloader-client.js:67
[  556223ms] [LOG] [Fast Refresh] rebuilding @ webpack-internal:///(app-pages-browser)/./node_modules/next/dist/client/components/react-dev-overlay/app/hot-reloader-client.js:240
[  556256ms] [LOG] [Fast Refresh] done in 32ms @ webpack-internal:///(app-pages-browser)/./node_modules/next/dist/client/components/react-dev-overlay/app/hot-reloader-client.js:67
[  556864ms] [LOG] [Fast Refresh] rebuilding @ webpack-internal:///(app-pages-browser)/./node_modules/next/dist/client/components/react-dev-overlay/app/hot-reloader-client.js:240
[  556934ms] [LOG] [Fast Refresh] done in 69ms @ webpack-internal:///(app-pages-browser)/./node_modules/next/dist/client/components/react-dev-overlay/app/hot-reloader-client.js:67
[  557638ms] [LOG] [Fast Refresh] rebuilding @ webpack-internal:///(app-pages-browser)/./node_modules/next/dist/client/components/react-dev-overlay/app/hot-reloader-client.js:240
[  557676ms] [LOG] [Fast Refresh] done in 38ms @ webpack-internal:///(app-pages-browser)/./node_modules/next/dist/client/components/react-dev-overlay/app/hot-reloader-client.js:67
[  558278ms] [LOG] [Fast Refresh] rebuilding @ webpack-internal:///(app-pages-browser)/./node_modules/next/dist/client/components/react-dev-overlay/app/hot-reloader-client.js:240
[  558310ms] [LOG] [Fast Refresh] done in 33ms @ webpack-internal:///(app-pages-browser)/./node_modules/next/dist/client/components/react-dev-overlay/app/hot-reloader-client.js:67
[  558911ms] [LOG] [Fast Refresh] rebuilding @ webpack-internal:///(app-pages-browser)/./node_modules/next/dist/client/components/react-dev-overlay/app/hot-reloader-client.js:240
[  558945ms] [LOG] [Fast Refresh] done in 34ms @ webpack-internal:///(app-pages-browser)/./node_modules/next/dist/client/components/react-dev-overlay/app/hot-reloader-client.js:67
[  559548ms] [LOG] [Fast Refresh] rebuilding @ webpack-internal:///(app-pages-browser)/./node_modules/next/dist/client/components/react-dev-overlay/app/hot-reloader-client.js:240
[  559574ms] [LOG] [Fast Refresh] done in 26ms @ webpack-internal:///(app-pages-browser)/./node_modules/next/dist/client/components/react-dev-overlay/app/hot-reloader-client.js:67
[  560208ms] [LOG] [Fast Refresh] rebuilding @ webpack-internal:///(app-pages-browser)/./node_modules/next/dist/client/components/react-dev-overlay/app/hot-reloader-client.js:240
[  560230ms] [LOG] [Fast Refresh] done in 22ms @ webpack-internal:///(app-pages-browser)/./node_modules/next/dist/client/components/react-dev-overlay/app/hot-reloader-client.js:67
[  560844ms] [LOG] [Fast Refresh] rebuilding @ webpack-internal:///(app-pages-browser)/./node_modules/next/dist/client/components/react-dev-overlay/app/hot-reloader-client.js:240
[  560865ms] [LOG] [Fast Refresh] done in 21ms @ webpack-internal:///(app-pages-browser)/./node_modules/next/dist/client/components/react-dev-overlay/app/hot-reloader-client.js:67
[  561484ms] [LOG] [Fast Refresh] rebuilding @ webpack-internal:///(app-pages-browser)/./node_modules/next/dist/client/components/react-dev-overlay/app/hot-reloader-client.js:240
[  562139ms] [LOG] [Fast Refresh] done in 656ms @ webpack-internal:///(app-pages-browser)/./node_modules/next/dist/client/components/react-dev-overlay/app/hot-reloader-client.js:67
[  565150ms] [WARNING] The resource http://localhost:3000/_next/static/css/app/layout.css?v=1775471434357 was preloaded using link preload but not used within a few seconds from the window's load event. Please make sure it has an appropriate `as` value and it is preloaded intentionally. @ http://localhost:3000/presentations/editor?id=pres-1775471431101-sgdeti:0
[  565150ms] [WARNING] The resource http://localhost:3000/_next/static/css/app/layout.css?v=1775471817435 was preloaded using link preload but not used within a few seconds from the window's load event. Please make sure it has an appropriate `as` value and it is preloaded intentionally. @ http://localhost:3000/presentations/editor?id=pres-1775471431101-sgdeti:0
[  565150ms] [WARNING] The resource http://localhost:3000/_next/static/css/app/layout.css?v=1775471525764 was preloaded using link preload but not used within a few seconds from the window's load event. Please make sure it has an appropriate `as` value and it is preloaded intentionally. @ http://localhost:3000/presentations/editor?id=pres-1775471431101-sgdeti:0
[  565150ms] [WARNING] The resource http://localhost:3000/_next/static/css/app/layout.css?v=1775471691486 was preloaded using link preload but not used within a few seconds from the window's load event. Please make sure it has an appropriate `as` value and it is preloaded intentionally. @ http://localhost:3000/presentations/editor?id=pres-1775471431101-sgdeti:0
[  565150ms] [WARNING] The resource http://localhost:3000/_next/static/css/app/layout.css?v=1775471762274 was preloaded using link preload but not used within a few seconds from the window's load event. Please make sure it has an appropriate `as` value and it is preloaded intentionally. @ http://localhost:3000/presentations/editor?id=pres-1775471431101-sgdeti:0
[  565150ms] [WARNING] The resource http://localhost:3000/_next/static/css/app/layout.css?v=1775471734355 was preloaded using link preload but not used within a few seconds from the window's load event. Please make sure it has an appropriate `as` value and it is preloaded intentionally. @ http://localhost:3000/presentations/editor?id=pres-1775471431101-sgdeti:0
[  565150ms] [WARNING] The resource http://localhost:3000/_next/static/css/app/layout.css?v=1775471592594 was preloaded using link preload but not used within a few seconds from the window's load event. Please make sure it has an appropriate `as` value and it is preloaded intentionally. @ http://localhost:3000/presentations/editor?id=pres-1775471431101-sgdeti:0
[  565150ms] [WARNING] The resource http://localhost:3000/_next/static/css/app/layout.css?v=1775471595792 was preloaded using link preload but not used within a few seconds from the window's load event. Please make sure it has an appropriate `as` value and it is preloaded intentionally. @ http://localhost:3000/presentations/editor?id=pres-1775471431101-sgdeti:0
[  565150ms] [WARNING] The resource http://localhost:3000/_next/static/css/app/layout.css?v=1775471601434 was preloaded using link preload but not used within a few seconds from the window's load event. Please make sure it has an appropriate `as` value and it is preloaded intentionally. @ http://localhost:3000/presentations/editor?id=pres-1775471431101-sgdeti:0
[  565150ms] [WARNING] The resource http://localhost:3000/_next/static/css/app/layout.css?v=1775471660681 was preloaded using link preload but not used within a few seconds from the window's load event. Please make sure it has an appropriate `as` value and it is preloaded intentionally. @ http://localhost:3000/presentations/editor?id=pres-1775471431101-sgdeti:0
[  565150ms] [WARNING] The resource http://localhost:3000/_next/static/css/app/layout.css?v=1775471537010 was preloaded using link preload but not used within a few seconds from the window's load event. Please make sure it has an appropriate `as` value and it is preloaded intentionally. @ http://localhost:3000/presentations/editor?id=pres-1775471431101-sgdeti:0
[  565150ms] [WARNING] The resource http://localhost:3000/_next/static/css/app/layout.css?v=1775471544032 was preloaded using link preload but not used within a few seconds from the window's load event. Please make sure it has an appropriate `as` value and it is preloaded intentionally. @ http://localhost:3000/presentations/editor?id=pres-1775471431101-sgdeti:0
[  565150ms] [WARNING] The resource http://localhost:3000/_next/static/css/app/layout.css?v=1775471587577 was preloaded using link preload but not used within a few seconds from the window's load event. Please make sure it has an appropriate `as` value and it is preloaded intentionally. @ http://localhost:3000/presentations/editor?id=pres-1775471431101-sgdeti:0
[  565150ms] [WARNING] The resource http://localhost:3000/_next/static/css/app/layout.css?v=1775471767014 was preloaded using link preload but not used within a few seconds from the window's load event. Please make sure it has an appropriate `as` value and it is preloaded intentionally. @ http://localhost:3000/presentations/editor?id=pres-1775471431101-sgdeti:0
[  565150ms] [WARNING] The resource http://localhost:3000/_next/static/css/app/layout.css?v=1775471494488 was preloaded using link preload but not used within a few seconds from the window's load event. Please make sure it has an appropriate `as` value and it is preloaded intentionally. @ http://localhost:3000/presentations/editor?id=pres-1775471431101-sgdeti:0
[  565150ms] [WARNING] The resource http://localhost:3000/_next/static/css/app/layout.css?v=1775471574773 was preloaded using link preload but not used within a few seconds from the window's load event. Please make sure it has an appropriate `as` value and it is preloaded intentionally. @ http://localhost:3000/presentations/editor?id=pres-1775471431101-sgdeti:0
[  565150ms] [WARNING] The resource http://localhost:3000/_next/static/css/app/layout.css?v=1775471530633 was preloaded using link preload but not used within a few seconds from the window's load event. Please make sure it has an appropriate `as` value and it is preloaded intentionally. @ http://localhost:3000/presentations/editor?id=pres-1775471431101-sgdeti:0
[  565150ms] [WARNING] The resource http://localhost:3000/_next/static/css/app/layout.css?v=1775471689437 was preloaded using link preload but not used within a few seconds from the window's load event. Please make sure it has an appropriate `as` value and it is preloaded intentionally. @ http://localhost:3000/presentations/editor?id=pres-1775471431101-sgdeti:0
[  565150ms] [WARNING] The resource http://localhost:3000/_next/static/css/app/layout.css?v=1775471576612 was preloaded using link preload but not used within a few seconds from the window's load event. Please make sure it has an appropriate `as` value and it is preloaded intentionally. @ http://localhost:3000/presentations/editor?id=pres-1775471431101-sgdeti:0
[  565150ms] [WARNING] The resource http://localhost:3000/_next/static/css/app/layout.css?v=1775471502926 was preloaded using link preload but not used within a few seconds from the window's load event. Please make sure it has an appropriate `as` value and it is preloaded intentionally. @ http://localhost:3000/presentations/editor?id=pres-1775471431101-sgdeti:0
[  565150ms] [WARNING] The resource http://localhost:3000/_next/static/css/app/layout.css?v=1775471688354 was preloaded using link preload but not used within a few seconds from the window's load event. Please make sure it has an appropriate `as` value and it is preloaded intentionally. @ http://localhost:3000/presentations/editor?id=pres-1775471431101-sgdeti:0
[  565150ms] [WARNING] The resource http://localhost:3000/_next/static/css/app/layout.css?v=1775471904563 was preloaded using link preload but not used within a few seconds from the window's load event. Please make sure it has an appropriate `as` value and it is preloaded intentionally. @ http://localhost:3000/presentations/editor?id=pres-1775471431101-sgdeti:0
[  565150ms] [WARNING] The resource http://localhost:3000/_next/static/css/app/layout.css?v=1775471853039 was preloaded using link preload but not used within a few seconds from the window's load event. Please make sure it has an appropriate `as` value and it is preloaded intentionally. @ http://localhost:3000/presentations/editor?id=pres-1775471431101-sgdeti:0
[  565150ms] [WARNING] The resource http://localhost:3000/_next/static/css/app/layout.css?v=1775471686386 was preloaded using link preload but not used within a few seconds from the window's load event. Please make sure it has an appropriate `as` value and it is preloaded intentionally. @ http://localhost:3000/presentations/editor?id=pres-1775471431101-sgdeti:0
[  565150ms] [WARNING] The resource http://localhost:3000/_next/static/css/app/layout.css?v=1775471784375 was preloaded using link preload but not used within a few seconds from the window's load event. Please make sure it has an appropriate `as` value and it is preloaded intentionally. @ http://localhost:3000/presentations/editor?id=pres-1775471431101-sgdeti:0
[  565150ms] [WARNING] The resource http://localhost:3000/_next/static/css/app/layout.css?v=1775471617190 was preloaded using link preload but not used within a few seconds from the window's load event. Please make sure it has an appropriate `as` value and it is preloaded intentionally. @ http://localhost:3000/presentations/editor?id=pres-1775471431101-sgdeti:0
[  565150ms] [WARNING] The resource http://localhost:3000/_next/static/css/app/layout.css?v=1775471472286 was preloaded using link preload but not used within a few seconds from the window's load event. Please make sure it has an appropriate `as` value and it is preloaded intentionally. @ http://localhost:3000/presentations/editor?id=pres-1775471431101-sgdeti:0
[  565150ms] [WARNING] The resource http://localhost:3000/_next/static/css/app/layout.css?v=1775471446356 was preloaded using link preload but not used within a few seconds from the window's load event. Please make sure it has an appropriate `as` value and it is preloaded intentionally. @ http://localhost:3000/presentations/editor?id=pres-1775471431101-sgdeti:0
[  565150ms] [WARNING] The resource http://localhost:3000/_next/static/css/app/layout.css?v=1775471969526 was preloaded using link preload but not used within a few seconds from the window's load event. Please make sure it has an appropriate `as` value and it is preloaded intentionally. @ http://localhost:3000/presentations/editor?id=pres-1775471431101-sgdeti:0
[  565150ms] [WARNING] The resource http://localhost:3000/_next/static/css/app/layout.css?v=1775471771350 was preloaded using link preload but not used within a few seconds from the window's load event. Please make sure it has an appropriate `as` value and it is preloaded intentionally. @ http://localhost:3000/presentations/editor?id=pres-1775471431101-sgdeti:0
[  565150ms] [WARNING] The resource http://localhost:3000/_next/static/css/app/layout.css?v=1775471731801 was preloaded using link preload but not used within a few seconds from the window's load event. Please make sure it has an appropriate `as` value and it is preloaded intentionally. @ http://localhost:3000/presentations/editor?id=pres-1775471431101-sgdeti:0
[  565150ms] [WARNING] The resource http://localhost:3000/_next/static/css/app/layout.css?v=1775471796701 was preloaded using link preload but not used within a few seconds from the window's load event. Please make sure it has an appropriate `as` value and it is preloaded intentionally. @ http://localhost:3000/presentations/editor?id=pres-1775471431101-sgdeti:0
[  565150ms] [WARNING] The resource http://localhost:3000/_next/static/css/app/layout.css?v=1775471695134 was preloaded using link preload but not used within a few seconds from the window's load event. Please make sure it has an appropriate `as` value and it is preloaded intentionally. @ http://localhost:3000/presentations/editor?id=pres-1775471431101-sgdeti:0
[  565150ms] [WARNING] The resource http://localhost:3000/_next/static/css/app/layout.css?v=1775471792824 was preloaded using link preload but not used within a few seconds from the window's load event. Please make sure it has an appropriate `as` value and it is preloaded intentionally. @ http://localhost:3000/presentations/editor?id=pres-1775471431101-sgdeti:0
[  565150ms] [WARNING] The resource http://localhost:3000/_next/static/css/app/layout.css?v=1775471485430 was preloaded using link preload but not used within a few seconds from the window's load event. Please make sure it has an appropriate `as` value and it is preloaded intentionally. @ http://localhost:3000/presentations/editor?id=pres-1775471431101-sgdeti:0
[  565150ms] [WARNING] The resource http://localhost:3000/_next/static/css/app/layout.css?v=1775471624811 was preloaded using link preload but not used within a few seconds from the window's load event. Please make sure it has an appropriate `as` value and it is preloaded intentionally. @ http://localhost:3000/presentations/editor?id=pres-1775471431101-sgdeti:0
[  565150ms] [WARNING] The resource http://localhost:3000/_next/static/css/app/layout.css?v=1775471966948 was preloaded using link preload but not used within a few seconds from the window's load event. Please make sure it has an appropriate `as` value and it is preloaded intentionally. @ http://localhost:3000/presentations/editor?id=pres-1775471431101-sgdeti:0
[  565150ms] [WARNING] The resource http://localhost:3000/_next/static/css/app/layout.css?v=1775471581245 was preloaded using link preload but not used within a few seconds from the window's load event. Please make sure it has an appropriate `as` value and it is preloaded intentionally. @ http://localhost:3000/presentations/editor?id=pres-1775471431101-sgdeti:0
[  565150ms] [WARNING] The resource http://localhost:3000/_next/static/css/app/layout.css?v=1775471457981 was preloaded using link preload but not used within a few seconds from the window's load event. Please make sure it has an appropriate `as` value and it is preloaded intentionally. @ http://localhost:3000/presentations/editor?id=pres-1775471431101-sgdeti:0
[  565150ms] [WARNING] The resource http://localhost:3000/_next/static/css/app/layout.css?v=1775471779129 was preloaded using link preload but not used within a few seconds from the window's load event. Please make sure it has an appropriate `as` value and it is preloaded intentionally. @ http://localhost:3000/presentations/editor?id=pres-1775471431101-sgdeti:0
[  565150ms] [WARNING] The resource http://localhost:3000/_next/static/css/app/layout.css?v=1775471531258 was preloaded using link preload but not used within a few seconds from the window's load event. Please make sure it has an appropriate `as` value and it is preloaded intentionally. @ http://localhost:3000/presentations/editor?id=pres-1775471431101-sgdeti:0
[  565150ms] [WARNING] The resource http://localhost:3000/_next/static/css/app/layout.css?v=1775471758183 was preloaded using link preload but not used within a few seconds from the window's load event. Please make sure it has an appropriate `as` value and it is preloaded intentionally. @ http://localhost:3000/presentations/editor?id=pres-1775471431101-sgdeti:0
[  565150ms] [WARNING] The resource http://localhost:3000/_next/static/css/app/layout.css?v=1775471593439 was preloaded using link preload but not used within a few seconds from the window's load event. Please make sure it has an appropriate `as` value and it is preloaded intentionally. @ http://localhost:3000/presentations/editor?id=pres-1775471431101-sgdeti:0
[  565150ms] [WARNING] The resource http://localhost:3000/_next/static/css/app/layout.css?v=1775471471124 was preloaded using link preload but not used within a few seconds from the window's load event. Please make sure it has an appropriate `as` value and it is preloaded intentionally. @ http://localhost:3000/presentations/editor?id=pres-1775471431101-sgdeti:0
[  565150ms] [WARNING] The resource http://localhost:3000/_next/static/css/app/layout.css?v=1775471451544 was preloaded using link preload but not used within a few seconds from the window's load event. Please make sure it has an appropriate `as` value and it is preloaded intentionally. @ http://localhost:3000/presentations/editor?id=pres-1775471431101-sgdeti:0
[  565150ms] [WARNING] The resource http://localhost:3000/_next/static/css/app/layout.css?v=1775471640731 was preloaded using link preload but not used within a few seconds from the window's load event. Please make sure it has an appropriate `as` value and it is preloaded intentionally. @ http://localhost:3000/presentations/editor?id=pres-1775471431101-sgdeti:0
[  565150ms] [WARNING] The resource http://localhost:3000/_next/static/css/app/layout.css?v=1775471687749 was preloaded using link preload but not used within a few seconds from the window's load event. Please make sure it has an appropriate `as` value and it is preloaded intentionally. @ http://localhost:3000/presentations/editor?id=pres-1775471431101-sgdeti:0
[  565150ms] [WARNING] The resource http://localhost:3000/_next/static/css/app/layout.css?v=1775471991913 was preloaded using link preload but not used within a few seconds from the window's load event. Please make sure it has an appropriate `as` value and it is preloaded intentionally. @ http://localhost:3000/presentations/editor?id=pres-1775471431101-sgdeti:0
[  565150ms] [WARNING] The resource http://localhost:3000/_next/static/css/app/layout.css?v=1775471561470 was preloaded using link preload but not used within a few seconds from the window's load event. Please make sure it has an appropriate `as` value and it is preloaded intentionally. @ http://localhost:3000/presentations/editor?id=pres-1775471431101-sgdeti:0
[  565150ms] [WARNING] The resource http://localhost:3000/_next/static/css/app/layout.css?v=1775471755049 was preloaded using link preload but not used within a few seconds from the window's load event. Please make sure it has an appropriate `as` value and it is preloaded intentionally. @ http://localhost:3000/presentations/editor?id=pres-1775471431101-sgdeti:0
[  565150ms] [WARNING] The resource http://localhost:3000/_next/static/css/app/layout.css?v=1775471564524 was preloaded using link preload but not used within a few seconds from the window's load event. Please make sure it has an appropriate `as` value and it is preloaded intentionally. @ http://localhost:3000/presentations/editor?id=pres-1775471431101-sgdeti:0
[  565150ms] [WARNING] The resource http://localhost:3000/_next/static/css/app/layout.css?v=1775471535771 was preloaded using link preload but not used within a few seconds from the window's load event. Please make sure it has an appropriate `as` value and it is preloaded intentionally. @ http://localhost:3000/presentations/editor?id=pres-1775471431101-sgdeti:0
[  565150ms] [WARNING] The resource http://localhost:3000/_next/static/css/app/layout.css?v=1775471955892 was preloaded using link preload but not used within a few seconds from the window's load event. Please make sure it has an appropriate `as` value and it is preloaded intentionally. @ http://localhost:3000/presentations/editor?id=pres-1775471431101-sgdeti:0
[  565150ms] [WARNING] The resource http://localhost:3000/_next/static/css/app/layout.css?v=1775471672834 was preloaded using link preload but not used within a few seconds from the window's load event. Please make sure it has an appropriate `as` value and it is preloaded intentionally. @ http://localhost:3000/presentations/editor?id=pres-1775471431101-sgdeti:0
[  565150ms] [WARNING] The resource http://localhost:3000/_next/static/css/app/layout.css?v=1775471974833 was preloaded using link preload but not used within a few seconds from the window's load event. Please make sure it has an appropriate `as` value and it is preloaded intentionally. @ http://localhost:3000/presentations/editor?id=pres-1775471431101-sgdeti:0
[  565150ms] [WARNING] The resource http://localhost:3000/_next/static/css/app/layout.css?v=1775471727214 was preloaded using link preload but not used within a few seconds from the window's load event. Please make sure it has an appropriate `as` value and it is preloaded intentionally. @ http://localhost:3000/presentations/editor?id=pres-1775471431101-sgdeti:0
[  565150ms] [WARNING] The resource http://localhost:3000/_next/static/css/app/layout.css?v=1775471459223 was preloaded using link preload but not used within a few seconds from the window's load event. Please make sure it has an appropriate `as` value and it is preloaded intentionally. @ http://localhost:3000/presentations/editor?id=pres-1775471431101-sgdeti:0
[  565150ms] [WARNING] The resource http://localhost:3000/_next/static/css/app/layout.css?v=1775471432348 was preloaded using link preload but not used within a few seconds from the window's load event. Please make sure it has an appropriate `as` value and it is preloaded intentionally. @ http://localhost:3000/presentations/editor?id=pres-1775471431101-sgdeti:0
[  565150ms] [WARNING] The resource http://localhost:3000/_next/static/css/app/layout.css?v=1775471823425 was preloaded using link preload but not used within a few seconds from the window's load event. Please make sure it has an appropriate `as` value and it is preloaded intentionally. @ http://localhost:3000/presentations/editor?id=pres-1775471431101-sgdeti:0
[  565151ms] [WARNING] The resource http://localhost:3000/_next/static/css/app/layout.css?v=1775471980040 was preloaded using link preload but not used within a few seconds from the window's load event. Please make sure it has an appropriate `as` value and it is preloaded intentionally. @ http://localhost:3000/presentations/editor?id=pres-1775471431101-sgdeti:0
[  565151ms] [WARNING] The resource http://localhost:3000/_next/static/css/app/layout.css?v=1775471737577 was preloaded using link preload but not used within a few seconds from the window's load event. Please make sure it has an appropriate `as` value and it is preloaded intentionally. @ http://localhost:3000/presentations/editor?id=pres-1775471431101-sgdeti:0
[  565151ms] [WARNING] The resource http://localhost:3000/_next/static/css/app/layout.css?v=1775471736950 was preloaded using link preload but not used within a few seconds from the window's load event. Please make sure it has an appropriate `as` value and it is preloaded intentionally. @ http://localhost:3000/presentations/editor?id=pres-1775471431101-sgdeti:0
[  565151ms] [WARNING] The resource http://localhost:3000/_next/static/css/app/layout.css?v=1775471857123 was preloaded using link preload but not used within a few seconds from the window's load event. Please make sure it has an appropriate `as` value and it is preloaded intentionally. @ http://localhost:3000/presentations/editor?id=pres-1775471431101-sgdeti:0
[  565151ms] [WARNING] The resource http://localhost:3000/_next/static/css/app/layout.css?v=1775471669584 was preloaded using link preload but not used within a few seconds from the window's load event. Please make sure it has an appropriate `as` value and it is preloaded intentionally. @ http://localhost:3000/presentations/editor?id=pres-1775471431101-sgdeti:0
[  565151ms] [WARNING] The resource http://localhost:3000/_next/static/css/app/layout.css?v=1775471716432 was preloaded using link preload but not used within a few seconds from the window's load event. Please make sure it has an appropriate `as` value and it is preloaded intentionally. @ http://localhost:3000/presentations/editor?id=pres-1775471431101-sgdeti:0
[  565151ms] [WARNING] The resource http://localhost:3000/_next/static/css/app/layout.css?v=1775471731168 was preloaded using link preload but not used within a few seconds from the window's load event. Please make sure it has an appropriate `as` value and it is preloaded intentionally. @ http://localhost:3000/presentations/editor?id=pres-1775471431101-sgdeti:0
[  565151ms] [WARNING] The resource http://localhost:3000/_next/static/css/app/layout.css?v=1775471927460 was preloaded using link preload but not used within a few seconds from the window's load event. Please make sure it has an appropriate `as` value and it is preloaded intentionally. @ http://localhost:3000/presentations/editor?id=pres-1775471431101-sgdeti:0
[  565151ms] [WARNING] The resource http://localhost:3000/_next/static/css/app/layout.css?v=1775471612165 was preloaded using link preload but not used within a few seconds from the window's load event. Please make sure it has an appropriate `as` value and it is preloaded intentionally. @ http://localhost:3000/presentations/editor?id=pres-1775471431101-sgdeti:0
[  565151ms] [WARNING] The resource http://localhost:3000/_next/static/css/app/layout.css?v=1775471848567 was preloaded using link preload but not used within a few seconds from the window's load event. Please make sure it has an appropriate `as` value and it is preloaded intentionally. @ http://localhost:3000/presentations/editor?id=pres-1775471431101-sgdeti:0
[  565151ms] [WARNING] The resource http://localhost:3000/_next/static/css/app/layout.css?v=1775471967577 was preloaded using link preload but not used within a few seconds from the window's load event. Please make sure it has an appropriate `as` value and it is preloaded intentionally. @ http://localhost:3000/presentations/editor?id=pres-1775471431101-sgdeti:0
[  565151ms] [WARNING] The resource http://localhost:3000/_next/static/css/app/layout.css?v=1775471510742 was preloaded using link preload but not used within a few seconds from the window's load event. Please make sure it has an appropriate `as` value and it is preloaded intentionally. @ http://localhost:3000/presentations/editor?id=pres-1775471431101-sgdeti:0
[  565151ms] [WARNING] The resource http://localhost:3000/_next/static/css/app/layout.css?v=1775471745970 was preloaded using link preload but not used within a few seconds from the window's load event. Please make sure it has an appropriate `as` value and it is preloaded intentionally. @ http://localhost:3000/presentations/editor?id=pres-1775471431101-sgdeti:0
[  565151ms] [WARNING] The resource http://localhost:3000/_next/static/css/app/layout.css?v=1775471545940 was preloaded using link preload but not used within a few seconds from the window's load event. Please make sure it has an appropriate `as` value and it is preloaded intentionally. @ http://localhost:3000/presentations/editor?id=pres-1775471431101-sgdeti:0
[  565151ms] [WARNING] The resource http://localhost:3000/_next/static/css/app/layout.css?v=1775471498413 was preloaded using link preload but not used within a few seconds from the window's load event. Please make sure it has an appropriate `as` value and it is preloaded intentionally. @ http://localhost:3000/presentations/editor?id=pres-1775471431101-sgdeti:0
[  565151ms] [WARNING] The resource http://localhost:3000/_next/static/css/app/layout.css?v=1775471450835 was preloaded using link preload but not used within a few seconds from the window's load event. Please make sure it has an appropriate `as` value and it is preloaded intentionally. @ http://localhost:3000/presentations/editor?id=pres-1775471431101-sgdeti:0
[  565151ms] [WARNING] The resource http://localhost:3000/_next/static/css/app/layout.css?v=1775471661338 was preloaded using link preload but not used within a few seconds from the window's load event. Please make sure it has an appropriate `as` value and it is preloaded intentionally. @ http://localhost:3000/presentations/editor?id=pres-1775471431101-sgdeti:0
[  565151ms] [WARNING] The resource http://localhost:3000/_next/static/css/app/layout.css?v=1775471535130 was preloaded using link preload but not used within a few seconds from the window's load event. Please make sure it has an appropriate `as` value and it is preloaded intentionally. @ http://localhost:3000/presentations/editor?id=pres-1775471431101-sgdeti:0
[  565151ms] [WARNING] The resource http://localhost:3000/_next/static/css/app/layout.css?v=1775471568302 was preloaded using link preload but not used within a few seconds from the window's load event. Please make sure it has an appropriate `as` value and it is preloaded intentionally. @ http://localhost:3000/presentations/editor?id=pres-1775471431101-sgdeti:0
[  565151ms] [WARNING] The resource http://localhost:3000/_next/static/css/app/layout.css?v=1775471562590 was preloaded using link preload but not used within a few seconds from the window's load event. Please make sure it has an appropriate `as` value and it is preloaded intentionally. @ http://localhost:3000/presentations/editor?id=pres-1775471431101-sgdeti:0
[  565151ms] [WARNING] The resource http://localhost:3000/_next/static/css/app/layout.css?v=1775471869116 was preloaded using link preload but not used within a few seconds from the window's load event. Please make sure it has an appropriate `as` value and it is preloaded intentionally. @ http://localhost:3000/presentations/editor?id=pres-1775471431101-sgdeti:0
[  565151ms] [WARNING] The resource http://localhost:3000/_next/static/css/app/layout.css?v=1775471959854 was preloaded using link preload but not used within a few seconds from the window's load event. Please make sure it has an appropriate `as` value and it is preloaded intentionally. @ http://localhost:3000/presentations/editor?id=pres-1775471431101-sgdeti:0
[  565151ms] [WARNING] The resource http://localhost:3000/_next/static/css/app/layout.css?v=1775471556664 was preloaded using link preload but not used within a few seconds from the window's load event. Please make sure it has an appropriate `as` value and it is preloaded intentionally. @ http://localhost:3000/presentations/editor?id=pres-1775471431101-sgdeti:0
[  565151ms] [WARNING] The resource http://localhost:3000/_next/static/css/app/layout.css?v=1775471816158 was preloaded using link preload but not used within a few seconds from the window's load event. Please make sure it has an appropriate `as` value and it is preloaded intentionally. @ http://localhost:3000/presentations/editor?id=pres-1775471431101-sgdeti:0
[  565151ms] [WARNING] The resource http://localhost:3000/_next/static/css/app/layout.css?v=1775471729904 was preloaded using link preload but not used within a few seconds from the window's load event. Please make sure it has an appropriate `as` value and it is preloaded intentionally. @ http://localhost:3000/presentations/editor?id=pres-1775471431101-sgdeti:0
[  565151ms] [WARNING] The resource http://localhost:3000/_next/static/css/app/layout.css?v=1775471567621 was preloaded using link preload but not used within a few seconds from the window's load event. Please make sure it has an appropriate `as` value and it is preloaded intentionally. @ http://localhost:3000/presentations/editor?id=pres-1775471431101-sgdeti:0
[  565151ms] [WARNING] The resource http://localhost:3000/_next/static/css/app/layout.css?v=1775471585701 was preloaded using link preload but not used within a few seconds from the window's load event. Please make sure it has an appropriate `as` value and it is preloaded intentionally. @ http://localhost:3000/presentations/editor?id=pres-1775471431101-sgdeti:0
[  565151ms] [WARNING] The resource http://localhost:3000/_next/static/css/app/layout.css?v=1775471545312 was preloaded using link preload but not used within a few seconds from the window's load event. Please make sure it has an appropriate `as` value and it is preloaded intentionally. @ http://localhost:3000/presentations/editor?id=pres-1775471431101-sgdeti:0
[  565151ms] [WARNING] The resource http://localhost:3000/_next/static/css/app/layout.css?v=1775471646780 was preloaded using link preload but not used within a few seconds from the window's load event. Please make sure it has an appropriate `as` value and it is preloaded intentionally. @ http://localhost:3000/presentations/editor?id=pres-1775471431101-sgdeti:0
[  565151ms] [WARNING] The resource http://localhost:3000/_next/static/css/app/layout.css?v=1775471464285 was preloaded using link preload but not used within a few seconds from the window's load event. Please make sure it has an appropriate `as` value and it is preloaded intentionally. @ http://localhost:3000/presentations/editor?id=pres-1775471431101-sgdeti:0
[  565151ms] [WARNING] The resource http://localhost:3000/_next/static/css/app/layout.css?v=1775471507381 was preloaded using link preload but not used within a few seconds from the window's load event. Please make sure it has an appropriate `as` value and it is preloaded intentionally. @ http://localhost:3000/presentations/editor?id=pres-1775471431101-sgdeti:0
[  565151ms] [WARNING] The resource http://localhost:3000/_next/static/css/app/layout.css?v=1775471818063 was preloaded using link preload but not used within a few seconds from the window's load event. Please make sure it has an appropriate `as` value and it is preloaded intentionally. @ http://localhost:3000/presentations/editor?id=pres-1775471431101-sgdeti:0
[  565151ms] [WARNING] The resource http://localhost:3000/_next/static/css/app/layout.css?v=1775471865203 was preloaded using link preload but not used within a few seconds from the window's load event. Please make sure it has an appropriate `as` value and it is preloaded intentionally. @ http://localhost:3000/presentations/editor?id=pres-1775471431101-sgdeti:0
[  565151ms] [WARNING] The resource http://localhost:3000/_next/static/css/app/layout.css?v=1775471503049 was preloaded using link preload but not used within a few seconds from the window's load event. Please make sure it has an appropriate `as` value and it is preloaded intentionally. @ http://localhost:3000/presentations/editor?id=pres-1775471431101-sgdeti:0
[  565151ms] [WARNING] The resource http://localhost:3000/_next/static/css/app/layout.css?v=1775471598245 was preloaded using link preload but not used within a few seconds from the window's load event. Please make sure it has an appropriate `as` value and it is preloaded intentionally. @ http://localhost:3000/presentations/editor?id=pres-1775471431101-sgdeti:0
[  565151ms] [WARNING] The resource http://localhost:3000/_next/static/css/app/layout.css?v=1775471457337 was preloaded using link preload but not used within a few seconds from the window's load event. Please make sure it has an appropriate `as` value and it is preloaded intentionally. @ http://localhost:3000/presentations/editor?id=pres-1775471431101-sgdeti:0
[  565151ms] [WARNING] The resource http://localhost:3000/_next/static/css/app/layout.css?v=1775471489971 was preloaded using link preload but not used within a few seconds from the window's load event. Please make sure it has an appropriate `as` value and it is preloaded intentionally. @ http://localhost:3000/presentations/editor?id=pres-1775471431101-sgdeti:0
[  565151ms] [WARNING] The resource http://localhost:3000/_next/static/css/app/layout.css?v=1775471540269 was preloaded using link preload but not used within a few seconds from the window's load event. Please make sure it has an appropriate `as` value and it is preloaded intentionally. @ http://localhost:3000/presentations/editor?id=pres-1775471431101-sgdeti:0
[  565151ms] [WARNING] The resource http://localhost:3000/_next/static/css/app/layout.css?v=1775471515321 was preloaded using link preload but not used within a few seconds from the window's load event. Please make sure it has an appropriate `as` value and it is preloaded intentionally. @ http://localhost:3000/presentations/editor?id=pres-1775471431101-sgdeti:0
[  565151ms] [WARNING] The resource http://localhost:3000/_next/static/css/app/layout.css?v=1775471944279 was preloaded using link preload but not used within a few seconds from the window's load event. Please make sure it has an appropriate `as` value and it is preloaded intentionally. @ http://localhost:3000/presentations/editor?id=pres-1775471431101-sgdeti:0
[  565151ms] [WARNING] The resource http://localhost:3000/_next/static/css/app/layout.css?v=1775471651913 was preloaded using link preload but not used within a few seconds from the window's load event. Please make sure it has an appropriate `as` value and it is preloaded intentionally. @ http://localhost:3000/presentations/editor?id=pres-1775471431101-sgdeti:0
[  565151ms] [WARNING] The resource http://localhost:3000/_next/static/css/app/layout.css?v=1775471612806 was preloaded using link preload but not used within a few seconds from the window's load event. Please make sure it has an appropriate `as` value and it is preloaded intentionally. @ http://localhost:3000/presentations/editor?id=pres-1775471431101-sgdeti:0
[  565151ms] [WARNING] The resource http://localhost:3000/_next/static/css/app/layout.css?v=1775471877828 was preloaded using link preload but not used within a few seconds from the window's load event. Please make sure it has an appropriate `as` value and it is preloaded intentionally. @ http://localhost:3000/presentations/editor?id=pres-1775471431101-sgdeti:0
[  565151ms] [WARNING] The resource http://localhost:3000/_next/static/css/app/layout.css?v=1775471531881 was preloaded using link preload but not used within a few seconds from the window's load event. Please make sure it has an appropriate `as` value and it is preloaded intentionally. @ http://localhost:3000/presentations/editor?id=pres-1775471431101-sgdeti:0
[  565151ms] [WARNING] The resource http://localhost:3000/_next/static/css/app/layout.css?v=1775471855123 was preloaded using link preload but not used within a few seconds from the window's load event. Please make sure it has an appropriate `as` value and it is preloaded intentionally. @ http://localhost:3000/presentations/editor?id=pres-1775471431101-sgdeti:0
[  565151ms] [WARNING] The resource http://localhost:3000/_next/static/css/app/layout.css?v=1775471872511 was preloaded using link preload but not used within a few seconds from the window's load event. Please make sure it has an appropriate `as` value and it is preloaded intentionally. @ http://localhost:3000/presentations/editor?id=pres-1775471431101-sgdeti:0
[  565151ms] [WARNING] The resource http://localhost:3000/_next/static/css/app/layout.css?v=1775471644119 was preloaded using link preload but not used within a few seconds from the window's load event. Please make sure it has an appropriate `as` value and it is preloaded intentionally. @ http://localhost:3000/presentations/editor?id=pres-1775471431101-sgdeti:0
[  565151ms] [WARNING] The resource http://localhost:3000/_next/static/css/app/layout.css?v=1775471700242 was preloaded using link preload but not used within a few seconds from the window's load event. Please make sure it has an appropriate `as` value and it is preloaded intentionally. @ http://localhost:3000/presentations/editor?id=pres-1775471431101-sgdeti:0
[  565151ms] [WARNING] The resource http://localhost:3000/_next/static/css/app/layout.css?v=1775471712005 was preloaded using link preload but not used within a few seconds from the window's load event. Please make sure it has an appropriate `as` value and it is preloaded intentionally. @ http://localhost:3000/presentations/editor?id=pres-1775471431101-sgdeti:0
[  565151ms] [WARNING] The resource http://localhost:3000/_next/static/css/app/layout.css?v=1775471680604 was preloaded using link preload but not used within a few seconds from the window's load event. Please make sure it has an appropriate `as` value and it is preloaded intentionally. @ http://localhost:3000/presentations/editor?id=pres-1775471431101-sgdeti:0
[  565151ms] [WARNING] The resource http://localhost:3000/_next/static/css/app/layout.css?v=1775471481610 was preloaded using link preload but not used within a few seconds from the window's load event. Please make sure it has an appropriate `as` value and it is preloaded intentionally. @ http://localhost:3000/presentations/editor?id=pres-1775471431101-sgdeti:0
[  565151ms] [WARNING] The resource http://localhost:3000/_next/static/css/app/layout.css?v=1775471461289 was preloaded using link preload but not used within a few seconds from the window's load event. Please make sure it has an appropriate `as` value and it is preloaded intentionally. @ http://localhost:3000/presentations/editor?id=pres-1775471431101-sgdeti:0
[  565151ms] [WARNING] The resource http://localhost:3000/_next/static/css/app/layout.css?v=1775471638826 was preloaded using link preload but not used within a few seconds from the window's load event. Please make sure it has an appropriate `as` value and it is preloaded intentionally. @ http://localhost:3000/presentations/editor?id=pres-1775471431101-sgdeti:0
[  565151ms] [WARNING] The resource http://localhost:3000/_next/static/css/app/layout.css?v=1775471781738 was preloaded using link preload but not used within a few seconds from the window's load event. Please make sure it has an appropriate `as` value and it is preloaded intentionally. @ http://localhost:3000/presentations/editor?id=pres-1775471431101-sgdeti:0
[  565151ms] [WARNING] The resource http://localhost:3000/_next/static/css/app/layout.css?v=1775471571540 was preloaded using link preload but not used within a few seconds from the window's load event. Please make sure it has an appropriate `as` value and it is preloaded intentionally. @ http://localhost:3000/presentations/editor?id=pres-1775471431101-sgdeti:0
[  565151ms] [WARNING] The resource http://localhost:3000/_next/static/css/app/layout.css?v=1775471575387 was preloaded using link preload but not used within a few seconds from the window's load event. Please make sure it has an appropriate `as` value and it is preloaded intentionally. @ http://localhost:3000/presentations/editor?id=pres-1775471431101-sgdeti:0
[  565151ms] [WARNING] The resource http://localhost:3000/_next/static/css/app/layout.css?v=1775471552870 was preloaded using link preload but not used within a few seconds from the window's load event. Please make sure it has an appropriate `as` value and it is preloaded intentionally. @ http://localhost:3000/presentations/editor?id=pres-1775471431101-sgdeti:0
[  565151ms] [WARNING] The resource http://localhost:3000/_next/static/css/app/layout.css?v=1775471863151 was preloaded using link preload but not used within a few seconds from the window's load event. Please make sure it has an appropriate `as` value and it is preloaded intentionally. @ http://localhost:3000/presentations/editor?id=pres-1775471431101-sgdeti:0
[  565151ms] [WARNING] The resource http://localhost:3000/_next/static/css/app/layout.css?v=1775471854424 was preloaded using link preload but not used within a few seconds from the window's load event. Please make sure it has an appropriate `as` value and it is preloaded intentionally. @ http://localhost:3000/presentations/editor?id=pres-1775471431101-sgdeti:0
[  565151ms] [WARNING] The resource http://localhost:3000/_next/static/css/app/layout.css?v=1775471615964 was preloaded using link preload but not used within a few seconds from the window's load event. Please make sure it has an appropriate `as` value and it is preloaded intentionally. @ http://localhost:3000/presentations/editor?id=pres-1775471431101-sgdeti:0
[  565151ms] [WARNING] The resource http://localhost:3000/_next/static/css/app/layout.css?v=1775471655612 was preloaded using link preload but not used within a few seconds from the window's load event. Please make sure it has an appropriate `as` value and it is preloaded intentionally. @ http://localhost:3000/presentations/editor?id=pres-1775471431101-sgdeti:0
[  565151ms] [WARNING] The resource http://localhost:3000/_next/static/css/app/layout.css?v=1775471626666 was preloaded using link preload but not used within a few seconds from the window's load event. Please make sure it has an appropriate `as` value and it is preloaded intentionally. @ http://localhost:3000/presentations/editor?id=pres-1775471431101-sgdeti:0
[  565151ms] [WARNING] The resource http://localhost:3000/_next/static/css/app/layout.css?v=1775471799346 was preloaded using link preload but not used within a few seconds from the window's load event. Please make sure it has an appropriate `as` value and it is preloaded intentionally. @ http://localhost:3000/presentations/editor?id=pres-1775471431101-sgdeti:0
[  565152ms] [WARNING] The resource http://localhost:3000/_next/static/css/app/layout.css?v=1775471450145 was preloaded using link preload but not used within a few seconds from the window's load event. Please make sure it has an appropriate `as` value and it is preloaded intentionally. @ http://localhost:3000/presentations/editor?id=pres-1775471431101-sgdeti:0
[  565152ms] [WARNING] The resource http://localhost:3000/_next/static/css/app/layout.css?v=1775471936303 was preloaded using link preload but not used within a few seconds from the window's load event. Please make sure it has an appropriate `as` value and it is preloaded intentionally. @ http://localhost:3000/presentations/editor?id=pres-1775471431101-sgdeti:0
[  565152ms] [WARNING] The resource http://localhost:3000/_next/static/css/app/layout.css?v=1775471658831 was preloaded using link preload but not used within a few seconds from the window's load event. Please make sure it has an appropriate `as` value and it is preloaded intentionally. @ http://localhost:3000/presentations/editor?id=pres-1775471431101-sgdeti:0
[  565152ms] [WARNING] The resource http://localhost:3000/_next/static/css/app/layout.css?v=1775471760254 was preloaded using link preload but not used within a few seconds from the window's load event. Please make sure it has an appropriate `as` value and it is preloaded intentionally. @ http://localhost:3000/presentations/editor?id=pres-1775471431101-sgdeti:0
[  565152ms] [WARNING] The resource http://localhost:3000/_next/static/css/app/layout.css?v=1775471664541 was preloaded using link preload but not used within a few seconds from the window's load event. Please make sure it has an appropriate `as` value and it is preloaded intentionally. @ http://localhost:3000/presentations/editor?id=pres-1775471431101-sgdeti:0
[  565152ms] [WARNING] The resource http://localhost:3000/_next/static/css/app/layout.css?v=1775471789697 was preloaded using link preload but not used within a few seconds from the window's load event. Please make sure it has an appropriate `as` value and it is preloaded intentionally. @ http://localhost:3000/presentations/editor?id=pres-1775471431101-sgdeti:0
[  565152ms] [WARNING] The resource http://localhost:3000/_next/static/css/app/layout.css?v=1775471814901 was preloaded using link preload but not used within a few seconds from the window's load event. Please make sure it has an appropriate `as` value and it is preloaded intentionally. @ http://localhost:3000/presentations/editor?id=pres-1775471431101-sgdeti:0
[  565152ms] [WARNING] The resource http://localhost:3000/_next/static/css/app/layout.css?v=1775471926352 was preloaded using link preload but not used within a few seconds from the window's load event. Please make sure it has an appropriate `as` value and it is preloaded intentionally. @ http://localhost:3000/presentations/editor?id=pres-1775471431101-sgdeti:0
[  565152ms] [WARNING] The resource http://localhost:3000/_next/static/css/app/layout.css?v=1775471474322 was preloaded using link preload but not used within a few seconds from the window's load event. Please make sure it has an appropriate `as` value and it is preloaded intentionally. @ http://localhost:3000/presentations/editor?id=pres-1775471431101-sgdeti:0
[  565152ms] [WARNING] The resource http://localhost:3000/_next/static/css/app/layout.css?v=1775471547179 was preloaded using link preload but not used within a few seconds from the window's load event. Please make sure it has an appropriate `as` value and it is preloaded intentionally. @ http://localhost:3000/presentations/editor?id=pres-1775471431101-sgdeti:0
[  565152ms] [WARNING] The resource http://localhost:3000/_next/static/css/app/layout.css?v=1775471644763 was preloaded using link preload but not used within a few seconds from the window's load event. Please make sure it has an appropriate `as` value and it is preloaded intentionally. @ http://localhost:3000/presentations/editor?id=pres-1775471431101-sgdeti:0
[  565152ms] [WARNING] The resource http://localhost:3000/_next/static/css/app/layout.css?v=1775471972843 was preloaded using link preload but not used within a few seconds from the window's load event. Please make sure it has an appropriate `as` value and it is preloaded intentionally. @ http://localhost:3000/presentations/editor?id=pres-1775471431101-sgdeti:0
[  565152ms] [WARNING] The resource http://localhost:3000/_next/static/css/app/layout.css?v=1775471493227 was preloaded using link preload but not used within a few seconds from the window's load event. Please make sure it has an appropriate `as` value and it is preloaded intentionally. @ http://localhost:3000/presentations/editor?id=pres-1775471431101-sgdeti:0
[  565152ms] [WARNING] The resource http://localhost:3000/_next/static/css/app/layout.css?v=1775471618042 was preloaded using link preload but not used within a few seconds from the window's load event. Please make sure it has an appropriate `as` value and it is preloaded intentionally. @ http://localhost:3000/presentations/editor?id=pres-1775471431101-sgdeti:0
[  565152ms] [WARNING] The resource http://localhost:3000/_next/static/css/app/layout.css?v=1775471779858 was preloaded using link preload but not used within a few seconds from the window's load event. Please make sure it has an appropriate `as` value and it is preloaded intentionally. @ http://localhost:3000/presentations/editor?id=pres-1775471431101-sgdeti:0
[  565152ms] [WARNING] The resource http://localhost:3000/_next/static/css/app/layout.css?v=1775471929893 was preloaded using link preload but not used within a few seconds from the window's load event. Please make sure it has an appropriate `as` value and it is preloaded intentionally. @ http://localhost:3000/presentations/editor?id=pres-1775471431101-sgdeti:0
[  565152ms] [WARNING] The resource http://localhost:3000/_next/static/css/app/layout.css?v=1775471794701 was preloaded using link preload but not used within a few seconds from the window's load event. Please make sure it has an appropriate `as` value and it is preloaded intentionally. @ http://localhost:3000/presentations/editor?id=pres-1775471431101-sgdeti:0
[  565152ms] [WARNING] The resource http://localhost:3000/_next/static/css/app/layout.css?v=1775471687626 was preloaded using link preload but not used within a few seconds from the window's load event. Please make sure it has an appropriate `as` value and it is preloaded intentionally. @ http://localhost:3000/presentations/editor?id=pres-1775471431101-sgdeti:0
[  565152ms] [WARNING] The resource http://localhost:3000/_next/static/css/app/layout.css?v=1775471584477 was preloaded using link preload but not used within a few seconds from the window's load event. Please make sure it has an appropriate `as` value and it is preloaded intentionally. @ http://localhost:3000/presentations/editor?id=pres-1775471431101-sgdeti:0
[  565152ms] [WARNING] The resource http://localhost:3000/_next/static/css/app/layout.css?v=1775471620987 was preloaded using link preload but not used within a few seconds from the window's load event. Please make sure it has an appropriate `as` value and it is preloaded intentionally. @ http://localhost:3000/presentations/editor?id=pres-1775471431101-sgdeti:0
[  565152ms] [WARNING] The resource http://localhost:3000/_next/static/css/app/layout.css?v=1775471667775 was preloaded using link preload but not used within a few seconds from the window's load event. Please make sure it has an appropriate `as` value and it is preloaded intentionally. @ http://localhost:3000/presentations/editor?id=pres-1775471431101-sgdeti:0
[  565152ms] [WARNING] The resource http://localhost:3000/_next/static/css/app/layout.css?v=1775471951282 was preloaded using link preload but not used within a few seconds from the window's load event. Please make sure it has an appropriate `as` value and it is preloaded intentionally. @ http://localhost:3000/presentations/editor?id=pres-1775471431101-sgdeti:0
[  565152ms] [WARNING] The resource http://localhost:3000/_next/static/css/app/layout.css?v=1775471614135 was preloaded using link preload but not used within a few seconds from the window's load event. Please make sure it has an appropriate `as` value and it is preloaded intentionally. @ http://localhost:3000/presentations/editor?id=pres-1775471431101-sgdeti:0
[  565152ms] [WARNING] The resource http://localhost:3000/_next/static/css/app/layout.css?v=1775471650537 was preloaded using link preload but not used within a few seconds from the window's load event. Please make sure it has an appropriate `as` value and it is preloaded intentionally. @ http://localhost:3000/presentations/editor?id=pres-1775471431101-sgdeti:0
[  565152ms] [WARNING] The resource http://localhost:3000/_next/static/css/app/layout.css?v=1775471681350 was preloaded using link preload but not used within a few seconds from the window's load event. Please make sure it has an appropriate `as` value and it is preloaded intentionally. @ http://localhost:3000/presentations/editor?id=pres-1775471431101-sgdeti:0
[  565152ms] [WARNING] The resource http://localhost:3000/_next/static/css/app/layout.css?v=1775471473685 was preloaded using link preload but not used within a few seconds from the window's load event. Please make sure it has an appropriate `as` value and it is preloaded intentionally. @ http://localhost:3000/presentations/editor?id=pres-1775471431101-sgdeti:0
[  565152ms] [WARNING] The resource http://localhost:3000/_next/static/css/app/layout.css?v=1775471795958 was preloaded using link preload but not used within a few seconds from the window's load event. Please make sure it has an appropriate `as` value and it is preloaded intentionally. @ http://localhost:3000/presentations/editor?id=pres-1775471431101-sgdeti:0
[  565152ms] [WARNING] The resource http://localhost:3000/_next/static/css/app/layout.css?v=1775471675523 was preloaded using link preload but not used within a few seconds from the window's load event. Please make sure it has an appropriate `as` value and it is preloaded intentionally. @ http://localhost:3000/presentations/editor?id=pres-1775471431101-sgdeti:0
[  565152ms] [WARNING] The resource http://localhost:3000/_next/static/css/app/layout.css?v=1775471607096 was preloaded using link preload but not used within a few seconds from the window's load event. Please make sure it has an appropriate `as` value and it is preloaded intentionally. @ http://localhost:3000/presentations/editor?id=pres-1775471431101-sgdeti:0
[  565152ms] [WARNING] The resource http://localhost:3000/_next/static/css/app/layout.css?v=1775471786319 was preloaded using link preload but not used within a few seconds from the window's load event. Please make sure it has an appropriate `as` value and it is preloaded intentionally. @ http://localhost:3000/presentations/editor?id=pres-1775471431101-sgdeti:0
[  565152ms] [WARNING] The resource http://localhost:3000/_next/static/css/app/layout.css?v=1775471826105 was preloaded using link preload but not used within a few seconds from the window's load event. Please make sure it has an appropriate `as` value and it is preloaded intentionally. @ http://localhost:3000/presentations/editor?id=pres-1775471431101-sgdeti:0
[  565152ms] [WARNING] The resource http://localhost:3000/_next/static/css/app/layout.css?v=1775471517396 was preloaded using link preload but not used within a few seconds from the window's load event. Please make sure it has an appropriate `as` value and it is preloaded intentionally. @ http://localhost:3000/presentations/editor?id=pres-1775471431101-sgdeti:0
[  565152ms] [WARNING] The resource http://localhost:3000/_next/static/css/app/layout.css?v=1775471642146 was preloaded using link preload but not used within a few seconds from the window's load event. Please make sure it has an appropriate `as` value and it is preloaded intentionally. @ http://localhost:3000/presentations/editor?id=pres-1775471431101-sgdeti:0
[  565152ms] [WARNING] The resource http://localhost:3000/_next/static/css/app/layout.css?v=1775471456703 was preloaded using link preload but not used within a few seconds from the window's load event. Please make sure it has an appropriate `as` value and it is preloaded intentionally. @ http://localhost:3000/presentations/editor?id=pres-1775471431101-sgdeti:0
[  565152ms] [WARNING] The resource http://localhost:3000/_next/static/css/app/layout.css?v=1775471642786 was preloaded using link preload but not used within a few seconds from the window's load event. Please make sure it has an appropriate `as` value and it is preloaded intentionally. @ http://localhost:3000/presentations/editor?id=pres-1775471431101-sgdeti:0
[  565152ms] [WARNING] The resource http://localhost:3000/_next/static/css/app/layout.css?v=1775471740818 was preloaded using link preload but not used within a few seconds from the window's load event. Please make sure it has an appropriate `as` value and it is preloaded intentionally. @ http://localhost:3000/presentations/editor?id=pres-1775471431101-sgdeti:0
[  565152ms] [WARNING] The resource http://localhost:3000/_next/static/css/app/layout.css?v=1775471946067 was preloaded using link preload but not used within a few seconds from the window's load event. Please make sure it has an appropriate `as` value and it is preloaded intentionally. @ http://localhost:3000/presentations/editor?id=pres-1775471431101-sgdeti:0
[  565152ms] [WARNING] The resource http://localhost:3000/_next/static/css/app/layout.css?v=1775471749092 was preloaded using link preload but not used within a few seconds from the window's load event. Please make sure it has an appropriate `as` value and it is preloaded intentionally. @ http://localhost:3000/presentations/editor?id=pres-1775471431101-sgdeti:0
[  565152ms] [WARNING] The resource http://localhost:3000/_next/static/css/app/layout.css?v=1775471663917 was preloaded using link preload but not used within a few seconds from the window's load event. Please make sure it has an appropriate `as` value and it is preloaded intentionally. @ http://localhost:3000/presentations/editor?id=pres-1775471431101-sgdeti:0
[  565152ms] [WARNING] The resource http://localhost:3000/_next/static/css/app/layout.css?v=1775471800525 was preloaded using link preload but not used within a few seconds from the window's load event. Please make sure it has an appropriate `as` value and it is preloaded intentionally. @ http://localhost:3000/presentations/editor?id=pres-1775471431101-sgdeti:0
[  565152ms] [WARNING] The resource http://localhost:3000/_next/static/css/app/layout.css?v=1775471512921 was preloaded using link preload but not used within a few seconds from the window's load event. Please make sure it has an appropriate `as` value and it is preloaded intentionally. @ http://localhost:3000/presentations/editor?id=pres-1775471431101-sgdeti:0
[  565152ms] [WARNING] The resource http://localhost:3000/_next/static/css/app/layout.css?v=1775471750490 was preloaded using link preload but not used within a few seconds from the window's load event. Please make sure it has an appropriate `as` value and it is preloaded intentionally. @ http://localhost:3000/presentations/editor?id=pres-1775471431101-sgdeti:0
[  565152ms] [WARNING] The resource http://localhost:3000/_next/static/css/app/layout.css?v=1775471805097 was preloaded using link preload but not used within a few seconds from the window's load event. Please make sure it has an appropriate `as` value and it is preloaded intentionally. @ http://localhost:3000/presentations/editor?id=pres-1775471431101-sgdeti:0
[  565152ms] [WARNING] The resource http://localhost:3000/_next/static/css/app/layout.css?v=1775471546573 was preloaded using link preload but not used within a few seconds from the window's load event. Please make sure it has an appropriate `as` value and it is preloaded intentionally. @ http://localhost:3000/presentations/editor?id=pres-1775471431101-sgdeti:0
[  565152ms] [WARNING] The resource http://localhost:3000/_next/static/css/app/layout.css?v=1775471868190 was preloaded using link preload but not used within a few seconds from the window's load event. Please make sure it has an appropriate `as` value and it is preloaded intentionally. @ http://localhost:3000/presentations/editor?id=pres-1775471431101-sgdeti:0
[  565152ms] [WARNING] The resource http://localhost:3000/_next/static/css/app/layout.css?v=1775471797800 was preloaded using link preload but not used within a few seconds from the window's load event. Please make sure it has an appropriate `as` value and it is preloaded intentionally. @ http://localhost:3000/presentations/editor?id=pres-1775471431101-sgdeti:0
[  565152ms] [WARNING] The resource http://localhost:3000/_next/static/css/app/layout.css?v=1775471717078 was preloaded using link preload but not used within a few seconds from the window's load event. Please make sure it has an appropriate `as` value and it is preloaded intentionally. @ http://localhost:3000/presentations/editor?id=pres-1775471431101-sgdeti:0
[  565152ms] [WARNING] The resource http://localhost:3000/_next/static/css/app/layout.css?v=1775471851184 was preloaded using link preload but not used within a few seconds from the window's load event. Please make sure it has an appropriate `as` value and it is preloaded intentionally. @ http://localhost:3000/presentations/editor?id=pres-1775471431101-sgdeti:0
[  565152ms] [WARNING] The resource http://localhost:3000/_next/static/css/app/layout.css?v=1775471609084 was preloaded using link preload but not used within a few seconds from the window's load event. Please make sure it has an appropriate `as` value and it is preloaded intentionally. @ http://localhost:3000/presentations/editor?id=pres-1775471431101-sgdeti:0
[  565152ms] [WARNING] The resource http://localhost:3000/_next/static/css/app/layout.css?v=1775471840659 was preloaded using link preload but not used within a few seconds from the window's load event. Please make sure it has an appropriate `as` value and it is preloaded intentionally. @ http://localhost:3000/presentations/editor?id=pres-1775471431101-sgdeti:0
[  565152ms] [WARNING] The resource http://localhost:3000/_next/static/css/app/layout.css?v=1775471659444 was preloaded using link preload but not used within a few seconds from the window's load event. Please make sure it has an appropriate `as` value and it is preloaded intentionally. @ http://localhost:3000/presentations/editor?id=pres-1775471431101-sgdeti:0
[  565152ms] [WARNING] The resource http://localhost:3000/_next/static/css/app/layout.css?v=1775471491973 was preloaded using link preload but not used within a few seconds from the window's load event. Please make sure it has an appropriate `as` value and it is preloaded intentionally. @ http://localhost:3000/presentations/editor?id=pres-1775471431101-sgdeti:0
[  565152ms] [WARNING] The resource http://localhost:3000/_next/static/css/app/layout.css?v=1775471765864 was preloaded using link preload but not used within a few seconds from the window's load event. Please make sure it has an appropriate `as` value and it is preloaded intentionally. @ http://localhost:3000/presentations/editor?id=pres-1775471431101-sgdeti:0
[  565153ms] [WARNING] The resource http://localhost:3000/_next/static/css/app/layout.css?v=1775471957766 was preloaded using link preload but not used within a few seconds from the window's load event. Please make sure it has an appropriate `as` value and it is preloaded intentionally. @ http://localhost:3000/presentations/editor?id=pres-1775471431101-sgdeti:0
[  565153ms] [WARNING] The resource http://localhost:3000/_next/static/css/app/layout.css?v=1775471491371 was preloaded using link preload but not used within a few seconds from the window's load event. Please make sure it has an appropriate `as` value and it is preloaded intentionally. @ http://localhost:3000/presentations/editor?id=pres-1775471431101-sgdeti:0
[  565153ms] [WARNING] The resource http://localhost:3000/_next/static/css/app/layout.css?v=1775471867159 was preloaded using link preload but not used within a few seconds from the window's load event. Please make sure it has an appropriate `as` value and it is preloaded intentionally. @ http://localhost:3000/presentations/editor?id=pres-1775471431101-sgdeti:0
[  565153ms] [WARNING] The resource http://localhost:3000/_next/static/css/app/layout.css?v=1775471459852 was preloaded using link preload but not used within a few seconds from the window's load event. Please make sure it has an appropriate `as` value and it is preloaded intentionally. @ http://localhost:3000/presentations/editor?id=pres-1775471431101-sgdeti:0
[  565153ms] [WARNING] The resource http://localhost:3000/_next/static/css/app/layout.css?v=1775471557923 was preloaded using link preload but not used within a few seconds from the window's load event. Please make sure it has an appropriate `as` value and it is preloaded intentionally. @ http://localhost:3000/presentations/editor?id=pres-1775471431101-sgdeti:0
[  565153ms] [WARNING] The resource http://localhost:3000/_next/static/css/app/layout.css?v=1775471961754 was preloaded using link preload but not used within a few seconds from the window's load event. Please make sure it has an appropriate `as` value and it is preloaded intentionally. @ http://localhost:3000/presentations/editor?id=pres-1775471431101-sgdeti:0
[  565153ms] [WARNING] The resource http://localhost:3000/_next/static/css/app/layout.css?v=1775471978113 was preloaded using link preload but not used within a few seconds from the window's load event. Please make sure it has an appropriate `as` value and it is preloaded intentionally. @ http://localhost:3000/presentations/editor?id=pres-1775471431101-sgdeti:0
[  565153ms] [WARNING] The resource http://localhost:3000/_next/static/css/app/layout.css?v=1775471940699 was preloaded using link preload but not used within a few seconds from the window's load event. Please make sure it has an appropriate `as` value and it is preloaded intentionally. @ http://localhost:3000/presentations/editor?id=pres-1775471431101-sgdeti:0
[  565153ms] [WARNING] The resource http://localhost:3000/_next/static/css/app/layout.css?v=1775471542086 was preloaded using link preload but not used within a few seconds from the window's load event. Please make sure it has an appropriate `as` value and it is preloaded intentionally. @ http://localhost:3000/presentations/editor?id=pres-1775471431101-sgdeti:0
[  565153ms] [WARNING] The resource http://localhost:3000/_next/static/css/app/layout.css?v=1775471692606 was preloaded using link preload but not used within a few seconds from the window's load event. Please make sure it has an appropriate `as` value and it is preloaded intentionally. @ http://localhost:3000/presentations/editor?id=pres-1775471431101-sgdeti:0
[  565153ms] [WARNING] The resource http://localhost:3000/_next/static/css/app/layout.css?v=1775471597021 was preloaded using link preload but not used within a few seconds from the window's load event. Please make sure it has an appropriate `as` value and it is preloaded intentionally. @ http://localhost:3000/presentations/editor?id=pres-1775471431101-sgdeti:0
[  565153ms] [WARNING] The resource http://localhost:3000/_next/static/css/app/layout.css?v=1775471763553 was preloaded using link preload but not used within a few seconds from the window's load event. Please make sure it has an appropriate `as` value and it is preloaded intentionally. @ http://localhost:3000/presentations/editor?id=pres-1775471431101-sgdeti:0
[  565153ms] [WARNING] The resource http://localhost:3000/_next/static/css/app/layout.css?v=1775471442508 was preloaded using link preload but not used within a few seconds from the window's load event. Please make sure it has an appropriate `as` value and it is preloaded intentionally. @ http://localhost:3000/presentations/editor?id=pres-1775471431101-sgdeti:0
[  565153ms] [WARNING] The resource http://localhost:3000/_next/static/css/app/layout.css?v=1775471674040 was preloaded using link preload but not used within a few seconds from the window's load event. Please make sure it has an appropriate `as` value and it is preloaded intentionally. @ http://localhost:3000/presentations/editor?id=pres-1775471431101-sgdeti:0
[  565153ms] [WARNING] The resource http://localhost:3000/_next/static/css/app/layout.css?v=1775471634385 was preloaded using link preload but not used within a few seconds from the window's load event. Please make sure it has an appropriate `as` value and it is preloaded intentionally. @ http://localhost:3000/presentations/editor?id=pres-1775471431101-sgdeti:0
[  565153ms] [WARNING] The resource http://localhost:3000/_next/static/css/app/layout.css?v=1775471499032 was preloaded using link preload but not used within a few seconds from the window's load event. Please make sure it has an appropriate `as` value and it is preloaded intentionally. @ http://localhost:3000/presentations/editor?id=pres-1775471431101-sgdeti:0
[  565153ms] [WARNING] The resource http://localhost:3000/_next/static/css/app/layout.css?v=1775471683820 was preloaded using link preload but not used within a few seconds from the window's load event. Please make sure it has an appropriate `as` value and it is preloaded intentionally. @ http://localhost:3000/presentations/editor?id=pres-1775471431101-sgdeti:0
[  565153ms] [WARNING] The resource http://localhost:3000/_next/static/css/app/layout.css?v=1775471713824 was preloaded using link preload but not used within a few seconds from the window's load event. Please make sure it has an appropriate `as` value and it is preloaded intentionally. @ http://localhost:3000/presentations/editor?id=pres-1775471431101-sgdeti:0
[  565153ms] [WARNING] The resource http://localhost:3000/_next/static/css/app/layout.css?v=1775471742044 was preloaded using link preload but not used within a few seconds from the window's load event. Please make sure it has an appropriate `as` value and it is preloaded intentionally. @ http://localhost:3000/presentations/editor?id=pres-1775471431101-sgdeti:0
[  565153ms] [WARNING] The resource http://localhost:3000/_next/static/css/app/layout.css?v=1775471496532 was preloaded using link preload but not used within a few seconds from the window's load event. Please make sure it has an appropriate `as` value and it is preloaded intentionally. @ http://localhost:3000/presentations/editor?id=pres-1775471431101-sgdeti:0
[  565153ms] [WARNING] The resource http://localhost:3000/_next/static/css/app/layout.css?v=1775471548426 was preloaded using link preload but not used within a few seconds from the window's load event. Please make sure it has an appropriate `as` value and it is preloaded intentionally. @ http://localhost:3000/presentations/editor?id=pres-1775471431101-sgdeti:0
[  565153ms] [WARNING] The resource http://localhost:3000/_next/static/css/app/layout.css?v=1775471480799 was preloaded using link preload but not used within a few seconds from the window's load event. Please make sure it has an appropriate `as` value and it is preloaded intentionally. @ http://localhost:3000/presentations/editor?id=pres-1775471431101-sgdeti:0
[  565153ms] [WARNING] The resource http://localhost:3000/_next/static/css/app/layout.css?v=1775471715830 was preloaded using link preload but not used within a few seconds from the window's load event. Please make sure it has an appropriate `as` value and it is preloaded intentionally. @ http://localhost:3000/presentations/editor?id=pres-1775471431101-sgdeti:0
[  565153ms] [WARNING] The resource http://localhost:3000/_next/static/css/app/layout.css?v=1775471601546 was preloaded using link preload but not used within a few seconds from the window's load event. Please make sure it has an appropriate `as` value and it is preloaded intentionally. @ http://localhost:3000/presentations/editor?id=pres-1775471431101-sgdeti:0
[  565153ms] [WARNING] The resource http://localhost:3000/_next/static/css/app/layout.css?v=1775471671591 was preloaded using link preload but not used within a few seconds from the window's load event. Please make sure it has an appropriate `as` value and it is preloaded intentionally. @ http://localhost:3000/presentations/editor?id=pres-1775471431101-sgdeti:0
[  565153ms] [WARNING] The resource http://localhost:3000/_next/static/css/app/layout.css?v=1775471810911 was preloaded using link preload but not used within a few seconds from the window's load event. Please make sure it has an appropriate `as` value and it is preloaded intentionally. @ http://localhost:3000/presentations/editor?id=pres-1775471431101-sgdeti:0
[  565153ms] [WARNING] The resource http://localhost:3000/_next/static/css/app/layout.css?v=1775471657618 was preloaded using link preload but not used within a few seconds from the window's load event. Please make sure it has an appropriate `as` value and it is preloaded intentionally. @ http://localhost:3000/presentations/editor?id=pres-1775471431101-sgdeti:0
[  565153ms] [WARNING] The resource http://localhost:3000/_next/static/css/app/layout.css?v=1775471708883 was preloaded using link preload but not used within a few seconds from the window's load event. Please make sure it has an appropriate `as` value and it is preloaded intentionally. @ http://localhost:3000/presentations/editor?id=pres-1775471431101-sgdeti:0
[  565153ms] [WARNING] The resource http://localhost:3000/_next/static/css/app/layout.css?v=1775471818679 was preloaded using link preload but not used within a few seconds from the window's load event. Please make sure it has an appropriate `as` value and it is preloaded intentionally. @ http://localhost:3000/presentations/editor?id=pres-1775471431101-sgdeti:0
[  565153ms] [WARNING] The resource http://localhost:3000/_next/static/css/app/layout.css?v=1775471828615 was preloaded using link preload but not used within a few seconds from the window's load event. Please make sure it has an appropriate `as` value and it is preloaded intentionally. @ http://localhost:3000/presentations/editor?id=pres-1775471431101-sgdeti:0
[  565153ms] [WARNING] The resource http://localhost:3000/_next/static/css/app/layout.css?v=1775471847267 was preloaded using link preload but not used within a few seconds from the window's load event. Please make sure it has an appropriate `as` value and it is preloaded intentionally. @ http://localhost:3000/presentations/editor?id=pres-1775471431101-sgdeti:0
[  565153ms] [WARNING] The resource http://localhost:3000/_next/static/css/app/layout.css?v=1775471582510 was preloaded using link preload but not used within a few seconds from the window's load event. Please make sure it has an appropriate `as` value and it is preloaded intentionally. @ http://localhost:3000/presentations/editor?id=pres-1775471431101-sgdeti:0
[  565153ms] [WARNING] The resource http://localhost:3000/_next/static/css/app/layout.css?v=1775471577865 was preloaded using link preload but not used within a few seconds from the window's load event. Please make sure it has an appropriate `as` value and it is preloaded intentionally. @ http://localhost:3000/presentations/editor?id=pres-1775471431101-sgdeti:0
[  565153ms] [WARNING] The resource http://localhost:3000/_next/static/css/app/layout.css?v=1775471695849 was preloaded using link preload but not used within a few seconds from the window's load event. Please make sure it has an appropriate `as` value and it is preloaded intentionally. @ http://localhost:3000/presentations/editor?id=pres-1775471431101-sgdeti:0
[  565153ms] [WARNING] The resource http://localhost:3000/_next/static/css/app/layout.css?v=1775471761641 was preloaded using link preload but not used within a few seconds from the window's load event. Please make sure it has an appropriate `as` value and it is preloaded intentionally. @ http://localhost:3000/presentations/editor?id=pres-1775471431101-sgdeti:0
[  565153ms] [WARNING] The resource http://localhost:3000/_next/static/css/app/layout.css?v=1775471591478 was preloaded using link preload but not used within a few seconds from the window's load event. Please make sure it has an appropriate `as` value and it is preloaded intentionally. @ http://localhost:3000/presentations/editor?id=pres-1775471431101-sgdeti:0
[  565153ms] [WARNING] The resource http://localhost:3000/_next/static/css/app/layout.css?v=1775471637565 was preloaded using link preload but not used within a few seconds from the window's load event. Please make sure it has an appropriate `as` value and it is preloaded intentionally. @ http://localhost:3000/presentations/editor?id=pres-1775471431101-sgdeti:0
[  565153ms] [WARNING] The resource http://localhost:3000/_next/static/css/app/layout.css?v=1775471463095 was preloaded using link preload but not used within a few seconds from the window's load event. Please make sure it has an appropriate `as` value and it is preloaded intentionally. @ http://localhost:3000/presentations/editor?id=pres-1775471431101-sgdeti:0
[  565153ms] [WARNING] The resource http://localhost:3000/_next/static/css/app/layout.css?v=1775471973489 was preloaded using link preload but not used within a few seconds from the window's load event. Please make sure it has an appropriate `as` value and it is preloaded intentionally. @ http://localhost:3000/presentations/editor?id=pres-1775471431101-sgdeti:0
[  565153ms] [WARNING] The resource http://localhost:3000/_next/static/css/app/layout.css?v=1775471687011 was preloaded using link preload but not used within a few seconds from the window's load event. Please make sure it has an appropriate `as` value and it is preloaded intentionally. @ http://localhost:3000/presentations/editor?id=pres-1775471431101-sgdeti:0
[  565153ms] [WARNING] The resource http://localhost:3000/_next/static/css/app/layout.css?v=1775471549167 was preloaded using link preload but not used within a few seconds from the window's load event. Please make sure it has an appropriate `as` value and it is preloaded intentionally. @ http://localhost:3000/presentations/editor?id=pres-1775471431101-sgdeti:0
[  565153ms] [WARNING] The resource http://localhost:3000/_next/static/css/app/layout.css?v=1775471714471 was preloaded using link preload but not used within a few seconds from the window's load event. Please make sure it has an appropriate `as` value and it is preloaded intentionally. @ http://localhost:3000/presentations/editor?id=pres-1775471431101-sgdeti:0
[  565153ms] [WARNING] The resource http://localhost:3000/_next/static/css/app/layout.css?v=1775471735075 was preloaded using link preload but not used within a few seconds from the window's load event. Please make sure it has an appropriate `as` value and it is preloaded intentionally. @ http://localhost:3000/presentations/editor?id=pres-1775471431101-sgdeti:0
[  565153ms] [WARNING] The resource http://localhost:3000/_next/static/css/app/layout.css?v=1775471850522 was preloaded using link preload but not used within a few seconds from the window's load event. Please make sure it has an appropriate `as` value and it is preloaded intentionally. @ http://localhost:3000/presentations/editor?id=pres-1775471431101-sgdeti:0
[  565153ms] [WARNING] The resource http://localhost:3000/_next/static/css/app/layout.css?v=1775471866215 was preloaded using link preload but not used within a few seconds from the window's load event. Please make sure it has an appropriate `as` value and it is preloaded intentionally. @ http://localhost:3000/presentations/editor?id=pres-1775471431101-sgdeti:0
[  565153ms] [WARNING] The resource http://localhost:3000/_next/static/css/app/layout.css?v=1775471455307 was preloaded using link preload but not used within a few seconds from the window's load event. Please make sure it has an appropriate `as` value and it is preloaded intentionally. @ http://localhost:3000/presentations/editor?id=pres-1775471431101-sgdeti:0
[  565153ms] [WARNING] The resource http://localhost:3000/_next/static/css/app/layout.css?v=1775471566500 was preloaded using link preload but not used within a few seconds from the window's load event. Please make sure it has an appropriate `as` value and it is preloaded intentionally. @ http://localhost:3000/presentations/editor?id=pres-1775471431101-sgdeti:0
[  565153ms] [WARNING] The resource http://localhost:3000/_next/static/css/app/layout.css?v=1775471801799 was preloaded using link preload but not used within a few seconds from the window's load event. Please make sure it has an appropriate `as` value and it is preloaded intentionally. @ http://localhost:3000/presentations/editor?id=pres-1775471431101-sgdeti:0
[  565153ms] [WARNING] The resource http://localhost:3000/_next/static/css/app/layout.css?v=1775471939317 was preloaded using link preload but not used within a few seconds from the window's load event. Please make sure it has an appropriate `as` value and it is preloaded intentionally. @ http://localhost:3000/presentations/editor?id=pres-1775471431101-sgdeti:0
[  565153ms] [WARNING] The resource http://localhost:3000/_next/static/css/app/layout.css?v=1775471657013 was preloaded using link preload but not used within a few seconds from the window's load event. Please make sure it has an appropriate `as` value and it is preloaded intentionally. @ http://localhost:3000/presentations/editor?id=pres-1775471431101-sgdeti:0
[  565153ms] [WARNING] The resource http://localhost:3000/_next/static/css/app/layout.css?v=1775471843091 was preloaded using link preload but not used within a few seconds from the window's load event. Please make sure it has an appropriate `as` value and it is preloaded intentionally. @ http://localhost:3000/presentations/editor?id=pres-1775471431101-sgdeti:0
[  565153ms] [WARNING] The resource http://localhost:3000/_next/static/css/app/layout.css?v=1775471725944 was preloaded using link preload but not used within a few seconds from the window's load event. Please make sure it has an appropriate `as` value and it is preloaded intentionally. @ http://localhost:3000/presentations/editor?id=pres-1775471431101-sgdeti:0
[  565153ms] [WARNING] The resource http://localhost:3000/_next/static/css/app/layout.css?v=1775471486823 was preloaded using link preload but not used within a few seconds from the window's load event. Please make sure it has an appropriate `as` value and it is preloaded intentionally. @ http://localhost:3000/presentations/editor?id=pres-1775471431101-sgdeti:0
[  565153ms] [WARNING] The resource http://localhost:3000/_next/static/css/app/layout.css?v=1775471736334 was preloaded using link preload but not used within a few seconds from the window's load event. Please make sure it has an appropriate `as` value and it is preloaded intentionally. @ http://localhost:3000/presentations/editor?id=pres-1775471431101-sgdeti:0
[  565153ms] [WARNING] The resource http://localhost:3000/_next/static/css/app/layout.css?v=1775471631250 was preloaded using link preload but not used within a few seconds from the window's load event. Please make sure it has an appropriate `as` value and it is preloaded intentionally. @ http://localhost:3000/presentations/editor?id=pres-1775471431101-sgdeti:0
[  565153ms] [WARNING] The resource http://localhost:3000/_next/static/css/app/layout.css?v=1775471844094 was preloaded using link preload but not used within a few seconds from the window's load event. Please make sure it has an appropriate `as` value and it is preloaded intentionally. @ http://localhost:3000/presentations/editor?id=pres-1775471431101-sgdeti:0
[  565153ms] [WARNING] The resource http://localhost:3000/_next/static/css/app/layout.css?v=1775471532526 was preloaded using link preload but not used within a few seconds from the window's load event. Please make sure it has an appropriate `as` value and it is preloaded intentionally. @ http://localhost:3000/presentations/editor?id=pres-1775471431101-sgdeti:0
[  565153ms] [WARNING] The resource http://localhost:3000/_next/static/css/app/layout.css?v=1775471952540 was preloaded using link preload but not used within a few seconds from the window's load event. Please make sure it has an appropriate `as` value and it is preloaded intentionally. @ http://localhost:3000/presentations/editor?id=pres-1775471431101-sgdeti:0
[  565153ms] [WARNING] The resource http://localhost:3000/_next/static/css/app/layout.css?v=1775471604027 was preloaded using link preload but not used within a few seconds from the window's load event. Please make sure it has an appropriate `as` value and it is preloaded intentionally. @ http://localhost:3000/presentations/editor?id=pres-1775471431101-sgdeti:0
[  565153ms] [WARNING] The resource http://localhost:3000/_next/static/css/app/layout.css?v=1775471460559 was preloaded using link preload but not used within a few seconds from the window's load event. Please make sure it has an appropriate `as` value and it is preloaded intentionally. @ http://localhost:3000/presentations/editor?id=pres-1775471431101-sgdeti:0
[  565154ms] [WARNING] The resource http://localhost:3000/_next/static/css/app/layout.css?v=1775471782977 was preloaded using link preload but not used within a few seconds from the window's load event. Please make sure it has an appropriate `as` value and it is preloaded intentionally. @ http://localhost:3000/presentations/editor?id=pres-1775471431101-sgdeti:0
[  565154ms] [WARNING] The resource http://localhost:3000/_next/static/css/app/layout.css?v=1775471544651 was preloaded using link preload but not used within a few seconds from the window's load event. Please make sure it has an appropriate `as` value and it is preloaded intentionally. @ http://localhost:3000/presentations/editor?id=pres-1775471431101-sgdeti:0
[  565154ms] [WARNING] The resource http://localhost:3000/_next/static/css/app/layout.css?v=1775471596408 was preloaded using link preload but not used within a few seconds from the window's load event. Please make sure it has an appropriate `as` value and it is preloaded intentionally. @ http://localhost:3000/presentations/editor?id=pres-1775471431101-sgdeti:0
[  565154ms] [WARNING] The resource http://localhost:3000/_next/static/css/app/layout.css?v=1775471728436 was preloaded using link preload but not used within a few seconds from the window's load event. Please make sure it has an appropriate `as` value and it is preloaded intentionally. @ http://localhost:3000/presentations/editor?id=pres-1775471431101-sgdeti:0
[  565154ms] [WARNING] The resource http://localhost:3000/_next/static/css/app/layout.css?v=1775471665164 was preloaded using link preload but not used within a few seconds from the window's load event. Please make sure it has an appropriate `as` value and it is preloaded intentionally. @ http://localhost:3000/presentations/editor?id=pres-1775471431101-sgdeti:0
[  565154ms] [WARNING] The resource http://localhost:3000/_next/static/css/app/layout.css?v=1775471615358 was preloaded using link preload but not used within a few seconds from the window's load event. Please make sure it has an appropriate `as` value and it is preloaded intentionally. @ http://localhost:3000/presentations/editor?id=pres-1775471431101-sgdeti:0
[  565154ms] [WARNING] The resource http://localhost:3000/_next/static/css/app/layout.css?v=1775471479515 was preloaded using link preload but not used within a few seconds from the window's load event. Please make sure it has an appropriate `as` value and it is preloaded intentionally. @ http://localhost:3000/presentations/editor?id=pres-1775471431101-sgdeti:0
[  565154ms] [WARNING] The resource http://localhost:3000/_next/static/css/app/layout.css?v=1775471860998 was preloaded using link preload but not used within a few seconds from the window's load event. Please make sure it has an appropriate `as` value and it is preloaded intentionally. @ http://localhost:3000/presentations/editor?id=pres-1775471431101-sgdeti:0
[  565154ms] [WARNING] The resource http://localhost:3000/_next/static/css/app/layout.css?v=1775471566396 was preloaded using link preload but not used within a few seconds from the window's load event. Please make sure it has an appropriate `as` value and it is preloaded intentionally. @ http://localhost:3000/presentations/editor?id=pres-1775471431101-sgdeti:0
[  565154ms] [WARNING] The resource http://localhost:3000/_next/static/css/app/layout.css?v=1775471527993 was preloaded using link preload but not used within a few seconds from the window's load event. Please make sure it has an appropriate `as` value and it is preloaded intentionally. @ http://localhost:3000/presentations/editor?id=pres-1775471431101-sgdeti:0
[  565154ms] [WARNING] The resource http://localhost:3000/_next/static/css/app/layout.css?v=1775471543317 was preloaded using link preload but not used within a few seconds from the window's load event. Please make sure it has an appropriate `as` value and it is preloaded intentionally. @ http://localhost:3000/presentations/editor?id=pres-1775471431101-sgdeti:0
[  565154ms] [WARNING] The resource http://localhost:3000/_next/static/css/app/layout.css?v=1775471553493 was preloaded using link preload but not used within a few seconds from the window's load event. Please make sure it has an appropriate `as` value and it is preloaded intentionally. @ http://localhost:3000/presentations/editor?id=pres-1775471431101-sgdeti:0
[  565154ms] [WARNING] The resource http://localhost:3000/_next/static/css/app/layout.css?v=1775471748447 was preloaded using link preload but not used within a few seconds from the window's load event. Please make sure it has an appropriate `as` value and it is preloaded intentionally. @ http://localhost:3000/presentations/editor?id=pres-1775471431101-sgdeti:0
[  565154ms] [WARNING] The resource http://localhost:3000/_next/static/css/app/layout.css?v=1775471490617 was preloaded using link preload but not used within a few seconds from the window's load event. Please make sure it has an appropriate `as` value and it is preloaded intentionally. @ http://localhost:3000/presentations/editor?id=pres-1775471431101-sgdeti:0
[  565154ms] [WARNING] The resource http://localhost:3000/_next/static/css/app/layout.css?v=1775471492613 was preloaded using link preload but not used within a few seconds from the window's load event. Please make sure it has an appropriate `as` value and it is preloaded intentionally. @ http://localhost:3000/presentations/editor?id=pres-1775471431101-sgdeti:0
[  565154ms] [WARNING] The resource http://localhost:3000/_next/static/css/app/layout.css?v=1775471851807 was preloaded using link preload but not used within a few seconds from the window's load event. Please make sure it has an appropriate `as` value and it is preloaded intentionally. @ http://localhost:3000/presentations/editor?id=pres-1775471431101-sgdeti:0
[  565154ms] [WARNING] The resource http://localhost:3000/_next/static/css/app/layout.css?v=1775471653753 was preloaded using link preload but not used within a few seconds from the window's load event. Please make sure it has an appropriate `as` value and it is preloaded intentionally. @ http://localhost:3000/presentations/editor?id=pres-1775471431101-sgdeti:0
[  565154ms] [WARNING] The resource http://localhost:3000/_next/static/css/app/layout.css?v=1775471722729 was preloaded using link preload but not used within a few seconds from the window's load event. Please make sure it has an appropriate `as` value and it is preloaded intentionally. @ http://localhost:3000/presentations/editor?id=pres-1775471431101-sgdeti:0
[  565154ms] [WARNING] The resource http://localhost:3000/_next/static/css/app/layout.css?v=1775471685028 was preloaded using link preload but not used within a few seconds from the window's load event. Please make sure it has an appropriate `as` value and it is preloaded intentionally. @ http://localhost:3000/presentations/editor?id=pres-1775471431101-sgdeti:0
[  565154ms] [WARNING] The resource http://localhost:3000/_next/static/css/app/layout.css?v=1775471892540 was preloaded using link preload but not used within a few seconds from the window's load event. Please make sure it has an appropriate `as` value and it is preloaded intentionally. @ http://localhost:3000/presentations/editor?id=pres-1775471431101-sgdeti:0
[  565154ms] [WARNING] The resource http://localhost:3000/_next/static/css/app/layout.css?v=1775471576722 was preloaded using link preload but not used within a few seconds from the window's load event. Please make sure it has an appropriate `as` value and it is preloaded intentionally. @ http://localhost:3000/presentations/editor?id=pres-1775471431101-sgdeti:0
[  565154ms] [WARNING] The resource http://localhost:3000/_next/static/css/app/layout.css?v=1775471674899 was preloaded using link preload but not used within a few seconds from the window's load event. Please make sure it has an appropriate `as` value and it is preloaded intentionally. @ http://localhost:3000/presentations/editor?id=pres-1775471431101-sgdeti:0
[  565154ms] [WARNING] The resource http://localhost:3000/_next/static/css/app/layout.css?v=1775471744722 was preloaded using link preload but not used within a few seconds from the window's load event. Please make sure it has an appropriate `as` value and it is preloaded intentionally. @ http://localhost:3000/presentations/editor?id=pres-1775471431101-sgdeti:0
[  565154ms] [WARNING] The resource http://localhost:3000/_next/static/css/app/layout.css?v=1775471948666 was preloaded using link preload but not used within a few seconds from the window's load event. Please make sure it has an appropriate `as` value and it is preloaded intentionally. @ http://localhost:3000/presentations/editor?id=pres-1775471431101-sgdeti:0
[  565154ms] [WARNING] The resource http://localhost:3000/_next/static/css/app/layout.css?v=1775471772727 was preloaded using link preload but not used within a few seconds from the window's load event. Please make sure it has an appropriate `as` value and it is preloaded intentionally. @ http://localhost:3000/presentations/editor?id=pres-1775471431101-sgdeti:0
[  565154ms] [WARNING] The resource http://localhost:3000/_next/static/css/app/layout.css?v=1775471769120 was preloaded using link preload but not used within a few seconds from the window's load event. Please make sure it has an appropriate `as` value and it is preloaded intentionally. @ http://localhost:3000/presentations/editor?id=pres-1775471431101-sgdeti:0
[  565154ms] [WARNING] The resource http://localhost:3000/_next/static/css/app/layout.css?v=1775471679325 was preloaded using link preload but not used within a few seconds from the window's load event. Please make sure it has an appropriate `as` value and it is preloaded intentionally. @ http://localhost:3000/presentations/editor?id=pres-1775471431101-sgdeti:0
[  565154ms] [WARNING] The resource http://localhost:3000/_next/static/css/app/layout.css?v=1775471569051 was preloaded using link preload but not used within a few seconds from the window's load event. Please make sure it has an appropriate `as` value and it is preloaded intentionally. @ http://localhost:3000/presentations/editor?id=pres-1775471431101-sgdeti:0
[  565154ms] [WARNING] The resource http://localhost:3000/_next/static/css/app/layout.css?v=1775471746598 was preloaded using link preload but not used within a few seconds from the window's load event. Please make sure it has an appropriate `as` value and it is preloaded intentionally. @ http://localhost:3000/presentations/editor?id=pres-1775471431101-sgdeti:0
[  565154ms] [WARNING] The resource http://localhost:3000/_next/static/css/app/layout.css?v=1775471685663 was preloaded using link preload but not used within a few seconds from the window's load event. Please make sure it has an appropriate `as` value and it is preloaded intentionally. @ http://localhost:3000/presentations/editor?id=pres-1775471431101-sgdeti:0
[  565154ms] [WARNING] The resource http://localhost:3000/_next/static/css/app/layout.css?v=1775471478889 was preloaded using link preload but not used within a few seconds from the window's load event. Please make sure it has an appropriate `as` value and it is preloaded intentionally. @ http://localhost:3000/presentations/editor?id=pres-1775471431101-sgdeti:0
[  565154ms] [WARNING] The resource http://localhost:3000/_next/static/css/app/layout.css?v=1775471502302 was preloaded using link preload but not used within a few seconds from the window's load event. Please make sure it has an appropriate `as` value and it is preloaded intentionally. @ http://localhost:3000/presentations/editor?id=pres-1775471431101-sgdeti:0
[  565154ms] [WARNING] The resource http://localhost:3000/_next/static/css/app/layout.css?v=1775471493852 was preloaded using link preload but not used within a few seconds from the window's load event. Please make sure it has an appropriate `as` value and it is preloaded intentionally. @ http://localhost:3000/presentations/editor?id=pres-1775471431101-sgdeti:0
[  565154ms] [WARNING] The resource http://localhost:3000/_next/static/css/app/layout.css?v=1775471706902 was preloaded using link preload but not used within a few seconds from the window's load event. Please make sure it has an appropriate `as` value and it is preloaded intentionally. @ http://localhost:3000/presentations/editor?id=pres-1775471431101-sgdeti:0
[  565154ms] [WARNING] The resource http://localhost:3000/_next/static/css/app/layout.css?v=1775471533771 was preloaded using link preload but not used within a few seconds from the window's load event. Please make sure it has an appropriate `as` value and it is preloaded intentionally. @ http://localhost:3000/presentations/editor?id=pres-1775471431101-sgdeti:0
[  565154ms] [WARNING] The resource http://localhost:3000/_next/static/css/app/layout.css?v=1775471495258 was preloaded using link preload but not used within a few seconds from the window's load event. Please make sure it has an appropriate `as` value and it is preloaded intentionally. @ http://localhost:3000/presentations/editor?id=pres-1775471431101-sgdeti:0
[  565154ms] [WARNING] The resource http://localhost:3000/_next/static/css/app/layout.css?v=1775471603399 was preloaded using link preload but not used within a few seconds from the window's load event. Please make sure it has an appropriate `as` value and it is preloaded intentionally. @ http://localhost:3000/presentations/editor?id=pres-1775471431101-sgdeti:0
[  565154ms] [WARNING] The resource http://localhost:3000/_next/static/css/app/layout.css?v=1775471770238 was preloaded using link preload but not used within a few seconds from the window's load event. Please make sure it has an appropriate `as` value and it is preloaded intentionally. @ http://localhost:3000/presentations/editor?id=pres-1775471431101-sgdeti:0
[  565154ms] [WARNING] The resource http://localhost:3000/_next/static/css/app/layout.css?v=1775471751267 was preloaded using link preload but not used within a few seconds from the window's load event. Please make sure it has an appropriate `as` value and it is preloaded intentionally. @ http://localhost:3000/presentations/editor?id=pres-1775471431101-sgdeti:0
[  565154ms] [WARNING] The resource http://localhost:3000/_next/static/css/app/layout.css?v=1775471925300 was preloaded using link preload but not used within a few seconds from the window's load event. Please make sure it has an appropriate `as` value and it is preloaded intentionally. @ http://localhost:3000/presentations/editor?id=pres-1775471431101-sgdeti:0
[  565154ms] [WARNING] The resource http://localhost:3000/_next/static/css/app/layout.css?v=1775471539639 was preloaded using link preload but not used within a few seconds from the window's load event. Please make sure it has an appropriate `as` value and it is preloaded intentionally. @ http://localhost:3000/presentations/editor?id=pres-1775471431101-sgdeti:0
[  565154ms] [WARNING] The resource http://localhost:3000/_next/static/css/app/layout.css?v=1775471570914 was preloaded using link preload but not used within a few seconds from the window's load event. Please make sure it has an appropriate `as` value and it is preloaded intentionally. @ http://localhost:3000/presentations/editor?id=pres-1775471431101-sgdeti:0
[  565154ms] [WARNING] The resource http://localhost:3000/_next/static/css/app/layout.css?v=1775471608448 was preloaded using link preload but not used within a few seconds from the window's load event. Please make sure it has an appropriate `as` value and it is preloaded intentionally. @ http://localhost:3000/presentations/editor?id=pres-1775471431101-sgdeti:0
[  565154ms] [WARNING] The resource http://localhost:3000/_next/static/css/app/layout.css?v=1775471528598 was preloaded using link preload but not used within a few seconds from the window's load event. Please make sure it has an appropriate `as` value and it is preloaded intentionally. @ http://localhost:3000/presentations/editor?id=pres-1775471431101-sgdeti:0
[  565154ms] [WARNING] The resource http://localhost:3000/_next/static/css/app/layout.css?v=1775471628686 was preloaded using link preload but not used within a few seconds from the window's load event. Please make sure it has an appropriate `as` value and it is preloaded intentionally. @ http://localhost:3000/presentations/editor?id=pres-1775471431101-sgdeti:0
[  565154ms] [WARNING] The resource http://localhost:3000/_next/static/css/app/layout.css?v=1775471806355 was preloaded using link preload but not used within a few seconds from the window's load event. Please make sure it has an appropriate `as` value and it is preloaded intentionally. @ http://localhost:3000/presentations/editor?id=pres-1775471431101-sgdeti:0
[  565154ms] [WARNING] The resource http://localhost:3000/_next/static/css/app/layout.css?v=1775471448276 was preloaded using link preload but not used within a few seconds from the window's load event. Please make sure it has an appropriate `as` value and it is preloaded intentionally. @ http://localhost:3000/presentations/editor?id=pres-1775471431101-sgdeti:0
[  565154ms] [WARNING] The resource http://localhost:3000/_next/static/css/app/layout.css?v=1775471760942 was preloaded using link preload but not used within a few seconds from the window's load event. Please make sure it has an appropriate `as` value and it is preloaded intentionally. @ http://localhost:3000/presentations/editor?id=pres-1775471431101-sgdeti:0
[  565154ms] [WARNING] The resource http://localhost:3000/_next/static/css/app/layout.css?v=1775471898818 was preloaded using link preload but not used within a few seconds from the window's load event. Please make sure it has an appropriate `as` value and it is preloaded intentionally. @ http://localhost:3000/presentations/editor?id=pres-1775471431101-sgdeti:0
[  565154ms] [WARNING] The resource http://localhost:3000/_next/static/css/app/layout.css?v=1775471820807 was preloaded using link preload but not used within a few seconds from the window's load event. Please make sure it has an appropriate `as` value and it is preloaded intentionally. @ http://localhost:3000/presentations/editor?id=pres-1775471431101-sgdeti:0
[  565154ms] [WARNING] The resource http://localhost:3000/_next/static/css/app/layout.css?v=1775471520738 was preloaded using link preload but not used within a few seconds from the window's load event. Please make sure it has an appropriate `as` value and it is preloaded intentionally. @ http://localhost:3000/presentations/editor?id=pres-1775471431101-sgdeti:0
[  565154ms] [WARNING] The resource http://localhost:3000/_next/static/css/app/layout.css?v=1775471693842 was preloaded using link preload but not used within a few seconds from the window's load event. Please make sure it has an appropriate `as` value and it is preloaded intentionally. @ http://localhost:3000/presentations/editor?id=pres-1775471431101-sgdeti:0
[  565154ms] [WARNING] The resource http://localhost:3000/_next/static/css/app/layout.css?v=1775471622268 was preloaded using link preload but not used within a few seconds from the window's load event. Please make sure it has an appropriate `as` value and it is preloaded intentionally. @ http://localhost:3000/presentations/editor?id=pres-1775471431101-sgdeti:0
[  565154ms] [WARNING] The resource http://localhost:3000/_next/static/css/app/layout.css?v=1775471785083 was preloaded using link preload but not used within a few seconds from the window's load event. Please make sure it has an appropriate `as` value and it is preloaded intentionally. @ http://localhost:3000/presentations/editor?id=pres-1775471431101-sgdeti:0
[  565154ms] [WARNING] The resource http://localhost:3000/_next/static/css/app/layout.css?v=1775471501681 was preloaded using link preload but not used within a few seconds from the window's load event. Please make sure it has an appropriate `as` value and it is preloaded intentionally. @ http://localhost:3000/presentations/editor?id=pres-1775471431101-sgdeti:0
[  565154ms] [WARNING] The resource http://localhost:3000/_next/static/css/app/layout.css?v=1775471822807 was preloaded using link preload but not used within a few seconds from the window's load event. Please make sure it has an appropriate `as` value and it is preloaded intentionally. @ http://localhost:3000/presentations/editor?id=pres-1775471431101-sgdeti:0
[  565154ms] [WARNING] The resource http://localhost:3000/_next/static/css/app/layout.css?v=1775471735704 was preloaded using link preload but not used within a few seconds from the window's load event. Please make sure it has an appropriate `as` value and it is preloaded intentionally. @ http://localhost:3000/presentations/editor?id=pres-1775471431101-sgdeti:0
[  565154ms] [WARNING] The resource http://localhost:3000/_next/static/css/app/layout.css?v=1775471679949 was preloaded using link preload but not used within a few seconds from the window's load event. Please make sure it has an appropriate `as` value and it is preloaded intentionally. @ http://localhost:3000/presentations/editor?id=pres-1775471431101-sgdeti:0
[  565154ms] [WARNING] The resource http://localhost:3000/_next/static/css/app/layout.css?v=1775471819342 was preloaded using link preload but not used within a few seconds from the window's load event. Please make sure it has an appropriate `as` value and it is preloaded intentionally. @ http://localhost:3000/presentations/editor?id=pres-1775471431101-sgdeti:0
[  565155ms] [WARNING] The resource http://localhost:3000/_next/static/css/app/layout.css?v=1775471968225 was preloaded using link preload but not used within a few seconds from the window's load event. Please make sure it has an appropriate `as` value and it is preloaded intentionally. @ http://localhost:3000/presentations/editor?id=pres-1775471431101-sgdeti:0
[  565155ms] [WARNING] The resource http://localhost:3000/_next/static/css/app/layout.css?v=1775471899660 was preloaded using link preload but not used within a few seconds from the window's load event. Please make sure it has an appropriate `as` value and it is preloaded intentionally. @ http://localhost:3000/presentations/editor?id=pres-1775471431101-sgdeti:0
[  565155ms] [WARNING] The resource http://localhost:3000/_next/static/css/app/layout.css?v=1775471939983 was preloaded using link preload but not used within a few seconds from the window's load event. Please make sure it has an appropriate `as` value and it is preloaded intentionally. @ http://localhost:3000/presentations/editor?id=pres-1775471431101-sgdeti:0
[  565155ms] [WARNING] The resource http://localhost:3000/_next/static/css/app/layout.css?v=1775471788205 was preloaded using link preload but not used within a few seconds from the window's load event. Please make sure it has an appropriate `as` value and it is preloaded intentionally. @ http://localhost:3000/presentations/editor?id=pres-1775471431101-sgdeti:0
[  565155ms] [WARNING] The resource http://localhost:3000/_next/static/css/app/layout.css?v=1775471482270 was preloaded using link preload but not used within a few seconds from the window's load event. Please make sure it has an appropriate `as` value and it is preloaded intentionally. @ http://localhost:3000/presentations/editor?id=pres-1775471431101-sgdeti:0
[  565155ms] [WARNING] The resource http://localhost:3000/_next/static/css/app/layout.css?v=1775471549810 was preloaded using link preload but not used within a few seconds from the window's load event. Please make sure it has an appropriate `as` value and it is preloaded intentionally. @ http://localhost:3000/presentations/editor?id=pres-1775471431101-sgdeti:0
[  565155ms] [WARNING] The resource http://localhost:3000/_next/static/css/app/layout.css?v=1775471593241 was preloaded using link preload but not used within a few seconds from the window's load event. Please make sure it has an appropriate `as` value and it is preloaded intentionally. @ http://localhost:3000/presentations/editor?id=pres-1775471431101-sgdeti:0
[  565155ms] [WARNING] The resource http://localhost:3000/_next/static/css/app/layout.css?v=1775471698918 was preloaded using link preload but not used within a few seconds from the window's load event. Please make sure it has an appropriate `as` value and it is preloaded intentionally. @ http://localhost:3000/presentations/editor?id=pres-1775471431101-sgdeti:0
[  565155ms] [WARNING] The resource http://localhost:3000/_next/static/css/app/layout.css?v=1775471805733 was preloaded using link preload but not used within a few seconds from the window's load event. Please make sure it has an appropriate `as` value and it is preloaded intentionally. @ http://localhost:3000/presentations/editor?id=pres-1775471431101-sgdeti:0
[  565155ms] [WARNING] The resource http://localhost:3000/_next/static/css/app/layout.css?v=1775471910102 was preloaded using link preload but not used within a few seconds from the window's load event. Please make sure it has an appropriate `as` value and it is preloaded intentionally. @ http://localhost:3000/presentations/editor?id=pres-1775471431101-sgdeti:0
[  565155ms] [WARNING] The resource http://localhost:3000/_next/static/css/app/layout.css?v=1775471976531 was preloaded using link preload but not used within a few seconds from the window's load event. Please make sure it has an appropriate `as` value and it is preloaded intentionally. @ http://localhost:3000/presentations/editor?id=pres-1775471431101-sgdeti:0
[  565155ms] [WARNING] The resource http://localhost:3000/_next/static/css/app/layout.css?v=1775471622954 was preloaded using link preload but not used within a few seconds from the window's load event. Please make sure it has an appropriate `as` value and it is preloaded intentionally. @ http://localhost:3000/presentations/editor?id=pres-1775471431101-sgdeti:0
[  565155ms] [WARNING] The resource http://localhost:3000/_next/static/css/app/layout.css?v=1775471752414 was preloaded using link preload but not used within a few seconds from the window's load event. Please make sure it has an appropriate `as` value and it is preloaded intentionally. @ http://localhost:3000/presentations/editor?id=pres-1775471431101-sgdeti:0
[  565155ms] [WARNING] The resource http://localhost:3000/_next/static/css/app/layout.css?v=1775471626056 was preloaded using link preload but not used within a few seconds from the window's load event. Please make sure it has an appropriate `as` value and it is preloaded intentionally. @ http://localhost:3000/presentations/editor?id=pres-1775471431101-sgdeti:0
[  565155ms] [WARNING] The resource http://localhost:3000/_next/static/css/app/layout.css?v=1775471798456 was preloaded using link preload but not used within a few seconds from the window's load event. Please make sure it has an appropriate `as` value and it is preloaded intentionally. @ http://localhost:3000/presentations/editor?id=pres-1775471431101-sgdeti:0
[  565155ms] [WARNING] The resource http://localhost:3000/_next/static/css/app/layout.css?v=1775471938530 was preloaded using link preload but not used within a few seconds from the window's load event. Please make sure it has an appropriate `as` value and it is preloaded intentionally. @ http://localhost:3000/presentations/editor?id=pres-1775471431101-sgdeti:0
[  565155ms] [WARNING] The resource http://localhost:3000/_next/static/css/app/layout.css?v=1775471572152 was preloaded using link preload but not used within a few seconds from the window's load event. Please make sure it has an appropriate `as` value and it is preloaded intentionally. @ http://localhost:3000/presentations/editor?id=pres-1775471431101-sgdeti:0
[  565155ms] [WARNING] The resource http://localhost:3000/_next/static/css/app/layout.css?v=1775471791483 was preloaded using link preload but not used within a few seconds from the window's load event. Please make sure it has an appropriate `as` value and it is preloaded intentionally. @ http://localhost:3000/presentations/editor?id=pres-1775471431101-sgdeti:0
[  565155ms] [WARNING] The resource http://localhost:3000/_next/static/css/app/layout.css?v=1775471829965 was preloaded using link preload but not used within a few seconds from the window's load event. Please make sure it has an appropriate `as` value and it is preloaded intentionally. @ http://localhost:3000/presentations/editor?id=pres-1775471431101-sgdeti:0
[  565155ms] [WARNING] The resource http://localhost:3000/_next/static/css/app/layout.css?v=1775471924331 was preloaded using link preload but not used within a few seconds from the window's load event. Please make sure it has an appropriate `as` value and it is preloaded intentionally. @ http://localhost:3000/presentations/editor?id=pres-1775471431101-sgdeti:0
[  565155ms] [WARNING] The resource http://localhost:3000/_next/static/css/app/layout.css?v=1775471723339 was preloaded using link preload but not used within a few seconds from the window's load event. Please make sure it has an appropriate `as` value and it is preloaded intentionally. @ http://localhost:3000/presentations/editor?id=pres-1775471431101-sgdeti:0
[  565155ms] [WARNING] The resource http://localhost:3000/_next/static/css/app/layout.css?v=1775471542704 was preloaded using link preload but not used within a few seconds from the window's load event. Please make sure it has an appropriate `as` value and it is preloaded intentionally. @ http://localhost:3000/presentations/editor?id=pres-1775471431101-sgdeti:0
[  565155ms] [WARNING] The resource http://localhost:3000/_next/static/css/app/layout.css?v=1775471476434 was preloaded using link preload but not used within a few seconds from the window's load event. Please make sure it has an appropriate `as` value and it is preloaded intentionally. @ http://localhost:3000/presentations/editor?id=pres-1775471431101-sgdeti:0
[  565155ms] [WARNING] The resource http://localhost:3000/_next/static/css/app/layout.css?v=1775471713229 was preloaded using link preload but not used within a few seconds from the window's load event. Please make sure it has an appropriate `as` value and it is preloaded intentionally. @ http://localhost:3000/presentations/editor?id=pres-1775471431101-sgdeti:0
[  565155ms] [WARNING] The resource http://localhost:3000/_next/static/css/app/layout.css?v=1775471536381 was preloaded using link preload but not used within a few seconds from the window's load event. Please make sure it has an appropriate `as` value and it is preloaded intentionally. @ http://localhost:3000/presentations/editor?id=pres-1775471431101-sgdeti:0
[  565155ms] [WARNING] The resource http://localhost:3000/_next/static/css/app/layout.css?v=1775471701726 was preloaded using link preload but not used within a few seconds from the window's load event. Please make sure it has an appropriate `as` value and it is preloaded intentionally. @ http://localhost:3000/presentations/editor?id=pres-1775471431101-sgdeti:0
[  565155ms] [WARNING] The resource http://localhost:3000/_next/static/css/app/layout.css?v=1775471563909 was preloaded using link preload but not used within a few seconds from the window's load event. Please make sure it has an appropriate `as` value and it is preloaded intentionally. @ http://localhost:3000/presentations/editor?id=pres-1775471431101-sgdeti:0
[  565155ms] [WARNING] The resource http://localhost:3000/_next/static/css/app/layout.css?v=1775471634996 was preloaded using link preload but not used within a few seconds from the window's load event. Please make sure it has an appropriate `as` value and it is preloaded intentionally. @ http://localhost:3000/presentations/editor?id=pres-1775471431101-sgdeti:0
[  565155ms] [WARNING] The resource http://localhost:3000/_next/static/css/app/layout.css?v=1775471677615 was preloaded using link preload but not used within a few seconds from the window's load event. Please make sure it has an appropriate `as` value and it is preloaded intentionally. @ http://localhost:3000/presentations/editor?id=pres-1775471431101-sgdeti:0
[  565155ms] [WARNING] The resource http://localhost:3000/_next/static/css/app/layout.css?v=1775471561363 was preloaded using link preload but not used within a few seconds from the window's load event. Please make sure it has an appropriate `as` value and it is preloaded intentionally. @ http://localhost:3000/presentations/editor?id=pres-1775471431101-sgdeti:0
[  565155ms] [WARNING] The resource http://localhost:3000/_next/static/css/app/layout.css?v=1775471971577 was preloaded using link preload but not used within a few seconds from the window's load event. Please make sure it has an appropriate `as` value and it is preloaded intentionally. @ http://localhost:3000/presentations/editor?id=pres-1775471431101-sgdeti:0
[  565155ms] [WARNING] The resource http://localhost:3000/_next/static/css/app/layout.css?v=1775471900334 was preloaded using link preload but not used within a few seconds from the window's load event. Please make sure it has an appropriate `as` value and it is preloaded intentionally. @ http://localhost:3000/presentations/editor?id=pres-1775471431101-sgdeti:0
[  565155ms] [WARNING] The resource http://localhost:3000/_next/static/css/app/layout.css?v=1775471530020 was preloaded using link preload but not used within a few seconds from the window's load event. Please make sure it has an appropriate `as` value and it is preloaded intentionally. @ http://localhost:3000/presentations/editor?id=pres-1775471431101-sgdeti:0
[  565155ms] [WARNING] The resource http://localhost:3000/_next/static/css/app/layout.css?v=1775471633170 was preloaded using link preload but not used within a few seconds from the window's load event. Please make sure it has an appropriate `as` value and it is preloaded intentionally. @ http://localhost:3000/presentations/editor?id=pres-1775471431101-sgdeti:0
[  565155ms] [WARNING] The resource http://localhost:3000/_next/static/css/app/layout.css?v=1775471707531 was preloaded using link preload but not used within a few seconds from the window's load event. Please make sure it has an appropriate `as` value and it is preloaded intentionally. @ http://localhost:3000/presentations/editor?id=pres-1775471431101-sgdeti:0
[  565155ms] [WARNING] The resource http://localhost:3000/_next/static/css/app/layout.css?v=1775471935356 was preloaded using link preload but not used within a few seconds from the window's load event. Please make sure it has an appropriate `as` value and it is preloaded intentionally. @ http://localhost:3000/presentations/editor?id=pres-1775471431101-sgdeti:0
[  565155ms] [WARNING] The resource http://localhost:3000/_next/static/css/app/layout.css?v=1775471458604 was preloaded using link preload but not used within a few seconds from the window's load event. Please make sure it has an appropriate `as` value and it is preloaded intentionally. @ http://localhost:3000/presentations/editor?id=pres-1775471431101-sgdeti:0
[  565155ms] [WARNING] The resource http://localhost:3000/_next/static/css/app/layout.css?v=1775471676864 was preloaded using link preload but not used within a few seconds from the window's load event. Please make sure it has an appropriate `as` value and it is preloaded intentionally. @ http://localhost:3000/presentations/editor?id=pres-1775471431101-sgdeti:0
[  565155ms] [WARNING] The resource http://localhost:3000/_next/static/css/app/layout.css?v=1775471653145 was preloaded using link preload but not used within a few seconds from the window's load event. Please make sure it has an appropriate `as` value and it is preloaded intentionally. @ http://localhost:3000/presentations/editor?id=pres-1775471431101-sgdeti:0
[  565155ms] [WARNING] The resource http://localhost:3000/_next/static/css/app/layout.css?v=1775471871407 was preloaded using link preload but not used within a few seconds from the window's load event. Please make sure it has an appropriate `as` value and it is preloaded intentionally. @ http://localhost:3000/presentations/editor?id=pres-1775471431101-sgdeti:0
[  565155ms] [WARNING] The resource http://localhost:3000/_next/static/css/app/layout.css?v=1775471617898 was preloaded using link preload but not used within a few seconds from the window's load event. Please make sure it has an appropriate `as` value and it is preloaded intentionally. @ http://localhost:3000/presentations/editor?id=pres-1775471431101-sgdeti:0
[  565155ms] [WARNING] The resource http://localhost:3000/_next/static/css/app/layout.css?v=1775471956531 was preloaded using link preload but not used within a few seconds from the window's load event. Please make sure it has an appropriate `as` value and it is preloaded intentionally. @ http://localhost:3000/presentations/editor?id=pres-1775471431101-sgdeti:0
[  565155ms] [WARNING] The resource http://localhost:3000/_next/static/css/app/layout.css?v=1775471811576 was preloaded using link preload but not used within a few seconds from the window's load event. Please make sure it has an appropriate `as` value and it is preloaded intentionally. @ http://localhost:3000/presentations/editor?id=pres-1775471431101-sgdeti:0
[  565155ms] [WARNING] The resource http://localhost:3000/_next/static/css/app/layout.css?v=1775471825470 was preloaded using link preload but not used within a few seconds from the window's load event. Please make sure it has an appropriate `as` value and it is preloaded intentionally. @ http://localhost:3000/presentations/editor?id=pres-1775471431101-sgdeti:0
[  565155ms] [WARNING] The resource http://localhost:3000/_next/static/css/app/layout.css?v=1775471600811 was preloaded using link preload but not used within a few seconds from the window's load event. Please make sure it has an appropriate `as` value and it is preloaded intentionally. @ http://localhost:3000/presentations/editor?id=pres-1775471431101-sgdeti:0
[  565155ms] [WARNING] The resource http://localhost:3000/_next/static/css/app/layout.css?v=1775471942721 was preloaded using link preload but not used within a few seconds from the window's load event. Please make sure it has an appropriate `as` value and it is preloaded intentionally. @ http://localhost:3000/presentations/editor?id=pres-1775471431101-sgdeti:0
[  565155ms] [WARNING] The resource http://localhost:3000/_next/static/css/app/layout.css?v=1775471599583 was preloaded using link preload but not used within a few seconds from the window's load event. Please make sure it has an appropriate `as` value and it is preloaded intentionally. @ http://localhost:3000/presentations/editor?id=pres-1775471431101-sgdeti:0
[  565155ms] [WARNING] The resource http://localhost:3000/_next/static/css/app/layout.css?v=1775471762913 was preloaded using link preload but not used within a few seconds from the window's load event. Please make sure it has an appropriate `as` value and it is preloaded intentionally. @ http://localhost:3000/presentations/editor?id=pres-1775471431101-sgdeti:0
[  565155ms] [WARNING] The resource http://localhost:3000/_next/static/css/app/layout.css?v=1775471581885 was preloaded using link preload but not used within a few seconds from the window's load event. Please make sure it has an appropriate `as` value and it is preloaded intentionally. @ http://localhost:3000/presentations/editor?id=pres-1775471431101-sgdeti:0
[  565155ms] [WARNING] The resource http://localhost:3000/_next/static/css/app/layout.css?v=1775471745346 was preloaded using link preload but not used within a few seconds from the window's load event. Please make sure it has an appropriate `as` value and it is preloaded intentionally. @ http://localhost:3000/presentations/editor?id=pres-1775471431101-sgdeti:0
[  565155ms] [WARNING] The resource http://localhost:3000/_next/static/css/app/layout.css?v=1775471895637 was preloaded using link preload but not used within a few seconds from the window's load event. Please make sure it has an appropriate `as` value and it is preloaded intentionally. @ http://localhost:3000/presentations/editor?id=pres-1775471431101-sgdeti:0
[  565155ms] [WARNING] The resource http://localhost:3000/_next/static/css/app/layout.css?v=1775471710765 was preloaded using link preload but not used within a few seconds from the window's load event. Please make sure it has an appropriate `as` value and it is preloaded intentionally. @ http://localhost:3000/presentations/editor?id=pres-1775471431101-sgdeti:0
[  565155ms] [WARNING] The resource http://localhost:3000/_next/static/css/app/layout.css?v=1775471569683 was preloaded using link preload but not used within a few seconds from the window's load event. Please make sure it has an appropriate `as` value and it is preloaded intentionally. @ http://localhost:3000/presentations/editor?id=pres-1775471431101-sgdeti:0
[  565155ms] [WARNING] The resource http://localhost:3000/_next/static/css/app/layout.css?v=1775471755665 was preloaded using link preload but not used within a few seconds from the window's load event. Please make sure it has an appropriate `as` value and it is preloaded intentionally. @ http://localhost:3000/presentations/editor?id=pres-1775471431101-sgdeti:0
[  565155ms] [WARNING] The resource http://localhost:3000/_next/static/css/app/layout.css?v=1775471482901 was preloaded using link preload but not used within a few seconds from the window's load event. Please make sure it has an appropriate `as` value and it is preloaded intentionally. @ http://localhost:3000/presentations/editor?id=pres-1775471431101-sgdeti:0
[  565155ms] [WARNING] The resource http://localhost:3000/_next/static/css/app/layout.css?v=1775471529283 was preloaded using link preload but not used within a few seconds from the window's load event. Please make sure it has an appropriate `as` value and it is preloaded intentionally. @ http://localhost:3000/presentations/editor?id=pres-1775471431101-sgdeti:0
[  565155ms] [WARNING] The resource http://localhost:3000/_next/static/css/app/layout.css?v=1775471950651 was preloaded using link preload but not used within a few seconds from the window's load event. Please make sure it has an appropriate `as` value and it is preloaded intentionally. @ http://localhost:3000/presentations/editor?id=pres-1775471431101-sgdeti:0
[  565155ms] [WARNING] The resource http://localhost:3000/_next/static/css/app/layout.css?v=1775471606482 was preloaded using link preload but not used within a few seconds from the window's load event. Please make sure it has an appropriate `as` value and it is preloaded intentionally. @ http://localhost:3000/presentations/editor?id=pres-1775471431101-sgdeti:0
[  565155ms] [WARNING] The resource http://localhost:3000/_next/static/css/app/layout.css?v=1775471474945 was preloaded using link preload but not used within a few seconds from the window's load event. Please make sure it has an appropriate `as` value and it is preloaded intentionally. @ http://localhost:3000/presentations/editor?id=pres-1775471431101-sgdeti:0
[  565155ms] [WARNING] The resource http://localhost:3000/_next/static/css/app/layout.css?v=1775471495122 was preloaded using link preload but not used within a few seconds from the window's load event. Please make sure it has an appropriate `as` value and it is preloaded intentionally. @ http://localhost:3000/presentations/editor?id=pres-1775471431101-sgdeti:0
[  565155ms] [WARNING] The resource http://localhost:3000/_next/static/css/app/layout.css?v=1775471953882 was preloaded using link preload but not used within a few seconds from the window's load event. Please make sure it has an appropriate `as` value and it is preloaded intentionally. @ http://localhost:3000/presentations/editor?id=pres-1775471431101-sgdeti:0
[  565155ms] [WARNING] The resource http://localhost:3000/_next/static/css/app/layout.css?v=1775471813613 was preloaded using link preload but not used within a few seconds from the window's load event. Please make sure it has an appropriate `as` value and it is preloaded intentionally. @ http://localhost:3000/presentations/editor?id=pres-1775471431101-sgdeti:0
[  565156ms] [WARNING] The resource http://localhost:3000/_next/static/css/app/layout.css?v=1775471809674 was preloaded using link preload but not used within a few seconds from the window's load event. Please make sure it has an appropriate `as` value and it is preloaded intentionally. @ http://localhost:3000/presentations/editor?id=pres-1775471431101-sgdeti:0
[  565156ms] [WARNING] The resource http://localhost:3000/_next/static/css/app/layout.css?v=1775471754401 was preloaded using link preload but not used within a few seconds from the window's load event. Please make sure it has an appropriate `as` value and it is preloaded intentionally. @ http://localhost:3000/presentations/editor?id=pres-1775471431101-sgdeti:0
[  565156ms] [WARNING] The resource http://localhost:3000/_next/static/css/app/layout.css?v=1775471799125 was preloaded using link preload but not used within a few seconds from the window's load event. Please make sure it has an appropriate `as` value and it is preloaded intentionally. @ http://localhost:3000/presentations/editor?id=pres-1775471431101-sgdeti:0
[  565156ms] [WARNING] The resource http://localhost:3000/_next/static/css/app/layout.css?v=1775471619143 was preloaded using link preload but not used within a few seconds from the window's load event. Please make sure it has an appropriate `as` value and it is preloaded intentionally. @ http://localhost:3000/presentations/editor?id=pres-1775471431101-sgdeti:0
[  565156ms] [WARNING] The resource http://localhost:3000/_next/static/css/app/layout.css?v=1775471856135 was preloaded using link preload but not used within a few seconds from the window's load event. Please make sure it has an appropriate `as` value and it is preloaded intentionally. @ http://localhost:3000/presentations/editor?id=pres-1775471431101-sgdeti:0
[  565156ms] [WARNING] The resource http://localhost:3000/_next/static/css/app/layout.css?v=1775471905722 was preloaded using link preload but not used within a few seconds from the window's load event. Please make sure it has an appropriate `as` value and it is preloaded intentionally. @ http://localhost:3000/presentations/editor?id=pres-1775471431101-sgdeti:0
[  565156ms] [WARNING] The resource http://localhost:3000/_next/static/css/app/layout.css?v=1775471930966 was preloaded using link preload but not used within a few seconds from the window's load event. Please make sure it has an appropriate `as` value and it is preloaded intentionally. @ http://localhost:3000/presentations/editor?id=pres-1775471431101-sgdeti:0
[  565156ms] [WARNING] The resource http://localhost:3000/_next/static/css/app/layout.css?v=1775471445631 was preloaded using link preload but not used within a few seconds from the window's load event. Please make sure it has an appropriate `as` value and it is preloaded intentionally. @ http://localhost:3000/presentations/editor?id=pres-1775471431101-sgdeti:0
[  565156ms] [WARNING] The resource http://localhost:3000/_next/static/css/app/layout.css?v=1775471946698 was preloaded using link preload but not used within a few seconds from the window's load event. Please make sure it has an appropriate `as` value and it is preloaded intentionally. @ http://localhost:3000/presentations/editor?id=pres-1775471431101-sgdeti:0
[  565156ms] [WARNING] The resource http://localhost:3000/_next/static/css/app/layout.css?v=1775471725306 was preloaded using link preload but not used within a few seconds from the window's load event. Please make sure it has an appropriate `as` value and it is preloaded intentionally. @ http://localhost:3000/presentations/editor?id=pres-1775471431101-sgdeti:0
[  565156ms] [WARNING] The resource http://localhost:3000/_next/static/css/app/layout.css?v=1775471978756 was preloaded using link preload but not used within a few seconds from the window's load event. Please make sure it has an appropriate `as` value and it is preloaded intentionally. @ http://localhost:3000/presentations/editor?id=pres-1775471431101-sgdeti:0
[  565156ms] [WARNING] The resource http://localhost:3000/_next/static/css/app/layout.css?v=1775471578490 was preloaded using link preload but not used within a few seconds from the window's load event. Please make sure it has an appropriate `as` value and it is preloaded intentionally. @ http://localhost:3000/presentations/editor?id=pres-1775471431101-sgdeti:0
[  565156ms] [WARNING] The resource http://localhost:3000/_next/static/css/app/layout.css?v=1775471487467 was preloaded using link preload but not used within a few seconds from the window's load event. Please make sure it has an appropriate `as` value and it is preloaded intentionally. @ http://localhost:3000/presentations/editor?id=pres-1775471431101-sgdeti:0
[  565156ms] [WARNING] The resource http://localhost:3000/_next/static/css/app/layout.css?v=1775471559401 was preloaded using link preload but not used within a few seconds from the window's load event. Please make sure it has an appropriate `as` value and it is preloaded intentionally. @ http://localhost:3000/presentations/editor?id=pres-1775471431101-sgdeti:0
[  565156ms] [WARNING] The resource http://localhost:3000/_next/static/css/app/layout.css?v=1775471670226 was preloaded using link preload but not used within a few seconds from the window's load event. Please make sure it has an appropriate `as` value and it is preloaded intentionally. @ http://localhost:3000/presentations/editor?id=pres-1775471431101-sgdeti:0
[  565156ms] [WARNING] The resource http://localhost:3000/_next/static/css/app/layout.css?v=1775471636864 was preloaded using link preload but not used within a few seconds from the window's load event. Please make sure it has an appropriate `as` value and it is preloaded intentionally. @ http://localhost:3000/presentations/editor?id=pres-1775471431101-sgdeti:0
[  565156ms] [WARNING] The resource http://localhost:3000/_next/static/css/app/layout.css?v=1775471937451 was preloaded using link preload but not used within a few seconds from the window's load event. Please make sure it has an appropriate `as` value and it is preloaded intentionally. @ http://localhost:3000/presentations/editor?id=pres-1775471431101-sgdeti:0
[  565156ms] [WARNING] The resource http://localhost:3000/_next/static/css/app/layout.css?v=1775471824074 was preloaded using link preload but not used within a few seconds from the window's load event. Please make sure it has an appropriate `as` value and it is preloaded intentionally. @ http://localhost:3000/presentations/editor?id=pres-1775471431101-sgdeti:0
[  565156ms] [WARNING] The resource http://localhost:3000/_next/static/css/app/layout.css?v=1775471500298 was preloaded using link preload but not used within a few seconds from the window's load event. Please make sure it has an appropriate `as` value and it is preloaded intentionally. @ http://localhost:3000/presentations/editor?id=pres-1775471431101-sgdeti:0
[  565156ms] [WARNING] The resource http://localhost:3000/_next/static/css/app/layout.css?v=1775471583841 was preloaded using link preload but not used within a few seconds from the window's load event. Please make sure it has an appropriate `as` value and it is preloaded intentionally. @ http://localhost:3000/presentations/editor?id=pres-1775471431101-sgdeti:0
[  565156ms] [WARNING] The resource http://localhost:3000/_next/static/css/app/layout.css?v=1775471702489 was preloaded using link preload but not used within a few seconds from the window's load event. Please make sure it has an appropriate `as` value and it is preloaded intentionally. @ http://localhost:3000/presentations/editor?id=pres-1775471431101-sgdeti:0
[  565156ms] [WARNING] The resource http://localhost:3000/_next/static/css/app/layout.css?v=1775471830604 was preloaded using link preload but not used within a few seconds from the window's load event. Please make sure it has an appropriate `as` value and it is preloaded intentionally. @ http://localhost:3000/presentations/editor?id=pres-1775471431101-sgdeti:0
[  565156ms] [WARNING] The resource http://localhost:3000/_next/static/css/app/layout.css?v=1775471826738 was preloaded using link preload but not used within a few seconds from the window's load event. Please make sure it has an appropriate `as` value and it is preloaded intentionally. @ http://localhost:3000/presentations/editor?id=pres-1775471431101-sgdeti:0
[  565156ms] [WARNING] The resource http://localhost:3000/_next/static/css/app/layout.css?v=1775471959062 was preloaded using link preload but not used within a few seconds from the window's load event. Please make sure it has an appropriate `as` value and it is preloaded intentionally. @ http://localhost:3000/presentations/editor?id=pres-1775471431101-sgdeti:0
[  565156ms] [WARNING] The resource http://localhost:3000/_next/static/css/app/layout.css?v=1775471862156 was preloaded using link preload but not used within a few seconds from the window's load event. Please make sure it has an appropriate `as` value and it is preloaded intentionally. @ http://localhost:3000/presentations/editor?id=pres-1775471431101-sgdeti:0
[  565156ms] [WARNING] The resource http://localhost:3000/_next/static/css/app/layout.css?v=1775471749872 was preloaded using link preload but not used within a few seconds from the window's load event. Please make sure it has an appropriate `as` value and it is preloaded intentionally. @ http://localhost:3000/presentations/editor?id=pres-1775471431101-sgdeti:0
[  565156ms] [WARNING] The resource http://localhost:3000/_next/static/css/app/layout.css?v=1775471708160 was preloaded using link preload but not used within a few seconds from the window's load event. Please make sure it has an appropriate `as` value and it is preloaded intentionally. @ http://localhost:3000/presentations/editor?id=pres-1775471431101-sgdeti:0
[  565156ms] [WARNING] The resource http://localhost:3000/_next/static/css/app/layout.css?v=1775471870327 was preloaded using link preload but not used within a few seconds from the window's load event. Please make sure it has an appropriate `as` value and it is preloaded intentionally. @ http://localhost:3000/presentations/editor?id=pres-1775471431101-sgdeti:0
[  565156ms] [WARNING] The resource http://localhost:3000/_next/static/css/app/layout.css?v=1775471833063 was preloaded using link preload but not used within a few seconds from the window's load event. Please make sure it has an appropriate `as` value and it is preloaded intentionally. @ http://localhost:3000/presentations/editor?id=pres-1775471431101-sgdeti:0
[  565156ms] [WARNING] The resource http://localhost:3000/_next/static/css/app/layout.css?v=1775471468738 was preloaded using link preload but not used within a few seconds from the window's load event. Please make sure it has an appropriate `as` value and it is preloaded intentionally. @ http://localhost:3000/presentations/editor?id=pres-1775471431101-sgdeti:0
[  565156ms] [WARNING] The resource http://localhost:3000/_next/static/css/app/layout.css?v=1775471462142 was preloaded using link preload but not used within a few seconds from the window's load event. Please make sure it has an appropriate `as` value and it is preloaded intentionally. @ http://localhost:3000/presentations/editor?id=pres-1775471431101-sgdeti:0
[  565156ms] [WARNING] The resource http://localhost:3000/_next/static/css/app/layout.css?v=1775471928696 was preloaded using link preload but not used within a few seconds from the window's load event. Please make sure it has an appropriate `as` value and it is preloaded intentionally. @ http://localhost:3000/presentations/editor?id=pres-1775471431101-sgdeti:0
[  565156ms] [WARNING] The resource http://localhost:3000/_next/static/css/app/layout.css?v=1775471681967 was preloaded using link preload but not used within a few seconds from the window's load event. Please make sure it has an appropriate `as` value and it is preloaded intentionally. @ http://localhost:3000/presentations/editor?id=pres-1775471431101-sgdeti:0
[  565156ms] [WARNING] The resource http://localhost:3000/_next/static/css/app/layout.css?v=1775471624198 was preloaded using link preload but not used within a few seconds from the window's load event. Please make sure it has an appropriate `as` value and it is preloaded intentionally. @ http://localhost:3000/presentations/editor?id=pres-1775471431101-sgdeti:0
[  565156ms] [WARNING] The resource http://localhost:3000/_next/static/css/app/layout.css?v=1775471829246 was preloaded using link preload but not used within a few seconds from the window's load event. Please make sure it has an appropriate `as` value and it is preloaded intentionally. @ http://localhost:3000/presentations/editor?id=pres-1775471431101-sgdeti:0
[  565156ms] [WARNING] The resource http://localhost:3000/_next/static/css/app/layout.css?v=1775471497168 was preloaded using link preload but not used within a few seconds from the window's load event. Please make sure it has an appropriate `as` value and it is preloaded intentionally. @ http://localhost:3000/presentations/editor?id=pres-1775471431101-sgdeti:0
[  565156ms] [WARNING] The resource http://localhost:3000/_next/static/css/app/layout.css?v=1775471697700 was preloaded using link preload but not used within a few seconds from the window's load event. Please make sure it has an appropriate `as` value and it is preloaded intentionally. @ http://localhost:3000/presentations/editor?id=pres-1775471431101-sgdeti:0
[  565156ms] [WARNING] The resource http://localhost:3000/_next/static/css/app/layout.css?v=1775471712594 was preloaded using link preload but not used within a few seconds from the window's load event. Please make sure it has an appropriate `as` value and it is preloaded intentionally. @ http://localhost:3000/presentations/editor?id=pres-1775471431101-sgdeti:0
[  565156ms] [WARNING] The resource http://localhost:3000/_next/static/css/app/layout.css?v=1775471565783 was preloaded using link preload but not used within a few seconds from the window's load event. Please make sure it has an appropriate `as` value and it is preloaded intentionally. @ http://localhost:3000/presentations/editor?id=pres-1775471431101-sgdeti:0
[  565156ms] [WARNING] The resource http://localhost:3000/_next/static/css/app/layout.css?v=1775471781126 was preloaded using link preload but not used within a few seconds from the window's load event. Please make sure it has an appropriate `as` value and it is preloaded intentionally. @ http://localhost:3000/presentations/editor?id=pres-1775471431101-sgdeti:0
[  565156ms] [WARNING] The resource http://localhost:3000/_next/static/css/app/layout.css?v=1775471810315 was preloaded using link preload but not used within a few seconds from the window's load event. Please make sure it has an appropriate `as` value and it is preloaded intentionally. @ http://localhost:3000/presentations/editor?id=pres-1775471431101-sgdeti:0
[  565156ms] [WARNING] The resource http://localhost:3000/_next/static/css/app/layout.css?v=1775471756315 was preloaded using link preload but not used within a few seconds from the window's load event. Please make sure it has an appropriate `as` value and it is preloaded intentionally. @ http://localhost:3000/presentations/editor?id=pres-1775471431101-sgdeti:0
[  565156ms] [WARNING] The resource http://localhost:3000/_next/static/css/app/layout.css?v=1775471523358 was preloaded using link preload but not used within a few seconds from the window's load event. Please make sure it has an appropriate `as` value and it is preloaded intentionally. @ http://localhost:3000/presentations/editor?id=pres-1775471431101-sgdeti:0
[  565156ms] [WARNING] The resource http://localhost:3000/_next/static/css/app/layout.css?v=1775471609707 was preloaded using link preload but not used within a few seconds from the window's load event. Please make sure it has an appropriate `as` value and it is preloaded intentionally. @ http://localhost:3000/presentations/editor?id=pres-1775471431101-sgdeti:0
[  565156ms] [WARNING] The resource http://localhost:3000/_next/static/css/app/layout.css?v=1775471638204 was preloaded using link preload but not used within a few seconds from the window's load event. Please make sure it has an appropriate `as` value and it is preloaded intentionally. @ http://localhost:3000/presentations/editor?id=pres-1775471431101-sgdeti:0
[  565156ms] [WARNING] The resource http://localhost:3000/_next/static/css/app/layout.css?v=1775471958406 was preloaded using link preload but not used within a few seconds from the window's load event. Please make sure it has an appropriate `as` value and it is preloaded intentionally. @ http://localhost:3000/presentations/editor?id=pres-1775471431101-sgdeti:0
[  565156ms] [WARNING] The resource http://localhost:3000/_next/static/css/app/layout.css?v=1775471449521 was preloaded using link preload but not used within a few seconds from the window's load event. Please make sure it has an appropriate `as` value and it is preloaded intentionally. @ http://localhost:3000/presentations/editor?id=pres-1775471431101-sgdeti:0
[  565156ms] [WARNING] The resource http://localhost:3000/_next/static/css/app/layout.css?v=1775471808245 was preloaded using link preload but not used within a few seconds from the window's load event. Please make sure it has an appropriate `as` value and it is preloaded intentionally. @ http://localhost:3000/presentations/editor?id=pres-1775471431101-sgdeti:0
[  565156ms] [WARNING] The resource http://localhost:3000/_next/static/css/app/layout.css?v=1775471824712 was preloaded using link preload but not used within a few seconds from the window's load event. Please make sure it has an appropriate `as` value and it is preloaded intentionally. @ http://localhost:3000/presentations/editor?id=pres-1775471431101-sgdeti:0
[  565156ms] [WARNING] The resource http://localhost:3000/_next/static/css/app/layout.css?v=1775471672201 was preloaded using link preload but not used within a few seconds from the window's load event. Please make sure it has an appropriate `as` value and it is preloaded intentionally. @ http://localhost:3000/presentations/editor?id=pres-1775471431101-sgdeti:0
[  565156ms] [WARNING] The resource http://localhost:3000/_next/static/css/app/layout.css?v=1775471776052 was preloaded using link preload but not used within a few seconds from the window's load event. Please make sure it has an appropriate `as` value and it is preloaded intentionally. @ http://localhost:3000/presentations/editor?id=pres-1775471431101-sgdeti:0
[  565156ms] [WARNING] The resource http://localhost:3000/_next/static/css/app/layout.css?v=1775471980681 was preloaded using link preload but not used within a few seconds from the window's load event. Please make sure it has an appropriate `as` value and it is preloaded intentionally. @ http://localhost:3000/presentations/editor?id=pres-1775471431101-sgdeti:0
[  565156ms] [WARNING] The resource http://localhost:3000/_next/static/css/app/layout.css?v=1775471795333 was preloaded using link preload but not used within a few seconds from the window's load event. Please make sure it has an appropriate `as` value and it is preloaded intentionally. @ http://localhost:3000/presentations/editor?id=pres-1775471431101-sgdeti:0
[  565156ms] [WARNING] The resource http://localhost:3000/_next/static/css/app/layout.css?v=1775471833693 was preloaded using link preload but not used within a few seconds from the window's load event. Please make sure it has an appropriate `as` value and it is preloaded intentionally. @ http://localhost:3000/presentations/editor?id=pres-1775471431101-sgdeti:0
[  565156ms] [WARNING] The resource http://localhost:3000/_next/static/css/app/layout.css?v=1775471834360 was preloaded using link preload but not used within a few seconds from the window's load event. Please make sure it has an appropriate `as` value and it is preloaded intentionally. @ http://localhost:3000/presentations/editor?id=pres-1775471431101-sgdeti:0
[  565156ms] [WARNING] The resource http://localhost:3000/_next/static/css/app/layout.css?v=1775471965695 was preloaded using link preload but not used within a few seconds from the window's load event. Please make sure it has an appropriate `as` value and it is preloaded intentionally. @ http://localhost:3000/presentations/editor?id=pres-1775471431101-sgdeti:0
[  565156ms] [WARNING] The resource http://localhost:3000/_next/static/css/app/layout.css?v=1775471484174 was preloaded using link preload but not used within a few seconds from the window's load event. Please make sure it has an appropriate `as` value and it is preloaded intentionally. @ http://localhost:3000/presentations/editor?id=pres-1775471431101-sgdeti:0
[  565156ms] [WARNING] The resource http://localhost:3000/_next/static/css/app/layout.css?v=1775471804359 was preloaded using link preload but not used within a few seconds from the window's load event. Please make sure it has an appropriate `as` value and it is preloaded intentionally. @ http://localhost:3000/presentations/editor?id=pres-1775471431101-sgdeti:0
[  565156ms] [WARNING] The resource http://localhost:3000/_next/static/css/app/layout.css?v=1775471575982 was preloaded using link preload but not used within a few seconds from the window's load event. Please make sure it has an appropriate `as` value and it is preloaded intentionally. @ http://localhost:3000/presentations/editor?id=pres-1775471431101-sgdeti:0
[  565156ms] [WARNING] The resource http://localhost:3000/_next/static/css/app/layout.css?v=1775471433620 was preloaded using link preload but not used within a few seconds from the window's load event. Please make sure it has an appropriate `as` value and it is preloaded intentionally. @ http://localhost:3000/presentations/editor?id=pres-1775471431101-sgdeti:0
[  565156ms] [WARNING] The resource http://localhost:3000/_next/static/css/app/layout.css?v=1775471727835 was preloaded using link preload but not used within a few seconds from the window's load event. Please make sure it has an appropriate `as` value and it is preloaded intentionally. @ http://localhost:3000/presentations/editor?id=pres-1775471431101-sgdeti:0
[  565156ms] [WARNING] The resource http://localhost:3000/_next/static/css/app/layout.css?v=1775471676245 was preloaded using link preload but not used within a few seconds from the window's load event. Please make sure it has an appropriate `as` value and it is preloaded intentionally. @ http://localhost:3000/presentations/editor?id=pres-1775471431101-sgdeti:0
[  565157ms] [WARNING] The resource http://localhost:3000/_next/static/css/app/layout.css?v=1775471654484 was preloaded using link preload but not used within a few seconds from the window's load event. Please make sure it has an appropriate `as` value and it is preloaded intentionally. @ http://localhost:3000/presentations/editor?id=pres-1775471431101-sgdeti:0
[  565157ms] [WARNING] The resource http://localhost:3000/_next/static/css/app/layout.css?v=1775471610925 was preloaded using link preload but not used within a few seconds from the window's load event. Please make sure it has an appropriate `as` value and it is preloaded intentionally. @ http://localhost:3000/presentations/editor?id=pres-1775471431101-sgdeti:0
[  565157ms] [WARNING] The resource http://localhost:3000/_next/static/css/app/layout.css?v=1775471552246 was preloaded using link preload but not used within a few seconds from the window's load event. Please make sure it has an appropriate `as` value and it is preloaded intentionally. @ http://localhost:3000/presentations/editor?id=pres-1775471431101-sgdeti:0
[  565157ms] [WARNING] The resource http://localhost:3000/_next/static/css/app/layout.css?v=1775471476315 was preloaded using link preload but not used within a few seconds from the window's load event. Please make sure it has an appropriate `as` value and it is preloaded intentionally. @ http://localhost:3000/presentations/editor?id=pres-1775471431101-sgdeti:0
[  565157ms] [WARNING] The resource http://localhost:3000/_next/static/css/app/layout.css?v=1775471721509 was preloaded using link preload but not used within a few seconds from the window's load event. Please make sure it has an appropriate `as` value and it is preloaded intentionally. @ http://localhost:3000/presentations/editor?id=pres-1775471431101-sgdeti:0
[  565157ms] [WARNING] The resource http://localhost:3000/_next/static/css/app/layout.css?v=1775471838547 was preloaded using link preload but not used within a few seconds from the window's load event. Please make sure it has an appropriate `as` value and it is preloaded intentionally. @ http://localhost:3000/presentations/editor?id=pres-1775471431101-sgdeti:0
[  565157ms] [WARNING] The resource http://localhost:3000/_next/static/css/app/layout.css?v=1775471693234 was preloaded using link preload but not used within a few seconds from the window's load event. Please make sure it has an appropriate `as` value and it is preloaded intentionally. @ http://localhost:3000/presentations/editor?id=pres-1775471431101-sgdeti:0
[  565157ms] [WARNING] The resource http://localhost:3000/_next/static/css/app/layout.css?v=1775471649294 was preloaded using link preload but not used within a few seconds from the window's load event. Please make sure it has an appropriate `as` value and it is preloaded intentionally. @ http://localhost:3000/presentations/editor?id=pres-1775471431101-sgdeti:0
[  565157ms] [WARNING] The resource http://localhost:3000/_next/static/css/app/layout.css?v=1775471572764 was preloaded using link preload but not used within a few seconds from the window's load event. Please make sure it has an appropriate `as` value and it is preloaded intentionally. @ http://localhost:3000/presentations/editor?id=pres-1775471431101-sgdeti:0
[  565157ms] [WARNING] The resource http://localhost:3000/_next/static/css/app/layout.css?v=1775471625416 was preloaded using link preload but not used within a few seconds from the window's load event. Please make sure it has an appropriate `as` value and it is preloaded intentionally. @ http://localhost:3000/presentations/editor?id=pres-1775471431101-sgdeti:0
[  565157ms] [WARNING] The resource http://localhost:3000/_next/static/css/app/layout.css?v=1775471790854 was preloaded using link preload but not used within a few seconds from the window's load event. Please make sure it has an appropriate `as` value and it is preloaded intentionally. @ http://localhost:3000/presentations/editor?id=pres-1775471431101-sgdeti:0
[  565157ms] [WARNING] The resource http://localhost:3000/_next/static/css/app/layout.css?v=1775471579251 was preloaded using link preload but not used within a few seconds from the window's load event. Please make sure it has an appropriate `as` value and it is preloaded intentionally. @ http://localhost:3000/presentations/editor?id=pres-1775471431101-sgdeti:0
[  565157ms] [WARNING] The resource http://localhost:3000/_next/static/css/app/layout.css?v=1775471629296 was preloaded using link preload but not used within a few seconds from the window's load event. Please make sure it has an appropriate `as` value and it is preloaded intentionally. @ http://localhost:3000/presentations/editor?id=pres-1775471431101-sgdeti:0
[  565157ms] [WARNING] The resource http://localhost:3000/_next/static/css/app/layout.css?v=1775471786958 was preloaded using link preload but not used within a few seconds from the window's load event. Please make sure it has an appropriate `as` value and it is preloaded intentionally. @ http://localhost:3000/presentations/editor?id=pres-1775471431101-sgdeti:0
[  565157ms] [WARNING] The resource http://localhost:3000/_next/static/css/app/layout.css?v=1775471758854 was preloaded using link preload but not used within a few seconds from the window's load event. Please make sure it has an appropriate `as` value and it is preloaded intentionally. @ http://localhost:3000/presentations/editor?id=pres-1775471431101-sgdeti:0
[  565157ms] [WARNING] The resource http://localhost:3000/_next/static/css/app/layout.css?v=1775471629906 was preloaded using link preload but not used within a few seconds from the window's load event. Please make sure it has an appropriate `as` value and it is preloaded intentionally. @ http://localhost:3000/presentations/editor?id=pres-1775471431101-sgdeti:0
[  565157ms] [WARNING] The resource http://localhost:3000/_next/static/css/app/layout.css?v=1775471757548 was preloaded using link preload but not used within a few seconds from the window's load event. Please make sure it has an appropriate `as` value and it is preloaded intentionally. @ http://localhost:3000/presentations/editor?id=pres-1775471431101-sgdeti:0
[  565157ms] [WARNING] The resource http://localhost:3000/_next/static/css/app/layout.css?v=1775471465317 was preloaded using link preload but not used within a few seconds from the window's load event. Please make sure it has an appropriate `as` value and it is preloaded intentionally. @ http://localhost:3000/presentations/editor?id=pres-1775471431101-sgdeti:0
[  565157ms] [WARNING] The resource http://localhost:3000/_next/static/css/app/layout.css?v=1775471738210 was preloaded using link preload but not used within a few seconds from the window's load event. Please make sure it has an appropriate `as` value and it is preloaded intentionally. @ http://localhost:3000/presentations/editor?id=pres-1775471431101-sgdeti:0
[  565157ms] [WARNING] The resource http://localhost:3000/_next/static/css/app/layout.css?v=1775471962380 was preloaded using link preload but not used within a few seconds from the window's load event. Please make sure it has an appropriate `as` value and it is preloaded intentionally. @ http://localhost:3000/presentations/editor?id=pres-1775471431101-sgdeti:0
[  565157ms] [WARNING] The resource http://localhost:3000/_next/static/css/app/layout.css?v=1775471821517 was preloaded using link preload but not used within a few seconds from the window's load event. Please make sure it has an appropriate `as` value and it is preloaded intentionally. @ http://localhost:3000/presentations/editor?id=pres-1775471431101-sgdeti:0
[  565157ms] [WARNING] The resource http://localhost:3000/_next/static/css/app/layout.css?v=1775471778268 was preloaded using link preload but not used within a few seconds from the window's load event. Please make sure it has an appropriate `as` value and it is preloaded intentionally. @ http://localhost:3000/presentations/editor?id=pres-1775471431101-sgdeti:0
[  565157ms] [WARNING] The resource http://localhost:3000/_next/static/css/app/layout.css?v=1775471500405 was preloaded using link preload but not used within a few seconds from the window's load event. Please make sure it has an appropriate `as` value and it is preloaded intentionally. @ http://localhost:3000/presentations/editor?id=pres-1775471431101-sgdeti:0
[  565157ms] [WARNING] The resource http://localhost:3000/_next/static/css/app/layout.css?v=1775471704203 was preloaded using link preload but not used within a few seconds from the window's load event. Please make sure it has an appropriate `as` value and it is preloaded intentionally. @ http://localhost:3000/presentations/editor?id=pres-1775471431101-sgdeti:0
[  565157ms] [WARNING] The resource http://localhost:3000/_next/static/css/app/layout.css?v=1775471961138 was preloaded using link preload but not used within a few seconds from the window's load event. Please make sure it has an appropriate `as` value and it is preloaded intentionally. @ http://localhost:3000/presentations/editor?id=pres-1775471431101-sgdeti:0
[  565157ms] [WARNING] The resource http://localhost:3000/_next/static/css/app/layout.css?v=1775471613514 was preloaded using link preload but not used within a few seconds from the window's load event. Please make sure it has an appropriate `as` value and it is preloaded intentionally. @ http://localhost:3000/presentations/editor?id=pres-1775471431101-sgdeti:0
[  565157ms] [WARNING] The resource http://localhost:3000/_next/static/css/app/layout.css?v=1775471858117 was preloaded using link preload but not used within a few seconds from the window's load event. Please make sure it has an appropriate `as` value and it is preloaded intentionally. @ http://localhost:3000/presentations/editor?id=pres-1775471431101-sgdeti:0
[  565157ms] [WARNING] The resource http://localhost:3000/_next/static/css/app/layout.css?v=1775471598988 was preloaded using link preload but not used within a few seconds from the window's load event. Please make sure it has an appropriate `as` value and it is preloaded intentionally. @ http://localhost:3000/presentations/editor?id=pres-1775471431101-sgdeti:0
[  565157ms] [WARNING] The resource http://localhost:3000/_next/static/css/app/layout.css?v=1775471768091 was preloaded using link preload but not used within a few seconds from the window's load event. Please make sure it has an appropriate `as` value and it is preloaded intentionally. @ http://localhost:3000/presentations/editor?id=pres-1775471431101-sgdeti:0
[  565157ms] [WARNING] The resource http://localhost:3000/_next/static/css/app/layout.css?v=1775471853650 was preloaded using link preload but not used within a few seconds from the window's load event. Please make sure it has an appropriate `as` value and it is preloaded intentionally. @ http://localhost:3000/presentations/editor?id=pres-1775471431101-sgdeti:0
[  565157ms] [WARNING] The resource http://localhost:3000/_next/static/css/app/layout.css?v=1775471651160 was preloaded using link preload but not used within a few seconds from the window's load event. Please make sure it has an appropriate `as` value and it is preloaded intentionally. @ http://localhost:3000/presentations/editor?id=pres-1775471431101-sgdeti:0
[  565157ms] [WARNING] The resource http://localhost:3000/_next/static/css/app/layout.css?v=1775471445012 was preloaded using link preload but not used within a few seconds from the window's load event. Please make sure it has an appropriate `as` value and it is preloaded intentionally. @ http://localhost:3000/presentations/editor?id=pres-1775471431101-sgdeti:0
[  565157ms] [WARNING] The resource http://localhost:3000/_next/static/css/app/layout.css?v=1775471897787 was preloaded using link preload but not used within a few seconds from the window's load event. Please make sure it has an appropriate `as` value and it is preloaded intentionally. @ http://localhost:3000/presentations/editor?id=pres-1775471431101-sgdeti:0
[  565157ms] [WARNING] The resource http://localhost:3000/_next/static/css/app/layout.css?v=1775471654366 was preloaded using link preload but not used within a few seconds from the window's load event. Please make sure it has an appropriate `as` value and it is preloaded intentionally. @ http://localhost:3000/presentations/editor?id=pres-1775471431101-sgdeti:0
[  565157ms] [WARNING] The resource http://localhost:3000/_next/static/css/app/layout.css?v=1775471773862 was preloaded using link preload but not used within a few seconds from the window's load event. Please make sure it has an appropriate `as` value and it is preloaded intentionally. @ http://localhost:3000/presentations/editor?id=pres-1775471431101-sgdeti:0
[  565157ms] [WARNING] The resource http://localhost:3000/_next/static/css/app/layout.css?v=1775471477587 was preloaded using link preload but not used within a few seconds from the window's load event. Please make sure it has an appropriate `as` value and it is preloaded intentionally. @ http://localhost:3000/presentations/editor?id=pres-1775471431101-sgdeti:0
[  565157ms] [WARNING] The resource http://localhost:3000/_next/static/css/app/layout.css?v=1775471560698 was preloaded using link preload but not used within a few seconds from the window's load event. Please make sure it has an appropriate `as` value and it is preloaded intentionally. @ http://localhost:3000/presentations/editor?id=pres-1775471431101-sgdeti:0
[  565157ms] [WARNING] The resource http://localhost:3000/_next/static/css/app/layout.css?v=1775471499648 was preloaded using link preload but not used within a few seconds from the window's load event. Please make sure it has an appropriate `as` value and it is preloaded intentionally. @ http://localhost:3000/presentations/editor?id=pres-1775471431101-sgdeti:0
[  565157ms] [WARNING] The resource http://localhost:3000/_next/static/css/app/layout.css?v=1775471836380 was preloaded using link preload but not used within a few seconds from the window's load event. Please make sure it has an appropriate `as` value and it is preloaded intentionally. @ http://localhost:3000/presentations/editor?id=pres-1775471431101-sgdeti:0
[  565157ms] [WARNING] The resource http://localhost:3000/_next/static/css/app/layout.css?v=1775471628041 was preloaded using link preload but not used within a few seconds from the window's load event. Please make sure it has an appropriate `as` value and it is preloaded intentionally. @ http://localhost:3000/presentations/editor?id=pres-1775471431101-sgdeti:0
[  565157ms] [WARNING] The resource http://localhost:3000/_next/static/css/app/layout.css?v=1775471533142 was preloaded using link preload but not used within a few seconds from the window's load event. Please make sure it has an appropriate `as` value and it is preloaded intentionally. @ http://localhost:3000/presentations/editor?id=pres-1775471431101-sgdeti:0
[  565157ms] [WARNING] The resource http://localhost:3000/_next/static/css/app/layout.css?v=1775471955260 was preloaded using link preload but not used within a few seconds from the window's load event. Please make sure it has an appropriate `as` value and it is preloaded intentionally. @ http://localhost:3000/presentations/editor?id=pres-1775471431101-sgdeti:0
[  565157ms] [WARNING] The resource http://localhost:3000/_next/static/css/app/layout.css?v=1775471623557 was preloaded using link preload but not used within a few seconds from the window's load event. Please make sure it has an appropriate `as` value and it is preloaded intentionally. @ http://localhost:3000/presentations/editor?id=pres-1775471431101-sgdeti:0
[  565157ms] [WARNING] The resource http://localhost:3000/_next/static/css/app/layout.css?v=1775471454167 was preloaded using link preload but not used within a few seconds from the window's load event. Please make sure it has an appropriate `as` value and it is preloaded intentionally. @ http://localhost:3000/presentations/editor?id=pres-1775471431101-sgdeti:0
[  565157ms] [WARNING] The resource http://localhost:3000/_next/static/css/app/layout.css?v=1775471447642 was preloaded using link preload but not used within a few seconds from the window's load event. Please make sure it has an appropriate `as` value and it is preloaded intentionally. @ http://localhost:3000/presentations/editor?id=pres-1775471431101-sgdeti:0
[  565157ms] [WARNING] The resource http://localhost:3000/_next/static/css/app/layout.css?v=1775471555473 was preloaded using link preload but not used within a few seconds from the window's load event. Please make sure it has an appropriate `as` value and it is preloaded intentionally. @ http://localhost:3000/presentations/editor?id=pres-1775471431101-sgdeti:0
[  565157ms] [WARNING] The resource http://localhost:3000/_next/static/css/app/layout.css?v=1775471547811 was preloaded using link preload but not used within a few seconds from the window's load event. Please make sure it has an appropriate `as` value and it is preloaded intentionally. @ http://localhost:3000/presentations/editor?id=pres-1775471431101-sgdeti:0
[  565157ms] [WARNING] The resource http://localhost:3000/_next/static/css/app/layout.css?v=1775471730521 was preloaded using link preload but not used within a few seconds from the window's load event. Please make sure it has an appropriate `as` value and it is preloaded intentionally. @ http://localhost:3000/presentations/editor?id=pres-1775471431101-sgdeti:0
[  565157ms] [WARNING] The resource http://localhost:3000/_next/static/css/app/layout.css?v=1775471893502 was preloaded using link preload but not used within a few seconds from the window's load event. Please make sure it has an appropriate `as` value and it is preloaded intentionally. @ http://localhost:3000/presentations/editor?id=pres-1775471431101-sgdeti:0
[  565157ms] [WARNING] The resource http://localhost:3000/_next/static/css/app/layout.css?v=1775471969767 was preloaded using link preload but not used within a few seconds from the window's load event. Please make sure it has an appropriate `as` value and it is preloaded intentionally. @ http://localhost:3000/presentations/editor?id=pres-1775471431101-sgdeti:0
[  565157ms] [WARNING] The resource http://localhost:3000/_next/static/css/app/layout.css?v=1775471439136 was preloaded using link preload but not used within a few seconds from the window's load event. Please make sure it has an appropriate `as` value and it is preloaded intentionally. @ http://localhost:3000/presentations/editor?id=pres-1775471431101-sgdeti:0
[  565157ms] [WARNING] The resource http://localhost:3000/_next/static/css/app/layout.css?v=1775471876651 was preloaded using link preload but not used within a few seconds from the window's load event. Please make sure it has an appropriate `as` value and it is preloaded intentionally. @ http://localhost:3000/presentations/editor?id=pres-1775471431101-sgdeti:0
[  565157ms] [WARNING] The resource http://localhost:3000/_next/static/css/app/layout.css?v=1775471565175 was preloaded using link preload but not used within a few seconds from the window's load event. Please make sure it has an appropriate `as` value and it is preloaded intentionally. @ http://localhost:3000/presentations/editor?id=pres-1775471431101-sgdeti:0
[  565157ms] [WARNING] The resource http://localhost:3000/_next/static/css/app/layout.css?v=1775471475590 was preloaded using link preload but not used within a few seconds from the window's load event. Please make sure it has an appropriate `as` value and it is preloaded intentionally. @ http://localhost:3000/presentations/editor?id=pres-1775471431101-sgdeti:0
[  565157ms] [WARNING] The resource http://localhost:3000/_next/static/css/app/layout.css?v=1775471473067 was preloaded using link preload but not used within a few seconds from the window's load event. Please make sure it has an appropriate `as` value and it is preloaded intentionally. @ http://localhost:3000/presentations/editor?id=pres-1775471431101-sgdeti:0
[  565157ms] [WARNING] The resource http://localhost:3000/_next/static/css/app/layout.css?v=1775471649919 was preloaded using link preload but not used within a few seconds from the window's load event. Please make sure it has an appropriate `as` value and it is preloaded intentionally. @ http://localhost:3000/presentations/editor?id=pres-1775471431101-sgdeti:0
[  565158ms] [WARNING] The resource http://localhost:3000/_next/static/css/app/layout.css?v=1775471691377 was preloaded using link preload but not used within a few seconds from the window's load event. Please make sure it has an appropriate `as` value and it is preloaded intentionally. @ http://localhost:3000/presentations/editor?id=pres-1775471431101-sgdeti:0
[  565158ms] [WARNING] The resource http://localhost:3000/_next/static/css/app/layout.css?v=1775471699552 was preloaded using link preload but not used within a few seconds from the window's load event. Please make sure it has an appropriate `as` value and it is preloaded intentionally. @ http://localhost:3000/presentations/editor?id=pres-1775471431101-sgdeti:0
[  565158ms] [WARNING] The resource http://localhost:3000/_next/static/css/app/layout.css?v=1775471812967 was preloaded using link preload but not used within a few seconds from the window's load event. Please make sure it has an appropriate `as` value and it is preloaded intentionally. @ http://localhost:3000/presentations/editor?id=pres-1775471431101-sgdeti:0
[  565158ms] [WARNING] The resource http://localhost:3000/_next/static/css/app/layout.css?v=1775471974136 was preloaded using link preload but not used within a few seconds from the window's load event. Please make sure it has an appropriate `as` value and it is preloaded intentionally. @ http://localhost:3000/presentations/editor?id=pres-1775471431101-sgdeti:0
[  565158ms] [WARNING] The resource http://localhost:3000/_next/static/css/app/layout.css?v=1775471678728 was preloaded using link preload but not used within a few seconds from the window's load event. Please make sure it has an appropriate `as` value and it is preloaded intentionally. @ http://localhost:3000/presentations/editor?id=pres-1775471431101-sgdeti:0
[  565158ms] [WARNING] The resource http://localhost:3000/_next/static/css/app/layout.css?v=1775471726592 was preloaded using link preload but not used within a few seconds from the window's load event. Please make sure it has an appropriate `as` value and it is preloaded intentionally. @ http://localhost:3000/presentations/editor?id=pres-1775471431101-sgdeti:0
[  565158ms] [WARNING] The resource http://localhost:3000/_next/static/css/app/layout.css?v=1775471537607 was preloaded using link preload but not used within a few seconds from the window's load event. Please make sure it has an appropriate `as` value and it is preloaded intentionally. @ http://localhost:3000/presentations/editor?id=pres-1775471431101-sgdeti:0
[  565158ms] [WARNING] The resource http://localhost:3000/_next/static/css/app/layout.css?v=1775471849910 was preloaded using link preload but not used within a few seconds from the window's load event. Please make sure it has an appropriate `as` value and it is preloaded intentionally. @ http://localhost:3000/presentations/editor?id=pres-1775471431101-sgdeti:0
[  565158ms] [WARNING] The resource http://localhost:3000/_next/static/css/app/layout.css?v=1775471441150 was preloaded using link preload but not used within a few seconds from the window's load event. Please make sure it has an appropriate `as` value and it is preloaded intentionally. @ http://localhost:3000/presentations/editor?id=pres-1775471431101-sgdeti:0
[  565158ms] [WARNING] The resource http://localhost:3000/_next/static/css/app/layout.css?v=1775471964315 was preloaded using link preload but not used within a few seconds from the window's load event. Please make sure it has an appropriate `as` value and it is preloaded intentionally. @ http://localhost:3000/presentations/editor?id=pres-1775471431101-sgdeti:0
[  565158ms] [WARNING] The resource http://localhost:3000/_next/static/css/app/layout.css?v=1775471704833 was preloaded using link preload but not used within a few seconds from the window's load event. Please make sure it has an appropriate `as` value and it is preloaded intentionally. @ http://localhost:3000/presentations/editor?id=pres-1775471431101-sgdeti:0
[  565158ms] [WARNING] The resource http://localhost:3000/_next/static/css/app/layout.css?v=1775471732430 was preloaded using link preload but not used within a few seconds from the window's load event. Please make sure it has an appropriate `as` value and it is preloaded intentionally. @ http://localhost:3000/presentations/editor?id=pres-1775471431101-sgdeti:0
[  565158ms] [WARNING] The resource http://localhost:3000/_next/static/css/app/layout.css?v=1775471508542 was preloaded using link preload but not used within a few seconds from the window's load event. Please make sure it has an appropriate `as` value and it is preloaded intentionally. @ http://localhost:3000/presentations/editor?id=pres-1775471431101-sgdeti:0
[  565158ms] [WARNING] The resource http://localhost:3000/_next/static/css/app/layout.css?v=1775471949386 was preloaded using link preload but not used within a few seconds from the window's load event. Please make sure it has an appropriate `as` value and it is preloaded intentionally. @ http://localhost:3000/presentations/editor?id=pres-1775471431101-sgdeti:0
[  565158ms] [WARNING] The resource http://localhost:3000/_next/static/css/app/layout.css?v=1775471954604 was preloaded using link preload but not used within a few seconds from the window's load event. Please make sure it has an appropriate `as` value and it is preloaded intentionally. @ http://localhost:3000/presentations/editor?id=pres-1775471431101-sgdeti:0
[  565158ms] [WARNING] The resource http://localhost:3000/_next/static/css/app/layout.css?v=1775471579886 was preloaded using link preload but not used within a few seconds from the window's load event. Please make sure it has an appropriate `as` value and it is preloaded intentionally. @ http://localhost:3000/presentations/editor?id=pres-1775471431101-sgdeti:0
[  565158ms] [WARNING] The resource http://localhost:3000/_next/static/css/app/layout.css?v=1775471837436 was preloaded using link preload but not used within a few seconds from the window's load event. Please make sure it has an appropriate `as` value and it is preloaded intentionally. @ http://localhost:3000/presentations/editor?id=pres-1775471431101-sgdeti:0
[  565158ms] [WARNING] The resource http://localhost:3000/_next/static/css/app/layout.css?v=1775471789508 was preloaded using link preload but not used within a few seconds from the window's load event. Please make sure it has an appropriate `as` value and it is preloaded intentionally. @ http://localhost:3000/presentations/editor?id=pres-1775471431101-sgdeti:0
[  565158ms] [WARNING] The resource http://localhost:3000/_next/static/css/app/layout.css?v=1775471585099 was preloaded using link preload but not used within a few seconds from the window's load event. Please make sure it has an appropriate `as` value and it is preloaded intentionally. @ http://localhost:3000/presentations/editor?id=pres-1775471431101-sgdeti:0
[  565158ms] [WARNING] The resource http://localhost:3000/_next/static/css/app/layout.css?v=1775471648668 was preloaded using link preload but not used within a few seconds from the window's load event. Please make sure it has an appropriate `as` value and it is preloaded intentionally. @ http://localhost:3000/presentations/editor?id=pres-1775471431101-sgdeti:0
[  565158ms] [WARNING] The resource http://localhost:3000/_next/static/css/app/layout.css?v=1775471934279 was preloaded using link preload but not used within a few seconds from the window's load event. Please make sure it has an appropriate `as` value and it is preloaded intentionally. @ http://localhost:3000/presentations/editor?id=pres-1775471431101-sgdeti:0
[  565158ms] [WARNING] The resource http://localhost:3000/_next/static/css/app/layout.css?v=1775471963017 was preloaded using link preload but not used within a few seconds from the window's load event. Please make sure it has an appropriate `as` value and it is preloaded intentionally. @ http://localhost:3000/presentations/editor?id=pres-1775471431101-sgdeti:0
[  565158ms] [WARNING] The resource http://localhost:3000/_next/static/css/app/layout.css?v=1775471774988 was preloaded using link preload but not used within a few seconds from the window's load event. Please make sure it has an appropriate `as` value and it is preloaded intentionally. @ http://localhost:3000/presentations/editor?id=pres-1775471431101-sgdeti:0
[  565158ms] [WARNING] The resource http://localhost:3000/_next/static/css/app/layout.css?v=1775471573422 was preloaded using link preload but not used within a few seconds from the window's load event. Please make sure it has an appropriate `as` value and it is preloaded intentionally. @ http://localhost:3000/presentations/editor?id=pres-1775471431101-sgdeti:0
[  565158ms] [WARNING] The resource http://localhost:3000/_next/static/css/app/layout.css?v=1775471557284 was preloaded using link preload but not used within a few seconds from the window's load event. Please make sure it has an appropriate `as` value and it is preloaded intentionally. @ http://localhost:3000/presentations/editor?id=pres-1775471431101-sgdeti:0
[  565158ms] [WARNING] The resource http://localhost:3000/_next/static/css/app/layout.css?v=1775471668987 was preloaded using link preload but not used within a few seconds from the window's load event. Please make sure it has an appropriate `as` value and it is preloaded intentionally. @ http://localhost:3000/presentations/editor?id=pres-1775471431101-sgdeti:0
[  565158ms] [WARNING] The resource http://localhost:3000/_next/static/css/app/layout.css?v=1775471504179 was preloaded using link preload but not used within a few seconds from the window's load event. Please make sure it has an appropriate `as` value and it is preloaded intentionally. @ http://localhost:3000/presentations/editor?id=pres-1775471431101-sgdeti:0
[  565158ms] [WARNING] The resource http://localhost:3000/_next/static/css/app/layout.css?v=1775471719542 was preloaded using link preload but not used within a few seconds from the window's load event. Please make sure it has an appropriate `as` value and it is preloaded intentionally. @ http://localhost:3000/presentations/editor?id=pres-1775471431101-sgdeti:0
[  565158ms] [WARNING] The resource http://localhost:3000/_next/static/css/app/layout.css?v=1775471941410 was preloaded using link preload but not used within a few seconds from the window's load event. Please make sure it has an appropriate `as` value and it is preloaded intentionally. @ http://localhost:3000/presentations/editor?id=pres-1775471431101-sgdeti:0
[  565158ms] [WARNING] The resource http://localhost:3000/_next/static/css/app/layout.css?v=1775471852428 was preloaded using link preload but not used within a few seconds from the window's load event. Please make sure it has an appropriate `as` value and it is preloaded intentionally. @ http://localhost:3000/presentations/editor?id=pres-1775471431101-sgdeti:0
[  565158ms] [WARNING] The resource http://localhost:3000/_next/static/css/app/layout.css?v=1775471610322 was preloaded using link preload but not used within a few seconds from the window's load event. Please make sure it has an appropriate `as` value and it is preloaded intentionally. @ http://localhost:3000/presentations/editor?id=pres-1775471431101-sgdeti:0
[  565158ms] [WARNING] The resource http://localhost:3000/_next/static/css/app/layout.css?v=1775471690074 was preloaded using link preload but not used within a few seconds from the window's load event. Please make sure it has an appropriate `as` value and it is preloaded intentionally. @ http://localhost:3000/presentations/editor?id=pres-1775471431101-sgdeti:0
[  565158ms] [WARNING] The resource http://localhost:3000/_next/static/css/app/layout.css?v=1775471718303 was preloaded using link preload but not used within a few seconds from the window's load event. Please make sure it has an appropriate `as` value and it is preloaded intentionally. @ http://localhost:3000/presentations/editor?id=pres-1775471431101-sgdeti:0
[  565158ms] [WARNING] The resource http://localhost:3000/_next/static/css/app/layout.css?v=1775471607734 was preloaded using link preload but not used within a few seconds from the window's load event. Please make sure it has an appropriate `as` value and it is preloaded intentionally. @ http://localhost:3000/presentations/editor?id=pres-1775471431101-sgdeti:0
[  565158ms] [WARNING] The resource http://localhost:3000/_next/static/css/app/layout.css?v=1775471447008 was preloaded using link preload but not used within a few seconds from the window's load event. Please make sure it has an appropriate `as` value and it is preloaded intentionally. @ http://localhost:3000/presentations/editor?id=pres-1775471431101-sgdeti:0
[  565158ms] [WARNING] The resource http://localhost:3000/_next/static/css/app/layout.css?v=1775471452205 was preloaded using link preload but not used within a few seconds from the window's load event. Please make sure it has an appropriate `as` value and it is preloaded intentionally. @ http://localhost:3000/presentations/editor?id=pres-1775471431101-sgdeti:0
[  565158ms] [WARNING] The resource http://localhost:3000/_next/static/css/app/layout.css?v=1775471724627 was preloaded using link preload but not used within a few seconds from the window's load event. Please make sure it has an appropriate `as` value and it is preloaded intentionally. @ http://localhost:3000/presentations/editor?id=pres-1775471431101-sgdeti:0
[  565158ms] [WARNING] The resource http://localhost:3000/_next/static/css/app/layout.css?v=1775471864153 was preloaded using link preload but not used within a few seconds from the window's load event. Please make sure it has an appropriate `as` value and it is preloaded intentionally. @ http://localhost:3000/presentations/editor?id=pres-1775471431101-sgdeti:0
[  565158ms] [WARNING] The resource http://localhost:3000/_next/static/css/app/layout.css?v=1775471635602 was preloaded using link preload but not used within a few seconds from the window's load event. Please make sure it has an appropriate `as` value and it is preloaded intentionally. @ http://localhost:3000/presentations/editor?id=pres-1775471431101-sgdeti:0
[  565158ms] [WARNING] The resource http://localhost:3000/_next/static/css/app/layout.css?v=1775471733686 was preloaded using link preload but not used within a few seconds from the window's load event. Please make sure it has an appropriate `as` value and it is preloaded intentionally. @ http://localhost:3000/presentations/editor?id=pres-1775471431101-sgdeti:0
[  565158ms] [WARNING] The resource http://localhost:3000/_next/static/css/app/layout.css?v=1775471717696 was preloaded using link preload but not used within a few seconds from the window's load event. Please make sure it has an appropriate `as` value and it is preloaded intentionally. @ http://localhost:3000/presentations/editor?id=pres-1775471431101-sgdeti:0
[  565158ms] [WARNING] The resource http://localhost:3000/_next/static/css/app/layout.css?v=1775471945435 was preloaded using link preload but not used within a few seconds from the window's load event. Please make sure it has an appropriate `as` value and it is preloaded intentionally. @ http://localhost:3000/presentations/editor?id=pres-1775471431101-sgdeti:0
[  565158ms] [WARNING] The resource http://localhost:3000/_next/static/css/app/layout.css?v=1775471632544 was preloaded using link preload but not used within a few seconds from the window's load event. Please make sure it has an appropriate `as` value and it is preloaded intentionally. @ http://localhost:3000/presentations/editor?id=pres-1775471431101-sgdeti:0
[  565158ms] [WARNING] The resource http://localhost:3000/_next/static/css/app/layout.css?v=1775471488081 was preloaded using link preload but not used within a few seconds from the window's load event. Please make sure it has an appropriate `as` value and it is preloaded intentionally. @ http://localhost:3000/presentations/editor?id=pres-1775471431101-sgdeti:0
[  565158ms] [WARNING] The resource http://localhost:3000/_next/static/css/app/layout.css?v=1775471655736 was preloaded using link preload but not used within a few seconds from the window's load event. Please make sure it has an appropriate `as` value and it is preloaded intentionally. @ http://localhost:3000/presentations/editor?id=pres-1775471431101-sgdeti:0
[  565158ms] [WARNING] The resource http://localhost:3000/_next/static/css/app/layout.css?v=1775471782362 was preloaded using link preload but not used within a few seconds from the window's load event. Please make sure it has an appropriate `as` value and it is preloaded intentionally. @ http://localhost:3000/presentations/editor?id=pres-1775471431101-sgdeti:0
[  565158ms] [WARNING] The resource http://localhost:3000/_next/static/css/app/layout.css?v=1775471519604 was preloaded using link preload but not used within a few seconds from the window's load event. Please make sure it has an appropriate `as` value and it is preloaded intentionally. @ http://localhost:3000/presentations/editor?id=pres-1775471431101-sgdeti:0
[  565158ms] [WARNING] The resource http://localhost:3000/_next/static/css/app/layout.css?v=1775471951912 was preloaded using link preload but not used within a few seconds from the window's load event. Please make sure it has an appropriate `as` value and it is preloaded intentionally. @ http://localhost:3000/presentations/editor?id=pres-1775471431101-sgdeti:0
[  565158ms] [WARNING] The resource http://localhost:3000/_next/static/css/app/layout.css?v=1775471570315 was preloaded using link preload but not used within a few seconds from the window's load event. Please make sure it has an appropriate `as` value and it is preloaded intentionally. @ http://localhost:3000/presentations/editor?id=pres-1775471431101-sgdeti:0
[  565158ms] [WARNING] The resource http://localhost:3000/_next/static/css/app/layout.css?v=1775471711373 was preloaded using link preload but not used within a few seconds from the window's load event. Please make sure it has an appropriate `as` value and it is preloaded intentionally. @ http://localhost:3000/presentations/editor?id=pres-1775471431101-sgdeti:0
[  565158ms] [WARNING] The resource http://localhost:3000/_next/static/css/app/layout.css?v=1775471792718 was preloaded using link preload but not used within a few seconds from the window's load event. Please make sure it has an appropriate `as` value and it is preloaded intentionally. @ http://localhost:3000/presentations/editor?id=pres-1775471431101-sgdeti:0
[  565159ms] [WARNING] The resource http://localhost:3000/_next/static/css/app/layout.css?v=1775471662669 was preloaded using link preload but not used within a few seconds from the window's load event. Please make sure it has an appropriate `as` value and it is preloaded intentionally. @ http://localhost:3000/presentations/editor?id=pres-1775471431101-sgdeti:0
[  565159ms] [WARNING] The resource http://localhost:3000/_next/static/css/app/layout.css?v=1775471452801 was preloaded using link preload but not used within a few seconds from the window's load event. Please make sure it has an appropriate `as` value and it is preloaded intentionally. @ http://localhost:3000/presentations/editor?id=pres-1775471431101-sgdeti:0
[  565159ms] [WARNING] The resource http://localhost:3000/_next/static/css/app/layout.css?v=1775471605847 was preloaded using link preload but not used within a few seconds from the window's load event. Please make sure it has an appropriate `as` value and it is preloaded intentionally. @ http://localhost:3000/presentations/editor?id=pres-1775471431101-sgdeti:0
[  565159ms] [WARNING] The resource http://localhost:3000/_next/static/css/app/layout.css?v=1775471831844 was preloaded using link preload but not used within a few seconds from the window's load event. Please make sure it has an appropriate `as` value and it is preloaded intentionally. @ http://localhost:3000/presentations/editor?id=pres-1775471431101-sgdeti:0
[  565159ms] [WARNING] The resource http://localhost:3000/_next/static/css/app/layout.css?v=1775471723964 was preloaded using link preload but not used within a few seconds from the window's load event. Please make sure it has an appropriate `as` value and it is preloaded intentionally. @ http://localhost:3000/presentations/editor?id=pres-1775471431101-sgdeti:0
[  565159ms] [WARNING] The resource http://localhost:3000/_next/static/css/app/layout.css?v=1775471710005 was preloaded using link preload but not used within a few seconds from the window's load event. Please make sure it has an appropriate `as` value and it is preloaded intentionally. @ http://localhost:3000/presentations/editor?id=pres-1775471431101-sgdeti:0
[  565159ms] [WARNING] The resource http://localhost:3000/_next/static/css/app/layout.css?v=1775471743290 was preloaded using link preload but not used within a few seconds from the window's load event. Please make sure it has an appropriate `as` value and it is preloaded intentionally. @ http://localhost:3000/presentations/editor?id=pres-1775471431101-sgdeti:0
[  565159ms] [WARNING] The resource http://localhost:3000/_next/static/css/app/layout.css?v=1775471504851 was preloaded using link preload but not used within a few seconds from the window's load event. Please make sure it has an appropriate `as` value and it is preloaded intentionally. @ http://localhost:3000/presentations/editor?id=pres-1775471431101-sgdeti:0
[  565159ms] [WARNING] The resource http://localhost:3000/_next/static/css/app/layout.css?v=1775471793969 was preloaded using link preload but not used within a few seconds from the window's load event. Please make sure it has an appropriate `as` value and it is preloaded intentionally. @ http://localhost:3000/presentations/editor?id=pres-1775471431101-sgdeti:0
[  565159ms] [WARNING] The resource http://localhost:3000/_next/static/css/app/layout.css?v=1775471619274 was preloaded using link preload but not used within a few seconds from the window's load event. Please make sure it has an appropriate `as` value and it is preloaded intentionally. @ http://localhost:3000/presentations/editor?id=pres-1775471431101-sgdeti:0
[  565159ms] [WARNING] The resource http://localhost:3000/_next/static/css/app/layout.css?v=1775471944150 was preloaded using link preload but not used within a few seconds from the window's load event. Please make sure it has an appropriate `as` value and it is preloaded intentionally. @ http://localhost:3000/presentations/editor?id=pres-1775471431101-sgdeti:0
[  565159ms] [WARNING] The resource http://localhost:3000/_next/static/css/app/layout.css?v=1775471511792 was preloaded using link preload but not used within a few seconds from the window's load event. Please make sure it has an appropriate `as` value and it is preloaded intentionally. @ http://localhost:3000/presentations/editor?id=pres-1775471431101-sgdeti:0
[  565159ms] [WARNING] The resource http://localhost:3000/_next/static/css/app/layout.css?v=1775471753676 was preloaded using link preload but not used within a few seconds from the window's load event. Please make sure it has an appropriate `as` value and it is preloaded intentionally. @ http://localhost:3000/presentations/editor?id=pres-1775471431101-sgdeti:0
[  565159ms] [WARNING] The resource http://localhost:3000/_next/static/css/app/layout.css?v=1775471454060 was preloaded using link preload but not used within a few seconds from the window's load event. Please make sure it has an appropriate `as` value and it is preloaded intentionally. @ http://localhost:3000/presentations/editor?id=pres-1775471431101-sgdeti:0
[  565159ms] [WARNING] The resource http://localhost:3000/_next/static/css/app/layout.css?v=1775471466484 was preloaded using link preload but not used within a few seconds from the window's load event. Please make sure it has an appropriate `as` value and it is preloaded intentionally. @ http://localhost:3000/presentations/editor?id=pres-1775471431101-sgdeti:0
[  565159ms] [WARNING] The resource http://localhost:3000/_next/static/css/app/layout.css?v=1775471933237 was preloaded using link preload but not used within a few seconds from the window's load event. Please make sure it has an appropriate `as` value and it is preloaded intentionally. @ http://localhost:3000/presentations/editor?id=pres-1775471431101-sgdeti:0
[  565159ms] [WARNING] The resource http://localhost:3000/_next/static/css/app/layout.css?v=1775471747317 was preloaded using link preload but not used within a few seconds from the window's load event. Please make sure it has an appropriate `as` value and it is preloaded intentionally. @ http://localhost:3000/presentations/editor?id=pres-1775471431101-sgdeti:0
[  565159ms] [WARNING] The resource http://localhost:3000/_next/static/css/app/layout.css?v=1775471663298 was preloaded using link preload but not used within a few seconds from the window's load event. Please make sure it has an appropriate `as` value and it is preloaded intentionally. @ http://localhost:3000/presentations/editor?id=pres-1775471431101-sgdeti:0
[  565159ms] [WARNING] The resource http://localhost:3000/_next/static/css/app/layout.css?v=1775471715108 was preloaded using link preload but not used within a few seconds from the window's load event. Please make sure it has an appropriate `as` value and it is preloaded intentionally. @ http://localhost:3000/presentations/editor?id=pres-1775471431101-sgdeti:0
[  565159ms] [WARNING] The resource http://localhost:3000/_next/static/css/app/layout.css?v=1775471947992 was preloaded using link preload but not used within a few seconds from the window's load event. Please make sure it has an appropriate `as` value and it is preloaded intentionally. @ http://localhost:3000/presentations/editor?id=pres-1775471431101-sgdeti:0
[  565159ms] [WARNING] The resource http://localhost:3000/_next/static/css/app/layout.css?v=1775471720260 was preloaded using link preload but not used within a few seconds from the window's load event. Please make sure it has an appropriate `as` value and it is preloaded intentionally. @ http://localhost:3000/presentations/editor?id=pres-1775471431101-sgdeti:0
[  565159ms] [WARNING] The resource http://localhost:3000/_next/static/css/app/layout.css?v=1775471682598 was preloaded using link preload but not used within a few seconds from the window's load event. Please make sure it has an appropriate `as` value and it is preloaded intentionally. @ http://localhost:3000/presentations/editor?id=pres-1775471431101-sgdeti:0
[  565159ms] [WARNING] The resource http://localhost:3000/_next/static/css/app/layout.css?v=1775471506159 was preloaded using link preload but not used within a few seconds from the window's load event. Please make sure it has an appropriate `as` value and it is preloaded intentionally. @ http://localhost:3000/presentations/editor?id=pres-1775471431101-sgdeti:0
[  565159ms] [WARNING] The resource http://localhost:3000/_next/static/css/app/layout.css?v=1775471595167 was preloaded using link preload but not used within a few seconds from the window's load event. Please make sure it has an appropriate `as` value and it is preloaded intentionally. @ http://localhost:3000/presentations/editor?id=pres-1775471431101-sgdeti:0
[  565159ms] [WARNING] The resource http://localhost:3000/_next/static/css/app/layout.css?v=1775471718923 was preloaded using link preload but not used within a few seconds from the window's load event. Please make sure it has an appropriate `as` value and it is preloaded intentionally. @ http://localhost:3000/presentations/editor?id=pres-1775471431101-sgdeti:0
[  565159ms] [WARNING] The resource http://localhost:3000/_next/static/css/app/layout.css?v=1775471977461 was preloaded using link preload but not used within a few seconds from the window's load event. Please make sure it has an appropriate `as` value and it is preloaded intentionally. @ http://localhost:3000/presentations/editor?id=pres-1775471431101-sgdeti:0
[  565159ms] [WARNING] The resource http://localhost:3000/_next/static/css/app/layout.css?v=1775471965060 was preloaded using link preload but not used within a few seconds from the window's load event. Please make sure it has an appropriate `as` value and it is preloaded intentionally. @ http://localhost:3000/presentations/editor?id=pres-1775471431101-sgdeti:0
[  565159ms] [WARNING] The resource http://localhost:3000/_next/static/css/app/layout.css?v=1775471639431 was preloaded using link preload but not used within a few seconds from the window's load event. Please make sure it has an appropriate `as` value and it is preloaded intentionally. @ http://localhost:3000/presentations/editor?id=pres-1775471431101-sgdeti:0
[  565159ms] [WARNING] The resource http://localhost:3000/_next/static/css/app/layout.css?v=1775471953167 was preloaded using link preload but not used within a few seconds from the window's load event. Please make sure it has an appropriate `as` value and it is preloaded intentionally. @ http://localhost:3000/presentations/editor?id=pres-1775471431101-sgdeti:0
[  565159ms] [WARNING] The resource http://localhost:3000/_next/static/css/app/layout.css?v=1775471443768 was preloaded using link preload but not used within a few seconds from the window's load event. Please make sure it has an appropriate `as` value and it is preloaded intentionally. @ http://localhost:3000/presentations/editor?id=pres-1775471431101-sgdeti:0
[  565159ms] [WARNING] The resource http://localhost:3000/_next/static/css/app/layout.css?v=1775471643454 was preloaded using link preload but not used within a few seconds from the window's load event. Please make sure it has an appropriate `as` value and it is preloaded intentionally. @ http://localhost:3000/presentations/editor?id=pres-1775471431101-sgdeti:0
[  565159ms] [WARNING] The resource http://localhost:3000/_next/static/css/app/layout.css?v=1775471705509 was preloaded using link preload but not used within a few seconds from the window's load event. Please make sure it has an appropriate `as` value and it is preloaded intentionally. @ http://localhost:3000/presentations/editor?id=pres-1775471431101-sgdeti:0
[  565159ms] [WARNING] The resource http://localhost:3000/_next/static/css/app/layout.css?v=1775471645391 was preloaded using link preload but not used within a few seconds from the window's load event. Please make sure it has an appropriate `as` value and it is preloaded intentionally. @ http://localhost:3000/presentations/editor?id=pres-1775471431101-sgdeti:0
[  565159ms] [WARNING] The resource http://localhost:3000/_next/static/css/app/layout.css?v=1775471590759 was preloaded using link preload but not used within a few seconds from the window's load event. Please make sure it has an appropriate `as` value and it is preloaded intentionally. @ http://localhost:3000/presentations/editor?id=pres-1775471431101-sgdeti:0
[  565159ms] [WARNING] The resource http://localhost:3000/_next/static/css/app/layout.css?v=1775471923383 was preloaded using link preload but not used within a few seconds from the window's load event. Please make sure it has an appropriate `as` value and it is preloaded intentionally. @ http://localhost:3000/presentations/editor?id=pres-1775471431101-sgdeti:0
[  565159ms] [WARNING] The resource http://localhost:3000/_next/static/css/app/layout.css?v=1775471701051 was preloaded using link preload but not used within a few seconds from the window's load event. Please make sure it has an appropriate `as` value and it is preloaded intentionally. @ http://localhost:3000/presentations/editor?id=pres-1775471431101-sgdeti:0
[  565159ms] [WARNING] The resource http://localhost:3000/_next/static/css/app/layout.css?v=1775471541469 was preloaded using link preload but not used within a few seconds from the window's load event. Please make sure it has an appropriate `as` value and it is preloaded intentionally. @ http://localhost:3000/presentations/editor?id=pres-1775471431101-sgdeti:0
[  565159ms] [WARNING] The resource http://localhost:3000/_next/static/css/app/layout.css?v=1775471662038 was preloaded using link preload but not used within a few seconds from the window's load event. Please make sure it has an appropriate `as` value and it is preloaded intentionally. @ http://localhost:3000/presentations/editor?id=pres-1775471431101-sgdeti:0
[  565159ms] [WARNING] The resource http://localhost:3000/_next/static/css/app/layout.css?v=1775471527359 was preloaded using link preload but not used within a few seconds from the window's load event. Please make sure it has an appropriate `as` value and it is preloaded intentionally. @ http://localhost:3000/presentations/editor?id=pres-1775471431101-sgdeti:0
[  565159ms] [WARNING] The resource http://localhost:3000/_next/static/css/app/layout.css?v=1775471583127 was preloaded using link preload but not used within a few seconds from the window's load event. Please make sure it has an appropriate `as` value and it is preloaded intentionally. @ http://localhost:3000/presentations/editor?id=pres-1775471431101-sgdeti:0
[  565159ms] [WARNING] The resource http://localhost:3000/_next/static/css/app/layout.css?v=1775471505499 was preloaded using link preload but not used within a few seconds from the window's load event. Please make sure it has an appropriate `as` value and it is preloaded intentionally. @ http://localhost:3000/presentations/editor?id=pres-1775471431101-sgdeti:0
[  565159ms] [WARNING] The resource http://localhost:3000/_next/static/css/app/layout.css?v=1775471859045 was preloaded using link preload but not used within a few seconds from the window's load event. Please make sure it has an appropriate `as` value and it is preloaded intentionally. @ http://localhost:3000/presentations/editor?id=pres-1775471431101-sgdeti:0
[  565159ms] [WARNING] The resource http://localhost:3000/_next/static/css/app/layout.css?v=1775471812215 was preloaded using link preload but not used within a few seconds from the window's load event. Please make sure it has an appropriate `as` value and it is preloaded intentionally. @ http://localhost:3000/presentations/editor?id=pres-1775471431101-sgdeti:0
[  565159ms] [WARNING] The resource http://localhost:3000/_next/static/css/app/layout.css?v=1775471740170 was preloaded using link preload but not used within a few seconds from the window's load event. Please make sure it has an appropriate `as` value and it is preloaded intentionally. @ http://localhost:3000/presentations/editor?id=pres-1775471431101-sgdeti:0
[  565159ms] [WARNING] The resource http://localhost:3000/_next/static/css/app/layout.css?v=1775471594573 was preloaded using link preload but not used within a few seconds from the window's load event. Please make sure it has an appropriate `as` value and it is preloaded intentionally. @ http://localhost:3000/presentations/editor?id=pres-1775471431101-sgdeti:0
[  565159ms] [WARNING] The resource http://localhost:3000/_next/static/css/app/layout.css?v=1775471729101 was preloaded using link preload but not used within a few seconds from the window's load event. Please make sure it has an appropriate `as` value and it is preloaded intentionally. @ http://localhost:3000/presentations/editor?id=pres-1775471431101-sgdeti:0
[  565159ms] [WARNING] The resource http://localhost:3000/_next/static/css/app/layout.css?v=1775471580555 was preloaded using link preload but not used within a few seconds from the window's load event. Please make sure it has an appropriate `as` value and it is preloaded intentionally. @ http://localhost:3000/presentations/editor?id=pres-1775471431101-sgdeti:0
[  565159ms] [WARNING] The resource http://localhost:3000/_next/static/css/app/layout.css?v=1775471783612 was preloaded using link preload but not used within a few seconds from the window's load event. Please make sure it has an appropriate `as` value and it is preloaded intentionally. @ http://localhost:3000/presentations/editor?id=pres-1775471431101-sgdeti:0
[  565159ms] [WARNING] The resource http://localhost:3000/_next/static/css/app/layout.css?v=1775471600223 was preloaded using link preload but not used within a few seconds from the window's load event. Please make sure it has an appropriate `as` value and it is preloaded intentionally. @ http://localhost:3000/presentations/editor?id=pres-1775471431101-sgdeti:0
[  565160ms] [WARNING] The resource http://localhost:3000/_next/static/css/app/layout.css?v=1775471792105 was preloaded using link preload but not used within a few seconds from the window's load event. Please make sure it has an appropriate `as` value and it is preloaded intentionally. @ http://localhost:3000/presentations/editor?id=pres-1775471431101-sgdeti:0
[  565160ms] [WARNING] The resource http://localhost:3000/_next/static/css/app/layout.css?v=1775471551032 was preloaded using link preload but not used within a few seconds from the window's load event. Please make sure it has an appropriate `as` value and it is preloaded intentionally. @ http://localhost:3000/presentations/editor?id=pres-1775471431101-sgdeti:0
[  565160ms] [WARNING] The resource http://localhost:3000/_next/static/css/app/layout.css?v=1775471846641 was preloaded using link preload but not used within a few seconds from the window's load event. Please make sure it has an appropriate `as` value and it is preloaded intentionally. @ http://localhost:3000/presentations/editor?id=pres-1775471431101-sgdeti:0
[  565160ms] [WARNING] The resource http://localhost:3000/_next/static/css/app/layout.css?v=1775471443142 was preloaded using link preload but not used within a few seconds from the window's load event. Please make sure it has an appropriate `as` value and it is preloaded intentionally. @ http://localhost:3000/presentations/editor?id=pres-1775471431101-sgdeti:0
[  565160ms] [WARNING] The resource http://localhost:3000/_next/static/css/app/layout.css?v=1775471780481 was preloaded using link preload but not used within a few seconds from the window's load event. Please make sure it has an appropriate `as` value and it is preloaded intentionally. @ http://localhost:3000/presentations/editor?id=pres-1775471431101-sgdeti:0
[  565160ms] [WARNING] The resource http://localhost:3000/_next/static/css/app/layout.css?v=1775471828006 was preloaded using link preload but not used within a few seconds from the window's load event. Please make sure it has an appropriate `as` value and it is preloaded intentionally. @ http://localhost:3000/presentations/editor?id=pres-1775471431101-sgdeti:0
[  565160ms] [WARNING] The resource http://localhost:3000/_next/static/css/app/layout.css?v=1775471588924 was preloaded using link preload but not used within a few seconds from the window's load event. Please make sure it has an appropriate `as` value and it is preloaded intentionally. @ http://localhost:3000/presentations/editor?id=pres-1775471431101-sgdeti:0
[  565160ms] [WARNING] The resource http://localhost:3000/_next/static/css/app/layout.css?v=1775471554852 was preloaded using link preload but not used within a few seconds from the window's load event. Please make sure it has an appropriate `as` value and it is preloaded intentionally. @ http://localhost:3000/presentations/editor?id=pres-1775471431101-sgdeti:0
[  565160ms] [WARNING] The resource http://localhost:3000/_next/static/css/app/layout.css?v=1775471901239 was preloaded using link preload but not used within a few seconds from the window's load event. Please make sure it has an appropriate `as` value and it is preloaded intentionally. @ http://localhost:3000/presentations/editor?id=pres-1775471431101-sgdeti:0
[  565160ms] [WARNING] The resource http://localhost:3000/_next/static/css/app/layout.css?v=1775471526722 was preloaded using link preload but not used within a few seconds from the window's load event. Please make sure it has an appropriate `as` value and it is preloaded intentionally. @ http://localhost:3000/presentations/editor?id=pres-1775471431101-sgdeti:0
[  565160ms] [WARNING] The resource http://localhost:3000/_next/static/css/app/layout.css?v=1775471803045 was preloaded using link preload but not used within a few seconds from the window's load event. Please make sure it has an appropriate `as` value and it is preloaded intentionally. @ http://localhost:3000/presentations/editor?id=pres-1775471431101-sgdeti:0
[  565160ms] [WARNING] The resource http://localhost:3000/_next/static/css/app/layout.css?v=1775471605249 was preloaded using link preload but not used within a few seconds from the window's load event. Please make sure it has an appropriate `as` value and it is preloaded intentionally. @ http://localhost:3000/presentations/editor?id=pres-1775471431101-sgdeti:0
[  565160ms] [WARNING] The resource http://localhost:3000/_next/static/css/app/layout.css?v=1775471764810 was preloaded using link preload but not used within a few seconds from the window's load event. Please make sure it has an appropriate `as` value and it is preloaded intentionally. @ http://localhost:3000/presentations/editor?id=pres-1775471431101-sgdeti:0
[  565160ms] [WARNING] The resource http://localhost:3000/_next/static/css/app/layout.css?v=1775471972212 was preloaded using link preload but not used within a few seconds from the window's load event. Please make sure it has an appropriate `as` value and it is preloaded intentionally. @ http://localhost:3000/presentations/editor?id=pres-1775471431101-sgdeti:0
[  565160ms] [WARNING] The resource http://localhost:3000/_next/static/css/app/layout.css?v=1775471556076 was preloaded using link preload but not used within a few seconds from the window's load event. Please make sure it has an appropriate `as` value and it is preloaded intentionally. @ http://localhost:3000/presentations/editor?id=pres-1775471431101-sgdeti:0
[  565160ms] [WARNING] The resource http://localhost:3000/_next/static/css/app/layout.css?v=1775471455960 was preloaded using link preload but not used within a few seconds from the window's load event. Please make sure it has an appropriate `as` value and it is preloaded intentionally. @ http://localhost:3000/presentations/editor?id=pres-1775471431101-sgdeti:0
[  565160ms] [WARNING] The resource http://localhost:3000/_next/static/css/app/layout.css?v=1775471873594 was preloaded using link preload but not used within a few seconds from the window's load event. Please make sure it has an appropriate `as` value and it is preloaded intentionally. @ http://localhost:3000/presentations/editor?id=pres-1775471431101-sgdeti:0
[  565160ms] [WARNING] The resource http://localhost:3000/_next/static/css/app/layout.css?v=1775471467609 was preloaded using link preload but not used within a few seconds from the window's load event. Please make sure it has an appropriate `as` value and it is preloaded intentionally. @ http://localhost:3000/presentations/editor?id=pres-1775471431101-sgdeti:0
[  565160ms] [WARNING] The resource http://localhost:3000/_next/static/css/app/layout.css?v=1775471802425 was preloaded using link preload but not used within a few seconds from the window's load event. Please make sure it has an appropriate `as` value and it is preloaded intentionally. @ http://localhost:3000/presentations/editor?id=pres-1775471431101-sgdeti:0
[  565160ms] [WARNING] The resource http://localhost:3000/_next/static/css/app/layout.css?v=1775471518436 was preloaded using link preload but not used within a few seconds from the window's load event. Please make sure it has an appropriate `as` value and it is preloaded intentionally. @ http://localhost:3000/presentations/editor?id=pres-1775471431101-sgdeti:0
[  565160ms] [WARNING] The resource http://localhost:3000/_next/static/css/app/layout.css?v=1775471591380 was preloaded using link preload but not used within a few seconds from the window's load event. Please make sure it has an appropriate `as` value and it is preloaded intentionally. @ http://localhost:3000/presentations/editor?id=pres-1775471431101-sgdeti:0
[  565160ms] [WARNING] The resource http://localhost:3000/_next/static/css/app/layout.css?v=1775471558666 was preloaded using link preload but not used within a few seconds from the window's load event. Please make sure it has an appropriate `as` value and it is preloaded intentionally. @ http://localhost:3000/presentations/editor?id=pres-1775471431101-sgdeti:0
[  565160ms] [WARNING] The resource http://localhost:3000/_next/static/css/app/layout.css?v=1775471630517 was preloaded using link preload but not used within a few seconds from the window's load event. Please make sure it has an appropriate `as` value and it is preloaded intentionally. @ http://localhost:3000/presentations/editor?id=pres-1775471431101-sgdeti:0
[  565160ms] [WARNING] The resource http://localhost:3000/_next/static/css/app/layout.css?v=1775471703579 was preloaded using link preload but not used within a few seconds from the window's load event. Please make sure it has an appropriate `as` value and it is preloaded intentionally. @ http://localhost:3000/presentations/editor?id=pres-1775471431101-sgdeti:0
[  565160ms] [WARNING] The resource http://localhost:3000/_next/static/css/app/layout.css?v=1775471489320 was preloaded using link preload but not used within a few seconds from the window's load event. Please make sure it has an appropriate `as` value and it is preloaded intentionally. @ http://localhost:3000/presentations/editor?id=pres-1775471431101-sgdeti:0
[  565160ms] [WARNING] The resource http://localhost:3000/_next/static/css/app/layout.css?v=1775471636203 was preloaded using link preload but not used within a few seconds from the window's load event. Please make sure it has an appropriate `as` value and it is preloaded intentionally. @ http://localhost:3000/presentations/editor?id=pres-1775471431101-sgdeti:0
[  565160ms] [WARNING] The resource http://localhost:3000/_next/static/css/app/layout.css?v=1775471513990 was preloaded using link preload but not used within a few seconds from the window's load event. Please make sure it has an appropriate `as` value and it is preloaded intentionally. @ http://localhost:3000/presentations/editor?id=pres-1775471431101-sgdeti:0
[  565160ms] [WARNING] The resource http://localhost:3000/_next/static/css/app/layout.css?v=1775471640037 was preloaded using link preload but not used within a few seconds from the window's load event. Please make sure it has an appropriate `as` value and it is preloaded intentionally. @ http://localhost:3000/presentations/editor?id=pres-1775471431101-sgdeti:0
[  565160ms] [WARNING] The resource http://localhost:3000/_next/static/css/app/layout.css?v=1775471827387 was preloaded using link preload but not used within a few seconds from the window's load event. Please make sure it has an appropriate `as` value and it is preloaded intentionally. @ http://localhost:3000/presentations/editor?id=pres-1775471431101-sgdeti:0
[  565160ms] [WARNING] The resource http://localhost:3000/_next/static/css/app/layout.css?v=1775471683206 was preloaded using link preload but not used within a few seconds from the window's load event. Please make sure it has an appropriate `as` value and it is preloaded intentionally. @ http://localhost:3000/presentations/editor?id=pres-1775471431101-sgdeti:0
[  565160ms] [WARNING] The resource http://localhost:3000/_next/static/css/app/layout.css?v=1775471874664 was preloaded using link preload but not used within a few seconds from the window's load event. Please make sure it has an appropriate `as` value and it is preloaded intentionally. @ http://localhost:3000/presentations/editor?id=pres-1775471431101-sgdeti:0
[  565160ms] [WARNING] The resource http://localhost:3000/_next/static/css/app/layout.css?v=1775471808375 was preloaded using link preload but not used within a few seconds from the window's load event. Please make sure it has an appropriate `as` value and it is preloaded intentionally. @ http://localhost:3000/presentations/editor?id=pres-1775471431101-sgdeti:0
[  565160ms] [WARNING] The resource http://localhost:3000/_next/static/css/app/layout.css?v=1775471589033 was preloaded using link preload but not used within a few seconds from the window's load event. Please make sure it has an appropriate `as` value and it is preloaded intentionally. @ http://localhost:3000/presentations/editor?id=pres-1775471431101-sgdeti:0
[  565160ms] [WARNING] The resource http://localhost:3000/_next/static/css/app/layout.css?v=1775471486177 was preloaded using link preload but not used within a few seconds from the window's load event. Please make sure it has an appropriate `as` value and it is preloaded intentionally. @ http://localhost:3000/presentations/editor?id=pres-1775471431101-sgdeti:0
[  565160ms] [WARNING] The resource http://localhost:3000/_next/static/css/app/layout.css?v=1775471903776 was preloaded using link preload but not used within a few seconds from the window's load event. Please make sure it has an appropriate `as` value and it is preloaded intentionally. @ http://localhost:3000/presentations/editor?id=pres-1775471431101-sgdeti:0
[  565160ms] [WARNING] The resource http://localhost:3000/_next/static/css/app/layout.css?v=1775471538255 was preloaded using link preload but not used within a few seconds from the window's load event. Please make sure it has an appropriate `as` value and it is preloaded intentionally. @ http://localhost:3000/presentations/editor?id=pres-1775471431101-sgdeti:0
[  565160ms] [WARNING] The resource http://localhost:3000/_next/static/css/app/layout.css?v=1775471706288 was preloaded using link preload but not used within a few seconds from the window's load event. Please make sure it has an appropriate `as` value and it is preloaded intentionally. @ http://localhost:3000/presentations/editor?id=pres-1775471431101-sgdeti:0
[  565160ms] [WARNING] The resource http://localhost:3000/_next/static/css/app/layout.css?v=1775471979400 was preloaded using link preload but not used within a few seconds from the window's load event. Please make sure it has an appropriate `as` value and it is preloaded intentionally. @ http://localhost:3000/presentations/editor?id=pres-1775471431101-sgdeti:0
[  565160ms] [WARNING] The resource http://localhost:3000/_next/static/css/app/layout.css?v=1775471739542 was preloaded using link preload but not used within a few seconds from the window's load event. Please make sure it has an appropriate `as` value and it is preloaded intentionally. @ http://localhost:3000/presentations/editor?id=pres-1775471431101-sgdeti:0
[  565160ms] [WARNING] The resource http://localhost:3000/_next/static/css/app/layout.css?v=1775471845255 was preloaded using link preload but not used within a few seconds from the window's load event. Please make sure it has an appropriate `as` value and it is preloaded intentionally. @ http://localhost:3000/presentations/editor?id=pres-1775471431101-sgdeti:0
[  565160ms] [WARNING] The resource http://localhost:3000/_next/static/css/app/layout.css?v=1775471801175 was preloaded using link preload but not used within a few seconds from the window's load event. Please make sure it has an appropriate `as` value and it is preloaded intentionally. @ http://localhost:3000/presentations/editor?id=pres-1775471431101-sgdeti:0
[  565160ms] [WARNING] The resource http://localhost:3000/_next/static/css/app/layout.css?v=1775471534490 was preloaded using link preload but not used within a few seconds from the window's load event. Please make sure it has an appropriate `as` value and it is preloaded intentionally. @ http://localhost:3000/presentations/editor?id=pres-1775471431101-sgdeti:0
[  565160ms] [WARNING] The resource http://localhost:3000/_next/static/css/app/layout.css?v=1775471665782 was preloaded using link preload but not used within a few seconds from the window's load event. Please make sure it has an appropriate `as` value and it is preloaded intentionally. @ http://localhost:3000/presentations/editor?id=pres-1775471431101-sgdeti:0
[  565161ms] [WARNING] The resource http://localhost:3000/_next/static/css/app/layout.css?v=1775471849298 was preloaded using link preload but not used within a few seconds from the window's load event. Please make sure it has an appropriate `as` value and it is preloaded intentionally. @ http://localhost:3000/presentations/editor?id=pres-1775471431101-sgdeti:0
[  565161ms] [WARNING] The resource http://localhost:3000/_next/static/css/app/layout.css?v=1775471907908 was preloaded using link preload but not used within a few seconds from the window's load event. Please make sure it has an appropriate `as` value and it is preloaded intentionally. @ http://localhost:3000/presentations/editor?id=pres-1775471431101-sgdeti:0
[  565161ms] [WARNING] The resource http://localhost:3000/_next/static/css/app/layout.css?v=1775471673429 was preloaded using link preload but not used within a few seconds from the window's load event. Please make sure it has an appropriate `as` value and it is preloaded intentionally. @ http://localhost:3000/presentations/editor?id=pres-1775471431101-sgdeti:0
[  565161ms] [WARNING] The resource http://localhost:3000/_next/static/css/app/layout.css?v=1775471875683 was preloaded using link preload but not used within a few seconds from the window's load event. Please make sure it has an appropriate `as` value and it is preloaded intentionally. @ http://localhost:3000/presentations/editor?id=pres-1775471431101-sgdeti:0
[  565161ms] [WARNING] The resource http://localhost:3000/_next/static/css/app/layout.css?v=1775471720881 was preloaded using link preload but not used within a few seconds from the window's load event. Please make sure it has an appropriate `as` value and it is preloaded intentionally. @ http://localhost:3000/presentations/editor?id=pres-1775471431101-sgdeti:0
[  565161ms] [WARNING] The resource http://localhost:3000/_next/static/css/app/layout.css?v=1775471753043 was preloaded using link preload but not used within a few seconds from the window's load event. Please make sure it has an appropriate `as` value and it is preloaded intentionally. @ http://localhost:3000/presentations/editor?id=pres-1775471431101-sgdeti:0
[  565161ms] [WARNING] The resource http://localhost:3000/_next/static/css/app/layout.css?v=1775471563212 was preloaded using link preload but not used within a few seconds from the window's load event. Please make sure it has an appropriate `as` value and it is preloaded intentionally. @ http://localhost:3000/presentations/editor?id=pres-1775471431101-sgdeti:0
[  565161ms] [WARNING] The resource http://localhost:3000/_next/static/css/app/layout.css?v=1775471860050 was preloaded using link preload but not used within a few seconds from the window's load event. Please make sure it has an appropriate `as` value and it is preloaded intentionally. @ http://localhost:3000/presentations/editor?id=pres-1775471431101-sgdeti:0
[  565161ms] [WARNING] The resource http://localhost:3000/_next/static/css/app/layout.css?v=1775471943397 was preloaded using link preload but not used within a few seconds from the window's load event. Please make sure it has an appropriate `as` value and it is preloaded intentionally. @ http://localhost:3000/presentations/editor?id=pres-1775471431101-sgdeti:0
[  565161ms] [WARNING] The resource http://localhost:3000/_next/static/css/app/layout.css?v=1775471966321 was preloaded using link preload but not used within a few seconds from the window's load event. Please make sure it has an appropriate `as` value and it is preloaded intentionally. @ http://localhost:3000/presentations/editor?id=pres-1775471431101-sgdeti:0
[  565161ms] [WARNING] The resource http://localhost:3000/_next/static/css/app/layout.css?v=1775471586334 was preloaded using link preload but not used within a few seconds from the window's load event. Please make sure it has an appropriate `as` value and it is preloaded intentionally. @ http://localhost:3000/presentations/editor?id=pres-1775471431101-sgdeti:0
[  565161ms] [WARNING] The resource http://localhost:3000/_next/static/css/app/layout.css?v=1775471733042 was preloaded using link preload but not used within a few seconds from the window's load event. Please make sure it has an appropriate `as` value and it is preloaded intentionally. @ http://localhost:3000/presentations/editor?id=pres-1775471431101-sgdeti:0
[  565161ms] [WARNING] The resource http://localhost:3000/_next/static/css/app/layout.css?v=1775471756943 was preloaded using link preload but not used within a few seconds from the window's load event. Please make sure it has an appropriate `as` value and it is preloaded intentionally. @ http://localhost:3000/presentations/editor?id=pres-1775471431101-sgdeti:0
[  565161ms] [WARNING] The resource http://localhost:3000/_next/static/css/app/layout.css?v=1775471807087 was preloaded using link preload but not used within a few seconds from the window's load event. Please make sure it has an appropriate `as` value and it is preloaded intentionally. @ http://localhost:3000/presentations/editor?id=pres-1775471431101-sgdeti:0
[  565161ms] [WARNING] The resource http://localhost:3000/_next/static/css/app/layout.css?v=1775471666530 was preloaded using link preload but not used within a few seconds from the window's load event. Please make sure it has an appropriate `as` value and it is preloaded intentionally. @ http://localhost:3000/presentations/editor?id=pres-1775471431101-sgdeti:0
[  565161ms] [WARNING] The resource http://localhost:3000/_next/static/css/app/layout.css?v=1775471968867 was preloaded using link preload but not used within a few seconds from the window's load event. Please make sure it has an appropriate `as` value and it is preloaded intentionally. @ http://localhost:3000/presentations/editor?id=pres-1775471431101-sgdeti:0
[  565161ms] [WARNING] The resource http://localhost:3000/_next/static/css/app/layout.css?v=1775471751148 was preloaded using link preload but not used within a few seconds from the window's load event. Please make sure it has an appropriate `as` value and it is preloaded intentionally. @ http://localhost:3000/presentations/editor?id=pres-1775471431101-sgdeti:0
[  565161ms] [WARNING] The resource http://localhost:3000/_next/static/css/app/layout.css?v=1775471963641 was preloaded using link preload but not used within a few seconds from the window's load event. Please make sure it has an appropriate `as` value and it is preloaded intentionally. @ http://localhost:3000/presentations/editor?id=pres-1775471431101-sgdeti:0
[  565161ms] [WARNING] The resource http://localhost:3000/_next/static/css/app/layout.css?v=1775471484792 was preloaded using link preload but not used within a few seconds from the window's load event. Please make sure it has an appropriate `as` value and it is preloaded intentionally. @ http://localhost:3000/presentations/editor?id=pres-1775471431101-sgdeti:0
[  565161ms] [WARNING] The resource http://localhost:3000/_next/static/css/app/layout.css?v=1775471602661 was preloaded using link preload but not used within a few seconds from the window's load event. Please make sure it has an appropriate `as` value and it is preloaded intentionally. @ http://localhost:3000/presentations/editor?id=pres-1775471431101-sgdeti:0
[  565161ms] [WARNING] The resource http://localhost:3000/_next/static/css/app/layout.css?v=1775471832469 was preloaded using link preload but not used within a few seconds from the window's load event. Please make sure it has an appropriate `as` value and it is preloaded intentionally. @ http://localhost:3000/presentations/editor?id=pres-1775471431101-sgdeti:0
[  565161ms] [WARNING] The resource http://localhost:3000/_next/static/css/app/layout.css?v=1775471697088 was preloaded using link preload but not used within a few seconds from the window's load event. Please make sure it has an appropriate `as` value and it is preloaded intentionally. @ http://localhost:3000/presentations/editor?id=pres-1775471431101-sgdeti:0
[  565161ms] [WARNING] The resource http://localhost:3000/_next/static/css/app/layout.css?v=1775471621597 was preloaded using link preload but not used within a few seconds from the window's load event. Please make sure it has an appropriate `as` value and it is preloaded intentionally. @ http://localhost:3000/presentations/editor?id=pres-1775471431101-sgdeti:0
[  565161ms] [WARNING] The resource http://localhost:3000/_next/static/css/app/layout.css?v=1775471970935 was preloaded using link preload but not used within a few seconds from the window's load event. Please make sure it has an appropriate `as` value and it is preloaded intentionally. @ http://localhost:3000/presentations/editor?id=pres-1775471431101-sgdeti:0
[  565161ms] [WARNING] The resource http://localhost:3000/_next/static/css/app/layout.css?v=1775471896666 was preloaded using link preload but not used within a few seconds from the window's load event. Please make sure it has an appropriate `as` value and it is preloaded intentionally. @ http://localhost:3000/presentations/editor?id=pres-1775471431101-sgdeti:0
[  565161ms] [WARNING] The resource http://localhost:3000/_next/static/css/app/layout.css?v=1775471698306 was preloaded using link preload but not used within a few seconds from the window's load event. Please make sure it has an appropriate `as` value and it is preloaded intentionally. @ http://localhost:3000/presentations/editor?id=pres-1775471431101-sgdeti:0
[  565161ms] [WARNING] The resource http://localhost:3000/_next/static/css/app/layout.css?v=1775471690745 was preloaded using link preload but not used within a few seconds from the window's load event. Please make sure it has an appropriate `as` value and it is preloaded intentionally. @ http://localhost:3000/presentations/editor?id=pres-1775471431101-sgdeti:0
[  565161ms] [WARNING] The resource http://localhost:3000/_next/static/css/app/layout.css?v=1775471590158 was preloaded using link preload but not used within a few seconds from the window's load event. Please make sure it has an appropriate `as` value and it is preloaded intentionally. @ http://localhost:3000/presentations/editor?id=pres-1775471431101-sgdeti:0
[  565161ms] [WARNING] The resource http://localhost:3000/_next/static/css/app/layout.css?v=1775471742663 was preloaded using link preload but not used within a few seconds from the window's load event. Please make sure it has an appropriate `as` value and it is preloaded intentionally. @ http://localhost:3000/presentations/editor?id=pres-1775471431101-sgdeti:0
[  565161ms] [WARNING] The resource http://localhost:3000/_next/static/css/app/layout.css?v=1775471841742 was preloaded using link preload but not used within a few seconds from the window's load event. Please make sure it has an appropriate `as` value and it is preloaded intentionally. @ http://localhost:3000/presentations/editor?id=pres-1775471431101-sgdeti:0
[  565161ms] [WARNING] The resource http://localhost:3000/_next/static/css/app/layout.css?v=1775471787580 was preloaded using link preload but not used within a few seconds from the window's load event. Please make sure it has an appropriate `as` value and it is preloaded intentionally. @ http://localhost:3000/presentations/editor?id=pres-1775471431101-sgdeti:0
[  566023ms] [LOG] [Fast Refresh] rebuilding @ webpack-internal:///(app-pages-browser)/./node_modules/next/dist/client/components/react-dev-overlay/app/hot-reloader-client.js:240
[  566126ms] [LOG] [Fast Refresh] done in 102ms @ webpack-internal:///(app-pages-browser)/./node_modules/next/dist/client/components/react-dev-overlay/app/hot-reloader-client.js:67
[  566912ms] [LOG] [Fast Refresh] rebuilding @ webpack-internal:///(app-pages-browser)/./node_modules/next/dist/client/components/react-dev-overlay/app/hot-reloader-client.js:240
[  566956ms] [LOG] [Fast Refresh] done in 44ms @ webpack-internal:///(app-pages-browser)/./node_modules/next/dist/client/components/react-dev-overlay/app/hot-reloader-client.js:67
[  567891ms] [LOG] [Fast Refresh] rebuilding @ webpack-internal:///(app-pages-browser)/./node_modules/next/dist/client/components/react-dev-overlay/app/hot-reloader-client.js:240
[  567958ms] [LOG] [Fast Refresh] done in 67ms @ webpack-internal:///(app-pages-browser)/./node_modules/next/dist/client/components/react-dev-overlay/app/hot-reloader-client.js:67
[  568978ms] [LOG] [Fast Refresh] rebuilding @ webpack-internal:///(app-pages-browser)/./node_modules/next/dist/client/components/react-dev-overlay/app/hot-reloader-client.js:240
[  569026ms] [LOG] [Fast Refresh] done in 47ms @ webpack-internal:///(app-pages-browser)/./node_modules/next/dist/client/components/react-dev-overlay/app/hot-reloader-client.js:67
[  569852ms] [LOG] [Fast Refresh] rebuilding @ webpack-internal:///(app-pages-browser)/./node_modules/next/dist/client/components/react-dev-overlay/app/hot-reloader-client.js:240
[  569909ms] [LOG] [Fast Refresh] done in 57ms @ webpack-internal:///(app-pages-browser)/./node_modules/next/dist/client/components/react-dev-overlay/app/hot-reloader-client.js:67
[  570759ms] [LOG] [Fast Refresh] rebuilding @ webpack-internal:///(app-pages-browser)/./node_modules/next/dist/client/components/react-dev-overlay/app/hot-reloader-client.js:240
[  570800ms] [LOG] [Fast Refresh] done in 40ms @ webpack-internal:///(app-pages-browser)/./node_modules/next/dist/client/components/react-dev-overlay/app/hot-reloader-client.js:67
[  571520ms] [LOG] [Fast Refresh] rebuilding @ webpack-internal:///(app-pages-browser)/./node_modules/next/dist/client/components/react-dev-overlay/app/hot-reloader-client.js:240
[  571552ms] [LOG] [Fast Refresh] done in 32ms @ webpack-internal:///(app-pages-browser)/./node_modules/next/dist/client/components/react-dev-overlay/app/hot-reloader-client.js:67
[  572277ms] [LOG] [Fast Refresh] rebuilding @ webpack-internal:///(app-pages-browser)/./node_modules/next/dist/client/components/react-dev-overlay/app/hot-reloader-client.js:240
[  572315ms] [LOG] [Fast Refresh] done in 39ms @ webpack-internal:///(app-pages-browser)/./node_modules/next/dist/client/components/react-dev-overlay/app/hot-reloader-client.js:67
[  572994ms] [LOG] [Fast Refresh] rebuilding @ webpack-internal:///(app-pages-browser)/./node_modules/next/dist/client/components/react-dev-overlay/app/hot-reloader-client.js:240
[  573553ms] [LOG] [Fast Refresh] done in 560ms @ webpack-internal:///(app-pages-browser)/./node_modules/next/dist/client/components/react-dev-overlay/app/hot-reloader-client.js:67
[  573689ms] [LOG] [Fast Refresh] rebuilding @ webpack-internal:///(app-pages-browser)/./node_modules/next/dist/client/components/react-dev-overlay/app/hot-reloader-client.js:240
[  573737ms] [LOG] [Fast Refresh] done in 48ms @ webpack-internal:///(app-pages-browser)/./node_modules/next/dist/client/components/react-dev-overlay/app/hot-reloader-client.js:67
[  574542ms] [LOG] [Fast Refresh] rebuilding @ webpack-internal:///(app-pages-browser)/./node_modules/next/dist/client/components/react-dev-overlay/app/hot-reloader-client.js:240
[  574587ms] [LOG] [Fast Refresh] done in 46ms @ webpack-internal:///(app-pages-browser)/./node_modules/next/dist/client/components/react-dev-overlay/app/hot-reloader-client.js:67
[  575229ms] [LOG] [Fast Refresh] rebuilding @ webpack-internal:///(app-pages-browser)/./node_modules/next/dist/client/components/react-dev-overlay/app/hot-reloader-client.js:240
[  575250ms] [LOG] [Fast Refresh] done in 21ms @ webpack-internal:///(app-pages-browser)/./node_modules/next/dist/client/components/react-dev-overlay/app/hot-reloader-client.js:67
[  575906ms] [LOG] [Fast Refresh] rebuilding @ webpack-internal:///(app-pages-browser)/./node_modules/next/dist/client/components/react-dev-overlay/app/hot-reloader-client.js:240
[  575936ms] [LOG] [Fast Refresh] done in 30ms @ webpack-internal:///(app-pages-browser)/./node_modules/next/dist/client/components/react-dev-overlay/app/hot-reloader-client.js:67
[  576574ms] [LOG] [Fast Refresh] rebuilding @ webpack-internal:///(app-pages-browser)/./node_modules/next/dist/client/components/react-dev-overlay/app/hot-reloader-client.js:240
[  576605ms] [LOG] [Fast Refresh] done in 30ms @ webpack-internal:///(app-pages-browser)/./node_modules/next/dist/client/components/react-dev-overlay/app/hot-reloader-client.js:67
[  577210ms] [LOG] [Fast Refresh] rebuilding @ webpack-internal:///(app-pages-browser)/./node_modules/next/dist/client/components/react-dev-overlay/app/hot-reloader-client.js:240
[  577234ms] [LOG] [Fast Refresh] done in 23ms @ webpack-internal:///(app-pages-browser)/./node_modules/next/dist/client/components/react-dev-overlay/app/hot-reloader-client.js:67
[  577865ms] [LOG] [Fast Refresh] rebuilding @ webpack-internal:///(app-pages-browser)/./node_modules/next/dist/client/components/react-dev-overlay/app/hot-reloader-client.js:240
[  577878ms] [LOG] [Fast Refresh] done in 13ms @ webpack-internal:///(app-pages-browser)/./node_modules/next/dist/client/components/react-dev-overlay/app/hot-reloader-client.js:67
[  578522ms] [LOG] [Fast Refresh] rebuilding @ webpack-internal:///(app-pages-browser)/./node_modules/next/dist/client/components/react-dev-overlay/app/hot-reloader-client.js:240
[  578549ms] [LOG] [Fast Refresh] done in 27ms @ webpack-internal:///(app-pages-browser)/./node_modules/next/dist/client/components/react-dev-overlay/app/hot-reloader-client.js:67
[  579201ms] [LOG] [Fast Refresh] rebuilding @ webpack-internal:///(app-pages-browser)/./node_modules/next/dist/client/components/react-dev-overlay/app/hot-reloader-client.js:240
[  579232ms] [LOG] [Fast Refresh] done in 30ms @ webpack-internal:///(app-pages-browser)/./node_modules/next/dist/client/components/react-dev-overlay/app/hot-reloader-client.js:67
[  579993ms] [LOG] [Fast Refresh] rebuilding @ webpack-internal:///(app-pages-browser)/./node_modules/next/dist/client/components/react-dev-overlay/app/hot-reloader-client.js:240
[  580021ms] [LOG] [Fast Refresh] done in 28ms @ webpack-internal:///(app-pages-browser)/./node_modules/next/dist/client/components/react-dev-overlay/app/hot-reloader-client.js:67
[  580639ms] [LOG] [Fast Refresh] rebuilding @ webpack-internal:///(app-pages-browser)/./node_modules/next/dist/client/components/react-dev-overlay/app/hot-reloader-client.js:240
[  580662ms] [LOG] [Fast Refresh] done in 22ms @ webpack-internal:///(app-pages-browser)/./node_modules/next/dist/client/components/react-dev-overlay/app/hot-reloader-client.js:67
[  581305ms] [LOG] [Fast Refresh] rebuilding @ webpack-internal:///(app-pages-browser)/./node_modules/next/dist/client/components/react-dev-overlay/app/hot-reloader-client.js:240
[  581330ms] [LOG] [Fast Refresh] done in 26ms @ webpack-internal:///(app-pages-browser)/./node_modules/next/dist/client/components/react-dev-overlay/app/hot-reloader-client.js:67
[  581952ms] [LOG] [Fast Refresh] rebuilding @ webpack-internal:///(app-pages-browser)/./node_modules/next/dist/client/components/react-dev-overlay/app/hot-reloader-client.js:240
[  581979ms] [LOG] [Fast Refresh] done in 27ms @ webpack-internal:///(app-pages-browser)/./node_modules/next/dist/client/components/react-dev-overlay/app/hot-reloader-client.js:67
[  582593ms] [LOG] [Fast Refresh] rebuilding @ webpack-internal:///(app-pages-browser)/./node_modules/next/dist/client/components/react-dev-overlay/app/hot-reloader-client.js:240
[  582631ms] [LOG] [Fast Refresh] done in 37ms @ webpack-internal:///(app-pages-browser)/./node_modules/next/dist/client/components/react-dev-overlay/app/hot-reloader-client.js:67
[  583258ms] [LOG] [Fast Refresh] rebuilding @ webpack-internal:///(app-pages-browser)/./node_modules/next/dist/client/components/react-dev-overlay/app/hot-reloader-client.js:240
[  583268ms] [LOG] [Fast Refresh] done in 11ms @ webpack-internal:///(app-pages-browser)/./node_modules/next/dist/client/components/react-dev-overlay/app/hot-reloader-client.js:67
[  583897ms] [LOG] [Fast Refresh] rebuilding @ webpack-internal:///(app-pages-browser)/./node_modules/next/dist/client/components/react-dev-overlay/app/hot-reloader-client.js:240
[  583931ms] [LOG] [Fast Refresh] done in 34ms @ webpack-internal:///(app-pages-browser)/./node_modules/next/dist/client/components/react-dev-overlay/app/hot-reloader-client.js:67
[  584547ms] [LOG] [Fast Refresh] rebuilding @ webpack-internal:///(app-pages-browser)/./node_modules/next/dist/client/components/react-dev-overlay/app/hot-reloader-client.js:240
[  584581ms] [LOG] [Fast Refresh] done in 33ms @ webpack-internal:///(app-pages-browser)/./node_modules/next/dist/client/components/react-dev-overlay/app/hot-reloader-client.js:67
[  585328ms] [LOG] [Fast Refresh] rebuilding @ webpack-internal:///(app-pages-browser)/./node_modules/next/dist/client/components/react-dev-overlay/app/hot-reloader-client.js:240
[  585360ms] [LOG] [Fast Refresh] done in 33ms @ webpack-internal:///(app-pages-browser)/./node_modules/next/dist/client/components/react-dev-overlay/app/hot-reloader-client.js:67
[  586005ms] [LOG] [Fast Refresh] rebuilding @ webpack-internal:///(app-pages-browser)/./node_modules/next/dist/client/components/react-dev-overlay/app/hot-reloader-client.js:240
[  586022ms] [LOG] [Fast Refresh] done in 17ms @ webpack-internal:///(app-pages-browser)/./node_modules/next/dist/client/components/react-dev-overlay/app/hot-reloader-client.js:67
[  586660ms] [LOG] [Fast Refresh] rebuilding @ webpack-internal:///(app-pages-browser)/./node_modules/next/dist/client/components/react-dev-overlay/app/hot-reloader-client.js:240
[  586693ms] [LOG] [Fast Refresh] done in 33ms @ webpack-internal:///(app-pages-browser)/./node_modules/next/dist/client/components/react-dev-overlay/app/hot-reloader-client.js:67
[  587312ms] [LOG] [Fast Refresh] rebuilding @ webpack-internal:///(app-pages-browser)/./node_modules/next/dist/client/components/react-dev-overlay/app/hot-reloader-client.js:240
[  587846ms] [LOG] [Fast Refresh] done in 535ms @ webpack-internal:///(app-pages-browser)/./node_modules/next/dist/client/components/react-dev-overlay/app/hot-reloader-client.js:67
[  587991ms] [LOG] [Fast Refresh] rebuilding @ webpack-internal:///(app-pages-browser)/./node_modules/next/dist/client/components/react-dev-overlay/app/hot-reloader-client.js:240
[  588024ms] [LOG] [Fast Refresh] done in 32ms @ webpack-internal:///(app-pages-browser)/./node_modules/next/dist/client/components/react-dev-overlay/app/hot-reloader-client.js:67
[  588653ms] [LOG] [Fast Refresh] rebuilding @ webpack-internal:///(app-pages-browser)/./node_modules/next/dist/client/components/react-dev-overlay/app/hot-reloader-client.js:240
[  588691ms] [LOG] [Fast Refresh] done in 38ms @ webpack-internal:///(app-pages-browser)/./node_modules/next/dist/client/components/react-dev-overlay/app/hot-reloader-client.js:67
[  589602ms] [LOG] [Fast Refresh] rebuilding @ webpack-internal:///(app-pages-browser)/./node_modules/next/dist/client/components/react-dev-overlay/app/hot-reloader-client.js:240
[  589651ms] [LOG] [Fast Refresh] done in 48ms @ webpack-internal:///(app-pages-browser)/./node_modules/next/dist/client/components/react-dev-overlay/app/hot-reloader-client.js:67
[  590403ms] [LOG] [Fast Refresh] rebuilding @ webpack-internal:///(app-pages-browser)/./node_modules/next/dist/client/components/react-dev-overlay/app/hot-reloader-client.js:240
[  590966ms] [LOG] [Fast Refresh] done in 563ms @ webpack-internal:///(app-pages-browser)/./node_modules/next/dist/client/components/react-dev-overlay/app/hot-reloader-client.js:67
[  591221ms] [LOG] [Fast Refresh] rebuilding @ webpack-internal:///(app-pages-browser)/./node_modules/next/dist/client/components/react-dev-overlay/app/hot-reloader-client.js:240
[  591244ms] [LOG] [Fast Refresh] done in 22ms @ webpack-internal:///(app-pages-browser)/./node_modules/next/dist/client/components/react-dev-overlay/app/hot-reloader-client.js:67
[  591897ms] [LOG] [Fast Refresh] rebuilding @ webpack-internal:///(app-pages-browser)/./node_modules/next/dist/client/components/react-dev-overlay/app/hot-reloader-client.js:240
[  592441ms] [LOG] [Fast Refresh] done in 543ms @ webpack-internal:///(app-pages-browser)/./node_modules/next/dist/client/components/react-dev-overlay/app/hot-reloader-client.js:67
[  592547ms] [LOG] [Fast Refresh] rebuilding @ webpack-internal:///(app-pages-browser)/./node_modules/next/dist/client/components/react-dev-overlay/app/hot-reloader-client.js:240
[  592569ms] [LOG] [Fast Refresh] done in 22ms @ webpack-internal:///(app-pages-browser)/./node_modules/next/dist/client/components/react-dev-overlay/app/hot-reloader-client.js:67
[  593236ms] [LOG] [Fast Refresh] rebuilding @ webpack-internal:///(app-pages-browser)/./node_modules/next/dist/client/components/react-dev-overlay/app/hot-reloader-client.js:240
[  593270ms] [LOG] [Fast Refresh] done in 34ms @ webpack-internal:///(app-pages-browser)/./node_modules/next/dist/client/components/react-dev-overlay/app/hot-reloader-client.js:67
[  593903ms] [LOG] [Fast Refresh] rebuilding @ webpack-internal:///(app-pages-browser)/./node_modules/next/dist/client/components/react-dev-overlay/app/hot-reloader-client.js:240
[  593927ms] [LOG] [Fast Refresh] done in 25ms @ webpack-internal:///(app-pages-browser)/./node_modules/next/dist/client/components/react-dev-overlay/app/hot-reloader-client.js:67
[  594539ms] [LOG] [Fast Refresh] rebuilding @ webpack-internal:///(app-pages-browser)/./node_modules/next/dist/client/components/react-dev-overlay/app/hot-reloader-client.js:240
[  594560ms] [LOG] [Fast Refresh] done in 20ms @ webpack-internal:///(app-pages-browser)/./node_modules/next/dist/client/components/react-dev-overlay/app/hot-reloader-client.js:67
[  595305ms] [LOG] [Fast Refresh] rebuilding @ webpack-internal:///(app-pages-browser)/./node_modules/next/dist/client/components/react-dev-overlay/app/hot-reloader-client.js:240
[  595379ms] [LOG] [Fast Refresh] done in 75ms @ webpack-internal:///(app-pages-browser)/./node_modules/next/dist/client/components/react-dev-overlay/app/hot-reloader-client.js:67
[  596508ms] [LOG] [Fast Refresh] rebuilding @ webpack-internal:///(app-pages-browser)/./node_modules/next/dist/client/components/react-dev-overlay/app/hot-reloader-client.js:240
[  596551ms] [LOG] [Fast Refresh] done in 44ms @ webpack-internal:///(app-pages-browser)/./node_modules/next/dist/client/components/react-dev-overlay/app/hot-reloader-client.js:67
[  597781ms] [LOG] [Fast Refresh] rebuilding @ webpack-internal:///(app-pages-browser)/./node_modules/next/dist/client/components/react-dev-overlay/app/hot-reloader-client.js:240
[  597857ms] [LOG] [Fast Refresh] done in 75ms @ webpack-internal:///(app-pages-browser)/./node_modules/next/dist/client/components/react-dev-overlay/app/hot-reloader-client.js:67
[  598902ms] [LOG] [Fast Refresh] rebuilding @ webpack-internal:///(app-pages-browser)/./node_modules/next/dist/client/components/react-dev-overlay/app/hot-reloader-client.js:240
[  598954ms] [LOG] [Fast Refresh] done in 52ms @ webpack-internal:///(app-pages-browser)/./node_modules/next/dist/client/components/react-dev-overlay/app/hot-reloader-client.js:67
[  600074ms] [LOG] [Fast Refresh] rebuilding @ webpack-internal:///(app-pages-browser)/./node_modules/next/dist/client/components/react-dev-overlay/app/hot-reloader-client.js:240
[  600130ms] [LOG] [Fast Refresh] done in 56ms @ webpack-internal:///(app-pages-browser)/./node_modules/next/dist/client/components/react-dev-overlay/app/hot-reloader-client.js:67
[  601141ms] [LOG] [Fast Refresh] rebuilding @ webpack-internal:///(app-pages-browser)/./node_modules/next/dist/client/components/react-dev-overlay/app/hot-reloader-client.js:240
[  601199ms] [LOG] [Fast Refresh] done in 57ms @ webpack-internal:///(app-pages-browser)/./node_modules/next/dist/client/components/react-dev-overlay/app/hot-reloader-client.js:67
[  602144ms] [LOG] [Fast Refresh] rebuilding @ webpack-internal:///(app-pages-browser)/./node_modules/next/dist/client/components/react-dev-overlay/app/hot-reloader-client.js:240
[  602205ms] [LOG] [Fast Refresh] done in 61ms @ webpack-internal:///(app-pages-browser)/./node_modules/next/dist/client/components/react-dev-overlay/app/hot-reloader-client.js:67
[  603265ms] [LOG] [Fast Refresh] rebuilding @ webpack-internal:///(app-pages-browser)/./node_modules/next/dist/client/components/react-dev-overlay/app/hot-reloader-client.js:240
[  603295ms] [LOG] [Fast Refresh] done in 31ms @ webpack-internal:///(app-pages-browser)/./node_modules/next/dist/client/components/react-dev-overlay/app/hot-reloader-client.js:67
[  604284ms] [LOG] [Fast Refresh] rebuilding @ webpack-internal:///(app-pages-browser)/./node_modules/next/dist/client/components/react-dev-overlay/app/hot-reloader-client.js:240
[  604330ms] [LOG] [Fast Refresh] done in 46ms @ webpack-internal:///(app-pages-browser)/./node_modules/next/dist/client/components/react-dev-overlay/app/hot-reloader-client.js:67
[  605328ms] [LOG] [Fast Refresh] rebuilding @ webpack-internal:///(app-pages-browser)/./node_modules/next/dist/client/components/react-dev-overlay/app/hot-reloader-client.js:240
[  605376ms] [LOG] [Fast Refresh] done in 49ms @ webpack-internal:///(app-pages-browser)/./node_modules/next/dist/client/components/react-dev-overlay/app/hot-reloader-client.js:67
[  606637ms] [LOG] [Fast Refresh] rebuilding @ webpack-internal:///(app-pages-browser)/./node_modules/next/dist/client/components/react-dev-overlay/app/hot-reloader-client.js:240
[  606693ms] [LOG] [Fast Refresh] done in 57ms @ webpack-internal:///(app-pages-browser)/./node_modules/next/dist/client/components/react-dev-overlay/app/hot-reloader-client.js:67
[  607747ms] [LOG] [Fast Refresh] rebuilding @ webpack-internal:///(app-pages-browser)/./node_modules/next/dist/client/components/react-dev-overlay/app/hot-reloader-client.js:240
[  607803ms] [LOG] [Fast Refresh] done in 56ms @ webpack-internal:///(app-pages-browser)/./node_modules/next/dist/client/components/react-dev-overlay/app/hot-reloader-client.js:67
[  608813ms] [LOG] [Fast Refresh] rebuilding @ webpack-internal:///(app-pages-browser)/./node_modules/next/dist/client/components/react-dev-overlay/app/hot-reloader-client.js:240
[  608846ms] [LOG] [Fast Refresh] done in 33ms @ webpack-internal:///(app-pages-browser)/./node_modules/next/dist/client/components/react-dev-overlay/app/hot-reloader-client.js:67
[  609858ms] [LOG] [Fast Refresh] rebuilding @ webpack-internal:///(app-pages-browser)/./node_modules/next/dist/client/components/react-dev-overlay/app/hot-reloader-client.js:240
[  609883ms] [LOG] [Fast Refresh] done in 26ms @ webpack-internal:///(app-pages-browser)/./node_modules/next/dist/client/components/react-dev-overlay/app/hot-reloader-client.js:67
[  610857ms] [LOG] [Fast Refresh] rebuilding @ webpack-internal:///(app-pages-browser)/./node_modules/next/dist/client/components/react-dev-overlay/app/hot-reloader-client.js:240
[  610885ms] [LOG] [Fast Refresh] done in 28ms @ webpack-internal:///(app-pages-browser)/./node_modules/next/dist/client/components/react-dev-overlay/app/hot-reloader-client.js:67
[  611874ms] [LOG] [Fast Refresh] rebuilding @ webpack-internal:///(app-pages-browser)/./node_modules/next/dist/client/components/react-dev-overlay/app/hot-reloader-client.js:240
[  611921ms] [LOG] [Fast Refresh] done in 48ms @ webpack-internal:///(app-pages-browser)/./node_modules/next/dist/client/components/react-dev-overlay/app/hot-reloader-client.js:67
[  612921ms] [LOG] [Fast Refresh] rebuilding @ webpack-internal:///(app-pages-browser)/./node_modules/next/dist/client/components/react-dev-overlay/app/hot-reloader-client.js:240
[  612951ms] [LOG] [Fast Refresh] done in 29ms @ webpack-internal:///(app-pages-browser)/./node_modules/next/dist/client/components/react-dev-overlay/app/hot-reloader-client.js:67
[  613974ms] [LOG] [Fast Refresh] rebuilding @ webpack-internal:///(app-pages-browser)/./node_modules/next/dist/client/components/react-dev-overlay/app/hot-reloader-client.js:240
[  614024ms] [LOG] [Fast Refresh] done in 51ms @ webpack-internal:///(app-pages-browser)/./node_modules/next/dist/client/components/react-dev-overlay/app/hot-reloader-client.js:67
[  615247ms] [LOG] [Fast Refresh] rebuilding @ webpack-internal:///(app-pages-browser)/./node_modules/next/dist/client/components/react-dev-overlay/app/hot-reloader-client.js:240
[  615283ms] [LOG] [Fast Refresh] done in 36ms @ webpack-internal:///(app-pages-browser)/./node_modules/next/dist/client/components/react-dev-overlay/app/hot-reloader-client.js:67
[  616289ms] [LOG] [Fast Refresh] rebuilding @ webpack-internal:///(app-pages-browser)/./node_modules/next/dist/client/components/react-dev-overlay/app/hot-reloader-client.js:240
[  616325ms] [LOG] [Fast Refresh] done in 36ms @ webpack-internal:///(app-pages-browser)/./node_modules/next/dist/client/components/react-dev-overlay/app/hot-reloader-client.js:67
[  617258ms] [LOG] [Fast Refresh] rebuilding @ webpack-internal:///(app-pages-browser)/./node_modules/next/dist/client/components/react-dev-overlay/app/hot-reloader-client.js:240
[  617295ms] [LOG] [Fast Refresh] done in 37ms @ webpack-internal:///(app-pages-browser)/./node_modules/next/dist/client/components/react-dev-overlay/app/hot-reloader-client.js:67
[  618368ms] [LOG] [Fast Refresh] rebuilding @ webpack-internal:///(app-pages-browser)/./node_modules/next/dist/client/components/react-dev-overlay/app/hot-reloader-client.js:240
[  618398ms] [LOG] [Fast Refresh] done in 30ms @ webpack-internal:///(app-pages-browser)/./node_modules/next/dist/client/components/react-dev-overlay/app/hot-reloader-client.js:67
[  619458ms] [LOG] [Fast Refresh] rebuilding @ webpack-internal:///(app-pages-browser)/./node_modules/next/dist/client/components/react-dev-overlay/app/hot-reloader-client.js:240
[  619515ms] [LOG] [Fast Refresh] done in 56ms @ webpack-internal:///(app-pages-browser)/./node_modules/next/dist/client/components/react-dev-overlay/app/hot-reloader-client.js:67
[  620558ms] [LOG] [Fast Refresh] rebuilding @ webpack-internal:///(app-pages-browser)/./node_modules/next/dist/client/components/react-dev-overlay/app/hot-reloader-client.js:240
[  621629ms] [LOG] [Fast Refresh] done in 1072ms @ webpack-internal:///(app-pages-browser)/./node_modules/next/dist/client/components/react-dev-overlay/app/hot-reloader-client.js:67
[  621794ms] [LOG] [Fast Refresh] rebuilding @ webpack-internal:///(app-pages-browser)/./node_modules/next/dist/client/components/react-dev-overlay/app/hot-reloader-client.js:240
[  621833ms] [LOG] [Fast Refresh] done in 39ms @ webpack-internal:///(app-pages-browser)/./node_modules/next/dist/client/components/react-dev-overlay/app/hot-reloader-client.js:67
[  622911ms] [LOG] [Fast Refresh] rebuilding @ webpack-internal:///(app-pages-browser)/./node_modules/next/dist/client/components/react-dev-overlay/app/hot-reloader-client.js:240
[  622940ms] [LOG] [Fast Refresh] done in 29ms @ webpack-internal:///(app-pages-browser)/./node_modules/next/dist/client/components/react-dev-overlay/app/hot-reloader-client.js:67
[  624178ms] [LOG] [Fast Refresh] rebuilding @ webpack-internal:///(app-pages-browser)/./node_modules/next/dist/client/components/react-dev-overlay/app/hot-reloader-client.js:240
[  624208ms] [LOG] [Fast Refresh] done in 30ms @ webpack-internal:///(app-pages-browser)/./node_modules/next/dist/client/components/react-dev-overlay/app/hot-reloader-client.js:67
[  625239ms] [LOG] [Fast Refresh] rebuilding @ webpack-internal:///(app-pages-browser)/./node_modules/next/dist/client/components/react-dev-overlay/app/hot-reloader-client.js:240
[  625278ms] [LOG] [Fast Refresh] done in 38ms @ webpack-internal:///(app-pages-browser)/./node_modules/next/dist/client/components/react-dev-overlay/app/hot-reloader-client.js:67
[  626229ms] [LOG] [Fast Refresh] rebuilding @ webpack-internal:///(app-pages-browser)/./node_modules/next/dist/client/components/react-dev-overlay/app/hot-reloader-client.js:240
[  626282ms] [LOG] [Fast Refresh] done in 53ms @ webpack-internal:///(app-pages-browser)/./node_modules/next/dist/client/components/react-dev-overlay/app/hot-reloader-client.js:67
