[     534ms] [INFO] %cDownload the React DevTools for a better development experience: https://react.dev/link/react-devtools font-weight:bold @ webpack-internal:///(app-pages-browser)/./node_modules/next/dist/compiled/react-dom/cjs/react-dom-client.development.js:24650
[     673ms] [LOG] MeetingsContext: Loaded meetings from localStorage 7 @ webpack-internal:///(app-pages-browser)/./contexts/MeetingsContext.tsx:234
[     673ms] [LOG] TranscriptContext: Loaded requests from localStorage [] @ webpack-internal:///(app-pages-browser)/./contexts/TranscriptContext.tsx:35
[     674ms] [LOG] Discipline Context: Loaded disciplinary actions from localStorage [] @ webpack-internal:///(app-pages-browser)/./contexts/DisciplineContext.tsx:33
[     674ms] [LOG] Discipline Context: Loaded complaints from localStorage [] @ webpack-internal:///(app-pages-browser)/./contexts/DisciplineContext.tsx:38
[     674ms] [LOG] Performance Context: Loaded reviews from localStorage [] @ webpack-internal:///(app-pages-browser)/./contexts/PerformanceContext.tsx:29
[     674ms] [LOG] LeaveContext: Loaded requests from localStorage [] @ webpack-internal:///(app-pages-browser)/./contexts/LeaveContext.tsx:35
[     675ms] [LOG] TransferContext: Loaded requests from localStorage [] @ webpack-internal:///(app-pages-browser)/./contexts/TransferContext.tsx:35
[     766ms] [LOG] MeetingsContext: Saved meetings to localStorage 7 @ webpack-internal:///(app-pages-browser)/./contexts/MeetingsContext.tsx:254
[     766ms] [LOG] TranscriptContext: Saved requests to localStorage [] @ webpack-internal:///(app-pages-browser)/./contexts/TranscriptContext.tsx:53
[     767ms] [LOG] Discipline Context: Saved disciplinary actions to localStorage [] @ webpack-internal:///(app-pages-browser)/./contexts/DisciplineContext.tsx:59
[     767ms] [LOG] Discipline Context: Saved complaints to localStorage [] @ webpack-internal:///(app-pages-browser)/./contexts/DisciplineContext.tsx:75
[     767ms] [LOG] Performance Context: Saved to localStorage [] @ webpack-internal:///(app-pages-browser)/./contexts/PerformanceContext.tsx:48
[     767ms] [LOG] LeaveContext: Saved requests to localStorage [] @ webpack-internal:///(app-pages-browser)/./contexts/LeaveContext.tsx:53
[     768ms] [LOG] TransferContext: Saved requests to localStorage [] @ webpack-internal:///(app-pages-browser)/./contexts/TransferContext.tsx:53
[    1987ms] [LOG] [Fast Refresh] rebuilding @ webpack-internal:///(app-pages-browser)/./node_modules/next/dist/client/components/react-dev-overlay/app/hot-reloader-client.js:240
[    2076ms] [LOG] [Fast Refresh] done in 88ms @ webpack-internal:///(app-pages-browser)/./node_modules/next/dist/client/components/react-dev-overlay/app/hot-reloader-client.js:67
[    3171ms] [LOG] [Fast Refresh] rebuilding @ webpack-internal:///(app-pages-browser)/./node_modules/next/dist/client/components/react-dev-overlay/app/hot-reloader-client.js:240
[    3207ms] [LOG] [Fast Refresh] done in 36ms @ webpack-internal:///(app-pages-browser)/./node_modules/next/dist/client/components/react-dev-overlay/app/hot-reloader-client.js:67
[    4146ms] [LOG] [Fast Refresh] rebuilding @ webpack-internal:///(app-pages-browser)/./node_modules/next/dist/client/components/react-dev-overlay/app/hot-reloader-client.js:240
[    4186ms] [LOG] [Fast Refresh] done in 41ms @ webpack-internal:///(app-pages-browser)/./node_modules/next/dist/client/components/react-dev-overlay/app/hot-reloader-client.js:67
[    5202ms] [LOG] [Fast Refresh] rebuilding @ webpack-internal:///(app-pages-browser)/./node_modules/next/dist/client/components/react-dev-overlay/app/hot-reloader-client.js:240
[    5234ms] [LOG] [Fast Refresh] done in 31ms @ webpack-internal:///(app-pages-browser)/./node_modules/next/dist/client/components/react-dev-overlay/app/hot-reloader-client.js:67
[    6193ms] [LOG] [Fast Refresh] rebuilding @ webpack-internal:///(app-pages-browser)/./node_modules/next/dist/client/components/react-dev-overlay/app/hot-reloader-client.js:240
[    6221ms] [LOG] [Fast Refresh] done in 28ms @ webpack-internal:///(app-pages-browser)/./node_modules/next/dist/client/components/react-dev-overlay/app/hot-reloader-client.js:67
[    7485ms] [LOG] [Fast Refresh] rebuilding @ webpack-internal:///(app-pages-browser)/./node_modules/next/dist/client/components/react-dev-overlay/app/hot-reloader-client.js:240
[    7517ms] [LOG] [Fast Refresh] done in 31ms @ webpack-internal:///(app-pages-browser)/./node_modules/next/dist/client/components/react-dev-overlay/app/hot-reloader-client.js:67
[    8501ms] [LOG] [Fast Refresh] rebuilding @ webpack-internal:///(app-pages-browser)/./node_modules/next/dist/client/components/react-dev-overlay/app/hot-reloader-client.js:240
[    8538ms] [LOG] [Fast Refresh] done in 37ms @ webpack-internal:///(app-pages-browser)/./node_modules/next/dist/client/components/react-dev-overlay/app/hot-reloader-client.js:67
[    9530ms] [LOG] [Fast Refresh] rebuilding @ webpack-internal:///(app-pages-browser)/./node_modules/next/dist/client/components/react-dev-overlay/app/hot-reloader-client.js:240
[    9572ms] [LOG] [Fast Refresh] done in 41ms @ webpack-internal:///(app-pages-browser)/./node_modules/next/dist/client/components/react-dev-overlay/app/hot-reloader-client.js:67
[   10639ms] [LOG] [Fast Refresh] rebuilding @ webpack-internal:///(app-pages-browser)/./node_modules/next/dist/client/components/react-dev-overlay/app/hot-reloader-client.js:240
[   10671ms] [LOG] [Fast Refresh] done in 32ms @ webpack-internal:///(app-pages-browser)/./node_modules/next/dist/client/components/react-dev-overlay/app/hot-reloader-client.js:67
[   11793ms] [LOG] [Fast Refresh] rebuilding @ webpack-internal:///(app-pages-browser)/./node_modules/next/dist/client/components/react-dev-overlay/app/hot-reloader-client.js:240
[   11845ms] [LOG] [Fast Refresh] done in 51ms @ webpack-internal:///(app-pages-browser)/./node_modules/next/dist/client/components/react-dev-overlay/app/hot-reloader-client.js:67
[   12893ms] [LOG] [Fast Refresh] rebuilding @ webpack-internal:///(app-pages-browser)/./node_modules/next/dist/client/components/react-dev-overlay/app/hot-reloader-client.js:240
[   12923ms] [LOG] [Fast Refresh] done in 30ms @ webpack-internal:///(app-pages-browser)/./node_modules/next/dist/client/components/react-dev-overlay/app/hot-reloader-client.js:67
[   13849ms] [LOG] [Fast Refresh] rebuilding @ webpack-internal:///(app-pages-browser)/./node_modules/next/dist/client/components/react-dev-overlay/app/hot-reloader-client.js:240
[   13889ms] [LOG] [Fast Refresh] done in 40ms @ webpack-internal:///(app-pages-browser)/./node_modules/next/dist/client/components/react-dev-overlay/app/hot-reloader-client.js:67
[   14835ms] [LOG] [Fast Refresh] rebuilding @ webpack-internal:///(app-pages-browser)/./node_modules/next/dist/client/components/react-dev-overlay/app/hot-reloader-client.js:240
[   14860ms] [LOG] [Fast Refresh] done in 25ms @ webpack-internal:///(app-pages-browser)/./node_modules/next/dist/client/components/react-dev-overlay/app/hot-reloader-client.js:67
[   15783ms] [LOG] [Fast Refresh] rebuilding @ webpack-internal:///(app-pages-browser)/./node_modules/next/dist/client/components/react-dev-overlay/app/hot-reloader-client.js:240
[   15809ms] [LOG] [Fast Refresh] done in 26ms @ webpack-internal:///(app-pages-browser)/./node_modules/next/dist/client/components/react-dev-overlay/app/hot-reloader-client.js:67
[   17064ms] [LOG] [Fast Refresh] rebuilding @ webpack-internal:///(app-pages-browser)/./node_modules/next/dist/client/components/react-dev-overlay/app/hot-reloader-client.js:240
[   17106ms] [LOG] [Fast Refresh] done in 42ms @ webpack-internal:///(app-pages-browser)/./node_modules/next/dist/client/components/react-dev-overlay/app/hot-reloader-client.js:67
[   18132ms] [LOG] [Fast Refresh] rebuilding @ webpack-internal:///(app-pages-browser)/./node_modules/next/dist/client/components/react-dev-overlay/app/hot-reloader-client.js:240
[   18164ms] [LOG] [Fast Refresh] done in 32ms @ webpack-internal:///(app-pages-browser)/./node_modules/next/dist/client/components/react-dev-overlay/app/hot-reloader-client.js:67
[   19150ms] [LOG] [Fast Refresh] rebuilding @ webpack-internal:///(app-pages-browser)/./node_modules/next/dist/client/components/react-dev-overlay/app/hot-reloader-client.js:240
[   19179ms] [LOG] [Fast Refresh] done in 29ms @ webpack-internal:///(app-pages-browser)/./node_modules/next/dist/client/components/react-dev-overlay/app/hot-reloader-client.js:67
[   20219ms] [LOG] [Fast Refresh] rebuilding @ webpack-internal:///(app-pages-browser)/./node_modules/next/dist/client/components/react-dev-overlay/app/hot-reloader-client.js:240
[   20255ms] [LOG] [Fast Refresh] done in 37ms @ webpack-internal:///(app-pages-browser)/./node_modules/next/dist/client/components/react-dev-overlay/app/hot-reloader-client.js:67
[   21312ms] [LOG] [Fast Refresh] rebuilding @ webpack-internal:///(app-pages-browser)/./node_modules/next/dist/client/components/react-dev-overlay/app/hot-reloader-client.js:240
[   21338ms] [LOG] [Fast Refresh] done in 25ms @ webpack-internal:///(app-pages-browser)/./node_modules/next/dist/client/components/react-dev-overlay/app/hot-reloader-client.js:67
[   22442ms] [LOG] [Fast Refresh] rebuilding @ webpack-internal:///(app-pages-browser)/./node_modules/next/dist/client/components/react-dev-overlay/app/hot-reloader-client.js:240
[   22466ms] [LOG] [Fast Refresh] done in 24ms @ webpack-internal:///(app-pages-browser)/./node_modules/next/dist/client/components/react-dev-overlay/app/hot-reloader-client.js:67
[   23462ms] [LOG] [Fast Refresh] rebuilding @ webpack-internal:///(app-pages-browser)/./node_modules/next/dist/client/components/react-dev-overlay/app/hot-reloader-client.js:240
[   23504ms] [LOG] [Fast Refresh] done in 43ms @ webpack-internal:///(app-pages-browser)/./node_modules/next/dist/client/components/react-dev-overlay/app/hot-reloader-client.js:67
[   24802ms] [LOG] [Fast Refresh] rebuilding @ webpack-internal:///(app-pages-browser)/./node_modules/next/dist/client/components/react-dev-overlay/app/hot-reloader-client.js:240
[   24841ms] [LOG] [Fast Refresh] done in 38ms @ webpack-internal:///(app-pages-browser)/./node_modules/next/dist/client/components/react-dev-overlay/app/hot-reloader-client.js:67
[   25846ms] [LOG] [Fast Refresh] rebuilding @ webpack-internal:///(app-pages-browser)/./node_modules/next/dist/client/components/react-dev-overlay/app/hot-reloader-client.js:240
[   25879ms] [LOG] [Fast Refresh] done in 33ms @ webpack-internal:///(app-pages-browser)/./node_modules/next/dist/client/components/react-dev-overlay/app/hot-reloader-client.js:67
[   26889ms] [LOG] [Fast Refresh] rebuilding @ webpack-internal:///(app-pages-browser)/./node_modules/next/dist/client/components/react-dev-overlay/app/hot-reloader-client.js:240
[   26919ms] [LOG] [Fast Refresh] done in 29ms @ webpack-internal:///(app-pages-browser)/./node_modules/next/dist/client/components/react-dev-overlay/app/hot-reloader-client.js:67
[   27980ms] [LOG] [Fast Refresh] rebuilding @ webpack-internal:///(app-pages-browser)/./node_modules/next/dist/client/components/react-dev-overlay/app/hot-reloader-client.js:240
[   28004ms] [LOG] [Fast Refresh] done in 25ms @ webpack-internal:///(app-pages-browser)/./node_modules/next/dist/client/components/react-dev-overlay/app/hot-reloader-client.js:67
[   29073ms] [LOG] [Fast Refresh] rebuilding @ webpack-internal:///(app-pages-browser)/./node_modules/next/dist/client/components/react-dev-overlay/app/hot-reloader-client.js:240
[   29108ms] [LOG] [Fast Refresh] done in 35ms @ webpack-internal:///(app-pages-browser)/./node_modules/next/dist/client/components/react-dev-overlay/app/hot-reloader-client.js:67
[   30207ms] [LOG] [Fast Refresh] rebuilding @ webpack-internal:///(app-pages-browser)/./node_modules/next/dist/client/components/react-dev-overlay/app/hot-reloader-client.js:240
[   30256ms] [LOG] [Fast Refresh] done in 49ms @ webpack-internal:///(app-pages-browser)/./node_modules/next/dist/client/components/react-dev-overlay/app/hot-reloader-client.js:67
[   31181ms] [LOG] [Fast Refresh] rebuilding @ webpack-internal:///(app-pages-browser)/./node_modules/next/dist/client/components/react-dev-overlay/app/hot-reloader-client.js:240
[   31213ms] [LOG] [Fast Refresh] done in 32ms @ webpack-internal:///(app-pages-browser)/./node_modules/next/dist/client/components/react-dev-overlay/app/hot-reloader-client.js:67
[   31859ms] [LOG] [Fast Refresh] rebuilding @ webpack-internal:///(app-pages-browser)/./node_modules/next/dist/client/components/react-dev-overlay/app/hot-reloader-client.js:240
[   32409ms] [LOG] [Fast Refresh] done in 551ms @ webpack-internal:///(app-pages-browser)/./node_modules/next/dist/client/components/react-dev-overlay/app/hot-reloader-client.js:67
[   32674ms] [LOG] [Fast Refresh] rebuilding @ webpack-internal:///(app-pages-browser)/./node_modules/next/dist/client/components/react-dev-overlay/app/hot-reloader-client.js:240
[   32693ms] [LOG] [Fast Refresh] done in 19ms @ webpack-internal:///(app-pages-browser)/./node_modules/next/dist/client/components/react-dev-overlay/app/hot-reloader-client.js:67
[   33304ms] [LOG] [Fast Refresh] rebuilding @ webpack-internal:///(app-pages-browser)/./node_modules/next/dist/client/components/react-dev-overlay/app/hot-reloader-client.js:240
[   33326ms] [LOG] [Fast Refresh] done in 23ms @ webpack-internal:///(app-pages-browser)/./node_modules/next/dist/client/components/react-dev-overlay/app/hot-reloader-client.js:67
[   33969ms] [LOG] [Fast Refresh] rebuilding @ webpack-internal:///(app-pages-browser)/./node_modules/next/dist/client/components/react-dev-overlay/app/hot-reloader-client.js:240
[   34474ms] [LOG] [Fast Refresh] done in 505ms @ webpack-internal:///(app-pages-browser)/./node_modules/next/dist/client/components/react-dev-overlay/app/hot-reloader-client.js:67
[   34605ms] [LOG] [Fast Refresh] rebuilding @ webpack-internal:///(app-pages-browser)/./node_modules/next/dist/client/components/react-dev-overlay/app/hot-reloader-client.js:240
[   34624ms] [LOG] [Fast Refresh] done in 19ms @ webpack-internal:///(app-pages-browser)/./node_modules/next/dist/client/components/react-dev-overlay/app/hot-reloader-client.js:67
[   35235ms] [LOG] [Fast Refresh] rebuilding @ webpack-internal:///(app-pages-browser)/./node_modules/next/dist/client/components/react-dev-overlay/app/hot-reloader-client.js:240
[   35262ms] [LOG] [Fast Refresh] done in 27ms @ webpack-internal:///(app-pages-browser)/./node_modules/next/dist/client/components/react-dev-overlay/app/hot-reloader-client.js:67
[   35856ms] [LOG] [Fast Refresh] rebuilding @ webpack-internal:///(app-pages-browser)/./node_modules/next/dist/client/components/react-dev-overlay/app/hot-reloader-client.js:240
[   35881ms] [LOG] [Fast Refresh] done in 25ms @ webpack-internal:///(app-pages-browser)/./node_modules/next/dist/client/components/react-dev-overlay/app/hot-reloader-client.js:67
[   36503ms] [LOG] [Fast Refresh] rebuilding @ webpack-internal:///(app-pages-browser)/./node_modules/next/dist/client/components/react-dev-overlay/app/hot-reloader-client.js:240
[   36525ms] [LOG] [Fast Refresh] done in 21ms @ webpack-internal:///(app-pages-browser)/./node_modules/next/dist/client/components/react-dev-overlay/app/hot-reloader-client.js:67
[   37175ms] [LOG] [Fast Refresh] rebuilding @ webpack-internal:///(app-pages-browser)/./node_modules/next/dist/client/components/react-dev-overlay/app/hot-reloader-client.js:240
[   37202ms] [LOG] [Fast Refresh] done in 27ms @ webpack-internal:///(app-pages-browser)/./node_modules/next/dist/client/components/react-dev-overlay/app/hot-reloader-client.js:67
[   37979ms] [LOG] [Fast Refresh] rebuilding @ webpack-internal:///(app-pages-browser)/./node_modules/next/dist/client/components/react-dev-overlay/app/hot-reloader-client.js:240
[   38006ms] [LOG] [Fast Refresh] done in 27ms @ webpack-internal:///(app-pages-browser)/./node_modules/next/dist/client/components/react-dev-overlay/app/hot-reloader-client.js:67
[   38633ms] [LOG] [Fast Refresh] rebuilding @ webpack-internal:///(app-pages-browser)/./node_modules/next/dist/client/components/react-dev-overlay/app/hot-reloader-client.js:240
[   38654ms] [LOG] [Fast Refresh] done in 21ms @ webpack-internal:///(app-pages-browser)/./node_modules/next/dist/client/components/react-dev-overlay/app/hot-reloader-client.js:67
[   39270ms] [LOG] [Fast Refresh] rebuilding @ webpack-internal:///(app-pages-browser)/./node_modules/next/dist/client/components/react-dev-overlay/app/hot-reloader-client.js:240
[   39297ms] [LOG] [Fast Refresh] done in 27ms @ webpack-internal:///(app-pages-browser)/./node_modules/next/dist/client/components/react-dev-overlay/app/hot-reloader-client.js:67
[   39914ms] [LOG] [Fast Refresh] rebuilding @ webpack-internal:///(app-pages-browser)/./node_modules/next/dist/client/components/react-dev-overlay/app/hot-reloader-client.js:240
[   39941ms] [LOG] [Fast Refresh] done in 26ms @ webpack-internal:///(app-pages-browser)/./node_modules/next/dist/client/components/react-dev-overlay/app/hot-reloader-client.js:67
[   40538ms] [LOG] [Fast Refresh] rebuilding @ webpack-internal:///(app-pages-browser)/./node_modules/next/dist/client/components/react-dev-overlay/app/hot-reloader-client.js:240
[   40568ms] [LOG] [Fast Refresh] done in 30ms @ webpack-internal:///(app-pages-browser)/./node_modules/next/dist/client/components/react-dev-overlay/app/hot-reloader-client.js:67
[   41169ms] [LOG] [Fast Refresh] rebuilding @ webpack-internal:///(app-pages-browser)/./node_modules/next/dist/client/components/react-dev-overlay/app/hot-reloader-client.js:240
[   41184ms] [LOG] [Fast Refresh] done in 16ms @ webpack-internal:///(app-pages-browser)/./node_modules/next/dist/client/components/react-dev-overlay/app/hot-reloader-client.js:67
[   41796ms] [LOG] [Fast Refresh] rebuilding @ webpack-internal:///(app-pages-browser)/./node_modules/next/dist/client/components/react-dev-overlay/app/hot-reloader-client.js:240
[   41814ms] [LOG] [Fast Refresh] done in 19ms @ webpack-internal:///(app-pages-browser)/./node_modules/next/dist/client/components/react-dev-overlay/app/hot-reloader-client.js:67
[   42493ms] [LOG] [Fast Refresh] rebuilding @ webpack-internal:///(app-pages-browser)/./node_modules/next/dist/client/components/react-dev-overlay/app/hot-reloader-client.js:240
[   42523ms] [LOG] [Fast Refresh] done in 30ms @ webpack-internal:///(app-pages-browser)/./node_modules/next/dist/client/components/react-dev-overlay/app/hot-reloader-client.js:67
[   43323ms] [LOG] [Fast Refresh] rebuilding @ webpack-internal:///(app-pages-browser)/./node_modules/next/dist/client/components/react-dev-overlay/app/hot-reloader-client.js:240
[   43857ms] [LOG] [Fast Refresh] done in 535ms @ webpack-internal:///(app-pages-browser)/./node_modules/next/dist/client/components/react-dev-overlay/app/hot-reloader-client.js:67
[   43985ms] [LOG] [Fast Refresh] rebuilding @ webpack-internal:///(app-pages-browser)/./node_modules/next/dist/client/components/react-dev-overlay/app/hot-reloader-client.js:240
[   44511ms] [LOG] [Fast Refresh] done in 525ms @ webpack-internal:///(app-pages-browser)/./node_modules/next/dist/client/components/react-dev-overlay/app/hot-reloader-client.js:67
[   44617ms] [LOG] [Fast Refresh] rebuilding @ webpack-internal:///(app-pages-browser)/./node_modules/next/dist/client/components/react-dev-overlay/app/hot-reloader-client.js:240
[   44642ms] [LOG] [Fast Refresh] done in 25ms @ webpack-internal:///(app-pages-browser)/./node_modules/next/dist/client/components/react-dev-overlay/app/hot-reloader-client.js:67
[   45244ms] [LOG] [Fast Refresh] rebuilding @ webpack-internal:///(app-pages-browser)/./node_modules/next/dist/client/components/react-dev-overlay/app/hot-reloader-client.js:240
[   45773ms] [LOG] [Fast Refresh] done in 529ms @ webpack-internal:///(app-pages-browser)/./node_modules/next/dist/client/components/react-dev-overlay/app/hot-reloader-client.js:67
[   45873ms] [LOG] [Fast Refresh] rebuilding @ webpack-internal:///(app-pages-browser)/./node_modules/next/dist/client/components/react-dev-overlay/app/hot-reloader-client.js:240
[   45903ms] [LOG] [Fast Refresh] done in 30ms @ webpack-internal:///(app-pages-browser)/./node_modules/next/dist/client/components/react-dev-overlay/app/hot-reloader-client.js:67
[   46547ms] [LOG] [Fast Refresh] rebuilding @ webpack-internal:///(app-pages-browser)/./node_modules/next/dist/client/components/react-dev-overlay/app/hot-reloader-client.js:240
[   47082ms] [LOG] [Fast Refresh] done in 536ms @ webpack-internal:///(app-pages-browser)/./node_modules/next/dist/client/components/react-dev-overlay/app/hot-reloader-client.js:67
[   47161ms] [LOG] [Fast Refresh] rebuilding @ webpack-internal:///(app-pages-browser)/./node_modules/next/dist/client/components/react-dev-overlay/app/hot-reloader-client.js:240
[   47183ms] [LOG] [Fast Refresh] done in 23ms @ webpack-internal:///(app-pages-browser)/./node_modules/next/dist/client/components/react-dev-overlay/app/hot-reloader-client.js:67
[   47932ms] [LOG] [Fast Refresh] rebuilding @ webpack-internal:///(app-pages-browser)/./node_modules/next/dist/client/components/react-dev-overlay/app/hot-reloader-client.js:240
[   47990ms] [LOG] [Fast Refresh] done in 57ms @ webpack-internal:///(app-pages-browser)/./node_modules/next/dist/client/components/react-dev-overlay/app/hot-reloader-client.js:67
[   48630ms] [LOG] [Fast Refresh] rebuilding @ webpack-internal:///(app-pages-browser)/./node_modules/next/dist/client/components/react-dev-overlay/app/hot-reloader-client.js:240
[   48648ms] [LOG] [Fast Refresh] done in 19ms @ webpack-internal:///(app-pages-browser)/./node_modules/next/dist/client/components/react-dev-overlay/app/hot-reloader-client.js:67
[   49243ms] [LOG] [Fast Refresh] rebuilding @ webpack-internal:///(app-pages-browser)/./node_modules/next/dist/client/components/react-dev-overlay/app/hot-reloader-client.js:240
[   49263ms] [LOG] [Fast Refresh] done in 20ms @ webpack-internal:///(app-pages-browser)/./node_modules/next/dist/client/components/react-dev-overlay/app/hot-reloader-client.js:67
[   49883ms] [LOG] [Fast Refresh] rebuilding @ webpack-internal:///(app-pages-browser)/./node_modules/next/dist/client/components/react-dev-overlay/app/hot-reloader-client.js:240
[   49971ms] [LOG] [Fast Refresh] done in 89ms @ webpack-internal:///(app-pages-browser)/./node_modules/next/dist/client/components/react-dev-overlay/app/hot-reloader-client.js:67
[   50518ms] [LOG] [Fast Refresh] rebuilding @ webpack-internal:///(app-pages-browser)/./node_modules/next/dist/client/components/react-dev-overlay/app/hot-reloader-client.js:240
[   50552ms] [LOG] [Fast Refresh] done in 35ms @ webpack-internal:///(app-pages-browser)/./node_modules/next/dist/client/components/react-dev-overlay/app/hot-reloader-client.js:67
[   51154ms] [LOG] [Fast Refresh] rebuilding @ webpack-internal:///(app-pages-browser)/./node_modules/next/dist/client/components/react-dev-overlay/app/hot-reloader-client.js:240
[   51178ms] [LOG] [Fast Refresh] done in 24ms @ webpack-internal:///(app-pages-browser)/./node_modules/next/dist/client/components/react-dev-overlay/app/hot-reloader-client.js:67
[   51797ms] [LOG] [Fast Refresh] rebuilding @ webpack-internal:///(app-pages-browser)/./node_modules/next/dist/client/components/react-dev-overlay/app/hot-reloader-client.js:240
[   51824ms] [LOG] [Fast Refresh] done in 26ms @ webpack-internal:///(app-pages-browser)/./node_modules/next/dist/client/components/react-dev-overlay/app/hot-reloader-client.js:67
[   52424ms] [LOG] [Fast Refresh] rebuilding @ webpack-internal:///(app-pages-browser)/./node_modules/next/dist/client/components/react-dev-overlay/app/hot-reloader-client.js:240
[   52451ms] [LOG] [Fast Refresh] done in 27ms @ webpack-internal:///(app-pages-browser)/./node_modules/next/dist/client/components/react-dev-overlay/app/hot-reloader-client.js:67
[   53194ms] [LOG] [Fast Refresh] rebuilding @ webpack-internal:///(app-pages-browser)/./node_modules/next/dist/client/components/react-dev-overlay/app/hot-reloader-client.js:240
[   53230ms] [LOG] [Fast Refresh] done in 37ms @ webpack-internal:///(app-pages-browser)/./node_modules/next/dist/client/components/react-dev-overlay/app/hot-reloader-client.js:67
[   53861ms] [LOG] [Fast Refresh] rebuilding @ webpack-internal:///(app-pages-browser)/./node_modules/next/dist/client/components/react-dev-overlay/app/hot-reloader-client.js:240
[   53886ms] [LOG] [Fast Refresh] done in 24ms @ webpack-internal:///(app-pages-browser)/./node_modules/next/dist/client/components/react-dev-overlay/app/hot-reloader-client.js:67
[   54514ms] [LOG] [Fast Refresh] rebuilding @ webpack-internal:///(app-pages-browser)/./node_modules/next/dist/client/components/react-dev-overlay/app/hot-reloader-client.js:240
[   54537ms] [LOG] [Fast Refresh] done in 23ms @ webpack-internal:///(app-pages-browser)/./node_modules/next/dist/client/components/react-dev-overlay/app/hot-reloader-client.js:67
[   55124ms] [LOG] [Fast Refresh] rebuilding @ webpack-internal:///(app-pages-browser)/./node_modules/next/dist/client/components/react-dev-overlay/app/hot-reloader-client.js:240
[   55144ms] [LOG] [Fast Refresh] done in 20ms @ webpack-internal:///(app-pages-browser)/./node_modules/next/dist/client/components/react-dev-overlay/app/hot-reloader-client.js:67
[   55765ms] [LOG] [Fast Refresh] rebuilding @ webpack-internal:///(app-pages-browser)/./node_modules/next/dist/client/components/react-dev-overlay/app/hot-reloader-client.js:240
[   55791ms] [LOG] [Fast Refresh] done in 26ms @ webpack-internal:///(app-pages-browser)/./node_modules/next/dist/client/components/react-dev-overlay/app/hot-reloader-client.js:67
[   56404ms] [LOG] [Fast Refresh] rebuilding @ webpack-internal:///(app-pages-browser)/./node_modules/next/dist/client/components/react-dev-overlay/app/hot-reloader-client.js:240
[   56426ms] [LOG] [Fast Refresh] done in 23ms @ webpack-internal:///(app-pages-browser)/./node_modules/next/dist/client/components/react-dev-overlay/app/hot-reloader-client.js:67
[   57031ms] [LOG] [Fast Refresh] rebuilding @ webpack-internal:///(app-pages-browser)/./node_modules/next/dist/client/components/react-dev-overlay/app/hot-reloader-client.js:240
[   57052ms] [LOG] [Fast Refresh] done in 20ms @ webpack-internal:///(app-pages-browser)/./node_modules/next/dist/client/components/react-dev-overlay/app/hot-reloader-client.js:67
[   57675ms] [LOG] [Fast Refresh] rebuilding @ webpack-internal:///(app-pages-browser)/./node_modules/next/dist/client/components/react-dev-overlay/app/hot-reloader-client.js:240
[   57702ms] [LOG] [Fast Refresh] done in 26ms @ webpack-internal:///(app-pages-browser)/./node_modules/next/dist/client/components/react-dev-overlay/app/hot-reloader-client.js:67
[   58463ms] [LOG] [Fast Refresh] rebuilding @ webpack-internal:///(app-pages-browser)/./node_modules/next/dist/client/components/react-dev-overlay/app/hot-reloader-client.js:240
[   58490ms] [LOG] [Fast Refresh] done in 28ms @ webpack-internal:///(app-pages-browser)/./node_modules/next/dist/client/components/react-dev-overlay/app/hot-reloader-client.js:67
[   59601ms] [LOG] [Fast Refresh] rebuilding @ webpack-internal:///(app-pages-browser)/./node_modules/next/dist/client/components/react-dev-overlay/app/hot-reloader-client.js:240
[   59631ms] [LOG] [Fast Refresh] done in 30ms @ webpack-internal:///(app-pages-browser)/./node_modules/next/dist/client/components/react-dev-overlay/app/hot-reloader-client.js:67
[   60302ms] [LOG] [Fast Refresh] rebuilding @ webpack-internal:///(app-pages-browser)/./node_modules/next/dist/client/components/react-dev-overlay/app/hot-reloader-client.js:240
[   60327ms] [LOG] [Fast Refresh] done in 26ms @ webpack-internal:///(app-pages-browser)/./node_modules/next/dist/client/components/react-dev-overlay/app/hot-reloader-client.js:67
[   60922ms] [LOG] [Fast Refresh] rebuilding @ webpack-internal:///(app-pages-browser)/./node_modules/next/dist/client/components/react-dev-overlay/app/hot-reloader-client.js:240
[   60942ms] [LOG] [Fast Refresh] done in 19ms @ webpack-internal:///(app-pages-browser)/./node_modules/next/dist/client/components/react-dev-overlay/app/hot-reloader-client.js:67
[   61563ms] [LOG] [Fast Refresh] rebuilding @ webpack-internal:///(app-pages-browser)/./node_modules/next/dist/client/components/react-dev-overlay/app/hot-reloader-client.js:240
[   61593ms] [LOG] [Fast Refresh] done in 29ms @ webpack-internal:///(app-pages-browser)/./node_modules/next/dist/client/components/react-dev-overlay/app/hot-reloader-client.js:67
[   62209ms] [LOG] [Fast Refresh] rebuilding @ webpack-internal:///(app-pages-browser)/./node_modules/next/dist/client/components/react-dev-overlay/app/hot-reloader-client.js:240
[   62719ms] [LOG] [Fast Refresh] done in 511ms @ webpack-internal:///(app-pages-browser)/./node_modules/next/dist/client/components/react-dev-overlay/app/hot-reloader-client.js:67
[   62834ms] [LOG] [Fast Refresh] rebuilding @ webpack-internal:///(app-pages-browser)/./node_modules/next/dist/client/components/react-dev-overlay/app/hot-reloader-client.js:240
[   62861ms] [LOG] [Fast Refresh] done in 26ms @ webpack-internal:///(app-pages-browser)/./node_modules/next/dist/client/components/react-dev-overlay/app/hot-reloader-client.js:67
[   63461ms] [LOG] [Fast Refresh] rebuilding @ webpack-internal:///(app-pages-browser)/./node_modules/next/dist/client/components/react-dev-overlay/app/hot-reloader-client.js:240
[   63495ms] [LOG] [Fast Refresh] done in 35ms @ webpack-internal:///(app-pages-browser)/./node_modules/next/dist/client/components/react-dev-overlay/app/hot-reloader-client.js:67
[   64097ms] [LOG] [Fast Refresh] rebuilding @ webpack-internal:///(app-pages-browser)/./node_modules/next/dist/client/components/react-dev-overlay/app/hot-reloader-client.js:240
[   64120ms] [LOG] [Fast Refresh] done in 23ms @ webpack-internal:///(app-pages-browser)/./node_modules/next/dist/client/components/react-dev-overlay/app/hot-reloader-client.js:67
[   64874ms] [LOG] [Fast Refresh] rebuilding @ webpack-internal:///(app-pages-browser)/./node_modules/next/dist/client/components/react-dev-overlay/app/hot-reloader-client.js:240
[   64926ms] [LOG] [Fast Refresh] done in 52ms @ webpack-internal:///(app-pages-browser)/./node_modules/next/dist/client/components/react-dev-overlay/app/hot-reloader-client.js:67
[   65530ms] [LOG] [Fast Refresh] rebuilding @ webpack-internal:///(app-pages-browser)/./node_modules/next/dist/client/components/react-dev-overlay/app/hot-reloader-client.js:240
[   65558ms] [LOG] [Fast Refresh] done in 27ms @ webpack-internal:///(app-pages-browser)/./node_modules/next/dist/client/components/react-dev-overlay/app/hot-reloader-client.js:67
[   66195ms] [LOG] [Fast Refresh] rebuilding @ webpack-internal:///(app-pages-browser)/./node_modules/next/dist/client/components/react-dev-overlay/app/hot-reloader-client.js:240
[   66710ms] [LOG] [Fast Refresh] done in 516ms @ webpack-internal:///(app-pages-browser)/./node_modules/next/dist/client/components/react-dev-overlay/app/hot-reloader-client.js:67
[   66811ms] [LOG] [Fast Refresh] rebuilding @ webpack-internal:///(app-pages-browser)/./node_modules/next/dist/client/components/react-dev-overlay/app/hot-reloader-client.js:240
[   66832ms] [LOG] [Fast Refresh] done in 21ms @ webpack-internal:///(app-pages-browser)/./node_modules/next/dist/client/components/react-dev-overlay/app/hot-reloader-client.js:67
[   67454ms] [LOG] [Fast Refresh] rebuilding @ webpack-internal:///(app-pages-browser)/./node_modules/next/dist/client/components/react-dev-overlay/app/hot-reloader-client.js:240
[   67486ms] [LOG] [Fast Refresh] done in 31ms @ webpack-internal:///(app-pages-browser)/./node_modules/next/dist/client/components/react-dev-overlay/app/hot-reloader-client.js:67
[   68092ms] [LOG] [Fast Refresh] rebuilding @ webpack-internal:///(app-pages-browser)/./node_modules/next/dist/client/components/react-dev-overlay/app/hot-reloader-client.js:240
[   68118ms] [LOG] [Fast Refresh] done in 26ms @ webpack-internal:///(app-pages-browser)/./node_modules/next/dist/client/components/react-dev-overlay/app/hot-reloader-client.js:67
[   68722ms] [LOG] [Fast Refresh] rebuilding @ webpack-internal:///(app-pages-browser)/./node_modules/next/dist/client/components/react-dev-overlay/app/hot-reloader-client.js:240
[   68742ms] [LOG] [Fast Refresh] done in 20ms @ webpack-internal:///(app-pages-browser)/./node_modules/next/dist/client/components/react-dev-overlay/app/hot-reloader-client.js:67
[   69375ms] [LOG] [Fast Refresh] rebuilding @ webpack-internal:///(app-pages-browser)/./node_modules/next/dist/client/components/react-dev-overlay/app/hot-reloader-client.js:240
[   69397ms] [LOG] [Fast Refresh] done in 22ms @ webpack-internal:///(app-pages-browser)/./node_modules/next/dist/client/components/react-dev-overlay/app/hot-reloader-client.js:67
[   70158ms] [LOG] [Fast Refresh] rebuilding @ webpack-internal:///(app-pages-browser)/./node_modules/next/dist/client/components/react-dev-overlay/app/hot-reloader-client.js:240
[   70203ms] [LOG] [Fast Refresh] done in 45ms @ webpack-internal:///(app-pages-browser)/./node_modules/next/dist/client/components/react-dev-overlay/app/hot-reloader-client.js:67
[   70824ms] [LOG] [Fast Refresh] rebuilding @ webpack-internal:///(app-pages-browser)/./node_modules/next/dist/client/components/react-dev-overlay/app/hot-reloader-client.js:240
[   70843ms] [LOG] [Fast Refresh] done in 19ms @ webpack-internal:///(app-pages-browser)/./node_modules/next/dist/client/components/react-dev-overlay/app/hot-reloader-client.js:67
[   71449ms] [LOG] [Fast Refresh] rebuilding @ webpack-internal:///(app-pages-browser)/./node_modules/next/dist/client/components/react-dev-overlay/app/hot-reloader-client.js:240
[   71480ms] [LOG] [Fast Refresh] done in 32ms @ webpack-internal:///(app-pages-browser)/./node_modules/next/dist/client/components/react-dev-overlay/app/hot-reloader-client.js:67
[   72091ms] [LOG] [Fast Refresh] rebuilding @ webpack-internal:///(app-pages-browser)/./node_modules/next/dist/client/components/react-dev-overlay/app/hot-reloader-client.js:240
[   72607ms] [LOG] [Fast Refresh] done in 516ms @ webpack-internal:///(app-pages-browser)/./node_modules/next/dist/client/components/react-dev-overlay/app/hot-reloader-client.js:67
[   72719ms] [LOG] [Fast Refresh] rebuilding @ webpack-internal:///(app-pages-browser)/./node_modules/next/dist/client/components/react-dev-overlay/app/hot-reloader-client.js:240
[   73231ms] [LOG] [Fast Refresh] done in 513ms @ webpack-internal:///(app-pages-browser)/./node_modules/next/dist/client/components/react-dev-overlay/app/hot-reloader-client.js:67
[   73341ms] [LOG] [Fast Refresh] rebuilding @ webpack-internal:///(app-pages-browser)/./node_modules/next/dist/client/components/react-dev-overlay/app/hot-reloader-client.js:240
[   73362ms] [LOG] [Fast Refresh] done in 22ms @ webpack-internal:///(app-pages-browser)/./node_modules/next/dist/client/components/react-dev-overlay/app/hot-reloader-client.js:67
[   73963ms] [LOG] [Fast Refresh] rebuilding @ webpack-internal:///(app-pages-browser)/./node_modules/next/dist/client/components/react-dev-overlay/app/hot-reloader-client.js:240
[   73983ms] [LOG] [Fast Refresh] done in 20ms @ webpack-internal:///(app-pages-browser)/./node_modules/next/dist/client/components/react-dev-overlay/app/hot-reloader-client.js:67
[   74600ms] [LOG] [Fast Refresh] rebuilding @ webpack-internal:///(app-pages-browser)/./node_modules/next/dist/client/components/react-dev-overlay/app/hot-reloader-client.js:240
[   74620ms] [LOG] [Fast Refresh] done in 20ms @ webpack-internal:///(app-pages-browser)/./node_modules/next/dist/client/components/react-dev-overlay/app/hot-reloader-client.js:67
[   75402ms] [LOG] [Fast Refresh] rebuilding @ webpack-internal:///(app-pages-browser)/./node_modules/next/dist/client/components/react-dev-overlay/app/hot-reloader-client.js:240
[   75433ms] [LOG] [Fast Refresh] done in 31ms @ webpack-internal:///(app-pages-browser)/./node_modules/next/dist/client/components/react-dev-overlay/app/hot-reloader-client.js:67
[   76064ms] [LOG] [Fast Refresh] rebuilding @ webpack-internal:///(app-pages-browser)/./node_modules/next/dist/client/components/react-dev-overlay/app/hot-reloader-client.js:240
[   76082ms] [LOG] [Fast Refresh] done in 19ms @ webpack-internal:///(app-pages-browser)/./node_modules/next/dist/client/components/react-dev-overlay/app/hot-reloader-client.js:67
[   76702ms] [LOG] [Fast Refresh] rebuilding @ webpack-internal:///(app-pages-browser)/./node_modules/next/dist/client/components/react-dev-overlay/app/hot-reloader-client.js:240
[   76738ms] [LOG] [Fast Refresh] done in 37ms @ webpack-internal:///(app-pages-browser)/./node_modules/next/dist/client/components/react-dev-overlay/app/hot-reloader-client.js:67
[   77340ms] [LOG] [Fast Refresh] rebuilding @ webpack-internal:///(app-pages-browser)/./node_modules/next/dist/client/components/react-dev-overlay/app/hot-reloader-client.js:240
[   77370ms] [LOG] [Fast Refresh] done in 29ms @ webpack-internal:///(app-pages-browser)/./node_modules/next/dist/client/components/react-dev-overlay/app/hot-reloader-client.js:67
[   77977ms] [LOG] [Fast Refresh] rebuilding @ webpack-internal:///(app-pages-browser)/./node_modules/next/dist/client/components/react-dev-overlay/app/hot-reloader-client.js:240
[   77998ms] [LOG] [Fast Refresh] done in 20ms @ webpack-internal:///(app-pages-browser)/./node_modules/next/dist/client/components/react-dev-overlay/app/hot-reloader-client.js:67
[   78592ms] [LOG] [Fast Refresh] rebuilding @ webpack-internal:///(app-pages-browser)/./node_modules/next/dist/client/components/react-dev-overlay/app/hot-reloader-client.js:240
[   78610ms] [LOG] [Fast Refresh] done in 18ms @ webpack-internal:///(app-pages-browser)/./node_modules/next/dist/client/components/react-dev-overlay/app/hot-reloader-client.js:67
[   79231ms] [LOG] [Fast Refresh] rebuilding @ webpack-internal:///(app-pages-browser)/./node_modules/next/dist/client/components/react-dev-overlay/app/hot-reloader-client.js:240
[   79258ms] [LOG] [Fast Refresh] done in 27ms @ webpack-internal:///(app-pages-browser)/./node_modules/next/dist/client/components/react-dev-overlay/app/hot-reloader-client.js:67
[   79863ms] [LOG] [Fast Refresh] rebuilding @ webpack-internal:///(app-pages-browser)/./node_modules/next/dist/client/components/react-dev-overlay/app/hot-reloader-client.js:240
[   79892ms] [LOG] [Fast Refresh] done in 29ms @ webpack-internal:///(app-pages-browser)/./node_modules/next/dist/client/components/react-dev-overlay/app/hot-reloader-client.js:67
[   80658ms] [LOG] [Fast Refresh] rebuilding @ webpack-internal:///(app-pages-browser)/./node_modules/next/dist/client/components/react-dev-overlay/app/hot-reloader-client.js:240
[   80682ms] [LOG] [Fast Refresh] done in 24ms @ webpack-internal:///(app-pages-browser)/./node_modules/next/dist/client/components/react-dev-overlay/app/hot-reloader-client.js:67
[   81313ms] [LOG] [Fast Refresh] rebuilding @ webpack-internal:///(app-pages-browser)/./node_modules/next/dist/client/components/react-dev-overlay/app/hot-reloader-client.js:240
[   81333ms] [LOG] [Fast Refresh] done in 21ms @ webpack-internal:///(app-pages-browser)/./node_modules/next/dist/client/components/react-dev-overlay/app/hot-reloader-client.js:67
[   81933ms] [LOG] [Fast Refresh] rebuilding @ webpack-internal:///(app-pages-browser)/./node_modules/next/dist/client/components/react-dev-overlay/app/hot-reloader-client.js:240
[   81963ms] [LOG] [Fast Refresh] done in 30ms @ webpack-internal:///(app-pages-browser)/./node_modules/next/dist/client/components/react-dev-overlay/app/hot-reloader-client.js:67
[   82577ms] [LOG] [Fast Refresh] rebuilding @ webpack-internal:///(app-pages-browser)/./node_modules/next/dist/client/components/react-dev-overlay/app/hot-reloader-client.js:240
[   82605ms] [LOG] [Fast Refresh] done in 29ms @ webpack-internal:///(app-pages-browser)/./node_modules/next/dist/client/components/react-dev-overlay/app/hot-reloader-client.js:67
[   83214ms] [LOG] [Fast Refresh] rebuilding @ webpack-internal:///(app-pages-browser)/./node_modules/next/dist/client/components/react-dev-overlay/app/hot-reloader-client.js:240
[   83238ms] [LOG] [Fast Refresh] done in 23ms @ webpack-internal:///(app-pages-browser)/./node_modules/next/dist/client/components/react-dev-overlay/app/hot-reloader-client.js:67
[   83837ms] [LOG] [Fast Refresh] rebuilding @ webpack-internal:///(app-pages-browser)/./node_modules/next/dist/client/components/react-dev-overlay/app/hot-reloader-client.js:240
[   83857ms] [LOG] [Fast Refresh] done in 20ms @ webpack-internal:///(app-pages-browser)/./node_modules/next/dist/client/components/react-dev-overlay/app/hot-reloader-client.js:67
[   84490ms] [LOG] [Fast Refresh] rebuilding @ webpack-internal:///(app-pages-browser)/./node_modules/next/dist/client/components/react-dev-overlay/app/hot-reloader-client.js:240
[   85011ms] [LOG] [Fast Refresh] done in 521ms @ webpack-internal:///(app-pages-browser)/./node_modules/next/dist/client/components/react-dev-overlay/app/hot-reloader-client.js:67
[   85120ms] [LOG] [Fast Refresh] rebuilding @ webpack-internal:///(app-pages-browser)/./node_modules/next/dist/client/components/react-dev-overlay/app/hot-reloader-client.js:240
[   85138ms] [LOG] [Fast Refresh] done in 18ms @ webpack-internal:///(app-pages-browser)/./node_modules/next/dist/client/components/react-dev-overlay/app/hot-reloader-client.js:67
[   85940ms] [LOG] [Fast Refresh] rebuilding @ webpack-internal:///(app-pages-browser)/./node_modules/next/dist/client/components/react-dev-overlay/app/hot-reloader-client.js:240
[   85995ms] [LOG] [Fast Refresh] done in 56ms @ webpack-internal:///(app-pages-browser)/./node_modules/next/dist/client/components/react-dev-overlay/app/hot-reloader-client.js:67
[   86651ms] [LOG] [Fast Refresh] rebuilding @ webpack-internal:///(app-pages-browser)/./node_modules/next/dist/client/components/react-dev-overlay/app/hot-reloader-client.js:240
[   86672ms] [LOG] [Fast Refresh] done in 21ms @ webpack-internal:///(app-pages-browser)/./node_modules/next/dist/client/components/react-dev-overlay/app/hot-reloader-client.js:67
[   87326ms] [LOG] [Fast Refresh] rebuilding @ webpack-internal:///(app-pages-browser)/./node_modules/next/dist/client/components/react-dev-overlay/app/hot-reloader-client.js:240
[   87351ms] [LOG] [Fast Refresh] done in 24ms @ webpack-internal:///(app-pages-browser)/./node_modules/next/dist/client/components/react-dev-overlay/app/hot-reloader-client.js:67
[   87981ms] [LOG] [Fast Refresh] rebuilding @ webpack-internal:///(app-pages-browser)/./node_modules/next/dist/client/components/react-dev-overlay/app/hot-reloader-client.js:240
[   88525ms] [LOG] [Fast Refresh] done in 544ms @ webpack-internal:///(app-pages-browser)/./node_modules/next/dist/client/components/react-dev-overlay/app/hot-reloader-client.js:67
[   88647ms] [LOG] [Fast Refresh] rebuilding @ webpack-internal:///(app-pages-browser)/./node_modules/next/dist/client/components/react-dev-overlay/app/hot-reloader-client.js:240
[   88673ms] [LOG] [Fast Refresh] done in 26ms @ webpack-internal:///(app-pages-browser)/./node_modules/next/dist/client/components/react-dev-overlay/app/hot-reloader-client.js:67
[   89291ms] [LOG] [Fast Refresh] rebuilding @ webpack-internal:///(app-pages-browser)/./node_modules/next/dist/client/components/react-dev-overlay/app/hot-reloader-client.js:240
[   89314ms] [LOG] [Fast Refresh] done in 23ms @ webpack-internal:///(app-pages-browser)/./node_modules/next/dist/client/components/react-dev-overlay/app/hot-reloader-client.js:67
[   89922ms] [LOG] [Fast Refresh] rebuilding @ webpack-internal:///(app-pages-browser)/./node_modules/next/dist/client/components/react-dev-overlay/app/hot-reloader-client.js:240
[   89940ms] [LOG] [Fast Refresh] done in 18ms @ webpack-internal:///(app-pages-browser)/./node_modules/next/dist/client/components/react-dev-overlay/app/hot-reloader-client.js:67
[   90567ms] [LOG] [Fast Refresh] rebuilding @ webpack-internal:///(app-pages-browser)/./node_modules/next/dist/client/components/react-dev-overlay/app/hot-reloader-client.js:240
[   90596ms] [LOG] [Fast Refresh] done in 29ms @ webpack-internal:///(app-pages-browser)/./node_modules/next/dist/client/components/react-dev-overlay/app/hot-reloader-client.js:67
[   91360ms] [LOG] [Fast Refresh] rebuilding @ webpack-internal:///(app-pages-browser)/./node_modules/next/dist/client/components/react-dev-overlay/app/hot-reloader-client.js:240
[   91390ms] [LOG] [Fast Refresh] done in 30ms @ webpack-internal:///(app-pages-browser)/./node_modules/next/dist/client/components/react-dev-overlay/app/hot-reloader-client.js:67
[   92025ms] [LOG] [Fast Refresh] rebuilding @ webpack-internal:///(app-pages-browser)/./node_modules/next/dist/client/components/react-dev-overlay/app/hot-reloader-client.js:240
[   92047ms] [LOG] [Fast Refresh] done in 22ms @ webpack-internal:///(app-pages-browser)/./node_modules/next/dist/client/components/react-dev-overlay/app/hot-reloader-client.js:67
[   92660ms] [LOG] [Fast Refresh] rebuilding @ webpack-internal:///(app-pages-browser)/./node_modules/next/dist/client/components/react-dev-overlay/app/hot-reloader-client.js:240
[   92692ms] [LOG] [Fast Refresh] done in 31ms @ webpack-internal:///(app-pages-browser)/./node_modules/next/dist/client/components/react-dev-overlay/app/hot-reloader-client.js:67
[   93285ms] [LOG] [Fast Refresh] rebuilding @ webpack-internal:///(app-pages-browser)/./node_modules/next/dist/client/components/react-dev-overlay/app/hot-reloader-client.js:240
[   93310ms] [LOG] [Fast Refresh] done in 26ms @ webpack-internal:///(app-pages-browser)/./node_modules/next/dist/client/components/react-dev-overlay/app/hot-reloader-client.js:67
[   93931ms] [LOG] [Fast Refresh] rebuilding @ webpack-internal:///(app-pages-browser)/./node_modules/next/dist/client/components/react-dev-overlay/app/hot-reloader-client.js:240
[   93958ms] [LOG] [Fast Refresh] done in 26ms @ webpack-internal:///(app-pages-browser)/./node_modules/next/dist/client/components/react-dev-overlay/app/hot-reloader-client.js:67
[   94566ms] [LOG] [Fast Refresh] rebuilding @ webpack-internal:///(app-pages-browser)/./node_modules/next/dist/client/components/react-dev-overlay/app/hot-reloader-client.js:240
[   94591ms] [LOG] [Fast Refresh] done in 26ms @ webpack-internal:///(app-pages-browser)/./node_modules/next/dist/client/components/react-dev-overlay/app/hot-reloader-client.js:67
[   95187ms] [LOG] [Fast Refresh] rebuilding @ webpack-internal:///(app-pages-browser)/./node_modules/next/dist/client/components/react-dev-overlay/app/hot-reloader-client.js:240
[   95221ms] [LOG] [Fast Refresh] done in 34ms @ webpack-internal:///(app-pages-browser)/./node_modules/next/dist/client/components/react-dev-overlay/app/hot-reloader-client.js:67
[   95815ms] [LOG] [Fast Refresh] rebuilding @ webpack-internal:///(app-pages-browser)/./node_modules/next/dist/client/components/react-dev-overlay/app/hot-reloader-client.js:240
[   95835ms] [LOG] [Fast Refresh] done in 20ms @ webpack-internal:///(app-pages-browser)/./node_modules/next/dist/client/components/react-dev-overlay/app/hot-reloader-client.js:67
[   96612ms] [LOG] [Fast Refresh] rebuilding @ webpack-internal:///(app-pages-browser)/./node_modules/next/dist/client/components/react-dev-overlay/app/hot-reloader-client.js:240
[   96657ms] [LOG] [Fast Refresh] done in 45ms @ webpack-internal:///(app-pages-browser)/./node_modules/next/dist/client/components/react-dev-overlay/app/hot-reloader-client.js:67
[   97284ms] [LOG] [Fast Refresh] rebuilding @ webpack-internal:///(app-pages-browser)/./node_modules/next/dist/client/components/react-dev-overlay/app/hot-reloader-client.js:240
[   97305ms] [LOG] [Fast Refresh] done in 22ms @ webpack-internal:///(app-pages-browser)/./node_modules/next/dist/client/components/react-dev-overlay/app/hot-reloader-client.js:67
[   97933ms] [LOG] [Fast Refresh] rebuilding @ webpack-internal:///(app-pages-browser)/./node_modules/next/dist/client/components/react-dev-overlay/app/hot-reloader-client.js:240
[   97956ms] [LOG] [Fast Refresh] done in 22ms @ webpack-internal:///(app-pages-browser)/./node_modules/next/dist/client/components/react-dev-overlay/app/hot-reloader-client.js:67
[   98548ms] [LOG] [Fast Refresh] rebuilding @ webpack-internal:///(app-pages-browser)/./node_modules/next/dist/client/components/react-dev-overlay/app/hot-reloader-client.js:240
[   98573ms] [LOG] [Fast Refresh] done in 24ms @ webpack-internal:///(app-pages-browser)/./node_modules/next/dist/client/components/react-dev-overlay/app/hot-reloader-client.js:67
[   99180ms] [LOG] [Fast Refresh] rebuilding @ webpack-internal:///(app-pages-browser)/./node_modules/next/dist/client/components/react-dev-overlay/app/hot-reloader-client.js:240
[   99210ms] [LOG] [Fast Refresh] done in 30ms @ webpack-internal:///(app-pages-browser)/./node_modules/next/dist/client/components/react-dev-overlay/app/hot-reloader-client.js:67
[   99818ms] [LOG] [Fast Refresh] rebuilding @ webpack-internal:///(app-pages-browser)/./node_modules/next/dist/client/components/react-dev-overlay/app/hot-reloader-client.js:240
[   99844ms] [LOG] [Fast Refresh] done in 27ms @ webpack-internal:///(app-pages-browser)/./node_modules/next/dist/client/components/react-dev-overlay/app/hot-reloader-client.js:67
[  100457ms] [LOG] [Fast Refresh] rebuilding @ webpack-internal:///(app-pages-browser)/./node_modules/next/dist/client/components/react-dev-overlay/app/hot-reloader-client.js:240
[  100982ms] [LOG] [Fast Refresh] done in 526ms @ webpack-internal:///(app-pages-browser)/./node_modules/next/dist/client/components/react-dev-overlay/app/hot-reloader-client.js:67
[  101087ms] [LOG] [Fast Refresh] rebuilding @ webpack-internal:///(app-pages-browser)/./node_modules/next/dist/client/components/react-dev-overlay/app/hot-reloader-client.js:240
[  101108ms] [LOG] [Fast Refresh] done in 21ms @ webpack-internal:///(app-pages-browser)/./node_modules/next/dist/client/components/react-dev-overlay/app/hot-reloader-client.js:67
[  101883ms] [LOG] [Fast Refresh] rebuilding @ webpack-internal:///(app-pages-browser)/./node_modules/next/dist/client/components/react-dev-overlay/app/hot-reloader-client.js:240
[  101904ms] [LOG] [Fast Refresh] done in 22ms @ webpack-internal:///(app-pages-browser)/./node_modules/next/dist/client/components/react-dev-overlay/app/hot-reloader-client.js:67
[  102640ms] [LOG] [Fast Refresh] rebuilding @ webpack-internal:///(app-pages-browser)/./node_modules/next/dist/client/components/react-dev-overlay/app/hot-reloader-client.js:240
[  102660ms] [LOG] [Fast Refresh] done in 19ms @ webpack-internal:///(app-pages-browser)/./node_modules/next/dist/client/components/react-dev-overlay/app/hot-reloader-client.js:67
[  103365ms] [LOG] [Fast Refresh] rebuilding @ webpack-internal:///(app-pages-browser)/./node_modules/next/dist/client/components/react-dev-overlay/app/hot-reloader-client.js:240
[  103400ms] [LOG] [Fast Refresh] done in 34ms @ webpack-internal:///(app-pages-browser)/./node_modules/next/dist/client/components/react-dev-overlay/app/hot-reloader-client.js:67
[  104050ms] [LOG] [Fast Refresh] rebuilding @ webpack-internal:///(app-pages-browser)/./node_modules/next/dist/client/components/react-dev-overlay/app/hot-reloader-client.js:240
[  104072ms] [LOG] [Fast Refresh] done in 23ms @ webpack-internal:///(app-pages-browser)/./node_modules/next/dist/client/components/react-dev-overlay/app/hot-reloader-client.js:67
[  104734ms] [LOG] [Fast Refresh] rebuilding @ webpack-internal:///(app-pages-browser)/./node_modules/next/dist/client/components/react-dev-overlay/app/hot-reloader-client.js:240
[  104760ms] [LOG] [Fast Refresh] done in 26ms @ webpack-internal:///(app-pages-browser)/./node_modules/next/dist/client/components/react-dev-overlay/app/hot-reloader-client.js:67
[  105382ms] [LOG] [Fast Refresh] rebuilding @ webpack-internal:///(app-pages-browser)/./node_modules/next/dist/client/components/react-dev-overlay/app/hot-reloader-client.js:240
[  105415ms] [LOG] [Fast Refresh] done in 34ms @ webpack-internal:///(app-pages-browser)/./node_modules/next/dist/client/components/react-dev-overlay/app/hot-reloader-client.js:67
[  106006ms] [LOG] [Fast Refresh] rebuilding @ webpack-internal:///(app-pages-browser)/./node_modules/next/dist/client/components/react-dev-overlay/app/hot-reloader-client.js:240
[  106029ms] [LOG] [Fast Refresh] done in 23ms @ webpack-internal:///(app-pages-browser)/./node_modules/next/dist/client/components/react-dev-overlay/app/hot-reloader-client.js:67
[  106661ms] [LOG] [Fast Refresh] rebuilding @ webpack-internal:///(app-pages-browser)/./node_modules/next/dist/client/components/react-dev-overlay/app/hot-reloader-client.js:240
[  106740ms] [LOG] [Fast Refresh] done in 78ms @ webpack-internal:///(app-pages-browser)/./node_modules/next/dist/client/components/react-dev-overlay/app/hot-reloader-client.js:67
[  107475ms] [LOG] [Fast Refresh] rebuilding @ webpack-internal:///(app-pages-browser)/./node_modules/next/dist/client/components/react-dev-overlay/app/hot-reloader-client.js:240
[  107509ms] [LOG] [Fast Refresh] done in 35ms @ webpack-internal:///(app-pages-browser)/./node_modules/next/dist/client/components/react-dev-overlay/app/hot-reloader-client.js:67
[  108121ms] [LOG] [Fast Refresh] rebuilding @ webpack-internal:///(app-pages-browser)/./node_modules/next/dist/client/components/react-dev-overlay/app/hot-reloader-client.js:240
[  108138ms] [LOG] [Fast Refresh] done in 17ms @ webpack-internal:///(app-pages-browser)/./node_modules/next/dist/client/components/react-dev-overlay/app/hot-reloader-client.js:67
[  108763ms] [LOG] [Fast Refresh] rebuilding @ webpack-internal:///(app-pages-browser)/./node_modules/next/dist/client/components/react-dev-overlay/app/hot-reloader-client.js:240
[  108780ms] [LOG] [Fast Refresh] done in 16ms @ webpack-internal:///(app-pages-browser)/./node_modules/next/dist/client/components/react-dev-overlay/app/hot-reloader-client.js:67
[  109399ms] [LOG] [Fast Refresh] rebuilding @ webpack-internal:///(app-pages-browser)/./node_modules/next/dist/client/components/react-dev-overlay/app/hot-reloader-client.js:240
[  109423ms] [LOG] [Fast Refresh] done in 24ms @ webpack-internal:///(app-pages-browser)/./node_modules/next/dist/client/components/react-dev-overlay/app/hot-reloader-client.js:67
[  110039ms] [LOG] [Fast Refresh] rebuilding @ webpack-internal:///(app-pages-browser)/./node_modules/next/dist/client/components/react-dev-overlay/app/hot-reloader-client.js:240
[  110064ms] [LOG] [Fast Refresh] done in 24ms @ webpack-internal:///(app-pages-browser)/./node_modules/next/dist/client/components/react-dev-overlay/app/hot-reloader-client.js:67
[  110669ms] [LOG] [Fast Refresh] rebuilding @ webpack-internal:///(app-pages-browser)/./node_modules/next/dist/client/components/react-dev-overlay/app/hot-reloader-client.js:240
[  110703ms] [LOG] [Fast Refresh] done in 33ms @ webpack-internal:///(app-pages-browser)/./node_modules/next/dist/client/components/react-dev-overlay/app/hot-reloader-client.js:67
[  111330ms] [LOG] [Fast Refresh] rebuilding @ webpack-internal:///(app-pages-browser)/./node_modules/next/dist/client/components/react-dev-overlay/app/hot-reloader-client.js:240
[  111871ms] [LOG] [Fast Refresh] done in 540ms @ webpack-internal:///(app-pages-browser)/./node_modules/next/dist/client/components/react-dev-overlay/app/hot-reloader-client.js:67
[  112123ms] [LOG] [Fast Refresh] rebuilding @ webpack-internal:///(app-pages-browser)/./node_modules/next/dist/client/components/react-dev-overlay/app/hot-reloader-client.js:240
[  112167ms] [LOG] [Fast Refresh] done in 45ms @ webpack-internal:///(app-pages-browser)/./node_modules/next/dist/client/components/react-dev-overlay/app/hot-reloader-client.js:67
[  112778ms] [LOG] [Fast Refresh] rebuilding @ webpack-internal:///(app-pages-browser)/./node_modules/next/dist/client/components/react-dev-overlay/app/hot-reloader-client.js:240
[  112794ms] [LOG] [Fast Refresh] done in 16ms @ webpack-internal:///(app-pages-browser)/./node_modules/next/dist/client/components/react-dev-overlay/app/hot-reloader-client.js:67
[  113423ms] [LOG] [Fast Refresh] rebuilding @ webpack-internal:///(app-pages-browser)/./node_modules/next/dist/client/components/react-dev-overlay/app/hot-reloader-client.js:240
[  113443ms] [LOG] [Fast Refresh] done in 19ms @ webpack-internal:///(app-pages-browser)/./node_modules/next/dist/client/components/react-dev-overlay/app/hot-reloader-client.js:67
[  114059ms] [LOG] [Fast Refresh] rebuilding @ webpack-internal:///(app-pages-browser)/./node_modules/next/dist/client/components/react-dev-overlay/app/hot-reloader-client.js:240
[  114070ms] [LOG] [Fast Refresh] done in 10ms @ webpack-internal:///(app-pages-browser)/./node_modules/next/dist/client/components/react-dev-overlay/app/hot-reloader-client.js:67
[  114689ms] [LOG] [Fast Refresh] rebuilding @ webpack-internal:///(app-pages-browser)/./node_modules/next/dist/client/components/react-dev-overlay/app/hot-reloader-client.js:240
[  114719ms] [LOG] [Fast Refresh] done in 31ms @ webpack-internal:///(app-pages-browser)/./node_modules/next/dist/client/components/react-dev-overlay/app/hot-reloader-client.js:67
[  115336ms] [LOG] [Fast Refresh] rebuilding @ webpack-internal:///(app-pages-browser)/./node_modules/next/dist/client/components/react-dev-overlay/app/hot-reloader-client.js:240
[  115367ms] [LOG] [Fast Refresh] done in 30ms @ webpack-internal:///(app-pages-browser)/./node_modules/next/dist/client/components/react-dev-overlay/app/hot-reloader-client.js:67
[  115972ms] [LOG] [Fast Refresh] rebuilding @ webpack-internal:///(app-pages-browser)/./node_modules/next/dist/client/components/react-dev-overlay/app/hot-reloader-client.js:240
[  116002ms] [LOG] [Fast Refresh] done in 30ms @ webpack-internal:///(app-pages-browser)/./node_modules/next/dist/client/components/react-dev-overlay/app/hot-reloader-client.js:67
[  116627ms] [LOG] [Fast Refresh] rebuilding @ webpack-internal:///(app-pages-browser)/./node_modules/next/dist/client/components/react-dev-overlay/app/hot-reloader-client.js:240
[  117193ms] [LOG] [Fast Refresh] done in 566ms @ webpack-internal:///(app-pages-browser)/./node_modules/next/dist/client/components/react-dev-overlay/app/hot-reloader-client.js:67
[  117414ms] [LOG] [Fast Refresh] rebuilding @ webpack-internal:///(app-pages-browser)/./node_modules/next/dist/client/components/react-dev-overlay/app/hot-reloader-client.js:240
[  117441ms] [LOG] [Fast Refresh] done in 28ms @ webpack-internal:///(app-pages-browser)/./node_modules/next/dist/client/components/react-dev-overlay/app/hot-reloader-client.js:67
[  118074ms] [LOG] [Fast Refresh] rebuilding @ webpack-internal:///(app-pages-browser)/./node_modules/next/dist/client/components/react-dev-overlay/app/hot-reloader-client.js:240
[  118096ms] [LOG] [Fast Refresh] done in 22ms @ webpack-internal:///(app-pages-browser)/./node_modules/next/dist/client/components/react-dev-overlay/app/hot-reloader-client.js:67
[  118702ms] [LOG] [Fast Refresh] rebuilding @ webpack-internal:///(app-pages-browser)/./node_modules/next/dist/client/components/react-dev-overlay/app/hot-reloader-client.js:240
[  118734ms] [LOG] [Fast Refresh] done in 32ms @ webpack-internal:///(app-pages-browser)/./node_modules/next/dist/client/components/react-dev-overlay/app/hot-reloader-client.js:67
[  119326ms] [LOG] [Fast Refresh] rebuilding @ webpack-internal:///(app-pages-browser)/./node_modules/next/dist/client/components/react-dev-overlay/app/hot-reloader-client.js:240
[  119357ms] [LOG] [Fast Refresh] done in 32ms @ webpack-internal:///(app-pages-browser)/./node_modules/next/dist/client/components/react-dev-overlay/app/hot-reloader-client.js:67
[  119982ms] [LOG] [Fast Refresh] rebuilding @ webpack-internal:///(app-pages-browser)/./node_modules/next/dist/client/components/react-dev-overlay/app/hot-reloader-client.js:240
[  120001ms] [LOG] [Fast Refresh] done in 19ms @ webpack-internal:///(app-pages-browser)/./node_modules/next/dist/client/components/react-dev-overlay/app/hot-reloader-client.js:67
[  120602ms] [LOG] [Fast Refresh] rebuilding @ webpack-internal:///(app-pages-browser)/./node_modules/next/dist/client/components/react-dev-overlay/app/hot-reloader-client.js:240
[  120620ms] [LOG] [Fast Refresh] done in 19ms @ webpack-internal:///(app-pages-browser)/./node_modules/next/dist/client/components/react-dev-overlay/app/hot-reloader-client.js:67
[  121257ms] [LOG] [Fast Refresh] rebuilding @ webpack-internal:///(app-pages-browser)/./node_modules/next/dist/client/components/react-dev-overlay/app/hot-reloader-client.js:240
[  121292ms] [LOG] [Fast Refresh] done in 36ms @ webpack-internal:///(app-pages-browser)/./node_modules/next/dist/client/components/react-dev-overlay/app/hot-reloader-client.js:67
[  121919ms] [LOG] [Fast Refresh] rebuilding @ webpack-internal:///(app-pages-browser)/./node_modules/next/dist/client/components/react-dev-overlay/app/hot-reloader-client.js:240
[  122446ms] [LOG] [Fast Refresh] done in 528ms @ webpack-internal:///(app-pages-browser)/./node_modules/next/dist/client/components/react-dev-overlay/app/hot-reloader-client.js:67
[  122694ms] [LOG] [Fast Refresh] rebuilding @ webpack-internal:///(app-pages-browser)/./node_modules/next/dist/client/components/react-dev-overlay/app/hot-reloader-client.js:240
[  122724ms] [LOG] [Fast Refresh] done in 30ms @ webpack-internal:///(app-pages-browser)/./node_modules/next/dist/client/components/react-dev-overlay/app/hot-reloader-client.js:67
[  123345ms] [LOG] [Fast Refresh] rebuilding @ webpack-internal:///(app-pages-browser)/./node_modules/next/dist/client/components/react-dev-overlay/app/hot-reloader-client.js:240
[  123365ms] [LOG] [Fast Refresh] done in 20ms @ webpack-internal:///(app-pages-browser)/./node_modules/next/dist/client/components/react-dev-overlay/app/hot-reloader-client.js:67
[  124009ms] [LOG] [Fast Refresh] rebuilding @ webpack-internal:///(app-pages-browser)/./node_modules/next/dist/client/components/react-dev-overlay/app/hot-reloader-client.js:240
[  124035ms] [LOG] [Fast Refresh] done in 26ms @ webpack-internal:///(app-pages-browser)/./node_modules/next/dist/client/components/react-dev-overlay/app/hot-reloader-client.js:67
[  124648ms] [LOG] [Fast Refresh] rebuilding @ webpack-internal:///(app-pages-browser)/./node_modules/next/dist/client/components/react-dev-overlay/app/hot-reloader-client.js:240
[  125170ms] [LOG] [Fast Refresh] done in 522ms @ webpack-internal:///(app-pages-browser)/./node_modules/next/dist/client/components/react-dev-overlay/app/hot-reloader-client.js:67
[  125281ms] [LOG] [Fast Refresh] rebuilding @ webpack-internal:///(app-pages-browser)/./node_modules/next/dist/client/components/react-dev-overlay/app/hot-reloader-client.js:240
[  125303ms] [LOG] [Fast Refresh] done in 23ms @ webpack-internal:///(app-pages-browser)/./node_modules/next/dist/client/components/react-dev-overlay/app/hot-reloader-client.js:67
[  125913ms] [LOG] [Fast Refresh] rebuilding @ webpack-internal:///(app-pages-browser)/./node_modules/next/dist/client/components/react-dev-overlay/app/hot-reloader-client.js:240
[  125949ms] [LOG] [Fast Refresh] done in 35ms @ webpack-internal:///(app-pages-browser)/./node_modules/next/dist/client/components/react-dev-overlay/app/hot-reloader-client.js:67
[  126561ms] [LOG] [Fast Refresh] rebuilding @ webpack-internal:///(app-pages-browser)/./node_modules/next/dist/client/components/react-dev-overlay/app/hot-reloader-client.js:240
[  127088ms] [LOG] [Fast Refresh] done in 527ms @ webpack-internal:///(app-pages-browser)/./node_modules/next/dist/client/components/react-dev-overlay/app/hot-reloader-client.js:67
[  127199ms] [LOG] [Fast Refresh] rebuilding @ webpack-internal:///(app-pages-browser)/./node_modules/next/dist/client/components/react-dev-overlay/app/hot-reloader-client.js:240
[  127220ms] [LOG] [Fast Refresh] done in 22ms @ webpack-internal:///(app-pages-browser)/./node_modules/next/dist/client/components/react-dev-overlay/app/hot-reloader-client.js:67
[  127984ms] [LOG] [Fast Refresh] rebuilding @ webpack-internal:///(app-pages-browser)/./node_modules/next/dist/client/components/react-dev-overlay/app/hot-reloader-client.js:240
[  128014ms] [LOG] [Fast Refresh] done in 31ms @ webpack-internal:///(app-pages-browser)/./node_modules/next/dist/client/components/react-dev-overlay/app/hot-reloader-client.js:67
[  128656ms] [LOG] [Fast Refresh] rebuilding @ webpack-internal:///(app-pages-browser)/./node_modules/next/dist/client/components/react-dev-overlay/app/hot-reloader-client.js:240
[  128681ms] [LOG] [Fast Refresh] done in 26ms @ webpack-internal:///(app-pages-browser)/./node_modules/next/dist/client/components/react-dev-overlay/app/hot-reloader-client.js:67
[  129313ms] [LOG] [Fast Refresh] rebuilding @ webpack-internal:///(app-pages-browser)/./node_modules/next/dist/client/components/react-dev-overlay/app/hot-reloader-client.js:240
[  129337ms] [LOG] [Fast Refresh] done in 25ms @ webpack-internal:///(app-pages-browser)/./node_modules/next/dist/client/components/react-dev-overlay/app/hot-reloader-client.js:67
[  129917ms] [LOG] [Fast Refresh] rebuilding @ webpack-internal:///(app-pages-browser)/./node_modules/next/dist/client/components/react-dev-overlay/app/hot-reloader-client.js:240
[  129935ms] [LOG] [Fast Refresh] done in 19ms @ webpack-internal:///(app-pages-browser)/./node_modules/next/dist/client/components/react-dev-overlay/app/hot-reloader-client.js:67
[  130559ms] [LOG] [Fast Refresh] rebuilding @ webpack-internal:///(app-pages-browser)/./node_modules/next/dist/client/components/react-dev-overlay/app/hot-reloader-client.js:240
[  130619ms] [LOG] [Fast Refresh] done in 60ms @ webpack-internal:///(app-pages-browser)/./node_modules/next/dist/client/components/react-dev-overlay/app/hot-reloader-client.js:67
[  131193ms] [LOG] [Fast Refresh] rebuilding @ webpack-internal:///(app-pages-browser)/./node_modules/next/dist/client/components/react-dev-overlay/app/hot-reloader-client.js:240
[  131212ms] [LOG] [Fast Refresh] done in 19ms @ webpack-internal:///(app-pages-browser)/./node_modules/next/dist/client/components/react-dev-overlay/app/hot-reloader-client.js:67
[  131840ms] [LOG] [Fast Refresh] rebuilding @ webpack-internal:///(app-pages-browser)/./node_modules/next/dist/client/components/react-dev-overlay/app/hot-reloader-client.js:240
[  131862ms] [LOG] [Fast Refresh] done in 21ms @ webpack-internal:///(app-pages-browser)/./node_modules/next/dist/client/components/react-dev-overlay/app/hot-reloader-client.js:67
[  132498ms] [LOG] [Fast Refresh] rebuilding @ webpack-internal:///(app-pages-browser)/./node_modules/next/dist/client/components/react-dev-overlay/app/hot-reloader-client.js:240
[  133033ms] [LOG] [Fast Refresh] done in 535ms @ webpack-internal:///(app-pages-browser)/./node_modules/next/dist/client/components/react-dev-overlay/app/hot-reloader-client.js:67
[  133280ms] [LOG] [Fast Refresh] rebuilding @ webpack-internal:///(app-pages-browser)/./node_modules/next/dist/client/components/react-dev-overlay/app/hot-reloader-client.js:240
[  133311ms] [LOG] [Fast Refresh] done in 30ms @ webpack-internal:///(app-pages-browser)/./node_modules/next/dist/client/components/react-dev-overlay/app/hot-reloader-client.js:67
[  133940ms] [LOG] [Fast Refresh] rebuilding @ webpack-internal:///(app-pages-browser)/./node_modules/next/dist/client/components/react-dev-overlay/app/hot-reloader-client.js:240
[  133965ms] [LOG] [Fast Refresh] done in 24ms @ webpack-internal:///(app-pages-browser)/./node_modules/next/dist/client/components/react-dev-overlay/app/hot-reloader-client.js:67
[  134562ms] [LOG] [Fast Refresh] rebuilding @ webpack-internal:///(app-pages-browser)/./node_modules/next/dist/client/components/react-dev-overlay/app/hot-reloader-client.js:240
[  134582ms] [LOG] [Fast Refresh] done in 19ms @ webpack-internal:///(app-pages-browser)/./node_modules/next/dist/client/components/react-dev-overlay/app/hot-reloader-client.js:67
[  135196ms] [LOG] [Fast Refresh] rebuilding @ webpack-internal:///(app-pages-browser)/./node_modules/next/dist/client/components/react-dev-overlay/app/hot-reloader-client.js:240
[  135222ms] [LOG] [Fast Refresh] done in 26ms @ webpack-internal:///(app-pages-browser)/./node_modules/next/dist/client/components/react-dev-overlay/app/hot-reloader-client.js:67
[  135833ms] [LOG] [Fast Refresh] rebuilding @ webpack-internal:///(app-pages-browser)/./node_modules/next/dist/client/components/react-dev-overlay/app/hot-reloader-client.js:240
[  136363ms] [LOG] [Fast Refresh] done in 530ms @ webpack-internal:///(app-pages-browser)/./node_modules/next/dist/client/components/react-dev-overlay/app/hot-reloader-client.js:67
[  136474ms] [LOG] [Fast Refresh] rebuilding @ webpack-internal:///(app-pages-browser)/./node_modules/next/dist/client/components/react-dev-overlay/app/hot-reloader-client.js:240
[  136499ms] [LOG] [Fast Refresh] done in 26ms @ webpack-internal:///(app-pages-browser)/./node_modules/next/dist/client/components/react-dev-overlay/app/hot-reloader-client.js:67
[  137110ms] [LOG] [Fast Refresh] rebuilding @ webpack-internal:///(app-pages-browser)/./node_modules/next/dist/client/components/react-dev-overlay/app/hot-reloader-client.js:240
[  137141ms] [LOG] [Fast Refresh] done in 31ms @ webpack-internal:///(app-pages-browser)/./node_modules/next/dist/client/components/react-dev-overlay/app/hot-reloader-client.js:67
[  137749ms] [LOG] [Fast Refresh] rebuilding @ webpack-internal:///(app-pages-browser)/./node_modules/next/dist/client/components/react-dev-overlay/app/hot-reloader-client.js:240
[  137766ms] [LOG] [Fast Refresh] done in 18ms @ webpack-internal:///(app-pages-browser)/./node_modules/next/dist/client/components/react-dev-overlay/app/hot-reloader-client.js:67
[  138537ms] [LOG] [Fast Refresh] rebuilding @ webpack-internal:///(app-pages-browser)/./node_modules/next/dist/client/components/react-dev-overlay/app/hot-reloader-client.js:240
[  138558ms] [LOG] [Fast Refresh] done in 21ms @ webpack-internal:///(app-pages-browser)/./node_modules/next/dist/client/components/react-dev-overlay/app/hot-reloader-client.js:67
[  139211ms] [LOG] [Fast Refresh] rebuilding @ webpack-internal:///(app-pages-browser)/./node_modules/next/dist/client/components/react-dev-overlay/app/hot-reloader-client.js:240
[  139234ms] [LOG] [Fast Refresh] done in 24ms @ webpack-internal:///(app-pages-browser)/./node_modules/next/dist/client/components/react-dev-overlay/app/hot-reloader-client.js:67
[  139853ms] [LOG] [Fast Refresh] rebuilding @ webpack-internal:///(app-pages-browser)/./node_modules/next/dist/client/components/react-dev-overlay/app/hot-reloader-client.js:240
[  139876ms] [LOG] [Fast Refresh] done in 22ms @ webpack-internal:///(app-pages-browser)/./node_modules/next/dist/client/components/react-dev-overlay/app/hot-reloader-client.js:67
[  140468ms] [LOG] [Fast Refresh] rebuilding @ webpack-internal:///(app-pages-browser)/./node_modules/next/dist/client/components/react-dev-overlay/app/hot-reloader-client.js:240
[  140497ms] [LOG] [Fast Refresh] done in 30ms @ webpack-internal:///(app-pages-browser)/./node_modules/next/dist/client/components/react-dev-overlay/app/hot-reloader-client.js:67
[  141108ms] [LOG] [Fast Refresh] rebuilding @ webpack-internal:///(app-pages-browser)/./node_modules/next/dist/client/components/react-dev-overlay/app/hot-reloader-client.js:240
[  141133ms] [LOG] [Fast Refresh] done in 25ms @ webpack-internal:///(app-pages-browser)/./node_modules/next/dist/client/components/react-dev-overlay/app/hot-reloader-client.js:67
[  141729ms] [LOG] [Fast Refresh] rebuilding @ webpack-internal:///(app-pages-browser)/./node_modules/next/dist/client/components/react-dev-overlay/app/hot-reloader-client.js:240
[  141749ms] [LOG] [Fast Refresh] done in 20ms @ webpack-internal:///(app-pages-browser)/./node_modules/next/dist/client/components/react-dev-overlay/app/hot-reloader-client.js:67
[  142371ms] [LOG] [Fast Refresh] rebuilding @ webpack-internal:///(app-pages-browser)/./node_modules/next/dist/client/components/react-dev-overlay/app/hot-reloader-client.js:240
[  142397ms] [LOG] [Fast Refresh] done in 27ms @ webpack-internal:///(app-pages-browser)/./node_modules/next/dist/client/components/react-dev-overlay/app/hot-reloader-client.js:67
[  143003ms] [LOG] [Fast Refresh] rebuilding @ webpack-internal:///(app-pages-browser)/./node_modules/next/dist/client/components/react-dev-overlay/app/hot-reloader-client.js:240
[  143027ms] [LOG] [Fast Refresh] done in 24ms @ webpack-internal:///(app-pages-browser)/./node_modules/next/dist/client/components/react-dev-overlay/app/hot-reloader-client.js:67
[  143792ms] [LOG] [Fast Refresh] rebuilding @ webpack-internal:///(app-pages-browser)/./node_modules/next/dist/client/components/react-dev-overlay/app/hot-reloader-client.js:240
[  143833ms] [LOG] [Fast Refresh] done in 41ms @ webpack-internal:///(app-pages-browser)/./node_modules/next/dist/client/components/react-dev-overlay/app/hot-reloader-client.js:67
[  144451ms] [LOG] [Fast Refresh] rebuilding @ webpack-internal:///(app-pages-browser)/./node_modules/next/dist/client/components/react-dev-overlay/app/hot-reloader-client.js:240
[  144475ms] [LOG] [Fast Refresh] done in 23ms @ webpack-internal:///(app-pages-browser)/./node_modules/next/dist/client/components/react-dev-overlay/app/hot-reloader-client.js:67
[  145094ms] [LOG] [Fast Refresh] rebuilding @ webpack-internal:///(app-pages-browser)/./node_modules/next/dist/client/components/react-dev-overlay/app/hot-reloader-client.js:240
[  145123ms] [LOG] [Fast Refresh] done in 30ms @ webpack-internal:///(app-pages-browser)/./node_modules/next/dist/client/components/react-dev-overlay/app/hot-reloader-client.js:67
[  145722ms] [LOG] [Fast Refresh] rebuilding @ webpack-internal:///(app-pages-browser)/./node_modules/next/dist/client/components/react-dev-overlay/app/hot-reloader-client.js:240
[  145747ms] [LOG] [Fast Refresh] done in 25ms @ webpack-internal:///(app-pages-browser)/./node_modules/next/dist/client/components/react-dev-overlay/app/hot-reloader-client.js:67
[  146355ms] [LOG] [Fast Refresh] rebuilding @ webpack-internal:///(app-pages-browser)/./node_modules/next/dist/client/components/react-dev-overlay/app/hot-reloader-client.js:240
[  146886ms] [LOG] [Fast Refresh] done in 531ms @ webpack-internal:///(app-pages-browser)/./node_modules/next/dist/client/components/react-dev-overlay/app/hot-reloader-client.js:67
[  146999ms] [LOG] [Fast Refresh] rebuilding @ webpack-internal:///(app-pages-browser)/./node_modules/next/dist/client/components/react-dev-overlay/app/hot-reloader-client.js:240
[  147033ms] [LOG] [Fast Refresh] done in 33ms @ webpack-internal:///(app-pages-browser)/./node_modules/next/dist/client/components/react-dev-overlay/app/hot-reloader-client.js:67
[  147637ms] [LOG] [Fast Refresh] rebuilding @ webpack-internal:///(app-pages-browser)/./node_modules/next/dist/client/components/react-dev-overlay/app/hot-reloader-client.js:240
[  148161ms] [LOG] [Fast Refresh] done in 524ms @ webpack-internal:///(app-pages-browser)/./node_modules/next/dist/client/components/react-dev-overlay/app/hot-reloader-client.js:67
[  148264ms] [LOG] [Fast Refresh] rebuilding @ webpack-internal:///(app-pages-browser)/./node_modules/next/dist/client/components/react-dev-overlay/app/hot-reloader-client.js:240
[  148294ms] [LOG] [Fast Refresh] done in 30ms @ webpack-internal:///(app-pages-browser)/./node_modules/next/dist/client/components/react-dev-overlay/app/hot-reloader-client.js:67
[  149048ms] [LOG] [Fast Refresh] rebuilding @ webpack-internal:///(app-pages-browser)/./node_modules/next/dist/client/components/react-dev-overlay/app/hot-reloader-client.js:240
[  149073ms] [LOG] [Fast Refresh] done in 24ms @ webpack-internal:///(app-pages-browser)/./node_modules/next/dist/client/components/react-dev-overlay/app/hot-reloader-client.js:67
[  149699ms] [LOG] [Fast Refresh] rebuilding @ webpack-internal:///(app-pages-browser)/./node_modules/next/dist/client/components/react-dev-overlay/app/hot-reloader-client.js:240
[  149716ms] [LOG] [Fast Refresh] done in 18ms @ webpack-internal:///(app-pages-browser)/./node_modules/next/dist/client/components/react-dev-overlay/app/hot-reloader-client.js:67
[  150359ms] [LOG] [Fast Refresh] rebuilding @ webpack-internal:///(app-pages-browser)/./node_modules/next/dist/client/components/react-dev-overlay/app/hot-reloader-client.js:240
[  150382ms] [LOG] [Fast Refresh] done in 22ms @ webpack-internal:///(app-pages-browser)/./node_modules/next/dist/client/components/react-dev-overlay/app/hot-reloader-client.js:67
[  150989ms] [LOG] [Fast Refresh] rebuilding @ webpack-internal:///(app-pages-browser)/./node_modules/next/dist/client/components/react-dev-overlay/app/hot-reloader-client.js:240
[  151018ms] [LOG] [Fast Refresh] done in 28ms @ webpack-internal:///(app-pages-browser)/./node_modules/next/dist/client/components/react-dev-overlay/app/hot-reloader-client.js:67
[  151629ms] [LOG] [Fast Refresh] rebuilding @ webpack-internal:///(app-pages-browser)/./node_modules/next/dist/client/components/react-dev-overlay/app/hot-reloader-client.js:240
[  151657ms] [LOG] [Fast Refresh] done in 27ms @ webpack-internal:///(app-pages-browser)/./node_modules/next/dist/client/components/react-dev-overlay/app/hot-reloader-client.js:67
[  152265ms] [LOG] [Fast Refresh] rebuilding @ webpack-internal:///(app-pages-browser)/./node_modules/next/dist/client/components/react-dev-overlay/app/hot-reloader-client.js:240
[  152292ms] [LOG] [Fast Refresh] done in 27ms @ webpack-internal:///(app-pages-browser)/./node_modules/next/dist/client/components/react-dev-overlay/app/hot-reloader-client.js:67
[  152912ms] [LOG] [Fast Refresh] rebuilding @ webpack-internal:///(app-pages-browser)/./node_modules/next/dist/client/components/react-dev-overlay/app/hot-reloader-client.js:240
[  152934ms] [LOG] [Fast Refresh] done in 22ms @ webpack-internal:///(app-pages-browser)/./node_modules/next/dist/client/components/react-dev-overlay/app/hot-reloader-client.js:67
[  153567ms] [LOG] [Fast Refresh] rebuilding @ webpack-internal:///(app-pages-browser)/./node_modules/next/dist/client/components/react-dev-overlay/app/hot-reloader-client.js:240
[  154108ms] [LOG] [Fast Refresh] done in 540ms @ webpack-internal:///(app-pages-browser)/./node_modules/next/dist/client/components/react-dev-overlay/app/hot-reloader-client.js:67
[  154363ms] [LOG] [Fast Refresh] rebuilding @ webpack-internal:///(app-pages-browser)/./node_modules/next/dist/client/components/react-dev-overlay/app/hot-reloader-client.js:240
[  154387ms] [LOG] [Fast Refresh] done in 25ms @ webpack-internal:///(app-pages-browser)/./node_modules/next/dist/client/components/react-dev-overlay/app/hot-reloader-client.js:67
[  155037ms] [LOG] [Fast Refresh] rebuilding @ webpack-internal:///(app-pages-browser)/./node_modules/next/dist/client/components/react-dev-overlay/app/hot-reloader-client.js:240
[  155057ms] [LOG] [Fast Refresh] done in 20ms @ webpack-internal:///(app-pages-browser)/./node_modules/next/dist/client/components/react-dev-overlay/app/hot-reloader-client.js:67
[  155669ms] [LOG] [Fast Refresh] rebuilding @ webpack-internal:///(app-pages-browser)/./node_modules/next/dist/client/components/react-dev-overlay/app/hot-reloader-client.js:240
[  155690ms] [LOG] [Fast Refresh] done in 20ms @ webpack-internal:///(app-pages-browser)/./node_modules/next/dist/client/components/react-dev-overlay/app/hot-reloader-client.js:67
[  156293ms] [LOG] [Fast Refresh] rebuilding @ webpack-internal:///(app-pages-browser)/./node_modules/next/dist/client/components/react-dev-overlay/app/hot-reloader-client.js:240
[  156315ms] [LOG] [Fast Refresh] done in 22ms @ webpack-internal:///(app-pages-browser)/./node_modules/next/dist/client/components/react-dev-overlay/app/hot-reloader-client.js:67
[  156935ms] [LOG] [Fast Refresh] rebuilding @ webpack-internal:///(app-pages-browser)/./node_modules/next/dist/client/components/react-dev-overlay/app/hot-reloader-client.js:240
[  156962ms] [LOG] [Fast Refresh] done in 27ms @ webpack-internal:///(app-pages-browser)/./node_modules/next/dist/client/components/react-dev-overlay/app/hot-reloader-client.js:67
[  157569ms] [LOG] [Fast Refresh] rebuilding @ webpack-internal:///(app-pages-browser)/./node_modules/next/dist/client/components/react-dev-overlay/app/hot-reloader-client.js:240
[  157589ms] [LOG] [Fast Refresh] done in 21ms @ webpack-internal:///(app-pages-browser)/./node_modules/next/dist/client/components/react-dev-overlay/app/hot-reloader-client.js:67
[  158208ms] [LOG] [Fast Refresh] rebuilding @ webpack-internal:///(app-pages-browser)/./node_modules/next/dist/client/components/react-dev-overlay/app/hot-reloader-client.js:240
[  158233ms] [LOG] [Fast Refresh] done in 25ms @ webpack-internal:///(app-pages-browser)/./node_modules/next/dist/client/components/react-dev-overlay/app/hot-reloader-client.js:67
[  158837ms] [LOG] [Fast Refresh] rebuilding @ webpack-internal:///(app-pages-browser)/./node_modules/next/dist/client/components/react-dev-overlay/app/hot-reloader-client.js:240
[  158857ms] [LOG] [Fast Refresh] done in 19ms @ webpack-internal:///(app-pages-browser)/./node_modules/next/dist/client/components/react-dev-overlay/app/hot-reloader-client.js:67
[  159632ms] [LOG] [Fast Refresh] rebuilding @ webpack-internal:///(app-pages-browser)/./node_modules/next/dist/client/components/react-dev-overlay/app/hot-reloader-client.js:240
[  159658ms] [LOG] [Fast Refresh] done in 25ms @ webpack-internal:///(app-pages-browser)/./node_modules/next/dist/client/components/react-dev-overlay/app/hot-reloader-client.js:67
[  160274ms] [LOG] [Fast Refresh] rebuilding @ webpack-internal:///(app-pages-browser)/./node_modules/next/dist/client/components/react-dev-overlay/app/hot-reloader-client.js:240
[  160299ms] [LOG] [Fast Refresh] done in 25ms @ webpack-internal:///(app-pages-browser)/./node_modules/next/dist/client/components/react-dev-overlay/app/hot-reloader-client.js:67
[  160906ms] [LOG] [Fast Refresh] rebuilding @ webpack-internal:///(app-pages-browser)/./node_modules/next/dist/client/components/react-dev-overlay/app/hot-reloader-client.js:240
[  160930ms] [LOG] [Fast Refresh] done in 25ms @ webpack-internal:///(app-pages-browser)/./node_modules/next/dist/client/components/react-dev-overlay/app/hot-reloader-client.js:67
[  161553ms] [LOG] [Fast Refresh] rebuilding @ webpack-internal:///(app-pages-browser)/./node_modules/next/dist/client/components/react-dev-overlay/app/hot-reloader-client.js:240
[  161580ms] [LOG] [Fast Refresh] done in 26ms @ webpack-internal:///(app-pages-browser)/./node_modules/next/dist/client/components/react-dev-overlay/app/hot-reloader-client.js:67
[  162212ms] [LOG] [Fast Refresh] rebuilding @ webpack-internal:///(app-pages-browser)/./node_modules/next/dist/client/components/react-dev-overlay/app/hot-reloader-client.js:240
[  162232ms] [LOG] [Fast Refresh] done in 20ms @ webpack-internal:///(app-pages-browser)/./node_modules/next/dist/client/components/react-dev-overlay/app/hot-reloader-client.js:67
[  162939ms] [LOG] [Fast Refresh] rebuilding @ webpack-internal:///(app-pages-browser)/./node_modules/next/dist/client/components/react-dev-overlay/app/hot-reloader-client.js:240
[  162955ms] [LOG] [Fast Refresh] done in 15ms @ webpack-internal:///(app-pages-browser)/./node_modules/next/dist/client/components/react-dev-overlay/app/hot-reloader-client.js:67
[  163615ms] [LOG] [Fast Refresh] rebuilding @ webpack-internal:///(app-pages-browser)/./node_modules/next/dist/client/components/react-dev-overlay/app/hot-reloader-client.js:240
[  164252ms] [LOG] [Fast Refresh] done in 637ms @ webpack-internal:///(app-pages-browser)/./node_modules/next/dist/client/components/react-dev-overlay/app/hot-reloader-client.js:67
[  164456ms] [LOG] [Fast Refresh] rebuilding @ webpack-internal:///(app-pages-browser)/./node_modules/next/dist/client/components/react-dev-overlay/app/hot-reloader-client.js:240
[  164477ms] [LOG] [Fast Refresh] done in 20ms @ webpack-internal:///(app-pages-browser)/./node_modules/next/dist/client/components/react-dev-overlay/app/hot-reloader-client.js:67
[  165122ms] [LOG] [Fast Refresh] rebuilding @ webpack-internal:///(app-pages-browser)/./node_modules/next/dist/client/components/react-dev-overlay/app/hot-reloader-client.js:240
[  165143ms] [LOG] [Fast Refresh] done in 21ms @ webpack-internal:///(app-pages-browser)/./node_modules/next/dist/client/components/react-dev-overlay/app/hot-reloader-client.js:67
[  165763ms] [LOG] [Fast Refresh] rebuilding @ webpack-internal:///(app-pages-browser)/./node_modules/next/dist/client/components/react-dev-overlay/app/hot-reloader-client.js:240
[  165786ms] [LOG] [Fast Refresh] done in 22ms @ webpack-internal:///(app-pages-browser)/./node_modules/next/dist/client/components/react-dev-overlay/app/hot-reloader-client.js:67
[  166385ms] [LOG] [Fast Refresh] rebuilding @ webpack-internal:///(app-pages-browser)/./node_modules/next/dist/client/components/react-dev-overlay/app/hot-reloader-client.js:240
[  166906ms] [LOG] [Fast Refresh] done in 522ms @ webpack-internal:///(app-pages-browser)/./node_modules/next/dist/client/components/react-dev-overlay/app/hot-reloader-client.js:67
[  167007ms] [LOG] [Fast Refresh] rebuilding @ webpack-internal:///(app-pages-browser)/./node_modules/next/dist/client/components/react-dev-overlay/app/hot-reloader-client.js:240
[  167039ms] [LOG] [Fast Refresh] done in 33ms @ webpack-internal:///(app-pages-browser)/./node_modules/next/dist/client/components/react-dev-overlay/app/hot-reloader-client.js:67
[  167642ms] [LOG] [Fast Refresh] rebuilding @ webpack-internal:///(app-pages-browser)/./node_modules/next/dist/client/components/react-dev-overlay/app/hot-reloader-client.js:240
[  167661ms] [LOG] [Fast Refresh] done in 19ms @ webpack-internal:///(app-pages-browser)/./node_modules/next/dist/client/components/react-dev-overlay/app/hot-reloader-client.js:67
[  168285ms] [LOG] [Fast Refresh] rebuilding @ webpack-internal:///(app-pages-browser)/./node_modules/next/dist/client/components/react-dev-overlay/app/hot-reloader-client.js:240
[  168305ms] [LOG] [Fast Refresh] done in 20ms @ webpack-internal:///(app-pages-browser)/./node_modules/next/dist/client/components/react-dev-overlay/app/hot-reloader-client.js:67
[  168942ms] [LOG] [Fast Refresh] rebuilding @ webpack-internal:///(app-pages-browser)/./node_modules/next/dist/client/components/react-dev-overlay/app/hot-reloader-client.js:240
[  168966ms] [LOG] [Fast Refresh] done in 24ms @ webpack-internal:///(app-pages-browser)/./node_modules/next/dist/client/components/react-dev-overlay/app/hot-reloader-client.js:67
[  169729ms] [LOG] [Fast Refresh] rebuilding @ webpack-internal:///(app-pages-browser)/./node_modules/next/dist/client/components/react-dev-overlay/app/hot-reloader-client.js:240
[  169760ms] [LOG] [Fast Refresh] done in 30ms @ webpack-internal:///(app-pages-browser)/./node_modules/next/dist/client/components/react-dev-overlay/app/hot-reloader-client.js:67
[  170405ms] [LOG] [Fast Refresh] rebuilding @ webpack-internal:///(app-pages-browser)/./node_modules/next/dist/client/components/react-dev-overlay/app/hot-reloader-client.js:240
[  170429ms] [LOG] [Fast Refresh] done in 24ms @ webpack-internal:///(app-pages-browser)/./node_modules/next/dist/client/components/react-dev-overlay/app/hot-reloader-client.js:67
[  171032ms] [LOG] [Fast Refresh] rebuilding @ webpack-internal:///(app-pages-browser)/./node_modules/next/dist/client/components/react-dev-overlay/app/hot-reloader-client.js:240
[  171054ms] [LOG] [Fast Refresh] done in 21ms @ webpack-internal:///(app-pages-browser)/./node_modules/next/dist/client/components/react-dev-overlay/app/hot-reloader-client.js:67
[  171671ms] [LOG] [Fast Refresh] rebuilding @ webpack-internal:///(app-pages-browser)/./node_modules/next/dist/client/components/react-dev-overlay/app/hot-reloader-client.js:240
[  171689ms] [LOG] [Fast Refresh] done in 18ms @ webpack-internal:///(app-pages-browser)/./node_modules/next/dist/client/components/react-dev-overlay/app/hot-reloader-client.js:67
[  172300ms] [LOG] [Fast Refresh] rebuilding @ webpack-internal:///(app-pages-browser)/./node_modules/next/dist/client/components/react-dev-overlay/app/hot-reloader-client.js:240
[  172329ms] [LOG] [Fast Refresh] done in 30ms @ webpack-internal:///(app-pages-browser)/./node_modules/next/dist/client/components/react-dev-overlay/app/hot-reloader-client.js:67
[  172927ms] [LOG] [Fast Refresh] rebuilding @ webpack-internal:///(app-pages-browser)/./node_modules/next/dist/client/components/react-dev-overlay/app/hot-reloader-client.js:240
[  172947ms] [LOG] [Fast Refresh] done in 20ms @ webpack-internal:///(app-pages-browser)/./node_modules/next/dist/client/components/react-dev-overlay/app/hot-reloader-client.js:67
[  173585ms] [LOG] [Fast Refresh] rebuilding @ webpack-internal:///(app-pages-browser)/./node_modules/next/dist/client/components/react-dev-overlay/app/hot-reloader-client.js:240
[  173613ms] [LOG] [Fast Refresh] done in 28ms @ webpack-internal:///(app-pages-browser)/./node_modules/next/dist/client/components/react-dev-overlay/app/hot-reloader-client.js:67
[  174224ms] [LOG] [Fast Refresh] rebuilding @ webpack-internal:///(app-pages-browser)/./node_modules/next/dist/client/components/react-dev-overlay/app/hot-reloader-client.js:240
[  174245ms] [LOG] [Fast Refresh] done in 21ms @ webpack-internal:///(app-pages-browser)/./node_modules/next/dist/client/components/react-dev-overlay/app/hot-reloader-client.js:67
[  175030ms] [LOG] [Fast Refresh] rebuilding @ webpack-internal:///(app-pages-browser)/./node_modules/next/dist/client/components/react-dev-overlay/app/hot-reloader-client.js:240
[  175054ms] [LOG] [Fast Refresh] done in 25ms @ webpack-internal:///(app-pages-browser)/./node_modules/next/dist/client/components/react-dev-overlay/app/hot-reloader-client.js:67
[  175660ms] [LOG] [Fast Refresh] rebuilding @ webpack-internal:///(app-pages-browser)/./node_modules/next/dist/client/components/react-dev-overlay/app/hot-reloader-client.js:240
[  175676ms] [LOG] [Fast Refresh] done in 16ms @ webpack-internal:///(app-pages-browser)/./node_modules/next/dist/client/components/react-dev-overlay/app/hot-reloader-client.js:67
[  176311ms] [LOG] [Fast Refresh] rebuilding @ webpack-internal:///(app-pages-browser)/./node_modules/next/dist/client/components/react-dev-overlay/app/hot-reloader-client.js:240
[  176337ms] [LOG] [Fast Refresh] done in 26ms @ webpack-internal:///(app-pages-browser)/./node_modules/next/dist/client/components/react-dev-overlay/app/hot-reloader-client.js:67
[  176966ms] [LOG] [Fast Refresh] rebuilding @ webpack-internal:///(app-pages-browser)/./node_modules/next/dist/client/components/react-dev-overlay/app/hot-reloader-client.js:240
[  177483ms] [LOG] [Fast Refresh] done in 517ms @ webpack-internal:///(app-pages-browser)/./node_modules/next/dist/client/components/react-dev-overlay/app/hot-reloader-client.js:67
[  177589ms] [LOG] [Fast Refresh] rebuilding @ webpack-internal:///(app-pages-browser)/./node_modules/next/dist/client/components/react-dev-overlay/app/hot-reloader-client.js:240
[  177620ms] [LOG] [Fast Refresh] done in 30ms @ webpack-internal:///(app-pages-browser)/./node_modules/next/dist/client/components/react-dev-overlay/app/hot-reloader-client.js:67
[  178233ms] [LOG] [Fast Refresh] rebuilding @ webpack-internal:///(app-pages-browser)/./node_modules/next/dist/client/components/react-dev-overlay/app/hot-reloader-client.js:240
[  178760ms] [LOG] [Fast Refresh] done in 528ms @ webpack-internal:///(app-pages-browser)/./node_modules/next/dist/client/components/react-dev-overlay/app/hot-reloader-client.js:67
[  178859ms] [LOG] [Fast Refresh] rebuilding @ webpack-internal:///(app-pages-browser)/./node_modules/next/dist/client/components/react-dev-overlay/app/hot-reloader-client.js:240
[  178889ms] [LOG] [Fast Refresh] done in 31ms @ webpack-internal:///(app-pages-browser)/./node_modules/next/dist/client/components/react-dev-overlay/app/hot-reloader-client.js:67
[  179522ms] [LOG] [Fast Refresh] rebuilding @ webpack-internal:///(app-pages-browser)/./node_modules/next/dist/client/components/react-dev-overlay/app/hot-reloader-client.js:240
[  179599ms] [LOG] [Fast Refresh] done in 77ms @ webpack-internal:///(app-pages-browser)/./node_modules/next/dist/client/components/react-dev-overlay/app/hot-reloader-client.js:67
[  180298ms] [LOG] [Fast Refresh] rebuilding @ webpack-internal:///(app-pages-browser)/./node_modules/next/dist/client/components/react-dev-overlay/app/hot-reloader-client.js:240
[  180327ms] [LOG] [Fast Refresh] done in 29ms @ webpack-internal:///(app-pages-browser)/./node_modules/next/dist/client/components/react-dev-overlay/app/hot-reloader-client.js:67
[  180952ms] [LOG] [Fast Refresh] rebuilding @ webpack-internal:///(app-pages-browser)/./node_modules/next/dist/client/components/react-dev-overlay/app/hot-reloader-client.js:240
[  180977ms] [LOG] [Fast Refresh] done in 26ms @ webpack-internal:///(app-pages-browser)/./node_modules/next/dist/client/components/react-dev-overlay/app/hot-reloader-client.js:67
[  181582ms] [LOG] [Fast Refresh] rebuilding @ webpack-internal:///(app-pages-browser)/./node_modules/next/dist/client/components/react-dev-overlay/app/hot-reloader-client.js:240
[  181601ms] [LOG] [Fast Refresh] done in 19ms @ webpack-internal:///(app-pages-browser)/./node_modules/next/dist/client/components/react-dev-overlay/app/hot-reloader-client.js:67
[  182228ms] [LOG] [Fast Refresh] rebuilding @ webpack-internal:///(app-pages-browser)/./node_modules/next/dist/client/components/react-dev-overlay/app/hot-reloader-client.js:240
[  182247ms] [LOG] [Fast Refresh] done in 19ms @ webpack-internal:///(app-pages-browser)/./node_modules/next/dist/client/components/react-dev-overlay/app/hot-reloader-client.js:67
[  182858ms] [LOG] [Fast Refresh] rebuilding @ webpack-internal:///(app-pages-browser)/./node_modules/next/dist/client/components/react-dev-overlay/app/hot-reloader-client.js:240
[  182877ms] [LOG] [Fast Refresh] done in 20ms @ webpack-internal:///(app-pages-browser)/./node_modules/next/dist/client/components/react-dev-overlay/app/hot-reloader-client.js:67
[  183499ms] [LOG] [Fast Refresh] rebuilding @ webpack-internal:///(app-pages-browser)/./node_modules/next/dist/client/components/react-dev-overlay/app/hot-reloader-client.js:240
[  183517ms] [LOG] [Fast Refresh] done in 18ms @ webpack-internal:///(app-pages-browser)/./node_modules/next/dist/client/components/react-dev-overlay/app/hot-reloader-client.js:67
[  184144ms] [LOG] [Fast Refresh] rebuilding @ webpack-internal:///(app-pages-browser)/./node_modules/next/dist/client/components/react-dev-overlay/app/hot-reloader-client.js:240
[  184176ms] [LOG] [Fast Refresh] done in 33ms @ webpack-internal:///(app-pages-browser)/./node_modules/next/dist/client/components/react-dev-overlay/app/hot-reloader-client.js:67
[  184958ms] [LOG] [Fast Refresh] rebuilding @ webpack-internal:///(app-pages-browser)/./node_modules/next/dist/client/components/react-dev-overlay/app/hot-reloader-client.js:240
[  184988ms] [LOG] [Fast Refresh] done in 30ms @ webpack-internal:///(app-pages-browser)/./node_modules/next/dist/client/components/react-dev-overlay/app/hot-reloader-client.js:67
[  185605ms] [LOG] [Fast Refresh] rebuilding @ webpack-internal:///(app-pages-browser)/./node_modules/next/dist/client/components/react-dev-overlay/app/hot-reloader-client.js:240
[  185624ms] [LOG] [Fast Refresh] done in 19ms @ webpack-internal:///(app-pages-browser)/./node_modules/next/dist/client/components/react-dev-overlay/app/hot-reloader-client.js:67
[  186267ms] [LOG] [Fast Refresh] rebuilding @ webpack-internal:///(app-pages-browser)/./node_modules/next/dist/client/components/react-dev-overlay/app/hot-reloader-client.js:240
[  186293ms] [LOG] [Fast Refresh] done in 26ms @ webpack-internal:///(app-pages-browser)/./node_modules/next/dist/client/components/react-dev-overlay/app/hot-reloader-client.js:67
[  186905ms] [LOG] [Fast Refresh] rebuilding @ webpack-internal:///(app-pages-browser)/./node_modules/next/dist/client/components/react-dev-overlay/app/hot-reloader-client.js:240
[  186929ms] [LOG] [Fast Refresh] done in 25ms @ webpack-internal:///(app-pages-browser)/./node_modules/next/dist/client/components/react-dev-overlay/app/hot-reloader-client.js:67
[  187550ms] [LOG] [Fast Refresh] rebuilding @ webpack-internal:///(app-pages-browser)/./node_modules/next/dist/client/components/react-dev-overlay/app/hot-reloader-client.js:240
[  187571ms] [LOG] [Fast Refresh] done in 21ms @ webpack-internal:///(app-pages-browser)/./node_modules/next/dist/client/components/react-dev-overlay/app/hot-reloader-client.js:67
[  188186ms] [LOG] [Fast Refresh] rebuilding @ webpack-internal:///(app-pages-browser)/./node_modules/next/dist/client/components/react-dev-overlay/app/hot-reloader-client.js:240
[  188216ms] [LOG] [Fast Refresh] done in 31ms @ webpack-internal:///(app-pages-browser)/./node_modules/next/dist/client/components/react-dev-overlay/app/hot-reloader-client.js:67
[  188835ms] [LOG] [Fast Refresh] rebuilding @ webpack-internal:///(app-pages-browser)/./node_modules/next/dist/client/components/react-dev-overlay/app/hot-reloader-client.js:240
[  188860ms] [LOG] [Fast Refresh] done in 24ms @ webpack-internal:///(app-pages-browser)/./node_modules/next/dist/client/components/react-dev-overlay/app/hot-reloader-client.js:67
[  189475ms] [LOG] [Fast Refresh] rebuilding @ webpack-internal:///(app-pages-browser)/./node_modules/next/dist/client/components/react-dev-overlay/app/hot-reloader-client.js:240
[  189502ms] [LOG] [Fast Refresh] done in 27ms @ webpack-internal:///(app-pages-browser)/./node_modules/next/dist/client/components/react-dev-overlay/app/hot-reloader-client.js:67
[  190260ms] [LOG] [Fast Refresh] rebuilding @ webpack-internal:///(app-pages-browser)/./node_modules/next/dist/client/components/react-dev-overlay/app/hot-reloader-client.js:240
[  190281ms] [LOG] [Fast Refresh] done in 21ms @ webpack-internal:///(app-pages-browser)/./node_modules/next/dist/client/components/react-dev-overlay/app/hot-reloader-client.js:67
[  190900ms] [LOG] [Fast Refresh] rebuilding @ webpack-internal:///(app-pages-browser)/./node_modules/next/dist/client/components/react-dev-overlay/app/hot-reloader-client.js:240
[  190934ms] [LOG] [Fast Refresh] done in 34ms @ webpack-internal:///(app-pages-browser)/./node_modules/next/dist/client/components/react-dev-overlay/app/hot-reloader-client.js:67
[  191569ms] [LOG] [Fast Refresh] rebuilding @ webpack-internal:///(app-pages-browser)/./node_modules/next/dist/client/components/react-dev-overlay/app/hot-reloader-client.js:240
[  192086ms] [LOG] [Fast Refresh] done in 517ms @ webpack-internal:///(app-pages-browser)/./node_modules/next/dist/client/components/react-dev-overlay/app/hot-reloader-client.js:67
[  192183ms] [LOG] [Fast Refresh] rebuilding @ webpack-internal:///(app-pages-browser)/./node_modules/next/dist/client/components/react-dev-overlay/app/hot-reloader-client.js:240
[  192204ms] [LOG] [Fast Refresh] done in 20ms @ webpack-internal:///(app-pages-browser)/./node_modules/next/dist/client/components/react-dev-overlay/app/hot-reloader-client.js:67
[  192802ms] [LOG] [Fast Refresh] rebuilding @ webpack-internal:///(app-pages-browser)/./node_modules/next/dist/client/components/react-dev-overlay/app/hot-reloader-client.js:240
[  192819ms] [LOG] [Fast Refresh] done in 18ms @ webpack-internal:///(app-pages-browser)/./node_modules/next/dist/client/components/react-dev-overlay/app/hot-reloader-client.js:67
[  193443ms] [LOG] [Fast Refresh] rebuilding @ webpack-internal:///(app-pages-browser)/./node_modules/next/dist/client/components/react-dev-overlay/app/hot-reloader-client.js:240
[  193462ms] [LOG] [Fast Refresh] done in 19ms @ webpack-internal:///(app-pages-browser)/./node_modules/next/dist/client/components/react-dev-overlay/app/hot-reloader-client.js:67
[  194074ms] [LOG] [Fast Refresh] rebuilding @ webpack-internal:///(app-pages-browser)/./node_modules/next/dist/client/components/react-dev-overlay/app/hot-reloader-client.js:240
[  194093ms] [LOG] [Fast Refresh] done in 19ms @ webpack-internal:///(app-pages-browser)/./node_modules/next/dist/client/components/react-dev-overlay/app/hot-reloader-client.js:67
[  194718ms] [LOG] [Fast Refresh] rebuilding @ webpack-internal:///(app-pages-browser)/./node_modules/next/dist/client/components/react-dev-overlay/app/hot-reloader-client.js:240
[  194739ms] [LOG] [Fast Refresh] done in 21ms @ webpack-internal:///(app-pages-browser)/./node_modules/next/dist/client/components/react-dev-overlay/app/hot-reloader-client.js:67
[  195500ms] [LOG] [Fast Refresh] rebuilding @ webpack-internal:///(app-pages-browser)/./node_modules/next/dist/client/components/react-dev-overlay/app/hot-reloader-client.js:240
[  195544ms] [LOG] [Fast Refresh] done in 43ms @ webpack-internal:///(app-pages-browser)/./node_modules/next/dist/client/components/react-dev-overlay/app/hot-reloader-client.js:67
[  196173ms] [LOG] [Fast Refresh] rebuilding @ webpack-internal:///(app-pages-browser)/./node_modules/next/dist/client/components/react-dev-overlay/app/hot-reloader-client.js:240
[  196190ms] [LOG] [Fast Refresh] done in 17ms @ webpack-internal:///(app-pages-browser)/./node_modules/next/dist/client/components/react-dev-overlay/app/hot-reloader-client.js:67
[  196827ms] [LOG] [Fast Refresh] rebuilding @ webpack-internal:///(app-pages-browser)/./node_modules/next/dist/client/components/react-dev-overlay/app/hot-reloader-client.js:240
[  197361ms] [LOG] [Fast Refresh] done in 534ms @ webpack-internal:///(app-pages-browser)/./node_modules/next/dist/client/components/react-dev-overlay/app/hot-reloader-client.js:67
[  197467ms] [LOG] [Fast Refresh] rebuilding @ webpack-internal:///(app-pages-browser)/./node_modules/next/dist/client/components/react-dev-overlay/app/hot-reloader-client.js:240
[  197495ms] [LOG] [Fast Refresh] done in 28ms @ webpack-internal:///(app-pages-browser)/./node_modules/next/dist/client/components/react-dev-overlay/app/hot-reloader-client.js:67
[  198092ms] [LOG] [Fast Refresh] rebuilding @ webpack-internal:///(app-pages-browser)/./node_modules/next/dist/client/components/react-dev-overlay/app/hot-reloader-client.js:240
[  198114ms] [LOG] [Fast Refresh] done in 23ms @ webpack-internal:///(app-pages-browser)/./node_modules/next/dist/client/components/react-dev-overlay/app/hot-reloader-client.js:67
[  198718ms] [LOG] [Fast Refresh] rebuilding @ webpack-internal:///(app-pages-browser)/./node_modules/next/dist/client/components/react-dev-overlay/app/hot-reloader-client.js:240
[  198750ms] [LOG] [Fast Refresh] done in 33ms @ webpack-internal:///(app-pages-browser)/./node_modules/next/dist/client/components/react-dev-overlay/app/hot-reloader-client.js:67
[  199346ms] [LOG] [Fast Refresh] rebuilding @ webpack-internal:///(app-pages-browser)/./node_modules/next/dist/client/components/react-dev-overlay/app/hot-reloader-client.js:240
[  199365ms] [LOG] [Fast Refresh] done in 19ms @ webpack-internal:///(app-pages-browser)/./node_modules/next/dist/client/components/react-dev-overlay/app/hot-reloader-client.js:67
[  199984ms] [LOG] [Fast Refresh] rebuilding @ webpack-internal:///(app-pages-browser)/./node_modules/next/dist/client/components/react-dev-overlay/app/hot-reloader-client.js:240
[  200508ms] [LOG] [Fast Refresh] done in 524ms @ webpack-internal:///(app-pages-browser)/./node_modules/next/dist/client/components/react-dev-overlay/app/hot-reloader-client.js:67
[  200772ms] [LOG] [Fast Refresh] rebuilding @ webpack-internal:///(app-pages-browser)/./node_modules/next/dist/client/components/react-dev-overlay/app/hot-reloader-client.js:240
[  200803ms] [LOG] [Fast Refresh] done in 32ms @ webpack-internal:///(app-pages-browser)/./node_modules/next/dist/client/components/react-dev-overlay/app/hot-reloader-client.js:67
[  201420ms] [LOG] [Fast Refresh] rebuilding @ webpack-internal:///(app-pages-browser)/./node_modules/next/dist/client/components/react-dev-overlay/app/hot-reloader-client.js:240
[  201436ms] [LOG] [Fast Refresh] done in 17ms @ webpack-internal:///(app-pages-browser)/./node_modules/next/dist/client/components/react-dev-overlay/app/hot-reloader-client.js:67
[  202077ms] [LOG] [Fast Refresh] rebuilding @ webpack-internal:///(app-pages-browser)/./node_modules/next/dist/client/components/react-dev-overlay/app/hot-reloader-client.js:240
[  202100ms] [LOG] [Fast Refresh] done in 23ms @ webpack-internal:///(app-pages-browser)/./node_modules/next/dist/client/components/react-dev-overlay/app/hot-reloader-client.js:67
[  202710ms] [LOG] [Fast Refresh] rebuilding @ webpack-internal:///(app-pages-browser)/./node_modules/next/dist/client/components/react-dev-overlay/app/hot-reloader-client.js:240
[  202736ms] [LOG] [Fast Refresh] done in 27ms @ webpack-internal:///(app-pages-browser)/./node_modules/next/dist/client/components/react-dev-overlay/app/hot-reloader-client.js:67
[  203323ms] [LOG] [Fast Refresh] rebuilding @ webpack-internal:///(app-pages-browser)/./node_modules/next/dist/client/components/react-dev-overlay/app/hot-reloader-client.js:240
[  203343ms] [LOG] [Fast Refresh] done in 20ms @ webpack-internal:///(app-pages-browser)/./node_modules/next/dist/client/components/react-dev-overlay/app/hot-reloader-client.js:67
[  203959ms] [LOG] [Fast Refresh] rebuilding @ webpack-internal:///(app-pages-browser)/./node_modules/next/dist/client/components/react-dev-overlay/app/hot-reloader-client.js:240
[  203993ms] [LOG] [Fast Refresh] done in 34ms @ webpack-internal:///(app-pages-browser)/./node_modules/next/dist/client/components/react-dev-overlay/app/hot-reloader-client.js:67
[  204595ms] [LOG] [Fast Refresh] rebuilding @ webpack-internal:///(app-pages-browser)/./node_modules/next/dist/client/components/react-dev-overlay/app/hot-reloader-client.js:240
[  204615ms] [LOG] [Fast Refresh] done in 20ms @ webpack-internal:///(app-pages-browser)/./node_modules/next/dist/client/components/react-dev-overlay/app/hot-reloader-client.js:67
[  205245ms] [LOG] [Fast Refresh] rebuilding @ webpack-internal:///(app-pages-browser)/./node_modules/next/dist/client/components/react-dev-overlay/app/hot-reloader-client.js:240
[  205272ms] [LOG] [Fast Refresh] done in 27ms @ webpack-internal:///(app-pages-browser)/./node_modules/next/dist/client/components/react-dev-overlay/app/hot-reloader-client.js:67
[  206021ms] [LOG] [Fast Refresh] rebuilding @ webpack-internal:///(app-pages-browser)/./node_modules/next/dist/client/components/react-dev-overlay/app/hot-reloader-client.js:240
[  206551ms] [LOG] [Fast Refresh] done in 530ms @ webpack-internal:///(app-pages-browser)/./node_modules/next/dist/client/components/react-dev-overlay/app/hot-reloader-client.js:67
[  206675ms] [LOG] [Fast Refresh] rebuilding @ webpack-internal:///(app-pages-browser)/./node_modules/next/dist/client/components/react-dev-overlay/app/hot-reloader-client.js:240
[  206699ms] [LOG] [Fast Refresh] done in 25ms @ webpack-internal:///(app-pages-browser)/./node_modules/next/dist/client/components/react-dev-overlay/app/hot-reloader-client.js:67
[  207328ms] [LOG] [Fast Refresh] rebuilding @ webpack-internal:///(app-pages-browser)/./node_modules/next/dist/client/components/react-dev-overlay/app/hot-reloader-client.js:240
[  207860ms] [LOG] [Fast Refresh] done in 532ms @ webpack-internal:///(app-pages-browser)/./node_modules/next/dist/client/components/react-dev-overlay/app/hot-reloader-client.js:67
[  207949ms] [LOG] [Fast Refresh] rebuilding @ webpack-internal:///(app-pages-browser)/./node_modules/next/dist/client/components/react-dev-overlay/app/hot-reloader-client.js:240
[  207968ms] [LOG] [Fast Refresh] done in 19ms @ webpack-internal:///(app-pages-browser)/./node_modules/next/dist/client/components/react-dev-overlay/app/hot-reloader-client.js:67
[  208597ms] [LOG] [Fast Refresh] rebuilding @ webpack-internal:///(app-pages-browser)/./node_modules/next/dist/client/components/react-dev-overlay/app/hot-reloader-client.js:240
[  208628ms] [LOG] [Fast Refresh] done in 31ms @ webpack-internal:///(app-pages-browser)/./node_modules/next/dist/client/components/react-dev-overlay/app/hot-reloader-client.js:67
[  209240ms] [LOG] [Fast Refresh] rebuilding @ webpack-internal:///(app-pages-browser)/./node_modules/next/dist/client/components/react-dev-overlay/app/hot-reloader-client.js:240
[  209262ms] [LOG] [Fast Refresh] done in 23ms @ webpack-internal:///(app-pages-browser)/./node_modules/next/dist/client/components/react-dev-overlay/app/hot-reloader-client.js:67
[  209878ms] [LOG] [Fast Refresh] rebuilding @ webpack-internal:///(app-pages-browser)/./node_modules/next/dist/client/components/react-dev-overlay/app/hot-reloader-client.js:240
[  210399ms] [LOG] [Fast Refresh] done in 521ms @ webpack-internal:///(app-pages-browser)/./node_modules/next/dist/client/components/react-dev-overlay/app/hot-reloader-client.js:67
[  210643ms] [LOG] [Fast Refresh] rebuilding @ webpack-internal:///(app-pages-browser)/./node_modules/next/dist/client/components/react-dev-overlay/app/hot-reloader-client.js:240
[  210665ms] [LOG] [Fast Refresh] done in 23ms @ webpack-internal:///(app-pages-browser)/./node_modules/next/dist/client/components/react-dev-overlay/app/hot-reloader-client.js:67
[  211312ms] [LOG] [Fast Refresh] rebuilding @ webpack-internal:///(app-pages-browser)/./node_modules/next/dist/client/components/react-dev-overlay/app/hot-reloader-client.js:240
[  211334ms] [LOG] [Fast Refresh] done in 23ms @ webpack-internal:///(app-pages-browser)/./node_modules/next/dist/client/components/react-dev-overlay/app/hot-reloader-client.js:67
[  211973ms] [LOG] [Fast Refresh] rebuilding @ webpack-internal:///(app-pages-browser)/./node_modules/next/dist/client/components/react-dev-overlay/app/hot-reloader-client.js:240
[  211991ms] [LOG] [Fast Refresh] done in 17ms @ webpack-internal:///(app-pages-browser)/./node_modules/next/dist/client/components/react-dev-overlay/app/hot-reloader-client.js:67
[  212609ms] [LOG] [Fast Refresh] rebuilding @ webpack-internal:///(app-pages-browser)/./node_modules/next/dist/client/components/react-dev-overlay/app/hot-reloader-client.js:240
[  212637ms] [LOG] [Fast Refresh] done in 29ms @ webpack-internal:///(app-pages-browser)/./node_modules/next/dist/client/components/react-dev-overlay/app/hot-reloader-client.js:67
[  213234ms] [LOG] [Fast Refresh] rebuilding @ webpack-internal:///(app-pages-browser)/./node_modules/next/dist/client/components/react-dev-overlay/app/hot-reloader-client.js:240
[  213253ms] [LOG] [Fast Refresh] done in 19ms @ webpack-internal:///(app-pages-browser)/./node_modules/next/dist/client/components/react-dev-overlay/app/hot-reloader-client.js:67
[  213880ms] [LOG] [Fast Refresh] rebuilding @ webpack-internal:///(app-pages-browser)/./node_modules/next/dist/client/components/react-dev-overlay/app/hot-reloader-client.js:240
[  213906ms] [LOG] [Fast Refresh] done in 25ms @ webpack-internal:///(app-pages-browser)/./node_modules/next/dist/client/components/react-dev-overlay/app/hot-reloader-client.js:67
[  214522ms] [LOG] [Fast Refresh] rebuilding @ webpack-internal:///(app-pages-browser)/./node_modules/next/dist/client/components/react-dev-overlay/app/hot-reloader-client.js:240
[  215052ms] [LOG] [Fast Refresh] done in 530ms @ webpack-internal:///(app-pages-browser)/./node_modules/next/dist/client/components/react-dev-overlay/app/hot-reloader-client.js:67
[  215153ms] [LOG] [Fast Refresh] rebuilding @ webpack-internal:///(app-pages-browser)/./node_modules/next/dist/client/components/react-dev-overlay/app/hot-reloader-client.js:240
[  215170ms] [LOG] [Fast Refresh] done in 17ms @ webpack-internal:///(app-pages-browser)/./node_modules/next/dist/client/components/react-dev-overlay/app/hot-reloader-client.js:67
[  215955ms] [LOG] [Fast Refresh] rebuilding @ webpack-internal:///(app-pages-browser)/./node_modules/next/dist/client/components/react-dev-overlay/app/hot-reloader-client.js:240
[  215986ms] [LOG] [Fast Refresh] done in 32ms @ webpack-internal:///(app-pages-browser)/./node_modules/next/dist/client/components/react-dev-overlay/app/hot-reloader-client.js:67
[  216618ms] [LOG] [Fast Refresh] rebuilding @ webpack-internal:///(app-pages-browser)/./node_modules/next/dist/client/components/react-dev-overlay/app/hot-reloader-client.js:240
[  216640ms] [LOG] [Fast Refresh] done in 21ms @ webpack-internal:///(app-pages-browser)/./node_modules/next/dist/client/components/react-dev-overlay/app/hot-reloader-client.js:67
[  217275ms] [LOG] [Fast Refresh] rebuilding @ webpack-internal:///(app-pages-browser)/./node_modules/next/dist/client/components/react-dev-overlay/app/hot-reloader-client.js:240
[  217296ms] [LOG] [Fast Refresh] done in 20ms @ webpack-internal:///(app-pages-browser)/./node_modules/next/dist/client/components/react-dev-overlay/app/hot-reloader-client.js:67
[  217908ms] [LOG] [Fast Refresh] rebuilding @ webpack-internal:///(app-pages-browser)/./node_modules/next/dist/client/components/react-dev-overlay/app/hot-reloader-client.js:240
[  217936ms] [LOG] [Fast Refresh] done in 27ms @ webpack-internal:///(app-pages-browser)/./node_modules/next/dist/client/components/react-dev-overlay/app/hot-reloader-client.js:67
[  218539ms] [LOG] [Fast Refresh] rebuilding @ webpack-internal:///(app-pages-browser)/./node_modules/next/dist/client/components/react-dev-overlay/app/hot-reloader-client.js:240
[  218565ms] [LOG] [Fast Refresh] done in 25ms @ webpack-internal:///(app-pages-browser)/./node_modules/next/dist/client/components/react-dev-overlay/app/hot-reloader-client.js:67
[  219160ms] [LOG] [Fast Refresh] rebuilding @ webpack-internal:///(app-pages-browser)/./node_modules/next/dist/client/components/react-dev-overlay/app/hot-reloader-client.js:240
[  219179ms] [LOG] [Fast Refresh] done in 18ms @ webpack-internal:///(app-pages-browser)/./node_modules/next/dist/client/components/react-dev-overlay/app/hot-reloader-client.js:67
[  219807ms] [LOG] [Fast Refresh] rebuilding @ webpack-internal:///(app-pages-browser)/./node_modules/next/dist/client/components/react-dev-overlay/app/hot-reloader-client.js:240
[  220339ms] [LOG] [Fast Refresh] done in 532ms @ webpack-internal:///(app-pages-browser)/./node_modules/next/dist/client/components/react-dev-overlay/app/hot-reloader-client.js:67
[  220442ms] [LOG] [Fast Refresh] rebuilding @ webpack-internal:///(app-pages-browser)/./node_modules/next/dist/client/components/react-dev-overlay/app/hot-reloader-client.js:240
[  220474ms] [LOG] [Fast Refresh] done in 32ms @ webpack-internal:///(app-pages-browser)/./node_modules/next/dist/client/components/react-dev-overlay/app/hot-reloader-client.js:67
[  221238ms] [LOG] [Fast Refresh] rebuilding @ webpack-internal:///(app-pages-browser)/./node_modules/next/dist/client/components/react-dev-overlay/app/hot-reloader-client.js:240
[  221265ms] [LOG] [Fast Refresh] done in 28ms @ webpack-internal:///(app-pages-browser)/./node_modules/next/dist/client/components/react-dev-overlay/app/hot-reloader-client.js:67
[  221924ms] [LOG] [Fast Refresh] rebuilding @ webpack-internal:///(app-pages-browser)/./node_modules/next/dist/client/components/react-dev-overlay/app/hot-reloader-client.js:240
[  221953ms] [LOG] [Fast Refresh] done in 28ms @ webpack-internal:///(app-pages-browser)/./node_modules/next/dist/client/components/react-dev-overlay/app/hot-reloader-client.js:67
[  222578ms] [LOG] [Fast Refresh] rebuilding @ webpack-internal:///(app-pages-browser)/./node_modules/next/dist/client/components/react-dev-overlay/app/hot-reloader-client.js:240
[  222605ms] [LOG] [Fast Refresh] done in 27ms @ webpack-internal:///(app-pages-browser)/./node_modules/next/dist/client/components/react-dev-overlay/app/hot-reloader-client.js:67
[  223237ms] [LOG] [Fast Refresh] rebuilding @ webpack-internal:///(app-pages-browser)/./node_modules/next/dist/client/components/react-dev-overlay/app/hot-reloader-client.js:240
[  223267ms] [LOG] [Fast Refresh] done in 30ms @ webpack-internal:///(app-pages-browser)/./node_modules/next/dist/client/components/react-dev-overlay/app/hot-reloader-client.js:67
[  223898ms] [LOG] [Fast Refresh] rebuilding @ webpack-internal:///(app-pages-browser)/./node_modules/next/dist/client/components/react-dev-overlay/app/hot-reloader-client.js:240
[  224434ms] [LOG] [Fast Refresh] done in 535ms @ webpack-internal:///(app-pages-browser)/./node_modules/next/dist/client/components/react-dev-overlay/app/hot-reloader-client.js:67
[  224547ms] [LOG] [Fast Refresh] rebuilding @ webpack-internal:///(app-pages-browser)/./node_modules/next/dist/client/components/react-dev-overlay/app/hot-reloader-client.js:240
[  224568ms] [LOG] [Fast Refresh] done in 21ms @ webpack-internal:///(app-pages-browser)/./node_modules/next/dist/client/components/react-dev-overlay/app/hot-reloader-client.js:67
[  225174ms] [LOG] [Fast Refresh] rebuilding @ webpack-internal:///(app-pages-browser)/./node_modules/next/dist/client/components/react-dev-overlay/app/hot-reloader-client.js:240
[  225205ms] [LOG] [Fast Refresh] done in 31ms @ webpack-internal:///(app-pages-browser)/./node_modules/next/dist/client/components/react-dev-overlay/app/hot-reloader-client.js:67
[  225820ms] [LOG] [Fast Refresh] rebuilding @ webpack-internal:///(app-pages-browser)/./node_modules/next/dist/client/components/react-dev-overlay/app/hot-reloader-client.js:240
[  225848ms] [LOG] [Fast Refresh] done in 28ms @ webpack-internal:///(app-pages-browser)/./node_modules/next/dist/client/components/react-dev-overlay/app/hot-reloader-client.js:67
[  226625ms] [LOG] [Fast Refresh] rebuilding @ webpack-internal:///(app-pages-browser)/./node_modules/next/dist/client/components/react-dev-overlay/app/hot-reloader-client.js:240
[  226681ms] [LOG] [Fast Refresh] done in 55ms @ webpack-internal:///(app-pages-browser)/./node_modules/next/dist/client/components/react-dev-overlay/app/hot-reloader-client.js:67
[  227332ms] [LOG] [Fast Refresh] rebuilding @ webpack-internal:///(app-pages-browser)/./node_modules/next/dist/client/components/react-dev-overlay/app/hot-reloader-client.js:240
[  227352ms] [LOG] [Fast Refresh] done in 21ms @ webpack-internal:///(app-pages-browser)/./node_modules/next/dist/client/components/react-dev-overlay/app/hot-reloader-client.js:67
[  227990ms] [LOG] [Fast Refresh] rebuilding @ webpack-internal:///(app-pages-browser)/./node_modules/next/dist/client/components/react-dev-overlay/app/hot-reloader-client.js:240
[  228021ms] [LOG] [Fast Refresh] done in 31ms @ webpack-internal:///(app-pages-browser)/./node_modules/next/dist/client/components/react-dev-overlay/app/hot-reloader-client.js:67
[  228622ms] [LOG] [Fast Refresh] rebuilding @ webpack-internal:///(app-pages-browser)/./node_modules/next/dist/client/components/react-dev-overlay/app/hot-reloader-client.js:240
[  228644ms] [LOG] [Fast Refresh] done in 22ms @ webpack-internal:///(app-pages-browser)/./node_modules/next/dist/client/components/react-dev-overlay/app/hot-reloader-client.js:67
[  229246ms] [LOG] [Fast Refresh] rebuilding @ webpack-internal:///(app-pages-browser)/./node_modules/next/dist/client/components/react-dev-overlay/app/hot-reloader-client.js:240
[  229271ms] [LOG] [Fast Refresh] done in 26ms @ webpack-internal:///(app-pages-browser)/./node_modules/next/dist/client/components/react-dev-overlay/app/hot-reloader-client.js:67
[  229878ms] [LOG] [Fast Refresh] rebuilding @ webpack-internal:///(app-pages-browser)/./node_modules/next/dist/client/components/react-dev-overlay/app/hot-reloader-client.js:240
[  229907ms] [LOG] [Fast Refresh] done in 30ms @ webpack-internal:///(app-pages-browser)/./node_modules/next/dist/client/components/react-dev-overlay/app/hot-reloader-client.js:67
[  230516ms] [LOG] [Fast Refresh] rebuilding @ webpack-internal:///(app-pages-browser)/./node_modules/next/dist/client/components/react-dev-overlay/app/hot-reloader-client.js:240
[  230542ms] [LOG] [Fast Refresh] done in 26ms @ webpack-internal:///(app-pages-browser)/./node_modules/next/dist/client/components/react-dev-overlay/app/hot-reloader-client.js:67
[  231158ms] [LOG] [Fast Refresh] rebuilding @ webpack-internal:///(app-pages-browser)/./node_modules/next/dist/client/components/react-dev-overlay/app/hot-reloader-client.js:240
[  231718ms] [LOG] [Fast Refresh] done in 560ms @ webpack-internal:///(app-pages-browser)/./node_modules/next/dist/client/components/react-dev-overlay/app/hot-reloader-client.js:67
[  231975ms] [LOG] [Fast Refresh] rebuilding @ webpack-internal:///(app-pages-browser)/./node_modules/next/dist/client/components/react-dev-overlay/app/hot-reloader-client.js:240
[  232004ms] [LOG] [Fast Refresh] done in 28ms @ webpack-internal:///(app-pages-browser)/./node_modules/next/dist/client/components/react-dev-overlay/app/hot-reloader-client.js:67
[  232629ms] [LOG] [Fast Refresh] rebuilding @ webpack-internal:///(app-pages-browser)/./node_modules/next/dist/client/components/react-dev-overlay/app/hot-reloader-client.js:240
[  232657ms] [LOG] [Fast Refresh] done in 27ms @ webpack-internal:///(app-pages-browser)/./node_modules/next/dist/client/components/react-dev-overlay/app/hot-reloader-client.js:67
[  233288ms] [LOG] [Fast Refresh] rebuilding @ webpack-internal:///(app-pages-browser)/./node_modules/next/dist/client/components/react-dev-overlay/app/hot-reloader-client.js:240
[  233316ms] [LOG] [Fast Refresh] done in 28ms @ webpack-internal:///(app-pages-browser)/./node_modules/next/dist/client/components/react-dev-overlay/app/hot-reloader-client.js:67
[  233910ms] [LOG] [Fast Refresh] rebuilding @ webpack-internal:///(app-pages-browser)/./node_modules/next/dist/client/components/react-dev-overlay/app/hot-reloader-client.js:240
[  233931ms] [LOG] [Fast Refresh] done in 20ms @ webpack-internal:///(app-pages-browser)/./node_modules/next/dist/client/components/react-dev-overlay/app/hot-reloader-client.js:67
[  234547ms] [LOG] [Fast Refresh] rebuilding @ webpack-internal:///(app-pages-browser)/./node_modules/next/dist/client/components/react-dev-overlay/app/hot-reloader-client.js:240
[  234573ms] [LOG] [Fast Refresh] done in 26ms @ webpack-internal:///(app-pages-browser)/./node_modules/next/dist/client/components/react-dev-overlay/app/hot-reloader-client.js:67
[  235167ms] [LOG] [Fast Refresh] rebuilding @ webpack-internal:///(app-pages-browser)/./node_modules/next/dist/client/components/react-dev-overlay/app/hot-reloader-client.js:240
[  235204ms] [LOG] [Fast Refresh] done in 36ms @ webpack-internal:///(app-pages-browser)/./node_modules/next/dist/client/components/react-dev-overlay/app/hot-reloader-client.js:67
[  235808ms] [LOG] [Fast Refresh] rebuilding @ webpack-internal:///(app-pages-browser)/./node_modules/next/dist/client/components/react-dev-overlay/app/hot-reloader-client.js:240
[  236340ms] [LOG] [Fast Refresh] done in 532ms @ webpack-internal:///(app-pages-browser)/./node_modules/next/dist/client/components/react-dev-overlay/app/hot-reloader-client.js:67
[  236461ms] [LOG] [Fast Refresh] rebuilding @ webpack-internal:///(app-pages-browser)/./node_modules/next/dist/client/components/react-dev-overlay/app/hot-reloader-client.js:240
[  236515ms] [LOG] [Fast Refresh] done in 55ms @ webpack-internal:///(app-pages-browser)/./node_modules/next/dist/client/components/react-dev-overlay/app/hot-reloader-client.js:67
[  237282ms] [LOG] [Fast Refresh] rebuilding @ webpack-internal:///(app-pages-browser)/./node_modules/next/dist/client/components/react-dev-overlay/app/hot-reloader-client.js:240
[  237805ms] [LOG] [Fast Refresh] done in 522ms @ webpack-internal:///(app-pages-browser)/./node_modules/next/dist/client/components/react-dev-overlay/app/hot-reloader-client.js:67
[  237912ms] [LOG] [Fast Refresh] rebuilding @ webpack-internal:///(app-pages-browser)/./node_modules/next/dist/client/components/react-dev-overlay/app/hot-reloader-client.js:240
[  237931ms] [LOG] [Fast Refresh] done in 19ms @ webpack-internal:///(app-pages-browser)/./node_modules/next/dist/client/components/react-dev-overlay/app/hot-reloader-client.js:67
[  238546ms] [LOG] [Fast Refresh] rebuilding @ webpack-internal:///(app-pages-browser)/./node_modules/next/dist/client/components/react-dev-overlay/app/hot-reloader-client.js:240
[  238574ms] [LOG] [Fast Refresh] done in 28ms @ webpack-internal:///(app-pages-browser)/./node_modules/next/dist/client/components/react-dev-overlay/app/hot-reloader-client.js:67
[  239178ms] [LOG] [Fast Refresh] rebuilding @ webpack-internal:///(app-pages-browser)/./node_modules/next/dist/client/components/react-dev-overlay/app/hot-reloader-client.js:240
[  239205ms] [LOG] [Fast Refresh] done in 26ms @ webpack-internal:///(app-pages-browser)/./node_modules/next/dist/client/components/react-dev-overlay/app/hot-reloader-client.js:67
[  239846ms] [LOG] [Fast Refresh] rebuilding @ webpack-internal:///(app-pages-browser)/./node_modules/next/dist/client/components/react-dev-overlay/app/hot-reloader-client.js:240
[  240374ms] [LOG] [Fast Refresh] done in 528ms @ webpack-internal:///(app-pages-browser)/./node_modules/next/dist/client/components/react-dev-overlay/app/hot-reloader-client.js:67
[  240451ms] [LOG] [Fast Refresh] rebuilding @ webpack-internal:///(app-pages-browser)/./node_modules/next/dist/client/components/react-dev-overlay/app/hot-reloader-client.js:240
[  240489ms] [LOG] [Fast Refresh] done in 37ms @ webpack-internal:///(app-pages-browser)/./node_modules/next/dist/client/components/react-dev-overlay/app/hot-reloader-client.js:67
[  241097ms] [LOG] [Fast Refresh] rebuilding @ webpack-internal:///(app-pages-browser)/./node_modules/next/dist/client/components/react-dev-overlay/app/hot-reloader-client.js:240
[  241118ms] [LOG] [Fast Refresh] done in 22ms @ webpack-internal:///(app-pages-browser)/./node_modules/next/dist/client/components/react-dev-overlay/app/hot-reloader-client.js:67
[  241883ms] [LOG] [Fast Refresh] rebuilding @ webpack-internal:///(app-pages-browser)/./node_modules/next/dist/client/components/react-dev-overlay/app/hot-reloader-client.js:240
[  241939ms] [LOG] [Fast Refresh] done in 56ms @ webpack-internal:///(app-pages-browser)/./node_modules/next/dist/client/components/react-dev-overlay/app/hot-reloader-client.js:67
[  242567ms] [LOG] [Fast Refresh] rebuilding @ webpack-internal:///(app-pages-browser)/./node_modules/next/dist/client/components/react-dev-overlay/app/hot-reloader-client.js:240
[  242587ms] [LOG] [Fast Refresh] done in 20ms @ webpack-internal:///(app-pages-browser)/./node_modules/next/dist/client/components/react-dev-overlay/app/hot-reloader-client.js:67
[  243218ms] [LOG] [Fast Refresh] rebuilding @ webpack-internal:///(app-pages-browser)/./node_modules/next/dist/client/components/react-dev-overlay/app/hot-reloader-client.js:240
[  243237ms] [LOG] [Fast Refresh] done in 20ms @ webpack-internal:///(app-pages-browser)/./node_modules/next/dist/client/components/react-dev-overlay/app/hot-reloader-client.js:67
[  243856ms] [LOG] [Fast Refresh] rebuilding @ webpack-internal:///(app-pages-browser)/./node_modules/next/dist/client/components/react-dev-overlay/app/hot-reloader-client.js:240
[  244370ms] [LOG] [Fast Refresh] done in 515ms @ webpack-internal:///(app-pages-browser)/./node_modules/next/dist/client/components/react-dev-overlay/app/hot-reloader-client.js:67
[  244480ms] [LOG] [Fast Refresh] rebuilding @ webpack-internal:///(app-pages-browser)/./node_modules/next/dist/client/components/react-dev-overlay/app/hot-reloader-client.js:240
[  244503ms] [LOG] [Fast Refresh] done in 23ms @ webpack-internal:///(app-pages-browser)/./node_modules/next/dist/client/components/react-dev-overlay/app/hot-reloader-client.js:67
[  245111ms] [LOG] [Fast Refresh] rebuilding @ webpack-internal:///(app-pages-browser)/./node_modules/next/dist/client/components/react-dev-overlay/app/hot-reloader-client.js:240
[  245130ms] [LOG] [Fast Refresh] done in 19ms @ webpack-internal:///(app-pages-browser)/./node_modules/next/dist/client/components/react-dev-overlay/app/hot-reloader-client.js:67
[  245751ms] [LOG] [Fast Refresh] rebuilding @ webpack-internal:///(app-pages-browser)/./node_modules/next/dist/client/components/react-dev-overlay/app/hot-reloader-client.js:240
[  245778ms] [LOG] [Fast Refresh] done in 26ms @ webpack-internal:///(app-pages-browser)/./node_modules/next/dist/client/components/react-dev-overlay/app/hot-reloader-client.js:67
[  246403ms] [LOG] [Fast Refresh] rebuilding @ webpack-internal:///(app-pages-browser)/./node_modules/next/dist/client/components/react-dev-overlay/app/hot-reloader-client.js:240
[  246929ms] [LOG] [Fast Refresh] done in 527ms @ webpack-internal:///(app-pages-browser)/./node_modules/next/dist/client/components/react-dev-overlay/app/hot-reloader-client.js:67
[  247188ms] [LOG] [Fast Refresh] rebuilding @ webpack-internal:///(app-pages-browser)/./node_modules/next/dist/client/components/react-dev-overlay/app/hot-reloader-client.js:240
[  247217ms] [LOG] [Fast Refresh] done in 29ms @ webpack-internal:///(app-pages-browser)/./node_modules/next/dist/client/components/react-dev-overlay/app/hot-reloader-client.js:67
[  247864ms] [LOG] [Fast Refresh] rebuilding @ webpack-internal:///(app-pages-browser)/./node_modules/next/dist/client/components/react-dev-overlay/app/hot-reloader-client.js:240
[  247881ms] [LOG] [Fast Refresh] done in 17ms @ webpack-internal:///(app-pages-browser)/./node_modules/next/dist/client/components/react-dev-overlay/app/hot-reloader-client.js:67
[  248513ms] [LOG] [Fast Refresh] rebuilding @ webpack-internal:///(app-pages-browser)/./node_modules/next/dist/client/components/react-dev-overlay/app/hot-reloader-client.js:240
[  248541ms] [LOG] [Fast Refresh] done in 28ms @ webpack-internal:///(app-pages-browser)/./node_modules/next/dist/client/components/react-dev-overlay/app/hot-reloader-client.js:67
[  249144ms] [LOG] [Fast Refresh] rebuilding @ webpack-internal:///(app-pages-browser)/./node_modules/next/dist/client/components/react-dev-overlay/app/hot-reloader-client.js:240
[  249662ms] [LOG] [Fast Refresh] done in 519ms @ webpack-internal:///(app-pages-browser)/./node_modules/next/dist/client/components/react-dev-overlay/app/hot-reloader-client.js:67
[  249772ms] [LOG] [Fast Refresh] rebuilding @ webpack-internal:///(app-pages-browser)/./node_modules/next/dist/client/components/react-dev-overlay/app/hot-reloader-client.js:240
[  250290ms] [LOG] [Fast Refresh] done in 518ms @ webpack-internal:///(app-pages-browser)/./node_modules/next/dist/client/components/react-dev-overlay/app/hot-reloader-client.js:67
[  250387ms] [LOG] [Fast Refresh] rebuilding @ webpack-internal:///(app-pages-browser)/./node_modules/next/dist/client/components/react-dev-overlay/app/hot-reloader-client.js:240
[  250406ms] [LOG] [Fast Refresh] done in 19ms @ webpack-internal:///(app-pages-browser)/./node_modules/next/dist/client/components/react-dev-overlay/app/hot-reloader-client.js:67
[  251027ms] [LOG] [Fast Refresh] rebuilding @ webpack-internal:///(app-pages-browser)/./node_modules/next/dist/client/components/react-dev-overlay/app/hot-reloader-client.js:240
[  251058ms] [LOG] [Fast Refresh] done in 31ms @ webpack-internal:///(app-pages-browser)/./node_modules/next/dist/client/components/react-dev-overlay/app/hot-reloader-client.js:67
[  251678ms] [LOG] [Fast Refresh] rebuilding @ webpack-internal:///(app-pages-browser)/./node_modules/next/dist/client/components/react-dev-overlay/app/hot-reloader-client.js:240
[  251714ms] [LOG] [Fast Refresh] done in 36ms @ webpack-internal:///(app-pages-browser)/./node_modules/next/dist/client/components/react-dev-overlay/app/hot-reloader-client.js:67
[  252521ms] [LOG] [Fast Refresh] rebuilding @ webpack-internal:///(app-pages-browser)/./node_modules/next/dist/client/components/react-dev-overlay/app/hot-reloader-client.js:240
[  252548ms] [LOG] [Fast Refresh] done in 27ms @ webpack-internal:///(app-pages-browser)/./node_modules/next/dist/client/components/react-dev-overlay/app/hot-reloader-client.js:67
[  253173ms] [LOG] [Fast Refresh] rebuilding @ webpack-internal:///(app-pages-browser)/./node_modules/next/dist/client/components/react-dev-overlay/app/hot-reloader-client.js:240
[  253198ms] [LOG] [Fast Refresh] done in 26ms @ webpack-internal:///(app-pages-browser)/./node_modules/next/dist/client/components/react-dev-overlay/app/hot-reloader-client.js:67
[  253811ms] [LOG] [Fast Refresh] rebuilding @ webpack-internal:///(app-pages-browser)/./node_modules/next/dist/client/components/react-dev-overlay/app/hot-reloader-client.js:240
[  253842ms] [LOG] [Fast Refresh] done in 32ms @ webpack-internal:///(app-pages-browser)/./node_modules/next/dist/client/components/react-dev-overlay/app/hot-reloader-client.js:67
[  254434ms] [LOG] [Fast Refresh] rebuilding @ webpack-internal:///(app-pages-browser)/./node_modules/next/dist/client/components/react-dev-overlay/app/hot-reloader-client.js:240
[  254454ms] [LOG] [Fast Refresh] done in 20ms @ webpack-internal:///(app-pages-browser)/./node_modules/next/dist/client/components/react-dev-overlay/app/hot-reloader-client.js:67
[  255069ms] [LOG] [Fast Refresh] rebuilding @ webpack-internal:///(app-pages-browser)/./node_modules/next/dist/client/components/react-dev-overlay/app/hot-reloader-client.js:240
[  255094ms] [LOG] [Fast Refresh] done in 25ms @ webpack-internal:///(app-pages-browser)/./node_modules/next/dist/client/components/react-dev-overlay/app/hot-reloader-client.js:67
[  255703ms] [LOG] [Fast Refresh] rebuilding @ webpack-internal:///(app-pages-browser)/./node_modules/next/dist/client/components/react-dev-overlay/app/hot-reloader-client.js:240
[  255728ms] [LOG] [Fast Refresh] done in 26ms @ webpack-internal:///(app-pages-browser)/./node_modules/next/dist/client/components/react-dev-overlay/app/hot-reloader-client.js:67
[  256343ms] [LOG] [Fast Refresh] rebuilding @ webpack-internal:///(app-pages-browser)/./node_modules/next/dist/client/components/react-dev-overlay/app/hot-reloader-client.js:240
[  256867ms] [LOG] [Fast Refresh] done in 524ms @ webpack-internal:///(app-pages-browser)/./node_modules/next/dist/client/components/react-dev-overlay/app/hot-reloader-client.js:67
[  256971ms] [LOG] [Fast Refresh] rebuilding @ webpack-internal:///(app-pages-browser)/./node_modules/next/dist/client/components/react-dev-overlay/app/hot-reloader-client.js:240
[  257003ms] [LOG] [Fast Refresh] done in 31ms @ webpack-internal:///(app-pages-browser)/./node_modules/next/dist/client/components/react-dev-overlay/app/hot-reloader-client.js:67
[  257783ms] [LOG] [Fast Refresh] rebuilding @ webpack-internal:///(app-pages-browser)/./node_modules/next/dist/client/components/react-dev-overlay/app/hot-reloader-client.js:240
[  257812ms] [LOG] [Fast Refresh] done in 29ms @ webpack-internal:///(app-pages-browser)/./node_modules/next/dist/client/components/react-dev-overlay/app/hot-reloader-client.js:67
[  258448ms] [LOG] [Fast Refresh] rebuilding @ webpack-internal:///(app-pages-browser)/./node_modules/next/dist/client/components/react-dev-overlay/app/hot-reloader-client.js:240
[  258468ms] [LOG] [Fast Refresh] done in 20ms @ webpack-internal:///(app-pages-browser)/./node_modules/next/dist/client/components/react-dev-overlay/app/hot-reloader-client.js:67
[  259064ms] [LOG] [Fast Refresh] rebuilding @ webpack-internal:///(app-pages-browser)/./node_modules/next/dist/client/components/react-dev-overlay/app/hot-reloader-client.js:240
[  259085ms] [LOG] [Fast Refresh] done in 21ms @ webpack-internal:///(app-pages-browser)/./node_modules/next/dist/client/components/react-dev-overlay/app/hot-reloader-client.js:67
[  259754ms] [LOG] [Fast Refresh] rebuilding @ webpack-internal:///(app-pages-browser)/./node_modules/next/dist/client/components/react-dev-overlay/app/hot-reloader-client.js:240
[  259784ms] [LOG] [Fast Refresh] done in 30ms @ webpack-internal:///(app-pages-browser)/./node_modules/next/dist/client/components/react-dev-overlay/app/hot-reloader-client.js:67
[  260477ms] [LOG] [Fast Refresh] rebuilding @ webpack-internal:///(app-pages-browser)/./node_modules/next/dist/client/components/react-dev-overlay/app/hot-reloader-client.js:240
[  261030ms] [LOG] [Fast Refresh] done in 552ms @ webpack-internal:///(app-pages-browser)/./node_modules/next/dist/client/components/react-dev-overlay/app/hot-reloader-client.js:67
[  261142ms] [LOG] [Fast Refresh] rebuilding @ webpack-internal:///(app-pages-browser)/./node_modules/next/dist/client/components/react-dev-overlay/app/hot-reloader-client.js:240
[  261167ms] [LOG] [Fast Refresh] done in 25ms @ webpack-internal:///(app-pages-browser)/./node_modules/next/dist/client/components/react-dev-overlay/app/hot-reloader-client.js:67
[  261848ms] [LOG] [Fast Refresh] rebuilding @ webpack-internal:///(app-pages-browser)/./node_modules/next/dist/client/components/react-dev-overlay/app/hot-reloader-client.js:240
[  261875ms] [LOG] [Fast Refresh] done in 26ms @ webpack-internal:///(app-pages-browser)/./node_modules/next/dist/client/components/react-dev-overlay/app/hot-reloader-client.js:67
[  262521ms] [LOG] [Fast Refresh] rebuilding @ webpack-internal:///(app-pages-browser)/./node_modules/next/dist/client/components/react-dev-overlay/app/hot-reloader-client.js:240
[  262543ms] [LOG] [Fast Refresh] done in 21ms @ webpack-internal:///(app-pages-browser)/./node_modules/next/dist/client/components/react-dev-overlay/app/hot-reloader-client.js:67
[  263348ms] [LOG] [Fast Refresh] rebuilding @ webpack-internal:///(app-pages-browser)/./node_modules/next/dist/client/components/react-dev-overlay/app/hot-reloader-client.js:240
[  263372ms] [LOG] [Fast Refresh] done in 24ms @ webpack-internal:///(app-pages-browser)/./node_modules/next/dist/client/components/react-dev-overlay/app/hot-reloader-client.js:67
[  264009ms] [LOG] [Fast Refresh] rebuilding @ webpack-internal:///(app-pages-browser)/./node_modules/next/dist/client/components/react-dev-overlay/app/hot-reloader-client.js:240
[  264034ms] [LOG] [Fast Refresh] done in 24ms @ webpack-internal:///(app-pages-browser)/./node_modules/next/dist/client/components/react-dev-overlay/app/hot-reloader-client.js:67
[  264669ms] [LOG] [Fast Refresh] rebuilding @ webpack-internal:///(app-pages-browser)/./node_modules/next/dist/client/components/react-dev-overlay/app/hot-reloader-client.js:240
[  264696ms] [LOG] [Fast Refresh] done in 28ms @ webpack-internal:///(app-pages-browser)/./node_modules/next/dist/client/components/react-dev-overlay/app/hot-reloader-client.js:67
[  265327ms] [LOG] [Fast Refresh] rebuilding @ webpack-internal:///(app-pages-browser)/./node_modules/next/dist/client/components/react-dev-overlay/app/hot-reloader-client.js:240
[  265843ms] [LOG] [Fast Refresh] done in 516ms @ webpack-internal:///(app-pages-browser)/./node_modules/next/dist/client/components/react-dev-overlay/app/hot-reloader-client.js:67
[  265951ms] [LOG] [Fast Refresh] rebuilding @ webpack-internal:///(app-pages-browser)/./node_modules/next/dist/client/components/react-dev-overlay/app/hot-reloader-client.js:240
[  265976ms] [LOG] [Fast Refresh] done in 25ms @ webpack-internal:///(app-pages-browser)/./node_modules/next/dist/client/components/react-dev-overlay/app/hot-reloader-client.js:67
[  266581ms] [LOG] [Fast Refresh] rebuilding @ webpack-internal:///(app-pages-browser)/./node_modules/next/dist/client/components/react-dev-overlay/app/hot-reloader-client.js:240
[  266602ms] [LOG] [Fast Refresh] done in 21ms @ webpack-internal:///(app-pages-browser)/./node_modules/next/dist/client/components/react-dev-overlay/app/hot-reloader-client.js:67
[  267222ms] [LOG] [Fast Refresh] rebuilding @ webpack-internal:///(app-pages-browser)/./node_modules/next/dist/client/components/react-dev-overlay/app/hot-reloader-client.js:240
[  267250ms] [LOG] [Fast Refresh] done in 28ms @ webpack-internal:///(app-pages-browser)/./node_modules/next/dist/client/components/react-dev-overlay/app/hot-reloader-client.js:67
[  267873ms] [LOG] [Fast Refresh] rebuilding @ webpack-internal:///(app-pages-browser)/./node_modules/next/dist/client/components/react-dev-overlay/app/hot-reloader-client.js:240
[  268486ms] [LOG] [Fast Refresh] done in 612ms @ webpack-internal:///(app-pages-browser)/./node_modules/next/dist/client/components/react-dev-overlay/app/hot-reloader-client.js:67
[  268668ms] [LOG] [Fast Refresh] rebuilding @ webpack-internal:///(app-pages-browser)/./node_modules/next/dist/client/components/react-dev-overlay/app/hot-reloader-client.js:240
[  268692ms] [LOG] [Fast Refresh] done in 24ms @ webpack-internal:///(app-pages-browser)/./node_modules/next/dist/client/components/react-dev-overlay/app/hot-reloader-client.js:67
[  269324ms] [LOG] [Fast Refresh] rebuilding @ webpack-internal:///(app-pages-browser)/./node_modules/next/dist/client/components/react-dev-overlay/app/hot-reloader-client.js:240
[  269345ms] [LOG] [Fast Refresh] done in 22ms @ webpack-internal:///(app-pages-browser)/./node_modules/next/dist/client/components/react-dev-overlay/app/hot-reloader-client.js:67
[  270017ms] [LOG] [Fast Refresh] rebuilding @ webpack-internal:///(app-pages-browser)/./node_modules/next/dist/client/components/react-dev-overlay/app/hot-reloader-client.js:240
[  270556ms] [LOG] [Fast Refresh] done in 540ms @ webpack-internal:///(app-pages-browser)/./node_modules/next/dist/client/components/react-dev-overlay/app/hot-reloader-client.js:67
[  270664ms] [LOG] [Fast Refresh] rebuilding @ webpack-internal:///(app-pages-browser)/./node_modules/next/dist/client/components/react-dev-overlay/app/hot-reloader-client.js:240
[  270694ms] [LOG] [Fast Refresh] done in 31ms @ webpack-internal:///(app-pages-browser)/./node_modules/next/dist/client/components/react-dev-overlay/app/hot-reloader-client.js:67
[  271306ms] [LOG] [Fast Refresh] rebuilding @ webpack-internal:///(app-pages-browser)/./node_modules/next/dist/client/components/react-dev-overlay/app/hot-reloader-client.js:240
[  271829ms] [LOG] [Fast Refresh] done in 524ms @ webpack-internal:///(app-pages-browser)/./node_modules/next/dist/client/components/react-dev-overlay/app/hot-reloader-client.js:67
[  271941ms] [LOG] [Fast Refresh] rebuilding @ webpack-internal:///(app-pages-browser)/./node_modules/next/dist/client/components/react-dev-overlay/app/hot-reloader-client.js:240
[  271964ms] [LOG] [Fast Refresh] done in 23ms @ webpack-internal:///(app-pages-browser)/./node_modules/next/dist/client/components/react-dev-overlay/app/hot-reloader-client.js:67
[  272564ms] [LOG] [Fast Refresh] rebuilding @ webpack-internal:///(app-pages-browser)/./node_modules/next/dist/client/components/react-dev-overlay/app/hot-reloader-client.js:240
[  272582ms] [LOG] [Fast Refresh] done in 19ms @ webpack-internal:///(app-pages-browser)/./node_modules/next/dist/client/components/react-dev-overlay/app/hot-reloader-client.js:67
[  273251ms] [LOG] [Fast Refresh] rebuilding @ webpack-internal:///(app-pages-browser)/./node_modules/next/dist/client/components/react-dev-overlay/app/hot-reloader-client.js:240
[  273283ms] [LOG] [Fast Refresh] done in 31ms @ webpack-internal:///(app-pages-browser)/./node_modules/next/dist/client/components/react-dev-overlay/app/hot-reloader-client.js:67
[  274083ms] [LOG] [Fast Refresh] rebuilding @ webpack-internal:///(app-pages-browser)/./node_modules/next/dist/client/components/react-dev-overlay/app/hot-reloader-client.js:240
[  274118ms] [LOG] [Fast Refresh] done in 36ms @ webpack-internal:///(app-pages-browser)/./node_modules/next/dist/client/components/react-dev-overlay/app/hot-reloader-client.js:67
[  274780ms] [LOG] [Fast Refresh] rebuilding @ webpack-internal:///(app-pages-browser)/./node_modules/next/dist/client/components/react-dev-overlay/app/hot-reloader-client.js:240
[  274807ms] [LOG] [Fast Refresh] done in 27ms @ webpack-internal:///(app-pages-browser)/./node_modules/next/dist/client/components/react-dev-overlay/app/hot-reloader-client.js:67
[  275454ms] [LOG] [Fast Refresh] rebuilding @ webpack-internal:///(app-pages-browser)/./node_modules/next/dist/client/components/react-dev-overlay/app/hot-reloader-client.js:240
[  275474ms] [LOG] [Fast Refresh] done in 21ms @ webpack-internal:///(app-pages-browser)/./node_modules/next/dist/client/components/react-dev-overlay/app/hot-reloader-client.js:67
[  276113ms] [LOG] [Fast Refresh] rebuilding @ webpack-internal:///(app-pages-browser)/./node_modules/next/dist/client/components/react-dev-overlay/app/hot-reloader-client.js:240
[  276134ms] [LOG] [Fast Refresh] done in 22ms @ webpack-internal:///(app-pages-browser)/./node_modules/next/dist/client/components/react-dev-overlay/app/hot-reloader-client.js:67
[  276780ms] [LOG] [Fast Refresh] rebuilding @ webpack-internal:///(app-pages-browser)/./node_modules/next/dist/client/components/react-dev-overlay/app/hot-reloader-client.js:240
[  277327ms] [LOG] [Fast Refresh] done in 547ms @ webpack-internal:///(app-pages-browser)/./node_modules/next/dist/client/components/react-dev-overlay/app/hot-reloader-client.js:67
[  277429ms] [LOG] [Fast Refresh] rebuilding @ webpack-internal:///(app-pages-browser)/./node_modules/next/dist/client/components/react-dev-overlay/app/hot-reloader-client.js:240
[  277449ms] [LOG] [Fast Refresh] done in 21ms @ webpack-internal:///(app-pages-browser)/./node_modules/next/dist/client/components/react-dev-overlay/app/hot-reloader-client.js:67
[  278088ms] [LOG] [Fast Refresh] rebuilding @ webpack-internal:///(app-pages-browser)/./node_modules/next/dist/client/components/react-dev-overlay/app/hot-reloader-client.js:240
[  278113ms] [LOG] [Fast Refresh] done in 26ms @ webpack-internal:///(app-pages-browser)/./node_modules/next/dist/client/components/react-dev-overlay/app/hot-reloader-client.js:67
[  278738ms] [LOG] [Fast Refresh] rebuilding @ webpack-internal:///(app-pages-browser)/./node_modules/next/dist/client/components/react-dev-overlay/app/hot-reloader-client.js:240
[  278760ms] [LOG] [Fast Refresh] done in 21ms @ webpack-internal:///(app-pages-browser)/./node_modules/next/dist/client/components/react-dev-overlay/app/hot-reloader-client.js:67
[  279546ms] [LOG] [Fast Refresh] rebuilding @ webpack-internal:///(app-pages-browser)/./node_modules/next/dist/client/components/react-dev-overlay/app/hot-reloader-client.js:240
[  279576ms] [LOG] [Fast Refresh] done in 30ms @ webpack-internal:///(app-pages-browser)/./node_modules/next/dist/client/components/react-dev-overlay/app/hot-reloader-client.js:67
[  280200ms] [LOG] [Fast Refresh] rebuilding @ webpack-internal:///(app-pages-browser)/./node_modules/next/dist/client/components/react-dev-overlay/app/hot-reloader-client.js:240
[  280218ms] [LOG] [Fast Refresh] done in 18ms @ webpack-internal:///(app-pages-browser)/./node_modules/next/dist/client/components/react-dev-overlay/app/hot-reloader-client.js:67
[  280859ms] [LOG] [Fast Refresh] rebuilding @ webpack-internal:///(app-pages-browser)/./node_modules/next/dist/client/components/react-dev-overlay/app/hot-reloader-client.js:240
[  280877ms] [LOG] [Fast Refresh] done in 18ms @ webpack-internal:///(app-pages-browser)/./node_modules/next/dist/client/components/react-dev-overlay/app/hot-reloader-client.js:67
[  281501ms] [LOG] [Fast Refresh] rebuilding @ webpack-internal:///(app-pages-browser)/./node_modules/next/dist/client/components/react-dev-overlay/app/hot-reloader-client.js:240
[  282039ms] [LOG] [Fast Refresh] done in 537ms @ webpack-internal:///(app-pages-browser)/./node_modules/next/dist/client/components/react-dev-overlay/app/hot-reloader-client.js:67
[  282154ms] [LOG] [Fast Refresh] rebuilding @ webpack-internal:///(app-pages-browser)/./node_modules/next/dist/client/components/react-dev-overlay/app/hot-reloader-client.js:240
[  282183ms] [LOG] [Fast Refresh] done in 30ms @ webpack-internal:///(app-pages-browser)/./node_modules/next/dist/client/components/react-dev-overlay/app/hot-reloader-client.js:67
[  282821ms] [LOG] [Fast Refresh] rebuilding @ webpack-internal:///(app-pages-browser)/./node_modules/next/dist/client/components/react-dev-overlay/app/hot-reloader-client.js:240
[  282842ms] [LOG] [Fast Refresh] done in 22ms @ webpack-internal:///(app-pages-browser)/./node_modules/next/dist/client/components/react-dev-overlay/app/hot-reloader-client.js:67
[  283508ms] [LOG] [Fast Refresh] rebuilding @ webpack-internal:///(app-pages-browser)/./node_modules/next/dist/client/components/react-dev-overlay/app/hot-reloader-client.js:240
[  283528ms] [LOG] [Fast Refresh] done in 21ms @ webpack-internal:///(app-pages-browser)/./node_modules/next/dist/client/components/react-dev-overlay/app/hot-reloader-client.js:67
[  284186ms] [LOG] [Fast Refresh] rebuilding @ webpack-internal:///(app-pages-browser)/./node_modules/next/dist/client/components/react-dev-overlay/app/hot-reloader-client.js:240
[  284231ms] [LOG] [Fast Refresh] done in 46ms @ webpack-internal:///(app-pages-browser)/./node_modules/next/dist/client/components/react-dev-overlay/app/hot-reloader-client.js:67
[  285013ms] [LOG] [Fast Refresh] rebuilding @ webpack-internal:///(app-pages-browser)/./node_modules/next/dist/client/components/react-dev-overlay/app/hot-reloader-client.js:240
[  285045ms] [LOG] [Fast Refresh] done in 32ms @ webpack-internal:///(app-pages-browser)/./node_modules/next/dist/client/components/react-dev-overlay/app/hot-reloader-client.js:67
[  285664ms] [LOG] [Fast Refresh] rebuilding @ webpack-internal:///(app-pages-browser)/./node_modules/next/dist/client/components/react-dev-overlay/app/hot-reloader-client.js:240
[  285689ms] [LOG] [Fast Refresh] done in 26ms @ webpack-internal:///(app-pages-browser)/./node_modules/next/dist/client/components/react-dev-overlay/app/hot-reloader-client.js:67
[  286300ms] [LOG] [Fast Refresh] rebuilding @ webpack-internal:///(app-pages-browser)/./node_modules/next/dist/client/components/react-dev-overlay/app/hot-reloader-client.js:240
[  286326ms] [LOG] [Fast Refresh] done in 26ms @ webpack-internal:///(app-pages-browser)/./node_modules/next/dist/client/components/react-dev-overlay/app/hot-reloader-client.js:67
[  286931ms] [LOG] [Fast Refresh] rebuilding @ webpack-internal:///(app-pages-browser)/./node_modules/next/dist/client/components/react-dev-overlay/app/hot-reloader-client.js:240
[  286958ms] [LOG] [Fast Refresh] done in 26ms @ webpack-internal:///(app-pages-browser)/./node_modules/next/dist/client/components/react-dev-overlay/app/hot-reloader-client.js:67
[  287571ms] [LOG] [Fast Refresh] rebuilding @ webpack-internal:///(app-pages-browser)/./node_modules/next/dist/client/components/react-dev-overlay/app/hot-reloader-client.js:240
[  288107ms] [LOG] [Fast Refresh] done in 537ms @ webpack-internal:///(app-pages-browser)/./node_modules/next/dist/client/components/react-dev-overlay/app/hot-reloader-client.js:67
[  288225ms] [LOG] [Fast Refresh] rebuilding @ webpack-internal:///(app-pages-browser)/./node_modules/next/dist/client/components/react-dev-overlay/app/hot-reloader-client.js:240
[  288258ms] [LOG] [Fast Refresh] done in 33ms @ webpack-internal:///(app-pages-browser)/./node_modules/next/dist/client/components/react-dev-overlay/app/hot-reloader-client.js:67
[  288884ms] [LOG] [Fast Refresh] rebuilding @ webpack-internal:///(app-pages-browser)/./node_modules/next/dist/client/components/react-dev-overlay/app/hot-reloader-client.js:240
[  288908ms] [LOG] [Fast Refresh] done in 24ms @ webpack-internal:///(app-pages-browser)/./node_modules/next/dist/client/components/react-dev-overlay/app/hot-reloader-client.js:67
[  289612ms] [LOG] [Fast Refresh] rebuilding @ webpack-internal:///(app-pages-browser)/./node_modules/next/dist/client/components/react-dev-overlay/app/hot-reloader-client.js:240
[  289685ms] [LOG] [Fast Refresh] done in 73ms @ webpack-internal:///(app-pages-browser)/./node_modules/next/dist/client/components/react-dev-overlay/app/hot-reloader-client.js:67
[  290352ms] [LOG] [Fast Refresh] rebuilding @ webpack-internal:///(app-pages-browser)/./node_modules/next/dist/client/components/react-dev-overlay/app/hot-reloader-client.js:240
[  290374ms] [LOG] [Fast Refresh] done in 21ms @ webpack-internal:///(app-pages-browser)/./node_modules/next/dist/client/components/react-dev-overlay/app/hot-reloader-client.js:67
[  291010ms] [LOG] [Fast Refresh] rebuilding @ webpack-internal:///(app-pages-browser)/./node_modules/next/dist/client/components/react-dev-overlay/app/hot-reloader-client.js:240
[  291045ms] [LOG] [Fast Refresh] done in 35ms @ webpack-internal:///(app-pages-browser)/./node_modules/next/dist/client/components/react-dev-overlay/app/hot-reloader-client.js:67
[  291658ms] [LOG] [Fast Refresh] rebuilding @ webpack-internal:///(app-pages-browser)/./node_modules/next/dist/client/components/react-dev-overlay/app/hot-reloader-client.js:240
[  292183ms] [LOG] [Fast Refresh] done in 525ms @ webpack-internal:///(app-pages-browser)/./node_modules/next/dist/client/components/react-dev-overlay/app/hot-reloader-client.js:67
[  292287ms] [LOG] [Fast Refresh] rebuilding @ webpack-internal:///(app-pages-browser)/./node_modules/next/dist/client/components/react-dev-overlay/app/hot-reloader-client.js:240
[  292321ms] [LOG] [Fast Refresh] done in 34ms @ webpack-internal:///(app-pages-browser)/./node_modules/next/dist/client/components/react-dev-overlay/app/hot-reloader-client.js:67
[  292928ms] [LOG] [Fast Refresh] rebuilding @ webpack-internal:///(app-pages-browser)/./node_modules/next/dist/client/components/react-dev-overlay/app/hot-reloader-client.js:240
[  293457ms] [LOG] [Fast Refresh] done in 529ms @ webpack-internal:///(app-pages-browser)/./node_modules/next/dist/client/components/react-dev-overlay/app/hot-reloader-client.js:67
[  293562ms] [LOG] [Fast Refresh] rebuilding @ webpack-internal:///(app-pages-browser)/./node_modules/next/dist/client/components/react-dev-overlay/app/hot-reloader-client.js:240
[  294108ms] [LOG] [Fast Refresh] done in 545ms @ webpack-internal:///(app-pages-browser)/./node_modules/next/dist/client/components/react-dev-overlay/app/hot-reloader-client.js:67
[  294219ms] [LOG] [Fast Refresh] rebuilding @ webpack-internal:///(app-pages-browser)/./node_modules/next/dist/client/components/react-dev-overlay/app/hot-reloader-client.js:240
[  294750ms] [LOG] [Fast Refresh] done in 530ms @ webpack-internal:///(app-pages-browser)/./node_modules/next/dist/client/components/react-dev-overlay/app/hot-reloader-client.js:67
[  294975ms] [LOG] [Fast Refresh] rebuilding @ webpack-internal:///(app-pages-browser)/./node_modules/next/dist/client/components/react-dev-overlay/app/hot-reloader-client.js:240
[  295032ms] [LOG] [Fast Refresh] done in 57ms @ webpack-internal:///(app-pages-browser)/./node_modules/next/dist/client/components/react-dev-overlay/app/hot-reloader-client.js:67
[  295683ms] [LOG] [Fast Refresh] rebuilding @ webpack-internal:///(app-pages-browser)/./node_modules/next/dist/client/components/react-dev-overlay/app/hot-reloader-client.js:240
[  296211ms] [LOG] [Fast Refresh] done in 527ms @ webpack-internal:///(app-pages-browser)/./node_modules/next/dist/client/components/react-dev-overlay/app/hot-reloader-client.js:67
[  296318ms] [LOG] [Fast Refresh] rebuilding @ webpack-internal:///(app-pages-browser)/./node_modules/next/dist/client/components/react-dev-overlay/app/hot-reloader-client.js:240
[  296337ms] [LOG] [Fast Refresh] done in 20ms @ webpack-internal:///(app-pages-browser)/./node_modules/next/dist/client/components/react-dev-overlay/app/hot-reloader-client.js:67
[  296956ms] [LOG] [Fast Refresh] rebuilding @ webpack-internal:///(app-pages-browser)/./node_modules/next/dist/client/components/react-dev-overlay/app/hot-reloader-client.js:240
[  296978ms] [LOG] [Fast Refresh] done in 21ms @ webpack-internal:///(app-pages-browser)/./node_modules/next/dist/client/components/react-dev-overlay/app/hot-reloader-client.js:67
[  297592ms] [LOG] [Fast Refresh] rebuilding @ webpack-internal:///(app-pages-browser)/./node_modules/next/dist/client/components/react-dev-overlay/app/hot-reloader-client.js:240
[  297622ms] [LOG] [Fast Refresh] done in 29ms @ webpack-internal:///(app-pages-browser)/./node_modules/next/dist/client/components/react-dev-overlay/app/hot-reloader-client.js:67
[  298234ms] [LOG] [Fast Refresh] rebuilding @ webpack-internal:///(app-pages-browser)/./node_modules/next/dist/client/components/react-dev-overlay/app/hot-reloader-client.js:240
[  298265ms] [LOG] [Fast Refresh] done in 31ms @ webpack-internal:///(app-pages-browser)/./node_modules/next/dist/client/components/react-dev-overlay/app/hot-reloader-client.js:67
[  298876ms] [LOG] [Fast Refresh] rebuilding @ webpack-internal:///(app-pages-browser)/./node_modules/next/dist/client/components/react-dev-overlay/app/hot-reloader-client.js:240
[  298903ms] [LOG] [Fast Refresh] done in 27ms @ webpack-internal:///(app-pages-browser)/./node_modules/next/dist/client/components/react-dev-overlay/app/hot-reloader-client.js:67
[  299513ms] [LOG] [Fast Refresh] rebuilding @ webpack-internal:///(app-pages-browser)/./node_modules/next/dist/client/components/react-dev-overlay/app/hot-reloader-client.js:240
[  299534ms] [LOG] [Fast Refresh] done in 21ms @ webpack-internal:///(app-pages-browser)/./node_modules/next/dist/client/components/react-dev-overlay/app/hot-reloader-client.js:67
[  300327ms] [LOG] [Fast Refresh] rebuilding @ webpack-internal:///(app-pages-browser)/./node_modules/next/dist/client/components/react-dev-overlay/app/hot-reloader-client.js:240
[  300374ms] [LOG] [Fast Refresh] done in 47ms @ webpack-internal:///(app-pages-browser)/./node_modules/next/dist/client/components/react-dev-overlay/app/hot-reloader-client.js:67
[  301017ms] [LOG] [Fast Refresh] rebuilding @ webpack-internal:///(app-pages-browser)/./node_modules/next/dist/client/components/react-dev-overlay/app/hot-reloader-client.js:240
[  301037ms] [LOG] [Fast Refresh] done in 21ms @ webpack-internal:///(app-pages-browser)/./node_modules/next/dist/client/components/react-dev-overlay/app/hot-reloader-client.js:67
[  301657ms] [LOG] [Fast Refresh] rebuilding @ webpack-internal:///(app-pages-browser)/./node_modules/next/dist/client/components/react-dev-overlay/app/hot-reloader-client.js:240
[  301678ms] [LOG] [Fast Refresh] done in 22ms @ webpack-internal:///(app-pages-browser)/./node_modules/next/dist/client/components/react-dev-overlay/app/hot-reloader-client.js:67
[  302301ms] [LOG] [Fast Refresh] rebuilding @ webpack-internal:///(app-pages-browser)/./node_modules/next/dist/client/components/react-dev-overlay/app/hot-reloader-client.js:240
[  302833ms] [LOG] [Fast Refresh] done in 532ms @ webpack-internal:///(app-pages-browser)/./node_modules/next/dist/client/components/react-dev-overlay/app/hot-reloader-client.js:67
[  302945ms] [LOG] [Fast Refresh] rebuilding @ webpack-internal:///(app-pages-browser)/./node_modules/next/dist/client/components/react-dev-overlay/app/hot-reloader-client.js:240
[  302971ms] [LOG] [Fast Refresh] done in 26ms @ webpack-internal:///(app-pages-browser)/./node_modules/next/dist/client/components/react-dev-overlay/app/hot-reloader-client.js:67
[  303606ms] [LOG] [Fast Refresh] rebuilding @ webpack-internal:///(app-pages-browser)/./node_modules/next/dist/client/components/react-dev-overlay/app/hot-reloader-client.js:240
[  303629ms] [LOG] [Fast Refresh] done in 24ms @ webpack-internal:///(app-pages-browser)/./node_modules/next/dist/client/components/react-dev-overlay/app/hot-reloader-client.js:67
[  304260ms] [LOG] [Fast Refresh] rebuilding @ webpack-internal:///(app-pages-browser)/./node_modules/next/dist/client/components/react-dev-overlay/app/hot-reloader-client.js:240
[  304290ms] [LOG] [Fast Refresh] done in 30ms @ webpack-internal:///(app-pages-browser)/./node_modules/next/dist/client/components/react-dev-overlay/app/hot-reloader-client.js:67
[  304903ms] [LOG] [Fast Refresh] rebuilding @ webpack-internal:///(app-pages-browser)/./node_modules/next/dist/client/components/react-dev-overlay/app/hot-reloader-client.js:240
[  304928ms] [LOG] [Fast Refresh] done in 25ms @ webpack-internal:///(app-pages-browser)/./node_modules/next/dist/client/components/react-dev-overlay/app/hot-reloader-client.js:67
[  305711ms] [LOG] [Fast Refresh] rebuilding @ webpack-internal:///(app-pages-browser)/./node_modules/next/dist/client/components/react-dev-overlay/app/hot-reloader-client.js:240
[  305740ms] [LOG] [Fast Refresh] done in 30ms @ webpack-internal:///(app-pages-browser)/./node_modules/next/dist/client/components/react-dev-overlay/app/hot-reloader-client.js:67
[  306429ms] [LOG] [Fast Refresh] rebuilding @ webpack-internal:///(app-pages-browser)/./node_modules/next/dist/client/components/react-dev-overlay/app/hot-reloader-client.js:240
[  306451ms] [LOG] [Fast Refresh] done in 23ms @ webpack-internal:///(app-pages-browser)/./node_modules/next/dist/client/components/react-dev-overlay/app/hot-reloader-client.js:67
[  307076ms] [LOG] [Fast Refresh] rebuilding @ webpack-internal:///(app-pages-browser)/./node_modules/next/dist/client/components/react-dev-overlay/app/hot-reloader-client.js:240
[  307102ms] [LOG] [Fast Refresh] done in 27ms @ webpack-internal:///(app-pages-browser)/./node_modules/next/dist/client/components/react-dev-overlay/app/hot-reloader-client.js:67
[  307713ms] [LOG] [Fast Refresh] rebuilding @ webpack-internal:///(app-pages-browser)/./node_modules/next/dist/client/components/react-dev-overlay/app/hot-reloader-client.js:240
[  308225ms] [LOG] [Fast Refresh] done in 511ms @ webpack-internal:///(app-pages-browser)/./node_modules/next/dist/client/components/react-dev-overlay/app/hot-reloader-client.js:67
[  308339ms] [LOG] [Fast Refresh] rebuilding @ webpack-internal:///(app-pages-browser)/./node_modules/next/dist/client/components/react-dev-overlay/app/hot-reloader-client.js:240
[  308366ms] [LOG] [Fast Refresh] done in 27ms @ webpack-internal:///(app-pages-browser)/./node_modules/next/dist/client/components/react-dev-overlay/app/hot-reloader-client.js:67
[  308979ms] [LOG] [Fast Refresh] rebuilding @ webpack-internal:///(app-pages-browser)/./node_modules/next/dist/client/components/react-dev-overlay/app/hot-reloader-client.js:240
[  309004ms] [LOG] [Fast Refresh] done in 26ms @ webpack-internal:///(app-pages-browser)/./node_modules/next/dist/client/components/react-dev-overlay/app/hot-reloader-client.js:67
[  309621ms] [LOG] [Fast Refresh] rebuilding @ webpack-internal:///(app-pages-browser)/./node_modules/next/dist/client/components/react-dev-overlay/app/hot-reloader-client.js:240
[  309652ms] [LOG] [Fast Refresh] done in 32ms @ webpack-internal:///(app-pages-browser)/./node_modules/next/dist/client/components/react-dev-overlay/app/hot-reloader-client.js:67
[  310274ms] [LOG] [Fast Refresh] rebuilding @ webpack-internal:///(app-pages-browser)/./node_modules/next/dist/client/components/react-dev-overlay/app/hot-reloader-client.js:240
[  310297ms] [LOG] [Fast Refresh] done in 24ms @ webpack-internal:///(app-pages-browser)/./node_modules/next/dist/client/components/react-dev-overlay/app/hot-reloader-client.js:67
[  311086ms] [LOG] [Fast Refresh] rebuilding @ webpack-internal:///(app-pages-browser)/./node_modules/next/dist/client/components/react-dev-overlay/app/hot-reloader-client.js:240
[  311103ms] [LOG] [Fast Refresh] done in 17ms @ webpack-internal:///(app-pages-browser)/./node_modules/next/dist/client/components/react-dev-overlay/app/hot-reloader-client.js:67
[  311760ms] [LOG] [Fast Refresh] rebuilding @ webpack-internal:///(app-pages-browser)/./node_modules/next/dist/client/components/react-dev-overlay/app/hot-reloader-client.js:240
[  311780ms] [LOG] [Fast Refresh] done in 20ms @ webpack-internal:///(app-pages-browser)/./node_modules/next/dist/client/components/react-dev-overlay/app/hot-reloader-client.js:67
[  312420ms] [LOG] [Fast Refresh] rebuilding @ webpack-internal:///(app-pages-browser)/./node_modules/next/dist/client/components/react-dev-overlay/app/hot-reloader-client.js:240
[  312439ms] [LOG] [Fast Refresh] done in 19ms @ webpack-internal:///(app-pages-browser)/./node_modules/next/dist/client/components/react-dev-overlay/app/hot-reloader-client.js:67
[  313076ms] [LOG] [Fast Refresh] rebuilding @ webpack-internal:///(app-pages-browser)/./node_modules/next/dist/client/components/react-dev-overlay/app/hot-reloader-client.js:240
[  313101ms] [LOG] [Fast Refresh] done in 26ms @ webpack-internal:///(app-pages-browser)/./node_modules/next/dist/client/components/react-dev-overlay/app/hot-reloader-client.js:67
[  313706ms] [LOG] [Fast Refresh] rebuilding @ webpack-internal:///(app-pages-browser)/./node_modules/next/dist/client/components/react-dev-overlay/app/hot-reloader-client.js:240
[  313726ms] [LOG] [Fast Refresh] done in 21ms @ webpack-internal:///(app-pages-browser)/./node_modules/next/dist/client/components/react-dev-overlay/app/hot-reloader-client.js:67
[  314345ms] [LOG] [Fast Refresh] rebuilding @ webpack-internal:///(app-pages-browser)/./node_modules/next/dist/client/components/react-dev-overlay/app/hot-reloader-client.js:240
[  314375ms] [LOG] [Fast Refresh] done in 30ms @ webpack-internal:///(app-pages-browser)/./node_modules/next/dist/client/components/react-dev-overlay/app/hot-reloader-client.js:67
[  314973ms] [LOG] [Fast Refresh] rebuilding @ webpack-internal:///(app-pages-browser)/./node_modules/next/dist/client/components/react-dev-overlay/app/hot-reloader-client.js:240
[  314996ms] [LOG] [Fast Refresh] done in 24ms @ webpack-internal:///(app-pages-browser)/./node_modules/next/dist/client/components/react-dev-overlay/app/hot-reloader-client.js:67
[  315620ms] [LOG] [Fast Refresh] rebuilding @ webpack-internal:///(app-pages-browser)/./node_modules/next/dist/client/components/react-dev-overlay/app/hot-reloader-client.js:240
[  315688ms] [LOG] [Fast Refresh] done in 68ms @ webpack-internal:///(app-pages-browser)/./node_modules/next/dist/client/components/react-dev-overlay/app/hot-reloader-client.js:67
[  316465ms] [LOG] [Fast Refresh] rebuilding @ webpack-internal:///(app-pages-browser)/./node_modules/next/dist/client/components/react-dev-overlay/app/hot-reloader-client.js:240
[  316504ms] [LOG] [Fast Refresh] done in 39ms @ webpack-internal:///(app-pages-browser)/./node_modules/next/dist/client/components/react-dev-overlay/app/hot-reloader-client.js:67
[  317123ms] [LOG] [Fast Refresh] rebuilding @ webpack-internal:///(app-pages-browser)/./node_modules/next/dist/client/components/react-dev-overlay/app/hot-reloader-client.js:240
[  317151ms] [LOG] [Fast Refresh] done in 28ms @ webpack-internal:///(app-pages-browser)/./node_modules/next/dist/client/components/react-dev-overlay/app/hot-reloader-client.js:67
[  317755ms] [LOG] [Fast Refresh] rebuilding @ webpack-internal:///(app-pages-browser)/./node_modules/next/dist/client/components/react-dev-overlay/app/hot-reloader-client.js:240
[  317774ms] [LOG] [Fast Refresh] done in 20ms @ webpack-internal:///(app-pages-browser)/./node_modules/next/dist/client/components/react-dev-overlay/app/hot-reloader-client.js:67
[  318393ms] [LOG] [Fast Refresh] rebuilding @ webpack-internal:///(app-pages-browser)/./node_modules/next/dist/client/components/react-dev-overlay/app/hot-reloader-client.js:240
[  318429ms] [LOG] [Fast Refresh] done in 35ms @ webpack-internal:///(app-pages-browser)/./node_modules/next/dist/client/components/react-dev-overlay/app/hot-reloader-client.js:67
[  319036ms] [LOG] [Fast Refresh] rebuilding @ webpack-internal:///(app-pages-browser)/./node_modules/next/dist/client/components/react-dev-overlay/app/hot-reloader-client.js:240
[  319057ms] [LOG] [Fast Refresh] done in 22ms @ webpack-internal:///(app-pages-browser)/./node_modules/next/dist/client/components/react-dev-overlay/app/hot-reloader-client.js:67
[  319714ms] [LOG] [Fast Refresh] rebuilding @ webpack-internal:///(app-pages-browser)/./node_modules/next/dist/client/components/react-dev-overlay/app/hot-reloader-client.js:240
[  320302ms] [LOG] [Fast Refresh] done in 587ms @ webpack-internal:///(app-pages-browser)/./node_modules/next/dist/client/components/react-dev-overlay/app/hot-reloader-client.js:67
[  320474ms] [LOG] [Fast Refresh] rebuilding @ webpack-internal:///(app-pages-browser)/./node_modules/next/dist/client/components/react-dev-overlay/app/hot-reloader-client.js:240
[  320513ms] [LOG] [Fast Refresh] done in 39ms @ webpack-internal:///(app-pages-browser)/./node_modules/next/dist/client/components/react-dev-overlay/app/hot-reloader-client.js:67
[  321233ms] [LOG] [Fast Refresh] rebuilding @ webpack-internal:///(app-pages-browser)/./node_modules/next/dist/client/components/react-dev-overlay/app/hot-reloader-client.js:240
[  321330ms] [LOG] [Fast Refresh] done in 97ms @ webpack-internal:///(app-pages-browser)/./node_modules/next/dist/client/components/react-dev-overlay/app/hot-reloader-client.js:67
[  322092ms] [LOG] [Fast Refresh] rebuilding @ webpack-internal:///(app-pages-browser)/./node_modules/next/dist/client/components/react-dev-overlay/app/hot-reloader-client.js:240
[  322115ms] [LOG] [Fast Refresh] done in 24ms @ webpack-internal:///(app-pages-browser)/./node_modules/next/dist/client/components/react-dev-overlay/app/hot-reloader-client.js:67
[  322751ms] [LOG] [Fast Refresh] rebuilding @ webpack-internal:///(app-pages-browser)/./node_modules/next/dist/client/components/react-dev-overlay/app/hot-reloader-client.js:240
[  322782ms] [LOG] [Fast Refresh] done in 30ms @ webpack-internal:///(app-pages-browser)/./node_modules/next/dist/client/components/react-dev-overlay/app/hot-reloader-client.js:67
[  323403ms] [LOG] [Fast Refresh] rebuilding @ webpack-internal:///(app-pages-browser)/./node_modules/next/dist/client/components/react-dev-overlay/app/hot-reloader-client.js:240
[  323430ms] [LOG] [Fast Refresh] done in 27ms @ webpack-internal:///(app-pages-browser)/./node_modules/next/dist/client/components/react-dev-overlay/app/hot-reloader-client.js:67
[  324049ms] [LOG] [Fast Refresh] rebuilding @ webpack-internal:///(app-pages-browser)/./node_modules/next/dist/client/components/react-dev-overlay/app/hot-reloader-client.js:240
[  324068ms] [LOG] [Fast Refresh] done in 19ms @ webpack-internal:///(app-pages-browser)/./node_modules/next/dist/client/components/react-dev-overlay/app/hot-reloader-client.js:67
[  324717ms] [LOG] [Fast Refresh] rebuilding @ webpack-internal:///(app-pages-browser)/./node_modules/next/dist/client/components/react-dev-overlay/app/hot-reloader-client.js:240
[  324740ms] [LOG] [Fast Refresh] done in 24ms @ webpack-internal:///(app-pages-browser)/./node_modules/next/dist/client/components/react-dev-overlay/app/hot-reloader-client.js:67
[  325353ms] [LOG] [Fast Refresh] rebuilding @ webpack-internal:///(app-pages-browser)/./node_modules/next/dist/client/components/react-dev-overlay/app/hot-reloader-client.js:240
[  325371ms] [LOG] [Fast Refresh] done in 19ms @ webpack-internal:///(app-pages-browser)/./node_modules/next/dist/client/components/react-dev-overlay/app/hot-reloader-client.js:67
[  326012ms] [LOG] [Fast Refresh] rebuilding @ webpack-internal:///(app-pages-browser)/./node_modules/next/dist/client/components/react-dev-overlay/app/hot-reloader-client.js:240
[  326034ms] [LOG] [Fast Refresh] done in 23ms @ webpack-internal:///(app-pages-browser)/./node_modules/next/dist/client/components/react-dev-overlay/app/hot-reloader-client.js:67
[  326804ms] [LOG] [Fast Refresh] rebuilding @ webpack-internal:///(app-pages-browser)/./node_modules/next/dist/client/components/react-dev-overlay/app/hot-reloader-client.js:240
[  326829ms] [LOG] [Fast Refresh] done in 24ms @ webpack-internal:///(app-pages-browser)/./node_modules/next/dist/client/components/react-dev-overlay/app/hot-reloader-client.js:67
[  327475ms] [LOG] [Fast Refresh] rebuilding @ webpack-internal:///(app-pages-browser)/./node_modules/next/dist/client/components/react-dev-overlay/app/hot-reloader-client.js:240
[  327496ms] [LOG] [Fast Refresh] done in 22ms @ webpack-internal:///(app-pages-browser)/./node_modules/next/dist/client/components/react-dev-overlay/app/hot-reloader-client.js:67
[  328108ms] [LOG] [Fast Refresh] rebuilding @ webpack-internal:///(app-pages-browser)/./node_modules/next/dist/client/components/react-dev-overlay/app/hot-reloader-client.js:240
[  328141ms] [LOG] [Fast Refresh] done in 34ms @ webpack-internal:///(app-pages-browser)/./node_modules/next/dist/client/components/react-dev-overlay/app/hot-reloader-client.js:67
[  328782ms] [LOG] [Fast Refresh] rebuilding @ webpack-internal:///(app-pages-browser)/./node_modules/next/dist/client/components/react-dev-overlay/app/hot-reloader-client.js:240
[  329311ms] [LOG] [Fast Refresh] done in 530ms @ webpack-internal:///(app-pages-browser)/./node_modules/next/dist/client/components/react-dev-overlay/app/hot-reloader-client.js:67
[  329419ms] [LOG] [Fast Refresh] rebuilding @ webpack-internal:///(app-pages-browser)/./node_modules/next/dist/client/components/react-dev-overlay/app/hot-reloader-client.js:240
[  329439ms] [LOG] [Fast Refresh] done in 19ms @ webpack-internal:///(app-pages-browser)/./node_modules/next/dist/client/components/react-dev-overlay/app/hot-reloader-client.js:67
[  330057ms] [LOG] [Fast Refresh] rebuilding @ webpack-internal:///(app-pages-browser)/./node_modules/next/dist/client/components/react-dev-overlay/app/hot-reloader-client.js:240
[  330087ms] [LOG] [Fast Refresh] done in 29ms @ webpack-internal:///(app-pages-browser)/./node_modules/next/dist/client/components/react-dev-overlay/app/hot-reloader-client.js:67
[  330750ms] [LOG] [Fast Refresh] rebuilding @ webpack-internal:///(app-pages-browser)/./node_modules/next/dist/client/components/react-dev-overlay/app/hot-reloader-client.js:240
[  330778ms] [LOG] [Fast Refresh] done in 27ms @ webpack-internal:///(app-pages-browser)/./node_modules/next/dist/client/components/react-dev-overlay/app/hot-reloader-client.js:67
[  331392ms] [LOG] [Fast Refresh] rebuilding @ webpack-internal:///(app-pages-browser)/./node_modules/next/dist/client/components/react-dev-overlay/app/hot-reloader-client.js:240
[  331422ms] [LOG] [Fast Refresh] done in 30ms @ webpack-internal:///(app-pages-browser)/./node_modules/next/dist/client/components/react-dev-overlay/app/hot-reloader-client.js:67
[  332195ms] [LOG] [Fast Refresh] rebuilding @ webpack-internal:///(app-pages-browser)/./node_modules/next/dist/client/components/react-dev-overlay/app/hot-reloader-client.js:240
[  332243ms] [LOG] [Fast Refresh] done in 48ms @ webpack-internal:///(app-pages-browser)/./node_modules/next/dist/client/components/react-dev-overlay/app/hot-reloader-client.js:67
[  332898ms] [LOG] [Fast Refresh] rebuilding @ webpack-internal:///(app-pages-browser)/./node_modules/next/dist/client/components/react-dev-overlay/app/hot-reloader-client.js:240
[  333447ms] [LOG] [Fast Refresh] done in 550ms @ webpack-internal:///(app-pages-browser)/./node_modules/next/dist/client/components/react-dev-overlay/app/hot-reloader-client.js:67
[  333537ms] [LOG] [Fast Refresh] rebuilding @ webpack-internal:///(app-pages-browser)/./node_modules/next/dist/client/components/react-dev-overlay/app/hot-reloader-client.js:240
[  333556ms] [LOG] [Fast Refresh] done in 20ms @ webpack-internal:///(app-pages-browser)/./node_modules/next/dist/client/components/react-dev-overlay/app/hot-reloader-client.js:67
[  334201ms] [LOG] [Fast Refresh] rebuilding @ webpack-internal:///(app-pages-browser)/./node_modules/next/dist/client/components/react-dev-overlay/app/hot-reloader-client.js:240
[  334228ms] [LOG] [Fast Refresh] done in 26ms @ webpack-internal:///(app-pages-browser)/./node_modules/next/dist/client/components/react-dev-overlay/app/hot-reloader-client.js:67
[  334841ms] [LOG] [Fast Refresh] rebuilding @ webpack-internal:///(app-pages-browser)/./node_modules/next/dist/client/components/react-dev-overlay/app/hot-reloader-client.js:240
[  334863ms] [LOG] [Fast Refresh] done in 22ms @ webpack-internal:///(app-pages-browser)/./node_modules/next/dist/client/components/react-dev-overlay/app/hot-reloader-client.js:67
[  335535ms] [LOG] [Fast Refresh] rebuilding @ webpack-internal:///(app-pages-browser)/./node_modules/next/dist/client/components/react-dev-overlay/app/hot-reloader-client.js:240
[  335569ms] [LOG] [Fast Refresh] done in 34ms @ webpack-internal:///(app-pages-browser)/./node_modules/next/dist/client/components/react-dev-overlay/app/hot-reloader-client.js:67
[  336213ms] [LOG] [Fast Refresh] rebuilding @ webpack-internal:///(app-pages-browser)/./node_modules/next/dist/client/components/react-dev-overlay/app/hot-reloader-client.js:240
[  336256ms] [LOG] [Fast Refresh] done in 43ms @ webpack-internal:///(app-pages-browser)/./node_modules/next/dist/client/components/react-dev-overlay/app/hot-reloader-client.js:67
[  336916ms] [LOG] [Fast Refresh] rebuilding @ webpack-internal:///(app-pages-browser)/./node_modules/next/dist/client/components/react-dev-overlay/app/hot-reloader-client.js:240
[  337492ms] [LOG] [Fast Refresh] done in 575ms @ webpack-internal:///(app-pages-browser)/./node_modules/next/dist/client/components/react-dev-overlay/app/hot-reloader-client.js:67
[  337744ms] [LOG] [Fast Refresh] rebuilding @ webpack-internal:///(app-pages-browser)/./node_modules/next/dist/client/components/react-dev-overlay/app/hot-reloader-client.js:240
[  337770ms] [LOG] [Fast Refresh] done in 26ms @ webpack-internal:///(app-pages-browser)/./node_modules/next/dist/client/components/react-dev-overlay/app/hot-reloader-client.js:67
[  338457ms] [LOG] [Fast Refresh] rebuilding @ webpack-internal:///(app-pages-browser)/./node_modules/next/dist/client/components/react-dev-overlay/app/hot-reloader-client.js:240
[  338479ms] [LOG] [Fast Refresh] done in 23ms @ webpack-internal:///(app-pages-browser)/./node_modules/next/dist/client/components/react-dev-overlay/app/hot-reloader-client.js:67
[  339120ms] [LOG] [Fast Refresh] rebuilding @ webpack-internal:///(app-pages-browser)/./node_modules/next/dist/client/components/react-dev-overlay/app/hot-reloader-client.js:240
[  339146ms] [LOG] [Fast Refresh] done in 25ms @ webpack-internal:///(app-pages-browser)/./node_modules/next/dist/client/components/react-dev-overlay/app/hot-reloader-client.js:67
[  339758ms] [LOG] [Fast Refresh] rebuilding @ webpack-internal:///(app-pages-browser)/./node_modules/next/dist/client/components/react-dev-overlay/app/hot-reloader-client.js:240
[  339780ms] [LOG] [Fast Refresh] done in 21ms @ webpack-internal:///(app-pages-browser)/./node_modules/next/dist/client/components/react-dev-overlay/app/hot-reloader-client.js:67
[  340415ms] [LOG] [Fast Refresh] rebuilding @ webpack-internal:///(app-pages-browser)/./node_modules/next/dist/client/components/react-dev-overlay/app/hot-reloader-client.js:240
[  340440ms] [LOG] [Fast Refresh] done in 26ms @ webpack-internal:///(app-pages-browser)/./node_modules/next/dist/client/components/react-dev-overlay/app/hot-reloader-client.js:67
[  341068ms] [LOG] [Fast Refresh] rebuilding @ webpack-internal:///(app-pages-browser)/./node_modules/next/dist/client/components/react-dev-overlay/app/hot-reloader-client.js:240
[  341610ms] [LOG] [Fast Refresh] done in 542ms @ webpack-internal:///(app-pages-browser)/./node_modules/next/dist/client/components/react-dev-overlay/app/hot-reloader-client.js:67
[  341733ms] [LOG] [Fast Refresh] rebuilding @ webpack-internal:///(app-pages-browser)/./node_modules/next/dist/client/components/react-dev-overlay/app/hot-reloader-client.js:240
[  342325ms] [LOG] [Fast Refresh] done in 592ms @ webpack-internal:///(app-pages-browser)/./node_modules/next/dist/client/components/react-dev-overlay/app/hot-reloader-client.js:67
[  342457ms] [LOG] [Fast Refresh] rebuilding @ webpack-internal:///(app-pages-browser)/./node_modules/next/dist/client/components/react-dev-overlay/app/hot-reloader-client.js:240
[  343092ms] [LOG] [Fast Refresh] done in 635ms @ webpack-internal:///(app-pages-browser)/./node_modules/next/dist/client/components/react-dev-overlay/app/hot-reloader-client.js:67
[  343401ms] [LOG] [Fast Refresh] rebuilding @ webpack-internal:///(app-pages-browser)/./node_modules/next/dist/client/components/react-dev-overlay/app/hot-reloader-client.js:240
[  343438ms] [LOG] [Fast Refresh] done in 37ms @ webpack-internal:///(app-pages-browser)/./node_modules/next/dist/client/components/react-dev-overlay/app/hot-reloader-client.js:67
[  344148ms] [LOG] [Fast Refresh] rebuilding @ webpack-internal:///(app-pages-browser)/./node_modules/next/dist/client/components/react-dev-overlay/app/hot-reloader-client.js:240
[  344183ms] [LOG] [Fast Refresh] done in 36ms @ webpack-internal:///(app-pages-browser)/./node_modules/next/dist/client/components/react-dev-overlay/app/hot-reloader-client.js:67
[  344893ms] [LOG] [Fast Refresh] rebuilding @ webpack-internal:///(app-pages-browser)/./node_modules/next/dist/client/components/react-dev-overlay/app/hot-reloader-client.js:240
[  344917ms] [LOG] [Fast Refresh] done in 25ms @ webpack-internal:///(app-pages-browser)/./node_modules/next/dist/client/components/react-dev-overlay/app/hot-reloader-client.js:67
[  345609ms] [LOG] [Fast Refresh] rebuilding @ webpack-internal:///(app-pages-browser)/./node_modules/next/dist/client/components/react-dev-overlay/app/hot-reloader-client.js:240
[  346194ms] [LOG] [Fast Refresh] done in 585ms @ webpack-internal:///(app-pages-browser)/./node_modules/next/dist/client/components/react-dev-overlay/app/hot-reloader-client.js:67
[  346283ms] [LOG] [Fast Refresh] rebuilding @ webpack-internal:///(app-pages-browser)/./node_modules/next/dist/client/components/react-dev-overlay/app/hot-reloader-client.js:240
[  346316ms] [LOG] [Fast Refresh] done in 32ms @ webpack-internal:///(app-pages-browser)/./node_modules/next/dist/client/components/react-dev-overlay/app/hot-reloader-client.js:67
[  346927ms] [LOG] [Fast Refresh] rebuilding @ webpack-internal:///(app-pages-browser)/./node_modules/next/dist/client/components/react-dev-overlay/app/hot-reloader-client.js:240
[  346947ms] [LOG] [Fast Refresh] done in 19ms @ webpack-internal:///(app-pages-browser)/./node_modules/next/dist/client/components/react-dev-overlay/app/hot-reloader-client.js:67
[  347616ms] [LOG] [Fast Refresh] rebuilding @ webpack-internal:///(app-pages-browser)/./node_modules/next/dist/client/components/react-dev-overlay/app/hot-reloader-client.js:240
[  347642ms] [LOG] [Fast Refresh] done in 26ms @ webpack-internal:///(app-pages-browser)/./node_modules/next/dist/client/components/react-dev-overlay/app/hot-reloader-client.js:67
[  348274ms] [LOG] [Fast Refresh] rebuilding @ webpack-internal:///(app-pages-browser)/./node_modules/next/dist/client/components/react-dev-overlay/app/hot-reloader-client.js:240
[  348830ms] [LOG] [Fast Refresh] done in 556ms @ webpack-internal:///(app-pages-browser)/./node_modules/next/dist/client/components/react-dev-overlay/app/hot-reloader-client.js:67
[  349106ms] [LOG] [Fast Refresh] rebuilding @ webpack-internal:///(app-pages-browser)/./node_modules/next/dist/client/components/react-dev-overlay/app/hot-reloader-client.js:240
[  349127ms] [LOG] [Fast Refresh] done in 21ms @ webpack-internal:///(app-pages-browser)/./node_modules/next/dist/client/components/react-dev-overlay/app/hot-reloader-client.js:67
[  349815ms] [LOG] [Fast Refresh] rebuilding @ webpack-internal:///(app-pages-browser)/./node_modules/next/dist/client/components/react-dev-overlay/app/hot-reloader-client.js:240
[  349841ms] [LOG] [Fast Refresh] done in 26ms @ webpack-internal:///(app-pages-browser)/./node_modules/next/dist/client/components/react-dev-overlay/app/hot-reloader-client.js:67
[  350474ms] [LOG] [Fast Refresh] rebuilding @ webpack-internal:///(app-pages-browser)/./node_modules/next/dist/client/components/react-dev-overlay/app/hot-reloader-client.js:240
[  350500ms] [LOG] [Fast Refresh] done in 26ms @ webpack-internal:///(app-pages-browser)/./node_modules/next/dist/client/components/react-dev-overlay/app/hot-reloader-client.js:67
[  351120ms] [LOG] [Fast Refresh] rebuilding @ webpack-internal:///(app-pages-browser)/./node_modules/next/dist/client/components/react-dev-overlay/app/hot-reloader-client.js:240
[  351145ms] [LOG] [Fast Refresh] done in 25ms @ webpack-internal:///(app-pages-browser)/./node_modules/next/dist/client/components/react-dev-overlay/app/hot-reloader-client.js:67
[  351745ms] [LOG] [Fast Refresh] rebuilding @ webpack-internal:///(app-pages-browser)/./node_modules/next/dist/client/components/react-dev-overlay/app/hot-reloader-client.js:240
[  351764ms] [LOG] [Fast Refresh] done in 20ms @ webpack-internal:///(app-pages-browser)/./node_modules/next/dist/client/components/react-dev-overlay/app/hot-reloader-client.js:67
[  352380ms] [LOG] [Fast Refresh] rebuilding @ webpack-internal:///(app-pages-browser)/./node_modules/next/dist/client/components/react-dev-overlay/app/hot-reloader-client.js:240
[  352405ms] [LOG] [Fast Refresh] done in 24ms @ webpack-internal:///(app-pages-browser)/./node_modules/next/dist/client/components/react-dev-overlay/app/hot-reloader-client.js:67
[  353040ms] [LOG] [Fast Refresh] rebuilding @ webpack-internal:///(app-pages-browser)/./node_modules/next/dist/client/components/react-dev-overlay/app/hot-reloader-client.js:240
[  353065ms] [LOG] [Fast Refresh] done in 25ms @ webpack-internal:///(app-pages-browser)/./node_modules/next/dist/client/components/react-dev-overlay/app/hot-reloader-client.js:67
[  353683ms] [LOG] [Fast Refresh] rebuilding @ webpack-internal:///(app-pages-browser)/./node_modules/next/dist/client/components/react-dev-overlay/app/hot-reloader-client.js:240
[  353703ms] [LOG] [Fast Refresh] done in 20ms @ webpack-internal:///(app-pages-browser)/./node_modules/next/dist/client/components/react-dev-overlay/app/hot-reloader-client.js:67
[  354478ms] [LOG] [Fast Refresh] rebuilding @ webpack-internal:///(app-pages-browser)/./node_modules/next/dist/client/components/react-dev-overlay/app/hot-reloader-client.js:240
[  354497ms] [LOG] [Fast Refresh] done in 19ms @ webpack-internal:///(app-pages-browser)/./node_modules/next/dist/client/components/react-dev-overlay/app/hot-reloader-client.js:67
[  355163ms] [LOG] [Fast Refresh] rebuilding @ webpack-internal:///(app-pages-browser)/./node_modules/next/dist/client/components/react-dev-overlay/app/hot-reloader-client.js:240
[  355672ms] [LOG] [Fast Refresh] done in 509ms @ webpack-internal:///(app-pages-browser)/./node_modules/next/dist/client/components/react-dev-overlay/app/hot-reloader-client.js:67
[  355791ms] [LOG] [Fast Refresh] rebuilding @ webpack-internal:///(app-pages-browser)/./node_modules/next/dist/client/components/react-dev-overlay/app/hot-reloader-client.js:240
[  355818ms] [LOG] [Fast Refresh] done in 27ms @ webpack-internal:///(app-pages-browser)/./node_modules/next/dist/client/components/react-dev-overlay/app/hot-reloader-client.js:67
[  356423ms] [LOG] [Fast Refresh] rebuilding @ webpack-internal:///(app-pages-browser)/./node_modules/next/dist/client/components/react-dev-overlay/app/hot-reloader-client.js:240
[  356455ms] [LOG] [Fast Refresh] done in 32ms @ webpack-internal:///(app-pages-browser)/./node_modules/next/dist/client/components/react-dev-overlay/app/hot-reloader-client.js:67
[  357066ms] [LOG] [Fast Refresh] rebuilding @ webpack-internal:///(app-pages-browser)/./node_modules/next/dist/client/components/react-dev-overlay/app/hot-reloader-client.js:240
[  357087ms] [LOG] [Fast Refresh] done in 22ms @ webpack-internal:///(app-pages-browser)/./node_modules/next/dist/client/components/react-dev-overlay/app/hot-reloader-client.js:67
[  357673ms] [LOG] [Fast Refresh] rebuilding @ webpack-internal:///(app-pages-browser)/./node_modules/next/dist/client/components/react-dev-overlay/app/hot-reloader-client.js:240
[  357695ms] [LOG] [Fast Refresh] done in 22ms @ webpack-internal:///(app-pages-browser)/./node_modules/next/dist/client/components/react-dev-overlay/app/hot-reloader-client.js:67
[  358323ms] [LOG] [Fast Refresh] rebuilding @ webpack-internal:///(app-pages-browser)/./node_modules/next/dist/client/components/react-dev-overlay/app/hot-reloader-client.js:240
[  358353ms] [LOG] [Fast Refresh] done in 30ms @ webpack-internal:///(app-pages-browser)/./node_modules/next/dist/client/components/react-dev-overlay/app/hot-reloader-client.js:67
[  358952ms] [LOG] [Fast Refresh] rebuilding @ webpack-internal:///(app-pages-browser)/./node_modules/next/dist/client/components/react-dev-overlay/app/hot-reloader-client.js:240
[  359614ms] [LOG] [Fast Refresh] done in 662ms @ webpack-internal:///(app-pages-browser)/./node_modules/next/dist/client/components/react-dev-overlay/app/hot-reloader-client.js:67
[  359736ms] [LOG] [Fast Refresh] rebuilding @ webpack-internal:///(app-pages-browser)/./node_modules/next/dist/client/components/react-dev-overlay/app/hot-reloader-client.js:240
[  359747ms] [LOG] [Fast Refresh] done in 12ms @ webpack-internal:///(app-pages-browser)/./node_modules/next/dist/client/components/react-dev-overlay/app/hot-reloader-client.js:67
[  360376ms] [LOG] [Fast Refresh] rebuilding @ webpack-internal:///(app-pages-browser)/./node_modules/next/dist/client/components/react-dev-overlay/app/hot-reloader-client.js:240
[  360400ms] [LOG] [Fast Refresh] done in 24ms @ webpack-internal:///(app-pages-browser)/./node_modules/next/dist/client/components/react-dev-overlay/app/hot-reloader-client.js:67
[  361014ms] [LOG] [Fast Refresh] rebuilding @ webpack-internal:///(app-pages-browser)/./node_modules/next/dist/client/components/react-dev-overlay/app/hot-reloader-client.js:240
[  361038ms] [LOG] [Fast Refresh] done in 24ms @ webpack-internal:///(app-pages-browser)/./node_modules/next/dist/client/components/react-dev-overlay/app/hot-reloader-client.js:67
[  361626ms] [LOG] [Fast Refresh] rebuilding @ webpack-internal:///(app-pages-browser)/./node_modules/next/dist/client/components/react-dev-overlay/app/hot-reloader-client.js:240
[  361646ms] [LOG] [Fast Refresh] done in 21ms @ webpack-internal:///(app-pages-browser)/./node_modules/next/dist/client/components/react-dev-overlay/app/hot-reloader-client.js:67
[  362254ms] [LOG] [Fast Refresh] rebuilding @ webpack-internal:///(app-pages-browser)/./node_modules/next/dist/client/components/react-dev-overlay/app/hot-reloader-client.js:240
[  362286ms] [LOG] [Fast Refresh] done in 32ms @ webpack-internal:///(app-pages-browser)/./node_modules/next/dist/client/components/react-dev-overlay/app/hot-reloader-client.js:67
[  362889ms] [LOG] [Fast Refresh] rebuilding @ webpack-internal:///(app-pages-browser)/./node_modules/next/dist/client/components/react-dev-overlay/app/hot-reloader-client.js:240
[  363417ms] [LOG] [Fast Refresh] done in 528ms @ webpack-internal:///(app-pages-browser)/./node_modules/next/dist/client/components/react-dev-overlay/app/hot-reloader-client.js:67
[  363530ms] [LOG] [Fast Refresh] rebuilding @ webpack-internal:///(app-pages-browser)/./node_modules/next/dist/client/components/react-dev-overlay/app/hot-reloader-client.js:240
[  364051ms] [LOG] [Fast Refresh] done in 520ms @ webpack-internal:///(app-pages-browser)/./node_modules/next/dist/client/components/react-dev-overlay/app/hot-reloader-client.js:67
[  364305ms] [LOG] [Fast Refresh] rebuilding @ webpack-internal:///(app-pages-browser)/./node_modules/next/dist/client/components/react-dev-overlay/app/hot-reloader-client.js:240
[  364328ms] [LOG] [Fast Refresh] done in 23ms @ webpack-internal:///(app-pages-browser)/./node_modules/next/dist/client/components/react-dev-overlay/app/hot-reloader-client.js:67
[  364976ms] [LOG] [Fast Refresh] rebuilding @ webpack-internal:///(app-pages-browser)/./node_modules/next/dist/client/components/react-dev-overlay/app/hot-reloader-client.js:240
[  365005ms] [LOG] [Fast Refresh] done in 29ms @ webpack-internal:///(app-pages-browser)/./node_modules/next/dist/client/components/react-dev-overlay/app/hot-reloader-client.js:67
[  365611ms] [LOG] [Fast Refresh] rebuilding @ webpack-internal:///(app-pages-browser)/./node_modules/next/dist/client/components/react-dev-overlay/app/hot-reloader-client.js:240
[  365648ms] [LOG] [Fast Refresh] done in 38ms @ webpack-internal:///(app-pages-browser)/./node_modules/next/dist/client/components/react-dev-overlay/app/hot-reloader-client.js:67
[  366263ms] [LOG] [Fast Refresh] rebuilding @ webpack-internal:///(app-pages-browser)/./node_modules/next/dist/client/components/react-dev-overlay/app/hot-reloader-client.js:240
[  366775ms] [LOG] [Fast Refresh] done in 512ms @ webpack-internal:///(app-pages-browser)/./node_modules/next/dist/client/components/react-dev-overlay/app/hot-reloader-client.js:67
[  366886ms] [LOG] [Fast Refresh] rebuilding @ webpack-internal:///(app-pages-browser)/./node_modules/next/dist/client/components/react-dev-overlay/app/hot-reloader-client.js:240
[  367402ms] [LOG] [Fast Refresh] done in 516ms @ webpack-internal:///(app-pages-browser)/./node_modules/next/dist/client/components/react-dev-overlay/app/hot-reloader-client.js:67
[  367503ms] [LOG] [Fast Refresh] rebuilding @ webpack-internal:///(app-pages-browser)/./node_modules/next/dist/client/components/react-dev-overlay/app/hot-reloader-client.js:240
[  367521ms] [LOG] [Fast Refresh] done in 18ms @ webpack-internal:///(app-pages-browser)/./node_modules/next/dist/client/components/react-dev-overlay/app/hot-reloader-client.js:67
[  368154ms] [LOG] [Fast Refresh] rebuilding @ webpack-internal:///(app-pages-browser)/./node_modules/next/dist/client/components/react-dev-overlay/app/hot-reloader-client.js:240
[  368183ms] [LOG] [Fast Refresh] done in 29ms @ webpack-internal:///(app-pages-browser)/./node_modules/next/dist/client/components/react-dev-overlay/app/hot-reloader-client.js:67
[  368795ms] [LOG] [Fast Refresh] rebuilding @ webpack-internal:///(app-pages-browser)/./node_modules/next/dist/client/components/react-dev-overlay/app/hot-reloader-client.js:240
[  368822ms] [LOG] [Fast Refresh] done in 26ms @ webpack-internal:///(app-pages-browser)/./node_modules/next/dist/client/components/react-dev-overlay/app/hot-reloader-client.js:67
[  369595ms] [LOG] [Fast Refresh] rebuilding @ webpack-internal:///(app-pages-browser)/./node_modules/next/dist/client/components/react-dev-overlay/app/hot-reloader-client.js:240
[  369625ms] [LOG] [Fast Refresh] done in 30ms @ webpack-internal:///(app-pages-browser)/./node_modules/next/dist/client/components/react-dev-overlay/app/hot-reloader-client.js:67
[  370275ms] [LOG] [Fast Refresh] rebuilding @ webpack-internal:///(app-pages-browser)/./node_modules/next/dist/client/components/react-dev-overlay/app/hot-reloader-client.js:240
[  370297ms] [LOG] [Fast Refresh] done in 21ms @ webpack-internal:///(app-pages-browser)/./node_modules/next/dist/client/components/react-dev-overlay/app/hot-reloader-client.js:67
[  370917ms] [LOG] [Fast Refresh] rebuilding @ webpack-internal:///(app-pages-browser)/./node_modules/next/dist/client/components/react-dev-overlay/app/hot-reloader-client.js:240
[  370944ms] [LOG] [Fast Refresh] done in 27ms @ webpack-internal:///(app-pages-browser)/./node_modules/next/dist/client/components/react-dev-overlay/app/hot-reloader-client.js:67
[  371553ms] [LOG] [Fast Refresh] rebuilding @ webpack-internal:///(app-pages-browser)/./node_modules/next/dist/client/components/react-dev-overlay/app/hot-reloader-client.js:240
[  371577ms] [LOG] [Fast Refresh] done in 25ms @ webpack-internal:///(app-pages-browser)/./node_modules/next/dist/client/components/react-dev-overlay/app/hot-reloader-client.js:67
[  372173ms] [LOG] [Fast Refresh] rebuilding @ webpack-internal:///(app-pages-browser)/./node_modules/next/dist/client/components/react-dev-overlay/app/hot-reloader-client.js:240
[  372191ms] [LOG] [Fast Refresh] done in 18ms @ webpack-internal:///(app-pages-browser)/./node_modules/next/dist/client/components/react-dev-overlay/app/hot-reloader-client.js:67
[  372820ms] [LOG] [Fast Refresh] rebuilding @ webpack-internal:///(app-pages-browser)/./node_modules/next/dist/client/components/react-dev-overlay/app/hot-reloader-client.js:240
[  372841ms] [LOG] [Fast Refresh] done in 20ms @ webpack-internal:///(app-pages-browser)/./node_modules/next/dist/client/components/react-dev-overlay/app/hot-reloader-client.js:67
[  373473ms] [LOG] [Fast Refresh] rebuilding @ webpack-internal:///(app-pages-browser)/./node_modules/next/dist/client/components/react-dev-overlay/app/hot-reloader-client.js:240
[  374008ms] [LOG] [Fast Refresh] done in 536ms @ webpack-internal:///(app-pages-browser)/./node_modules/next/dist/client/components/react-dev-overlay/app/hot-reloader-client.js:67
[  374125ms] [LOG] [Fast Refresh] rebuilding @ webpack-internal:///(app-pages-browser)/./node_modules/next/dist/client/components/react-dev-overlay/app/hot-reloader-client.js:240
[  374663ms] [LOG] [Fast Refresh] done in 538ms @ webpack-internal:///(app-pages-browser)/./node_modules/next/dist/client/components/react-dev-overlay/app/hot-reloader-client.js:67
[  374922ms] [LOG] [Fast Refresh] rebuilding @ webpack-internal:///(app-pages-browser)/./node_modules/next/dist/client/components/react-dev-overlay/app/hot-reloader-client.js:240
[  374957ms] [LOG] [Fast Refresh] done in 34ms @ webpack-internal:///(app-pages-browser)/./node_modules/next/dist/client/components/react-dev-overlay/app/hot-reloader-client.js:67
[  375583ms] [LOG] [Fast Refresh] rebuilding @ webpack-internal:///(app-pages-browser)/./node_modules/next/dist/client/components/react-dev-overlay/app/hot-reloader-client.js:240
[  375609ms] [LOG] [Fast Refresh] done in 25ms @ webpack-internal:///(app-pages-browser)/./node_modules/next/dist/client/components/react-dev-overlay/app/hot-reloader-client.js:67
[  376205ms] [LOG] [Fast Refresh] rebuilding @ webpack-internal:///(app-pages-browser)/./node_modules/next/dist/client/components/react-dev-overlay/app/hot-reloader-client.js:240
[  376233ms] [LOG] [Fast Refresh] done in 28ms @ webpack-internal:///(app-pages-browser)/./node_modules/next/dist/client/components/react-dev-overlay/app/hot-reloader-client.js:67
[  376869ms] [LOG] [Fast Refresh] rebuilding @ webpack-internal:///(app-pages-browser)/./node_modules/next/dist/client/components/react-dev-overlay/app/hot-reloader-client.js:240
[  376891ms] [LOG] [Fast Refresh] done in 23ms @ webpack-internal:///(app-pages-browser)/./node_modules/next/dist/client/components/react-dev-overlay/app/hot-reloader-client.js:67
[  377493ms] [LOG] [Fast Refresh] rebuilding @ webpack-internal:///(app-pages-browser)/./node_modules/next/dist/client/components/react-dev-overlay/app/hot-reloader-client.js:240
[  378007ms] [LOG] [Fast Refresh] done in 513ms @ webpack-internal:///(app-pages-browser)/./node_modules/next/dist/client/components/react-dev-overlay/app/hot-reloader-client.js:67
[  378116ms] [LOG] [Fast Refresh] rebuilding @ webpack-internal:///(app-pages-browser)/./node_modules/next/dist/client/components/react-dev-overlay/app/hot-reloader-client.js:240
[  378632ms] [LOG] [Fast Refresh] done in 517ms @ webpack-internal:///(app-pages-browser)/./node_modules/next/dist/client/components/react-dev-overlay/app/hot-reloader-client.js:67
[  378730ms] [LOG] [Fast Refresh] rebuilding @ webpack-internal:///(app-pages-browser)/./node_modules/next/dist/client/components/react-dev-overlay/app/hot-reloader-client.js:240
[  378748ms] [LOG] [Fast Refresh] done in 19ms @ webpack-internal:///(app-pages-browser)/./node_modules/next/dist/client/components/react-dev-overlay/app/hot-reloader-client.js:67
[  379357ms] [LOG] [Fast Refresh] rebuilding @ webpack-internal:///(app-pages-browser)/./node_modules/next/dist/client/components/react-dev-overlay/app/hot-reloader-client.js:240
[  379884ms] [LOG] [Fast Refresh] done in 526ms @ webpack-internal:///(app-pages-browser)/./node_modules/next/dist/client/components/react-dev-overlay/app/hot-reloader-client.js:67
[  380079ms] [LOG] [Fast Refresh] rebuilding @ webpack-internal:///(app-pages-browser)/./node_modules/next/dist/client/components/react-dev-overlay/app/hot-reloader-client.js:240
[  380130ms] [LOG] [Fast Refresh] done in 52ms @ webpack-internal:///(app-pages-browser)/./node_modules/next/dist/client/components/react-dev-overlay/app/hot-reloader-client.js:67
[  380789ms] [LOG] [Fast Refresh] rebuilding @ webpack-internal:///(app-pages-browser)/./node_modules/next/dist/client/components/react-dev-overlay/app/hot-reloader-client.js:240
[  380818ms] [LOG] [Fast Refresh] done in 29ms @ webpack-internal:///(app-pages-browser)/./node_modules/next/dist/client/components/react-dev-overlay/app/hot-reloader-client.js:67
[  381427ms] [LOG] [Fast Refresh] rebuilding @ webpack-internal:///(app-pages-browser)/./node_modules/next/dist/client/components/react-dev-overlay/app/hot-reloader-client.js:240
[  381451ms] [LOG] [Fast Refresh] done in 25ms @ webpack-internal:///(app-pages-browser)/./node_modules/next/dist/client/components/react-dev-overlay/app/hot-reloader-client.js:67
[  382068ms] [LOG] [Fast Refresh] rebuilding @ webpack-internal:///(app-pages-browser)/./node_modules/next/dist/client/components/react-dev-overlay/app/hot-reloader-client.js:240
[  382093ms] [LOG] [Fast Refresh] done in 26ms @ webpack-internal:///(app-pages-browser)/./node_modules/next/dist/client/components/react-dev-overlay/app/hot-reloader-client.js:67
[  382696ms] [LOG] [Fast Refresh] rebuilding @ webpack-internal:///(app-pages-browser)/./node_modules/next/dist/client/components/react-dev-overlay/app/hot-reloader-client.js:240
[  382723ms] [LOG] [Fast Refresh] done in 27ms @ webpack-internal:///(app-pages-browser)/./node_modules/next/dist/client/components/react-dev-overlay/app/hot-reloader-client.js:67
[  383307ms] [LOG] [Fast Refresh] rebuilding @ webpack-internal:///(app-pages-browser)/./node_modules/next/dist/client/components/react-dev-overlay/app/hot-reloader-client.js:240
[  383325ms] [LOG] [Fast Refresh] done in 19ms @ webpack-internal:///(app-pages-browser)/./node_modules/next/dist/client/components/react-dev-overlay/app/hot-reloader-client.js:67
[  383938ms] [LOG] [Fast Refresh] rebuilding @ webpack-internal:///(app-pages-browser)/./node_modules/next/dist/client/components/react-dev-overlay/app/hot-reloader-client.js:240
[  383960ms] [LOG] [Fast Refresh] done in 22ms @ webpack-internal:///(app-pages-browser)/./node_modules/next/dist/client/components/react-dev-overlay/app/hot-reloader-client.js:67
[  384579ms] [LOG] [Fast Refresh] rebuilding @ webpack-internal:///(app-pages-browser)/./node_modules/next/dist/client/components/react-dev-overlay/app/hot-reloader-client.js:240
[  384604ms] [LOG] [Fast Refresh] done in 25ms @ webpack-internal:///(app-pages-browser)/./node_modules/next/dist/client/components/react-dev-overlay/app/hot-reloader-client.js:67
[  385357ms] [LOG] [Fast Refresh] rebuilding @ webpack-internal:///(app-pages-browser)/./node_modules/next/dist/client/components/react-dev-overlay/app/hot-reloader-client.js:240
[  385391ms] [LOG] [Fast Refresh] done in 34ms @ webpack-internal:///(app-pages-browser)/./node_modules/next/dist/client/components/react-dev-overlay/app/hot-reloader-client.js:67
[  385997ms] [LOG] [Fast Refresh] rebuilding @ webpack-internal:///(app-pages-browser)/./node_modules/next/dist/client/components/react-dev-overlay/app/hot-reloader-client.js:240
[  386012ms] [LOG] [Fast Refresh] done in 15ms @ webpack-internal:///(app-pages-browser)/./node_modules/next/dist/client/components/react-dev-overlay/app/hot-reloader-client.js:67
[  386621ms] [LOG] [Fast Refresh] rebuilding @ webpack-internal:///(app-pages-browser)/./node_modules/next/dist/client/components/react-dev-overlay/app/hot-reloader-client.js:240
[  386639ms] [LOG] [Fast Refresh] done in 18ms @ webpack-internal:///(app-pages-browser)/./node_modules/next/dist/client/components/react-dev-overlay/app/hot-reloader-client.js:67
[  387249ms] [LOG] [Fast Refresh] rebuilding @ webpack-internal:///(app-pages-browser)/./node_modules/next/dist/client/components/react-dev-overlay/app/hot-reloader-client.js:240
[  387279ms] [LOG] [Fast Refresh] done in 30ms @ webpack-internal:///(app-pages-browser)/./node_modules/next/dist/client/components/react-dev-overlay/app/hot-reloader-client.js:67
[  387903ms] [LOG] [Fast Refresh] rebuilding @ webpack-internal:///(app-pages-browser)/./node_modules/next/dist/client/components/react-dev-overlay/app/hot-reloader-client.js:240
[  387929ms] [LOG] [Fast Refresh] done in 26ms @ webpack-internal:///(app-pages-browser)/./node_modules/next/dist/client/components/react-dev-overlay/app/hot-reloader-client.js:67
[  388536ms] [LOG] [Fast Refresh] rebuilding @ webpack-internal:///(app-pages-browser)/./node_modules/next/dist/client/components/react-dev-overlay/app/hot-reloader-client.js:240
[  389045ms] [LOG] [Fast Refresh] done in 510ms @ webpack-internal:///(app-pages-browser)/./node_modules/next/dist/client/components/react-dev-overlay/app/hot-reloader-client.js:67
[  389155ms] [LOG] [Fast Refresh] rebuilding @ webpack-internal:///(app-pages-browser)/./node_modules/next/dist/client/components/react-dev-overlay/app/hot-reloader-client.js:240
[  389182ms] [LOG] [Fast Refresh] done in 28ms @ webpack-internal:///(app-pages-browser)/./node_modules/next/dist/client/components/react-dev-overlay/app/hot-reloader-client.js:67
[  389785ms] [LOG] [Fast Refresh] rebuilding @ webpack-internal:///(app-pages-browser)/./node_modules/next/dist/client/components/react-dev-overlay/app/hot-reloader-client.js:240
[  389812ms] [LOG] [Fast Refresh] done in 28ms @ webpack-internal:///(app-pages-browser)/./node_modules/next/dist/client/components/react-dev-overlay/app/hot-reloader-client.js:67
[  390566ms] [LOG] [Fast Refresh] rebuilding @ webpack-internal:///(app-pages-browser)/./node_modules/next/dist/client/components/react-dev-overlay/app/hot-reloader-client.js:240
[  390582ms] [LOG] [Fast Refresh] done in 16ms @ webpack-internal:///(app-pages-browser)/./node_modules/next/dist/client/components/react-dev-overlay/app/hot-reloader-client.js:67
[  391220ms] [LOG] [Fast Refresh] rebuilding @ webpack-internal:///(app-pages-browser)/./node_modules/next/dist/client/components/react-dev-overlay/app/hot-reloader-client.js:240
[  391754ms] [LOG] [Fast Refresh] done in 534ms @ webpack-internal:///(app-pages-browser)/./node_modules/next/dist/client/components/react-dev-overlay/app/hot-reloader-client.js:67
[  391860ms] [LOG] [Fast Refresh] rebuilding @ webpack-internal:///(app-pages-browser)/./node_modules/next/dist/client/components/react-dev-overlay/app/hot-reloader-client.js:240
[  391880ms] [LOG] [Fast Refresh] done in 21ms @ webpack-internal:///(app-pages-browser)/./node_modules/next/dist/client/components/react-dev-overlay/app/hot-reloader-client.js:67
[  392538ms] [LOG] [Fast Refresh] rebuilding @ webpack-internal:///(app-pages-browser)/./node_modules/next/dist/client/components/react-dev-overlay/app/hot-reloader-client.js:240
[  392553ms] [LOG] [Fast Refresh] done in 15ms @ webpack-internal:///(app-pages-browser)/./node_modules/next/dist/client/components/react-dev-overlay/app/hot-reloader-client.js:67
[  393200ms] [LOG] [Fast Refresh] rebuilding @ webpack-internal:///(app-pages-browser)/./node_modules/next/dist/client/components/react-dev-overlay/app/hot-reloader-client.js:240
[  393244ms] [LOG] [Fast Refresh] done in 43ms @ webpack-internal:///(app-pages-browser)/./node_modules/next/dist/client/components/react-dev-overlay/app/hot-reloader-client.js:67
[  394173ms] [LOG] [Fast Refresh] rebuilding @ webpack-internal:///(app-pages-browser)/./node_modules/next/dist/client/components/react-dev-overlay/app/hot-reloader-client.js:240
[  394209ms] [LOG] [Fast Refresh] done in 36ms @ webpack-internal:///(app-pages-browser)/./node_modules/next/dist/client/components/react-dev-overlay/app/hot-reloader-client.js:67
[  395170ms] [LOG] [Fast Refresh] rebuilding @ webpack-internal:///(app-pages-browser)/./node_modules/next/dist/client/components/react-dev-overlay/app/hot-reloader-client.js:240
[  395214ms] [LOG] [Fast Refresh] done in 44ms @ webpack-internal:///(app-pages-browser)/./node_modules/next/dist/client/components/react-dev-overlay/app/hot-reloader-client.js:67
[  396282ms] [LOG] [Fast Refresh] rebuilding @ webpack-internal:///(app-pages-browser)/./node_modules/next/dist/client/components/react-dev-overlay/app/hot-reloader-client.js:240
[  396325ms] [LOG] [Fast Refresh] done in 42ms @ webpack-internal:///(app-pages-browser)/./node_modules/next/dist/client/components/react-dev-overlay/app/hot-reloader-client.js:67
[  397560ms] [LOG] [Fast Refresh] rebuilding @ webpack-internal:///(app-pages-browser)/./node_modules/next/dist/client/components/react-dev-overlay/app/hot-reloader-client.js:240
[  397604ms] [LOG] [Fast Refresh] done in 45ms @ webpack-internal:///(app-pages-browser)/./node_modules/next/dist/client/components/react-dev-overlay/app/hot-reloader-client.js:67
[  398693ms] [LOG] [Fast Refresh] rebuilding @ webpack-internal:///(app-pages-browser)/./node_modules/next/dist/client/components/react-dev-overlay/app/hot-reloader-client.js:240
[  398729ms] [LOG] [Fast Refresh] done in 36ms @ webpack-internal:///(app-pages-browser)/./node_modules/next/dist/client/components/react-dev-overlay/app/hot-reloader-client.js:67
[  399713ms] [LOG] [Fast Refresh] rebuilding @ webpack-internal:///(app-pages-browser)/./node_modules/next/dist/client/components/react-dev-overlay/app/hot-reloader-client.js:240
[  399750ms] [LOG] [Fast Refresh] done in 38ms @ webpack-internal:///(app-pages-browser)/./node_modules/next/dist/client/components/react-dev-overlay/app/hot-reloader-client.js:67
[  400761ms] [LOG] [Fast Refresh] rebuilding @ webpack-internal:///(app-pages-browser)/./node_modules/next/dist/client/components/react-dev-overlay/app/hot-reloader-client.js:240
[  400810ms] [LOG] [Fast Refresh] done in 50ms @ webpack-internal:///(app-pages-browser)/./node_modules/next/dist/client/components/react-dev-overlay/app/hot-reloader-client.js:67
[  401718ms] [LOG] [Fast Refresh] rebuilding @ webpack-internal:///(app-pages-browser)/./node_modules/next/dist/client/components/react-dev-overlay/app/hot-reloader-client.js:240
[  401767ms] [LOG] [Fast Refresh] done in 50ms @ webpack-internal:///(app-pages-browser)/./node_modules/next/dist/client/components/react-dev-overlay/app/hot-reloader-client.js:67
[  402940ms] [LOG] [Fast Refresh] rebuilding @ webpack-internal:///(app-pages-browser)/./node_modules/next/dist/client/components/react-dev-overlay/app/hot-reloader-client.js:240
[  402984ms] [LOG] [Fast Refresh] done in 44ms @ webpack-internal:///(app-pages-browser)/./node_modules/next/dist/client/components/react-dev-overlay/app/hot-reloader-client.js:67
[  404150ms] [LOG] [Fast Refresh] rebuilding @ webpack-internal:///(app-pages-browser)/./node_modules/next/dist/client/components/react-dev-overlay/app/hot-reloader-client.js:240
[  404194ms] [LOG] [Fast Refresh] done in 44ms @ webpack-internal:///(app-pages-browser)/./node_modules/next/dist/client/components/react-dev-overlay/app/hot-reloader-client.js:67
[  405298ms] [LOG] [Fast Refresh] rebuilding @ webpack-internal:///(app-pages-browser)/./node_modules/next/dist/client/components/react-dev-overlay/app/hot-reloader-client.js:240
[  405346ms] [LOG] [Fast Refresh] done in 48ms @ webpack-internal:///(app-pages-browser)/./node_modules/next/dist/client/components/react-dev-overlay/app/hot-reloader-client.js:67
[  406587ms] [LOG] [Fast Refresh] rebuilding @ webpack-internal:///(app-pages-browser)/./node_modules/next/dist/client/components/react-dev-overlay/app/hot-reloader-client.js:240
[  406614ms] [LOG] [Fast Refresh] done in 27ms @ webpack-internal:///(app-pages-browser)/./node_modules/next/dist/client/components/react-dev-overlay/app/hot-reloader-client.js:67
[  407739ms] [LOG] [Fast Refresh] rebuilding @ webpack-internal:///(app-pages-browser)/./node_modules/next/dist/client/components/react-dev-overlay/app/hot-reloader-client.js:240
[  407786ms] [LOG] [Fast Refresh] done in 48ms @ webpack-internal:///(app-pages-browser)/./node_modules/next/dist/client/components/react-dev-overlay/app/hot-reloader-client.js:67
[  408689ms] [LOG] [Fast Refresh] rebuilding @ webpack-internal:///(app-pages-browser)/./node_modules/next/dist/client/components/react-dev-overlay/app/hot-reloader-client.js:240
[  408734ms] [LOG] [Fast Refresh] done in 45ms @ webpack-internal:///(app-pages-browser)/./node_modules/next/dist/client/components/react-dev-overlay/app/hot-reloader-client.js:67
[  409824ms] [LOG] [Fast Refresh] rebuilding @ webpack-internal:///(app-pages-browser)/./node_modules/next/dist/client/components/react-dev-overlay/app/hot-reloader-client.js:240
[  409850ms] [LOG] [Fast Refresh] done in 27ms @ webpack-internal:///(app-pages-browser)/./node_modules/next/dist/client/components/react-dev-overlay/app/hot-reloader-client.js:67
[  410840ms] [LOG] [Fast Refresh] rebuilding @ webpack-internal:///(app-pages-browser)/./node_modules/next/dist/client/components/react-dev-overlay/app/hot-reloader-client.js:240
[  410883ms] [LOG] [Fast Refresh] done in 42ms @ webpack-internal:///(app-pages-browser)/./node_modules/next/dist/client/components/react-dev-overlay/app/hot-reloader-client.js:67
[  411855ms] [LOG] [Fast Refresh] rebuilding @ webpack-internal:///(app-pages-browser)/./node_modules/next/dist/client/components/react-dev-overlay/app/hot-reloader-client.js:240
[  411886ms] [LOG] [Fast Refresh] done in 32ms @ webpack-internal:///(app-pages-browser)/./node_modules/next/dist/client/components/react-dev-overlay/app/hot-reloader-client.js:67
[  412894ms] [LOG] [Fast Refresh] rebuilding @ webpack-internal:///(app-pages-browser)/./node_modules/next/dist/client/components/react-dev-overlay/app/hot-reloader-client.js:240
[  412948ms] [LOG] [Fast Refresh] done in 54ms @ webpack-internal:///(app-pages-browser)/./node_modules/next/dist/client/components/react-dev-overlay/app/hot-reloader-client.js:67
[  413934ms] [LOG] [Fast Refresh] rebuilding @ webpack-internal:///(app-pages-browser)/./node_modules/next/dist/client/components/react-dev-overlay/app/hot-reloader-client.js:240
[  413972ms] [LOG] [Fast Refresh] done in 39ms @ webpack-internal:///(app-pages-browser)/./node_modules/next/dist/client/components/react-dev-overlay/app/hot-reloader-client.js:67
[  415383ms] [LOG] [Fast Refresh] rebuilding @ webpack-internal:///(app-pages-browser)/./node_modules/next/dist/client/components/react-dev-overlay/app/hot-reloader-client.js:240
[  415423ms] [LOG] [Fast Refresh] done in 41ms @ webpack-internal:///(app-pages-browser)/./node_modules/next/dist/client/components/react-dev-overlay/app/hot-reloader-client.js:67
[  416518ms] [LOG] [Fast Refresh] rebuilding @ webpack-internal:///(app-pages-browser)/./node_modules/next/dist/client/components/react-dev-overlay/app/hot-reloader-client.js:240
[  416555ms] [LOG] [Fast Refresh] done in 36ms @ webpack-internal:///(app-pages-browser)/./node_modules/next/dist/client/components/react-dev-overlay/app/hot-reloader-client.js:67
[  417569ms] [LOG] [Fast Refresh] rebuilding @ webpack-internal:///(app-pages-browser)/./node_modules/next/dist/client/components/react-dev-overlay/app/hot-reloader-client.js:240
[  417612ms] [LOG] [Fast Refresh] done in 43ms @ webpack-internal:///(app-pages-browser)/./node_modules/next/dist/client/components/react-dev-overlay/app/hot-reloader-client.js:67
[  418630ms] [LOG] [Fast Refresh] rebuilding @ webpack-internal:///(app-pages-browser)/./node_modules/next/dist/client/components/react-dev-overlay/app/hot-reloader-client.js:240
[  418681ms] [LOG] [Fast Refresh] done in 51ms @ webpack-internal:///(app-pages-browser)/./node_modules/next/dist/client/components/react-dev-overlay/app/hot-reloader-client.js:67
[  419632ms] [LOG] [Fast Refresh] rebuilding @ webpack-internal:///(app-pages-browser)/./node_modules/next/dist/client/components/react-dev-overlay/app/hot-reloader-client.js:240
[  419678ms] [LOG] [Fast Refresh] done in 46ms @ webpack-internal:///(app-pages-browser)/./node_modules/next/dist/client/components/react-dev-overlay/app/hot-reloader-client.js:67
[  420638ms] [LOG] [Fast Refresh] rebuilding @ webpack-internal:///(app-pages-browser)/./node_modules/next/dist/client/components/react-dev-overlay/app/hot-reloader-client.js:240
[  420687ms] [LOG] [Fast Refresh] done in 49ms @ webpack-internal:///(app-pages-browser)/./node_modules/next/dist/client/components/react-dev-overlay/app/hot-reloader-client.js:67
[  421585ms] [LOG] [Fast Refresh] rebuilding @ webpack-internal:///(app-pages-browser)/./node_modules/next/dist/client/components/react-dev-overlay/app/hot-reloader-client.js:240
[  421622ms] [LOG] [Fast Refresh] done in 38ms @ webpack-internal:///(app-pages-browser)/./node_modules/next/dist/client/components/react-dev-overlay/app/hot-reloader-client.js:67
[  422746ms] [LOG] [Fast Refresh] rebuilding @ webpack-internal:///(app-pages-browser)/./node_modules/next/dist/client/components/react-dev-overlay/app/hot-reloader-client.js:240
[  422789ms] [LOG] [Fast Refresh] done in 43ms @ webpack-internal:///(app-pages-browser)/./node_modules/next/dist/client/components/react-dev-overlay/app/hot-reloader-client.js:67
[  424079ms] [LOG] [Fast Refresh] rebuilding @ webpack-internal:///(app-pages-browser)/./node_modules/next/dist/client/components/react-dev-overlay/app/hot-reloader-client.js:240
[  424141ms] [LOG] [Fast Refresh] done in 62ms @ webpack-internal:///(app-pages-browser)/./node_modules/next/dist/client/components/react-dev-overlay/app/hot-reloader-client.js:67
[  426391ms] [LOG] [Fast Refresh] done in 2312ms @ webpack-internal:///(app-pages-browser)/./node_modules/next/dist/client/components/react-dev-overlay/app/hot-reloader-client.js:67
[  426393ms] [LOG] [Fast Refresh] rebuilding @ webpack-internal:///(app-pages-browser)/./node_modules/next/dist/client/components/react-dev-overlay/app/hot-reloader-client.js:240
[  427199ms] [LOG] [Fast Refresh] rebuilding @ webpack-internal:///(app-pages-browser)/./node_modules/next/dist/client/components/react-dev-overlay/app/hot-reloader-client.js:240
[  427221ms] [LOG] [Fast Refresh] done in 22ms @ webpack-internal:///(app-pages-browser)/./node_modules/next/dist/client/components/react-dev-overlay/app/hot-reloader-client.js:67
[  428233ms] [LOG] [Fast Refresh] rebuilding @ webpack-internal:///(app-pages-browser)/./node_modules/next/dist/client/components/react-dev-overlay/app/hot-reloader-client.js:240
[  428256ms] [LOG] [Fast Refresh] done in 23ms @ webpack-internal:///(app-pages-browser)/./node_modules/next/dist/client/components/react-dev-overlay/app/hot-reloader-client.js:67
[  429252ms] [LOG] [Fast Refresh] rebuilding @ webpack-internal:///(app-pages-browser)/./node_modules/next/dist/client/components/react-dev-overlay/app/hot-reloader-client.js:240
[  429271ms] [LOG] [Fast Refresh] done in 19ms @ webpack-internal:///(app-pages-browser)/./node_modules/next/dist/client/components/react-dev-overlay/app/hot-reloader-client.js:67
[  430227ms] [LOG] [Fast Refresh] rebuilding @ webpack-internal:///(app-pages-browser)/./node_modules/next/dist/client/components/react-dev-overlay/app/hot-reloader-client.js:240
[  430237ms] [LOG] [Fast Refresh] done in 10ms @ webpack-internal:///(app-pages-browser)/./node_modules/next/dist/client/components/react-dev-overlay/app/hot-reloader-client.js:67
[  431290ms] [LOG] [Fast Refresh] rebuilding @ webpack-internal:///(app-pages-browser)/./node_modules/next/dist/client/components/react-dev-overlay/app/hot-reloader-client.js:240
[  431299ms] [LOG] [Fast Refresh] done in 8ms @ webpack-internal:///(app-pages-browser)/./node_modules/next/dist/client/components/react-dev-overlay/app/hot-reloader-client.js:67
[  432214ms] [LOG] [Fast Refresh] rebuilding @ webpack-internal:///(app-pages-browser)/./node_modules/next/dist/client/components/react-dev-overlay/app/hot-reloader-client.js:240
[  432222ms] [LOG] [Fast Refresh] done in 8ms @ webpack-internal:///(app-pages-browser)/./node_modules/next/dist/client/components/react-dev-overlay/app/hot-reloader-client.js:67
[  433201ms] [LOG] [Fast Refresh] rebuilding @ webpack-internal:///(app-pages-browser)/./node_modules/next/dist/client/components/react-dev-overlay/app/hot-reloader-client.js:240
[  433209ms] [LOG] [Fast Refresh] done in 7ms @ webpack-internal:///(app-pages-browser)/./node_modules/next/dist/client/components/react-dev-overlay/app/hot-reloader-client.js:67
[  434186ms] [LOG] [Fast Refresh] rebuilding @ webpack-internal:///(app-pages-browser)/./node_modules/next/dist/client/components/react-dev-overlay/app/hot-reloader-client.js:240
[  434218ms] [LOG] [Fast Refresh] done in 31ms @ webpack-internal:///(app-pages-browser)/./node_modules/next/dist/client/components/react-dev-overlay/app/hot-reloader-client.js:67
[  435423ms] [LOG] [Fast Refresh] rebuilding @ webpack-internal:///(app-pages-browser)/./node_modules/next/dist/client/components/react-dev-overlay/app/hot-reloader-client.js:240
[  435433ms] [LOG] [Fast Refresh] done in 9ms @ webpack-internal:///(app-pages-browser)/./node_modules/next/dist/client/components/react-dev-overlay/app/hot-reloader-client.js:67
[  436414ms] [LOG] [Fast Refresh] rebuilding @ webpack-internal:///(app-pages-browser)/./node_modules/next/dist/client/components/react-dev-overlay/app/hot-reloader-client.js:240
[  436422ms] [LOG] [Fast Refresh] done in 8ms @ webpack-internal:///(app-pages-browser)/./node_modules/next/dist/client/components/react-dev-overlay/app/hot-reloader-client.js:67
[  437381ms] [LOG] [Fast Refresh] rebuilding @ webpack-internal:///(app-pages-browser)/./node_modules/next/dist/client/components/react-dev-overlay/app/hot-reloader-client.js:240
[  437389ms] [LOG] [Fast Refresh] done in 9ms @ webpack-internal:///(app-pages-browser)/./node_modules/next/dist/client/components/react-dev-overlay/app/hot-reloader-client.js:67
[  438399ms] [LOG] [Fast Refresh] rebuilding @ webpack-internal:///(app-pages-browser)/./node_modules/next/dist/client/components/react-dev-overlay/app/hot-reloader-client.js:240
[  438407ms] [LOG] [Fast Refresh] done in 8ms @ webpack-internal:///(app-pages-browser)/./node_modules/next/dist/client/components/react-dev-overlay/app/hot-reloader-client.js:67
[  439310ms] [LOG] [Fast Refresh] rebuilding @ webpack-internal:///(app-pages-browser)/./node_modules/next/dist/client/components/react-dev-overlay/app/hot-reloader-client.js:240
[  439317ms] [LOG] [Fast Refresh] done in 7ms @ webpack-internal:///(app-pages-browser)/./node_modules/next/dist/client/components/react-dev-overlay/app/hot-reloader-client.js:67
[  440237ms] [LOG] [Fast Refresh] rebuilding @ webpack-internal:///(app-pages-browser)/./node_modules/next/dist/client/components/react-dev-overlay/app/hot-reloader-client.js:240
[  440244ms] [LOG] [Fast Refresh] done in 7ms @ webpack-internal:///(app-pages-browser)/./node_modules/next/dist/client/components/react-dev-overlay/app/hot-reloader-client.js:67
[  441152ms] [LOG] [Fast Refresh] rebuilding @ webpack-internal:///(app-pages-browser)/./node_modules/next/dist/client/components/react-dev-overlay/app/hot-reloader-client.js:240
[  441160ms] [LOG] [Fast Refresh] done in 8ms @ webpack-internal:///(app-pages-browser)/./node_modules/next/dist/client/components/react-dev-overlay/app/hot-reloader-client.js:67
[  442229ms] [LOG] [Fast Refresh] rebuilding @ webpack-internal:///(app-pages-browser)/./node_modules/next/dist/client/components/react-dev-overlay/app/hot-reloader-client.js:240
[  442236ms] [LOG] [Fast Refresh] done in 7ms @ webpack-internal:///(app-pages-browser)/./node_modules/next/dist/client/components/react-dev-overlay/app/hot-reloader-client.js:67
[  443355ms] [LOG] [Fast Refresh] rebuilding @ webpack-internal:///(app-pages-browser)/./node_modules/next/dist/client/components/react-dev-overlay/app/hot-reloader-client.js:240
[  443377ms] [LOG] [Fast Refresh] done in 21ms @ webpack-internal:///(app-pages-browser)/./node_modules/next/dist/client/components/react-dev-overlay/app/hot-reloader-client.js:67
[  444379ms] [LOG] [Fast Refresh] rebuilding @ webpack-internal:///(app-pages-browser)/./node_modules/next/dist/client/components/react-dev-overlay/app/hot-reloader-client.js:240
[  444395ms] [LOG] [Fast Refresh] done in 17ms @ webpack-internal:///(app-pages-browser)/./node_modules/next/dist/client/components/react-dev-overlay/app/hot-reloader-client.js:67
[  445407ms] [LOG] [Fast Refresh] rebuilding @ webpack-internal:///(app-pages-browser)/./node_modules/next/dist/client/components/react-dev-overlay/app/hot-reloader-client.js:240
[  445469ms] [LOG] [Fast Refresh] done in 63ms @ webpack-internal:///(app-pages-browser)/./node_modules/next/dist/client/components/react-dev-overlay/app/hot-reloader-client.js:67
[  446458ms] [LOG] [Fast Refresh] rebuilding @ webpack-internal:///(app-pages-browser)/./node_modules/next/dist/client/components/react-dev-overlay/app/hot-reloader-client.js:240
[  446478ms] [LOG] [Fast Refresh] done in 21ms @ webpack-internal:///(app-pages-browser)/./node_modules/next/dist/client/components/react-dev-overlay/app/hot-reloader-client.js:67
[  447466ms] [LOG] [Fast Refresh] rebuilding @ webpack-internal:///(app-pages-browser)/./node_modules/next/dist/client/components/react-dev-overlay/app/hot-reloader-client.js:240
[  447488ms] [LOG] [Fast Refresh] done in 21ms @ webpack-internal:///(app-pages-browser)/./node_modules/next/dist/client/components/react-dev-overlay/app/hot-reloader-client.js:67
[  448461ms] [LOG] [Fast Refresh] rebuilding @ webpack-internal:///(app-pages-browser)/./node_modules/next/dist/client/components/react-dev-overlay/app/hot-reloader-client.js:240
[  448471ms] [LOG] [Fast Refresh] done in 10ms @ webpack-internal:///(app-pages-browser)/./node_modules/next/dist/client/components/react-dev-overlay/app/hot-reloader-client.js:67
[  449466ms] [LOG] [Fast Refresh] rebuilding @ webpack-internal:///(app-pages-browser)/./node_modules/next/dist/client/components/react-dev-overlay/app/hot-reloader-client.js:240
[  449493ms] [LOG] [Fast Refresh] done in 26ms @ webpack-internal:///(app-pages-browser)/./node_modules/next/dist/client/components/react-dev-overlay/app/hot-reloader-client.js:67
[  450518ms] [LOG] [Fast Refresh] rebuilding @ webpack-internal:///(app-pages-browser)/./node_modules/next/dist/client/components/react-dev-overlay/app/hot-reloader-client.js:240
[  450537ms] [LOG] [Fast Refresh] done in 19ms @ webpack-internal:///(app-pages-browser)/./node_modules/next/dist/client/components/react-dev-overlay/app/hot-reloader-client.js:67
[  451560ms] [LOG] [Fast Refresh] rebuilding @ webpack-internal:///(app-pages-browser)/./node_modules/next/dist/client/components/react-dev-overlay/app/hot-reloader-client.js:240
[  451645ms] [LOG] [Fast Refresh] done in 84ms @ webpack-internal:///(app-pages-browser)/./node_modules/next/dist/client/components/react-dev-overlay/app/hot-reloader-client.js:67
[  452767ms] [LOG] [Fast Refresh] rebuilding @ webpack-internal:///(app-pages-browser)/./node_modules/next/dist/client/components/react-dev-overlay/app/hot-reloader-client.js:240
[  452789ms] [LOG] [Fast Refresh] done in 21ms @ webpack-internal:///(app-pages-browser)/./node_modules/next/dist/client/components/react-dev-overlay/app/hot-reloader-client.js:67
[  453821ms] [LOG] [Fast Refresh] rebuilding @ webpack-internal:///(app-pages-browser)/./node_modules/next/dist/client/components/react-dev-overlay/app/hot-reloader-client.js:240
[  453846ms] [LOG] [Fast Refresh] done in 25ms @ webpack-internal:///(app-pages-browser)/./node_modules/next/dist/client/components/react-dev-overlay/app/hot-reloader-client.js:67
[  454784ms] [LOG] [Fast Refresh] rebuilding @ webpack-internal:///(app-pages-browser)/./node_modules/next/dist/client/components/react-dev-overlay/app/hot-reloader-client.js:240
[  454806ms] [LOG] [Fast Refresh] done in 23ms @ webpack-internal:///(app-pages-browser)/./node_modules/next/dist/client/components/react-dev-overlay/app/hot-reloader-client.js:67
[  455777ms] [LOG] [Fast Refresh] rebuilding @ webpack-internal:///(app-pages-browser)/./node_modules/next/dist/client/components/react-dev-overlay/app/hot-reloader-client.js:240
[  455797ms] [LOG] [Fast Refresh] done in 21ms @ webpack-internal:///(app-pages-browser)/./node_modules/next/dist/client/components/react-dev-overlay/app/hot-reloader-client.js:67
[  456785ms] [LOG] [Fast Refresh] rebuilding @ webpack-internal:///(app-pages-browser)/./node_modules/next/dist/client/components/react-dev-overlay/app/hot-reloader-client.js:240
[  456806ms] [LOG] [Fast Refresh] done in 21ms @ webpack-internal:///(app-pages-browser)/./node_modules/next/dist/client/components/react-dev-overlay/app/hot-reloader-client.js:67
[  457799ms] [LOG] [Fast Refresh] rebuilding @ webpack-internal:///(app-pages-browser)/./node_modules/next/dist/client/components/react-dev-overlay/app/hot-reloader-client.js:240
[  457822ms] [LOG] [Fast Refresh] done in 22ms @ webpack-internal:///(app-pages-browser)/./node_modules/next/dist/client/components/react-dev-overlay/app/hot-reloader-client.js:67
[  458780ms] [LOG] [Fast Refresh] rebuilding @ webpack-internal:///(app-pages-browser)/./node_modules/next/dist/client/components/react-dev-overlay/app/hot-reloader-client.js:240
[  458824ms] [LOG] [Fast Refresh] done in 44ms @ webpack-internal:///(app-pages-browser)/./node_modules/next/dist/client/components/react-dev-overlay/app/hot-reloader-client.js:67
[  459739ms] [LOG] [Fast Refresh] rebuilding @ webpack-internal:///(app-pages-browser)/./node_modules/next/dist/client/components/react-dev-overlay/app/hot-reloader-client.js:240
[  459834ms] [LOG] [Fast Refresh] done in 94ms @ webpack-internal:///(app-pages-browser)/./node_modules/next/dist/client/components/react-dev-overlay/app/hot-reloader-client.js:67
[  460698ms] [LOG] [Fast Refresh] rebuilding @ webpack-internal:///(app-pages-browser)/./node_modules/next/dist/client/components/react-dev-overlay/app/hot-reloader-client.js:240
[  460713ms] [LOG] [Fast Refresh] done in 16ms @ webpack-internal:///(app-pages-browser)/./node_modules/next/dist/client/components/react-dev-overlay/app/hot-reloader-client.js:67
[  461333ms] [LOG] [Fast Refresh] rebuilding @ webpack-internal:///(app-pages-browser)/./node_modules/next/dist/client/components/react-dev-overlay/app/hot-reloader-client.js:240
[  461348ms] [LOG] [Fast Refresh] done in 14ms @ webpack-internal:///(app-pages-browser)/./node_modules/next/dist/client/components/react-dev-overlay/app/hot-reloader-client.js:67
[  462106ms] [LOG] [Fast Refresh] rebuilding @ webpack-internal:///(app-pages-browser)/./node_modules/next/dist/client/components/react-dev-overlay/app/hot-reloader-client.js:240
[  462128ms] [LOG] [Fast Refresh] done in 22ms @ webpack-internal:///(app-pages-browser)/./node_modules/next/dist/client/components/react-dev-overlay/app/hot-reloader-client.js:67
[  463291ms] [LOG] [Fast Refresh] rebuilding @ webpack-internal:///(app-pages-browser)/./node_modules/next/dist/client/components/react-dev-overlay/app/hot-reloader-client.js:240
[  463313ms] [LOG] [Fast Refresh] done in 23ms @ webpack-internal:///(app-pages-browser)/./node_modules/next/dist/client/components/react-dev-overlay/app/hot-reloader-client.js:67
[  464282ms] [LOG] [Fast Refresh] rebuilding @ webpack-internal:///(app-pages-browser)/./node_modules/next/dist/client/components/react-dev-overlay/app/hot-reloader-client.js:240
[  464312ms] [LOG] [Fast Refresh] done in 30ms @ webpack-internal:///(app-pages-browser)/./node_modules/next/dist/client/components/react-dev-overlay/app/hot-reloader-client.js:67
[  465328ms] [LOG] [Fast Refresh] rebuilding @ webpack-internal:///(app-pages-browser)/./node_modules/next/dist/client/components/react-dev-overlay/app/hot-reloader-client.js:240
[  465349ms] [LOG] [Fast Refresh] done in 21ms @ webpack-internal:///(app-pages-browser)/./node_modules/next/dist/client/components/react-dev-overlay/app/hot-reloader-client.js:67
[  466360ms] [LOG] [Fast Refresh] rebuilding @ webpack-internal:///(app-pages-browser)/./node_modules/next/dist/client/components/react-dev-overlay/app/hot-reloader-client.js:240
[  466385ms] [LOG] [Fast Refresh] done in 25ms @ webpack-internal:///(app-pages-browser)/./node_modules/next/dist/client/components/react-dev-overlay/app/hot-reloader-client.js:67
[  467321ms] [LOG] [Fast Refresh] rebuilding @ webpack-internal:///(app-pages-browser)/./node_modules/next/dist/client/components/react-dev-overlay/app/hot-reloader-client.js:240
[  467399ms] [LOG] [Fast Refresh] done in 79ms @ webpack-internal:///(app-pages-browser)/./node_modules/next/dist/client/components/react-dev-overlay/app/hot-reloader-client.js:67
[  468481ms] [LOG] [Fast Refresh] rebuilding @ webpack-internal:///(app-pages-browser)/./node_modules/next/dist/client/components/react-dev-overlay/app/hot-reloader-client.js:240
[  468502ms] [LOG] [Fast Refresh] done in 21ms @ webpack-internal:///(app-pages-browser)/./node_modules/next/dist/client/components/react-dev-overlay/app/hot-reloader-client.js:67
[  469534ms] [LOG] [Fast Refresh] rebuilding @ webpack-internal:///(app-pages-browser)/./node_modules/next/dist/client/components/react-dev-overlay/app/hot-reloader-client.js:240
[  469558ms] [LOG] [Fast Refresh] done in 24ms @ webpack-internal:///(app-pages-browser)/./node_modules/next/dist/client/components/react-dev-overlay/app/hot-reloader-client.js:67
[  470518ms] [LOG] [Fast Refresh] rebuilding @ webpack-internal:///(app-pages-browser)/./node_modules/next/dist/client/components/react-dev-overlay/app/hot-reloader-client.js:240
[  470536ms] [LOG] [Fast Refresh] done in 18ms @ webpack-internal:///(app-pages-browser)/./node_modules/next/dist/client/components/react-dev-overlay/app/hot-reloader-client.js:67
[  471556ms] [LOG] [Fast Refresh] rebuilding @ webpack-internal:///(app-pages-browser)/./node_modules/next/dist/client/components/react-dev-overlay/app/hot-reloader-client.js:240
[  471576ms] [LOG] [Fast Refresh] done in 20ms @ webpack-internal:///(app-pages-browser)/./node_modules/next/dist/client/components/react-dev-overlay/app/hot-reloader-client.js:67
[  472558ms] [LOG] [Fast Refresh] rebuilding @ webpack-internal:///(app-pages-browser)/./node_modules/next/dist/client/components/react-dev-overlay/app/hot-reloader-client.js:240
[  472580ms] [LOG] [Fast Refresh] done in 21ms @ webpack-internal:///(app-pages-browser)/./node_modules/next/dist/client/components/react-dev-overlay/app/hot-reloader-client.js:67
[  473642ms] [LOG] [Fast Refresh] rebuilding @ webpack-internal:///(app-pages-browser)/./node_modules/next/dist/client/components/react-dev-overlay/app/hot-reloader-client.js:240
[  473663ms] [LOG] [Fast Refresh] done in 21ms @ webpack-internal:///(app-pages-browser)/./node_modules/next/dist/client/components/react-dev-overlay/app/hot-reloader-client.js:67
[  474588ms] [LOG] [Fast Refresh] rebuilding @ webpack-internal:///(app-pages-browser)/./node_modules/next/dist/client/components/react-dev-overlay/app/hot-reloader-client.js:240
[  474608ms] [LOG] [Fast Refresh] done in 19ms @ webpack-internal:///(app-pages-browser)/./node_modules/next/dist/client/components/react-dev-overlay/app/hot-reloader-client.js:67
[  475586ms] [LOG] [Fast Refresh] rebuilding @ webpack-internal:///(app-pages-browser)/./node_modules/next/dist/client/components/react-dev-overlay/app/hot-reloader-client.js:240
[  475660ms] [LOG] [Fast Refresh] done in 75ms @ webpack-internal:///(app-pages-browser)/./node_modules/next/dist/client/components/react-dev-overlay/app/hot-reloader-client.js:67
[  476837ms] [LOG] [Fast Refresh] rebuilding @ webpack-internal:///(app-pages-browser)/./node_modules/next/dist/client/components/react-dev-overlay/app/hot-reloader-client.js:240
[  476862ms] [LOG] [Fast Refresh] done in 24ms @ webpack-internal:///(app-pages-browser)/./node_modules/next/dist/client/components/react-dev-overlay/app/hot-reloader-client.js:67
[  477836ms] [LOG] [Fast Refresh] rebuilding @ webpack-internal:///(app-pages-browser)/./node_modules/next/dist/client/components/react-dev-overlay/app/hot-reloader-client.js:240
[  477859ms] [LOG] [Fast Refresh] done in 23ms @ webpack-internal:///(app-pages-browser)/./node_modules/next/dist/client/components/react-dev-overlay/app/hot-reloader-client.js:67
[  478840ms] [LOG] [Fast Refresh] rebuilding @ webpack-internal:///(app-pages-browser)/./node_modules/next/dist/client/components/react-dev-overlay/app/hot-reloader-client.js:240
[  478862ms] [LOG] [Fast Refresh] done in 21ms @ webpack-internal:///(app-pages-browser)/./node_modules/next/dist/client/components/react-dev-overlay/app/hot-reloader-client.js:67
[  479837ms] [LOG] [Fast Refresh] rebuilding @ webpack-internal:///(app-pages-browser)/./node_modules/next/dist/client/components/react-dev-overlay/app/hot-reloader-client.js:240
[  479858ms] [LOG] [Fast Refresh] done in 21ms @ webpack-internal:///(app-pages-browser)/./node_modules/next/dist/client/components/react-dev-overlay/app/hot-reloader-client.js:67
[  480822ms] [LOG] [Fast Refresh] rebuilding @ webpack-internal:///(app-pages-browser)/./node_modules/next/dist/client/components/react-dev-overlay/app/hot-reloader-client.js:240
[  480843ms] [LOG] [Fast Refresh] done in 21ms @ webpack-internal:///(app-pages-browser)/./node_modules/next/dist/client/components/react-dev-overlay/app/hot-reloader-client.js:67
[  481864ms] [LOG] [Fast Refresh] rebuilding @ webpack-internal:///(app-pages-browser)/./node_modules/next/dist/client/components/react-dev-overlay/app/hot-reloader-client.js:240
[  481884ms] [LOG] [Fast Refresh] done in 20ms @ webpack-internal:///(app-pages-browser)/./node_modules/next/dist/client/components/react-dev-overlay/app/hot-reloader-client.js:67
[  482833ms] [LOG] [Fast Refresh] rebuilding @ webpack-internal:///(app-pages-browser)/./node_modules/next/dist/client/components/react-dev-overlay/app/hot-reloader-client.js:240
[  482856ms] [LOG] [Fast Refresh] done in 23ms @ webpack-internal:///(app-pages-browser)/./node_modules/next/dist/client/components/react-dev-overlay/app/hot-reloader-client.js:67
[  483842ms] [LOG] [Fast Refresh] rebuilding @ webpack-internal:///(app-pages-browser)/./node_modules/next/dist/client/components/react-dev-overlay/app/hot-reloader-client.js:240
[  483913ms] [LOG] [Fast Refresh] done in 70ms @ webpack-internal:///(app-pages-browser)/./node_modules/next/dist/client/components/react-dev-overlay/app/hot-reloader-client.js:67
[  485038ms] [LOG] [Fast Refresh] rebuilding @ webpack-internal:///(app-pages-browser)/./node_modules/next/dist/client/components/react-dev-overlay/app/hot-reloader-client.js:240
[  485062ms] [LOG] [Fast Refresh] done in 24ms @ webpack-internal:///(app-pages-browser)/./node_modules/next/dist/client/components/react-dev-overlay/app/hot-reloader-client.js:67
[  486344ms] [LOG] [Fast Refresh] rebuilding @ webpack-internal:///(app-pages-browser)/./node_modules/next/dist/client/components/react-dev-overlay/app/hot-reloader-client.js:240
[  486426ms] [LOG] [Fast Refresh] done in 83ms @ webpack-internal:///(app-pages-browser)/./node_modules/next/dist/client/components/react-dev-overlay/app/hot-reloader-client.js:67
[  487435ms] [LOG] [Fast Refresh] rebuilding @ webpack-internal:///(app-pages-browser)/./node_modules/next/dist/client/components/react-dev-overlay/app/hot-reloader-client.js:240
[  487459ms] [LOG] [Fast Refresh] done in 24ms @ webpack-internal:///(app-pages-browser)/./node_modules/next/dist/client/components/react-dev-overlay/app/hot-reloader-client.js:67
[  488458ms] [LOG] [Fast Refresh] rebuilding @ webpack-internal:///(app-pages-browser)/./node_modules/next/dist/client/components/react-dev-overlay/app/hot-reloader-client.js:240
[  488479ms] [LOG] [Fast Refresh] done in 21ms @ webpack-internal:///(app-pages-browser)/./node_modules/next/dist/client/components/react-dev-overlay/app/hot-reloader-client.js:67
[  489390ms] [LOG] [Fast Refresh] rebuilding @ webpack-internal:///(app-pages-browser)/./node_modules/next/dist/client/components/react-dev-overlay/app/hot-reloader-client.js:240
[  489410ms] [LOG] [Fast Refresh] done in 21ms @ webpack-internal:///(app-pages-browser)/./node_modules/next/dist/client/components/react-dev-overlay/app/hot-reloader-client.js:67
[  490402ms] [LOG] [Fast Refresh] rebuilding @ webpack-internal:///(app-pages-browser)/./node_modules/next/dist/client/components/react-dev-overlay/app/hot-reloader-client.js:240
[  490425ms] [LOG] [Fast Refresh] done in 23ms @ webpack-internal:///(app-pages-browser)/./node_modules/next/dist/client/components/react-dev-overlay/app/hot-reloader-client.js:67
[  491440ms] [LOG] [Fast Refresh] rebuilding @ webpack-internal:///(app-pages-browser)/./node_modules/next/dist/client/components/react-dev-overlay/app/hot-reloader-client.js:240
[  491461ms] [LOG] [Fast Refresh] done in 22ms @ webpack-internal:///(app-pages-browser)/./node_modules/next/dist/client/components/react-dev-overlay/app/hot-reloader-client.js:67
[  492497ms] [LOG] [Fast Refresh] rebuilding @ webpack-internal:///(app-pages-browser)/./node_modules/next/dist/client/components/react-dev-overlay/app/hot-reloader-client.js:240
[  492519ms] [LOG] [Fast Refresh] done in 21ms @ webpack-internal:///(app-pages-browser)/./node_modules/next/dist/client/components/react-dev-overlay/app/hot-reloader-client.js:67
[  493536ms] [LOG] [Fast Refresh] rebuilding @ webpack-internal:///(app-pages-browser)/./node_modules/next/dist/client/components/react-dev-overlay/app/hot-reloader-client.js:240
[  493563ms] [LOG] [Fast Refresh] done in 27ms @ webpack-internal:///(app-pages-browser)/./node_modules/next/dist/client/components/react-dev-overlay/app/hot-reloader-client.js:67
[  494625ms] [LOG] [Fast Refresh] rebuilding @ webpack-internal:///(app-pages-browser)/./node_modules/next/dist/client/components/react-dev-overlay/app/hot-reloader-client.js:240
[  494763ms] [LOG] [Fast Refresh] done in 138ms @ webpack-internal:///(app-pages-browser)/./node_modules/next/dist/client/components/react-dev-overlay/app/hot-reloader-client.js:67
[  495818ms] [LOG] [Fast Refresh] rebuilding @ webpack-internal:///(app-pages-browser)/./node_modules/next/dist/client/components/react-dev-overlay/app/hot-reloader-client.js:240
[  495854ms] [LOG] [Fast Refresh] done in 36ms @ webpack-internal:///(app-pages-browser)/./node_modules/next/dist/client/components/react-dev-overlay/app/hot-reloader-client.js:67
[  496840ms] [LOG] [Fast Refresh] rebuilding @ webpack-internal:///(app-pages-browser)/./node_modules/next/dist/client/components/react-dev-overlay/app/hot-reloader-client.js:240
[  496882ms] [LOG] [Fast Refresh] done in 43ms @ webpack-internal:///(app-pages-browser)/./node_modules/next/dist/client/components/react-dev-overlay/app/hot-reloader-client.js:67
[  497788ms] [LOG] [Fast Refresh] rebuilding @ webpack-internal:///(app-pages-browser)/./node_modules/next/dist/client/components/react-dev-overlay/app/hot-reloader-client.js:240
[  497835ms] [LOG] [Fast Refresh] done in 46ms @ webpack-internal:///(app-pages-browser)/./node_modules/next/dist/client/components/react-dev-overlay/app/hot-reloader-client.js:67
[  498775ms] [LOG] [Fast Refresh] rebuilding @ webpack-internal:///(app-pages-browser)/./node_modules/next/dist/client/components/react-dev-overlay/app/hot-reloader-client.js:240
[  498817ms] [LOG] [Fast Refresh] done in 42ms @ webpack-internal:///(app-pages-browser)/./node_modules/next/dist/client/components/react-dev-overlay/app/hot-reloader-client.js:67
[  499670ms] [LOG] [Fast Refresh] rebuilding @ webpack-internal:///(app-pages-browser)/./node_modules/next/dist/client/components/react-dev-overlay/app/hot-reloader-client.js:240
[  499684ms] [LOG] [Fast Refresh] done in 14ms @ webpack-internal:///(app-pages-browser)/./node_modules/next/dist/client/components/react-dev-overlay/app/hot-reloader-client.js:67
[  500282ms] [LOG] [Fast Refresh] rebuilding @ webpack-internal:///(app-pages-browser)/./node_modules/next/dist/client/components/react-dev-overlay/app/hot-reloader-client.js:240
[  500295ms] [LOG] [Fast Refresh] done in 14ms @ webpack-internal:///(app-pages-browser)/./node_modules/next/dist/client/components/react-dev-overlay/app/hot-reloader-client.js:67
[  500892ms] [LOG] [Fast Refresh] rebuilding @ webpack-internal:///(app-pages-browser)/./node_modules/next/dist/client/components/react-dev-overlay/app/hot-reloader-client.js:240
[  500900ms] [LOG] [Fast Refresh] done in 8ms @ webpack-internal:///(app-pages-browser)/./node_modules/next/dist/client/components/react-dev-overlay/app/hot-reloader-client.js:67
[  501506ms] [LOG] [Fast Refresh] rebuilding @ webpack-internal:///(app-pages-browser)/./node_modules/next/dist/client/components/react-dev-overlay/app/hot-reloader-client.js:240
[  501547ms] [LOG] [Fast Refresh] done in 40ms @ webpack-internal:///(app-pages-browser)/./node_modules/next/dist/client/components/react-dev-overlay/app/hot-reloader-client.js:67
[  502269ms] [LOG] [Fast Refresh] rebuilding @ webpack-internal:///(app-pages-browser)/./node_modules/next/dist/client/components/react-dev-overlay/app/hot-reloader-client.js:240
[  502276ms] [LOG] [Fast Refresh] done in 7ms @ webpack-internal:///(app-pages-browser)/./node_modules/next/dist/client/components/react-dev-overlay/app/hot-reloader-client.js:67
[  502884ms] [LOG] [Fast Refresh] rebuilding @ webpack-internal:///(app-pages-browser)/./node_modules/next/dist/client/components/react-dev-overlay/app/hot-reloader-client.js:240
[  502902ms] [LOG] [Fast Refresh] done in 17ms @ webpack-internal:///(app-pages-browser)/./node_modules/next/dist/client/components/react-dev-overlay/app/hot-reloader-client.js:67
[  503491ms] [LOG] [Fast Refresh] rebuilding @ webpack-internal:///(app-pages-browser)/./node_modules/next/dist/client/components/react-dev-overlay/app/hot-reloader-client.js:240
[  503507ms] [LOG] [Fast Refresh] done in 16ms @ webpack-internal:///(app-pages-browser)/./node_modules/next/dist/client/components/react-dev-overlay/app/hot-reloader-client.js:67
[  504100ms] [LOG] [Fast Refresh] rebuilding @ webpack-internal:///(app-pages-browser)/./node_modules/next/dist/client/components/react-dev-overlay/app/hot-reloader-client.js:240
[  504109ms] [LOG] [Fast Refresh] done in 8ms @ webpack-internal:///(app-pages-browser)/./node_modules/next/dist/client/components/react-dev-overlay/app/hot-reloader-client.js:67
[  504706ms] [LOG] [Fast Refresh] rebuilding @ webpack-internal:///(app-pages-browser)/./node_modules/next/dist/client/components/react-dev-overlay/app/hot-reloader-client.js:240
[  504720ms] [LOG] [Fast Refresh] done in 15ms @ webpack-internal:///(app-pages-browser)/./node_modules/next/dist/client/components/react-dev-overlay/app/hot-reloader-client.js:67
[  505333ms] [LOG] [Fast Refresh] rebuilding @ webpack-internal:///(app-pages-browser)/./node_modules/next/dist/client/components/react-dev-overlay/app/hot-reloader-client.js:240
[  505349ms] [LOG] [Fast Refresh] done in 16ms @ webpack-internal:///(app-pages-browser)/./node_modules/next/dist/client/components/react-dev-overlay/app/hot-reloader-client.js:67
[  505941ms] [LOG] [Fast Refresh] rebuilding @ webpack-internal:///(app-pages-browser)/./node_modules/next/dist/client/components/react-dev-overlay/app/hot-reloader-client.js:240
[  505951ms] [LOG] [Fast Refresh] done in 9ms @ webpack-internal:///(app-pages-browser)/./node_modules/next/dist/client/components/react-dev-overlay/app/hot-reloader-client.js:67
[  506576ms] [LOG] [Fast Refresh] rebuilding @ webpack-internal:///(app-pages-browser)/./node_modules/next/dist/client/components/react-dev-overlay/app/hot-reloader-client.js:240
[  506628ms] [LOG] [Fast Refresh] done in 53ms @ webpack-internal:///(app-pages-browser)/./node_modules/next/dist/client/components/react-dev-overlay/app/hot-reloader-client.js:67
[  507317ms] [LOG] [Fast Refresh] rebuilding @ webpack-internal:///(app-pages-browser)/./node_modules/next/dist/client/components/react-dev-overlay/app/hot-reloader-client.js:240
[  507333ms] [LOG] [Fast Refresh] done in 16ms @ webpack-internal:///(app-pages-browser)/./node_modules/next/dist/client/components/react-dev-overlay/app/hot-reloader-client.js:67
[  507953ms] [LOG] [Fast Refresh] rebuilding @ webpack-internal:///(app-pages-browser)/./node_modules/next/dist/client/components/react-dev-overlay/app/hot-reloader-client.js:240
[  507969ms] [LOG] [Fast Refresh] done in 15ms @ webpack-internal:///(app-pages-browser)/./node_modules/next/dist/client/components/react-dev-overlay/app/hot-reloader-client.js:67
[  508565ms] [LOG] [Fast Refresh] rebuilding @ webpack-internal:///(app-pages-browser)/./node_modules/next/dist/client/components/react-dev-overlay/app/hot-reloader-client.js:240
[  508573ms] [LOG] [Fast Refresh] done in 9ms @ webpack-internal:///(app-pages-browser)/./node_modules/next/dist/client/components/react-dev-overlay/app/hot-reloader-client.js:67
[  509180ms] [LOG] [Fast Refresh] rebuilding @ webpack-internal:///(app-pages-browser)/./node_modules/next/dist/client/components/react-dev-overlay/app/hot-reloader-client.js:240
[  509193ms] [LOG] [Fast Refresh] done in 13ms @ webpack-internal:///(app-pages-browser)/./node_modules/next/dist/client/components/react-dev-overlay/app/hot-reloader-client.js:67
[  509793ms] [LOG] [Fast Refresh] rebuilding @ webpack-internal:///(app-pages-browser)/./node_modules/next/dist/client/components/react-dev-overlay/app/hot-reloader-client.js:240
[  509808ms] [LOG] [Fast Refresh] done in 14ms @ webpack-internal:///(app-pages-browser)/./node_modules/next/dist/client/components/react-dev-overlay/app/hot-reloader-client.js:67
[  510414ms] [LOG] [Fast Refresh] rebuilding @ webpack-internal:///(app-pages-browser)/./node_modules/next/dist/client/components/react-dev-overlay/app/hot-reloader-client.js:240
[  510429ms] [LOG] [Fast Refresh] done in 14ms @ webpack-internal:///(app-pages-browser)/./node_modules/next/dist/client/components/react-dev-overlay/app/hot-reloader-client.js:67
[  511031ms] [LOG] [Fast Refresh] rebuilding @ webpack-internal:///(app-pages-browser)/./node_modules/next/dist/client/components/react-dev-overlay/app/hot-reloader-client.js:240
[  511039ms] [LOG] [Fast Refresh] done in 8ms @ webpack-internal:///(app-pages-browser)/./node_modules/next/dist/client/components/react-dev-overlay/app/hot-reloader-client.js:67
[  511679ms] [LOG] [Fast Refresh] rebuilding @ webpack-internal:///(app-pages-browser)/./node_modules/next/dist/client/components/react-dev-overlay/app/hot-reloader-client.js:240
[  511731ms] [LOG] [Fast Refresh] done in 51ms @ webpack-internal:///(app-pages-browser)/./node_modules/next/dist/client/components/react-dev-overlay/app/hot-reloader-client.js:67
[  512421ms] [LOG] [Fast Refresh] rebuilding @ webpack-internal:///(app-pages-browser)/./node_modules/next/dist/client/components/react-dev-overlay/app/hot-reloader-client.js:240
[  512429ms] [LOG] [Fast Refresh] done in 7ms @ webpack-internal:///(app-pages-browser)/./node_modules/next/dist/client/components/react-dev-overlay/app/hot-reloader-client.js:67
[  513057ms] [LOG] [Fast Refresh] rebuilding @ webpack-internal:///(app-pages-browser)/./node_modules/next/dist/client/components/react-dev-overlay/app/hot-reloader-client.js:240
[  513065ms] [LOG] [Fast Refresh] done in 9ms @ webpack-internal:///(app-pages-browser)/./node_modules/next/dist/client/components/react-dev-overlay/app/hot-reloader-client.js:67
[  513696ms] [LOG] [Fast Refresh] rebuilding @ webpack-internal:///(app-pages-browser)/./node_modules/next/dist/client/components/react-dev-overlay/app/hot-reloader-client.js:240
[  513710ms] [LOG] [Fast Refresh] done in 15ms @ webpack-internal:///(app-pages-browser)/./node_modules/next/dist/client/components/react-dev-overlay/app/hot-reloader-client.js:67
[  514307ms] [LOG] [Fast Refresh] rebuilding @ webpack-internal:///(app-pages-browser)/./node_modules/next/dist/client/components/react-dev-overlay/app/hot-reloader-client.js:240
[  514321ms] [LOG] [Fast Refresh] done in 14ms @ webpack-internal:///(app-pages-browser)/./node_modules/next/dist/client/components/react-dev-overlay/app/hot-reloader-client.js:67
[  514916ms] [LOG] [Fast Refresh] rebuilding @ webpack-internal:///(app-pages-browser)/./node_modules/next/dist/client/components/react-dev-overlay/app/hot-reloader-client.js:240
[  514930ms] [LOG] [Fast Refresh] done in 14ms @ webpack-internal:///(app-pages-browser)/./node_modules/next/dist/client/components/react-dev-overlay/app/hot-reloader-client.js:67
[  515536ms] [LOG] [Fast Refresh] rebuilding @ webpack-internal:///(app-pages-browser)/./node_modules/next/dist/client/components/react-dev-overlay/app/hot-reloader-client.js:240
[  515550ms] [LOG] [Fast Refresh] done in 14ms @ webpack-internal:///(app-pages-browser)/./node_modules/next/dist/client/components/react-dev-overlay/app/hot-reloader-client.js:67
[  516154ms] [LOG] [Fast Refresh] rebuilding @ webpack-internal:///(app-pages-browser)/./node_modules/next/dist/client/components/react-dev-overlay/app/hot-reloader-client.js:240
[  516169ms] [LOG] [Fast Refresh] done in 15ms @ webpack-internal:///(app-pages-browser)/./node_modules/next/dist/client/components/react-dev-overlay/app/hot-reloader-client.js:67
[  516800ms] [LOG] [Fast Refresh] rebuilding @ webpack-internal:///(app-pages-browser)/./node_modules/next/dist/client/components/react-dev-overlay/app/hot-reloader-client.js:240
[  516849ms] [LOG] [Fast Refresh] done in 49ms @ webpack-internal:///(app-pages-browser)/./node_modules/next/dist/client/components/react-dev-overlay/app/hot-reloader-client.js:67
[  517539ms] [LOG] [Fast Refresh] rebuilding @ webpack-internal:///(app-pages-browser)/./node_modules/next/dist/client/components/react-dev-overlay/app/hot-reloader-client.js:240
[  517555ms] [LOG] [Fast Refresh] done in 16ms @ webpack-internal:///(app-pages-browser)/./node_modules/next/dist/client/components/react-dev-overlay/app/hot-reloader-client.js:67
[  518161ms] [LOG] [Fast Refresh] rebuilding @ webpack-internal:///(app-pages-browser)/./node_modules/next/dist/client/components/react-dev-overlay/app/hot-reloader-client.js:240
[  518178ms] [LOG] [Fast Refresh] done in 17ms @ webpack-internal:///(app-pages-browser)/./node_modules/next/dist/client/components/react-dev-overlay/app/hot-reloader-client.js:67
[  518765ms] [LOG] [Fast Refresh] rebuilding @ webpack-internal:///(app-pages-browser)/./node_modules/next/dist/client/components/react-dev-overlay/app/hot-reloader-client.js:240
[  518772ms] [LOG] [Fast Refresh] done in 8ms @ webpack-internal:///(app-pages-browser)/./node_modules/next/dist/client/components/react-dev-overlay/app/hot-reloader-client.js:67
[  519381ms] [LOG] [Fast Refresh] rebuilding @ webpack-internal:///(app-pages-browser)/./node_modules/next/dist/client/components/react-dev-overlay/app/hot-reloader-client.js:240
[  519394ms] [LOG] [Fast Refresh] done in 13ms @ webpack-internal:///(app-pages-browser)/./node_modules/next/dist/client/components/react-dev-overlay/app/hot-reloader-client.js:67
[  519987ms] [LOG] [Fast Refresh] rebuilding @ webpack-internal:///(app-pages-browser)/./node_modules/next/dist/client/components/react-dev-overlay/app/hot-reloader-client.js:240
[  519995ms] [LOG] [Fast Refresh] done in 8ms @ webpack-internal:///(app-pages-browser)/./node_modules/next/dist/client/components/react-dev-overlay/app/hot-reloader-client.js:67
[  520600ms] [LOG] [Fast Refresh] rebuilding @ webpack-internal:///(app-pages-browser)/./node_modules/next/dist/client/components/react-dev-overlay/app/hot-reloader-client.js:240
[  520616ms] [LOG] [Fast Refresh] done in 15ms @ webpack-internal:///(app-pages-browser)/./node_modules/next/dist/client/components/react-dev-overlay/app/hot-reloader-client.js:67
[  521220ms] [LOG] [Fast Refresh] rebuilding @ webpack-internal:///(app-pages-browser)/./node_modules/next/dist/client/components/react-dev-overlay/app/hot-reloader-client.js:240
[  521229ms] [LOG] [Fast Refresh] done in 8ms @ webpack-internal:///(app-pages-browser)/./node_modules/next/dist/client/components/react-dev-overlay/app/hot-reloader-client.js:67
[  521863ms] [LOG] [Fast Refresh] rebuilding @ webpack-internal:///(app-pages-browser)/./node_modules/next/dist/client/components/react-dev-overlay/app/hot-reloader-client.js:240
[  521909ms] [LOG] [Fast Refresh] done in 47ms @ webpack-internal:///(app-pages-browser)/./node_modules/next/dist/client/components/react-dev-overlay/app/hot-reloader-client.js:67
[  522677ms] [LOG] [Fast Refresh] rebuilding @ webpack-internal:///(app-pages-browser)/./node_modules/next/dist/client/components/react-dev-overlay/app/hot-reloader-client.js:240
[  522693ms] [LOG] [Fast Refresh] done in 16ms @ webpack-internal:///(app-pages-browser)/./node_modules/next/dist/client/components/react-dev-overlay/app/hot-reloader-client.js:67
[  523371ms] [LOG] [Fast Refresh] rebuilding @ webpack-internal:///(app-pages-browser)/./node_modules/next/dist/client/components/react-dev-overlay/app/hot-reloader-client.js:240
[  523388ms] [LOG] [Fast Refresh] done in 17ms @ webpack-internal:///(app-pages-browser)/./node_modules/next/dist/client/components/react-dev-overlay/app/hot-reloader-client.js:67
[  524013ms] [LOG] [Fast Refresh] rebuilding @ webpack-internal:///(app-pages-browser)/./node_modules/next/dist/client/components/react-dev-overlay/app/hot-reloader-client.js:240
[  524029ms] [LOG] [Fast Refresh] done in 16ms @ webpack-internal:///(app-pages-browser)/./node_modules/next/dist/client/components/react-dev-overlay/app/hot-reloader-client.js:67
[  524654ms] [LOG] [Fast Refresh] rebuilding @ webpack-internal:///(app-pages-browser)/./node_modules/next/dist/client/components/react-dev-overlay/app/hot-reloader-client.js:240
[  524661ms] [LOG] [Fast Refresh] done in 7ms @ webpack-internal:///(app-pages-browser)/./node_modules/next/dist/client/components/react-dev-overlay/app/hot-reloader-client.js:67
[  525275ms] [LOG] [Fast Refresh] rebuilding @ webpack-internal:///(app-pages-browser)/./node_modules/next/dist/client/components/react-dev-overlay/app/hot-reloader-client.js:240
[  525305ms] [LOG] [Fast Refresh] done in 30ms @ webpack-internal:///(app-pages-browser)/./node_modules/next/dist/client/components/react-dev-overlay/app/hot-reloader-client.js:67
[  525903ms] [LOG] [Fast Refresh] rebuilding @ webpack-internal:///(app-pages-browser)/./node_modules/next/dist/client/components/react-dev-overlay/app/hot-reloader-client.js:240
[  525932ms] [LOG] [Fast Refresh] done in 30ms @ webpack-internal:///(app-pages-browser)/./node_modules/next/dist/client/components/react-dev-overlay/app/hot-reloader-client.js:67
[  526524ms] [LOG] [Fast Refresh] rebuilding @ webpack-internal:///(app-pages-browser)/./node_modules/next/dist/client/components/react-dev-overlay/app/hot-reloader-client.js:240
[  527058ms] [LOG] [Fast Refresh] done in 535ms @ webpack-internal:///(app-pages-browser)/./node_modules/next/dist/client/components/react-dev-overlay/app/hot-reloader-client.js:67
[  527182ms] [LOG] [Fast Refresh] rebuilding @ webpack-internal:///(app-pages-browser)/./node_modules/next/dist/client/components/react-dev-overlay/app/hot-reloader-client.js:240
[  527250ms] [LOG] [Fast Refresh] done in 69ms @ webpack-internal:///(app-pages-browser)/./node_modules/next/dist/client/components/react-dev-overlay/app/hot-reloader-client.js:67
[  527973ms] [LOG] [Fast Refresh] rebuilding @ webpack-internal:///(app-pages-browser)/./node_modules/next/dist/client/components/react-dev-overlay/app/hot-reloader-client.js:240
[  528500ms] [LOG] [Fast Refresh] done in 526ms @ webpack-internal:///(app-pages-browser)/./node_modules/next/dist/client/components/react-dev-overlay/app/hot-reloader-client.js:67
[  528592ms] [LOG] [Fast Refresh] rebuilding @ webpack-internal:///(app-pages-browser)/./node_modules/next/dist/client/components/react-dev-overlay/app/hot-reloader-client.js:240
[  528622ms] [LOG] [Fast Refresh] done in 29ms @ webpack-internal:///(app-pages-browser)/./node_modules/next/dist/client/components/react-dev-overlay/app/hot-reloader-client.js:67
[  529196ms] [LOG] [Fast Refresh] rebuilding @ webpack-internal:///(app-pages-browser)/./node_modules/next/dist/client/components/react-dev-overlay/app/hot-reloader-client.js:240
[  529203ms] [LOG] [Fast Refresh] done in 7ms @ webpack-internal:///(app-pages-browser)/./node_modules/next/dist/client/components/react-dev-overlay/app/hot-reloader-client.js:67
[  529806ms] [LOG] [Fast Refresh] rebuilding @ webpack-internal:///(app-pages-browser)/./node_modules/next/dist/client/components/react-dev-overlay/app/hot-reloader-client.js:240
[  529814ms] [LOG] [Fast Refresh] done in 8ms @ webpack-internal:///(app-pages-browser)/./node_modules/next/dist/client/components/react-dev-overlay/app/hot-reloader-client.js:67
[  530422ms] [LOG] [Fast Refresh] rebuilding @ webpack-internal:///(app-pages-browser)/./node_modules/next/dist/client/components/react-dev-overlay/app/hot-reloader-client.js:240
[  530429ms] [LOG] [Fast Refresh] done in 8ms @ webpack-internal:///(app-pages-browser)/./node_modules/next/dist/client/components/react-dev-overlay/app/hot-reloader-client.js:67
[  531044ms] [LOG] [Fast Refresh] rebuilding @ webpack-internal:///(app-pages-browser)/./node_modules/next/dist/client/components/react-dev-overlay/app/hot-reloader-client.js:240
[  531052ms] [LOG] [Fast Refresh] done in 9ms @ webpack-internal:///(app-pages-browser)/./node_modules/next/dist/client/components/react-dev-overlay/app/hot-reloader-client.js:67
[  531668ms] [LOG] [Fast Refresh] rebuilding @ webpack-internal:///(app-pages-browser)/./node_modules/next/dist/client/components/react-dev-overlay/app/hot-reloader-client.js:240
[  531685ms] [LOG] [Fast Refresh] done in 16ms @ webpack-internal:///(app-pages-browser)/./node_modules/next/dist/client/components/react-dev-overlay/app/hot-reloader-client.js:67
[  532316ms] [LOG] [Fast Refresh] rebuilding @ webpack-internal:///(app-pages-browser)/./node_modules/next/dist/client/components/react-dev-overlay/app/hot-reloader-client.js:240
[  532356ms] [LOG] [Fast Refresh] done in 40ms @ webpack-internal:///(app-pages-browser)/./node_modules/next/dist/client/components/react-dev-overlay/app/hot-reloader-client.js:67
[  533055ms] [LOG] [Fast Refresh] rebuilding @ webpack-internal:///(app-pages-browser)/./node_modules/next/dist/client/components/react-dev-overlay/app/hot-reloader-client.js:240
[  533064ms] [LOG] [Fast Refresh] done in 8ms @ webpack-internal:///(app-pages-browser)/./node_modules/next/dist/client/components/react-dev-overlay/app/hot-reloader-client.js:67
[  533674ms] [LOG] [Fast Refresh] rebuilding @ webpack-internal:///(app-pages-browser)/./node_modules/next/dist/client/components/react-dev-overlay/app/hot-reloader-client.js:240
[  533682ms] [LOG] [Fast Refresh] done in 9ms @ webpack-internal:///(app-pages-browser)/./node_modules/next/dist/client/components/react-dev-overlay/app/hot-reloader-client.js:67
[  534276ms] [LOG] [Fast Refresh] rebuilding @ webpack-internal:///(app-pages-browser)/./node_modules/next/dist/client/components/react-dev-overlay/app/hot-reloader-client.js:240
[  534284ms] [LOG] [Fast Refresh] done in 9ms @ webpack-internal:///(app-pages-browser)/./node_modules/next/dist/client/components/react-dev-overlay/app/hot-reloader-client.js:67
[  534887ms] [LOG] [Fast Refresh] rebuilding @ webpack-internal:///(app-pages-browser)/./node_modules/next/dist/client/components/react-dev-overlay/app/hot-reloader-client.js:240
[  534903ms] [LOG] [Fast Refresh] done in 15ms @ webpack-internal:///(app-pages-browser)/./node_modules/next/dist/client/components/react-dev-overlay/app/hot-reloader-client.js:67
[  535500ms] [LOG] [Fast Refresh] rebuilding @ webpack-internal:///(app-pages-browser)/./node_modules/next/dist/client/components/react-dev-overlay/app/hot-reloader-client.js:240
[  535509ms] [LOG] [Fast Refresh] done in 9ms @ webpack-internal:///(app-pages-browser)/./node_modules/next/dist/client/components/react-dev-overlay/app/hot-reloader-client.js:67
[  536110ms] [LOG] [Fast Refresh] rebuilding @ webpack-internal:///(app-pages-browser)/./node_modules/next/dist/client/components/react-dev-overlay/app/hot-reloader-client.js:240
[  536119ms] [LOG] [Fast Refresh] done in 9ms @ webpack-internal:///(app-pages-browser)/./node_modules/next/dist/client/components/react-dev-overlay/app/hot-reloader-client.js:67
[  536735ms] [LOG] [Fast Refresh] rebuilding @ webpack-internal:///(app-pages-browser)/./node_modules/next/dist/client/components/react-dev-overlay/app/hot-reloader-client.js:240
[  536750ms] [LOG] [Fast Refresh] done in 15ms @ webpack-internal:///(app-pages-browser)/./node_modules/next/dist/client/components/react-dev-overlay/app/hot-reloader-client.js:67
[  537382ms] [LOG] [Fast Refresh] rebuilding @ webpack-internal:///(app-pages-browser)/./node_modules/next/dist/client/components/react-dev-overlay/app/hot-reloader-client.js:240
[  537429ms] [LOG] [Fast Refresh] done in 48ms @ webpack-internal:///(app-pages-browser)/./node_modules/next/dist/client/components/react-dev-overlay/app/hot-reloader-client.js:67
[  538133ms] [LOG] [Fast Refresh] rebuilding @ webpack-internal:///(app-pages-browser)/./node_modules/next/dist/client/components/react-dev-overlay/app/hot-reloader-client.js:240
[  538149ms] [LOG] [Fast Refresh] done in 15ms @ webpack-internal:///(app-pages-browser)/./node_modules/next/dist/client/components/react-dev-overlay/app/hot-reloader-client.js:67
[  538749ms] [LOG] [Fast Refresh] rebuilding @ webpack-internal:///(app-pages-browser)/./node_modules/next/dist/client/components/react-dev-overlay/app/hot-reloader-client.js:240
[  538757ms] [LOG] [Fast Refresh] done in 8ms @ webpack-internal:///(app-pages-browser)/./node_modules/next/dist/client/components/react-dev-overlay/app/hot-reloader-client.js:67
[  539371ms] [LOG] [Fast Refresh] rebuilding @ webpack-internal:///(app-pages-browser)/./node_modules/next/dist/client/components/react-dev-overlay/app/hot-reloader-client.js:240
[  539379ms] [LOG] [Fast Refresh] done in 9ms @ webpack-internal:///(app-pages-browser)/./node_modules/next/dist/client/components/react-dev-overlay/app/hot-reloader-client.js:67
[  539978ms] [LOG] [Fast Refresh] rebuilding @ webpack-internal:///(app-pages-browser)/./node_modules/next/dist/client/components/react-dev-overlay/app/hot-reloader-client.js:240
[  539988ms] [LOG] [Fast Refresh] done in 9ms @ webpack-internal:///(app-pages-browser)/./node_modules/next/dist/client/components/react-dev-overlay/app/hot-reloader-client.js:67
[  540588ms] [LOG] [Fast Refresh] rebuilding @ webpack-internal:///(app-pages-browser)/./node_modules/next/dist/client/components/react-dev-overlay/app/hot-reloader-client.js:240
[  540601ms] [LOG] [Fast Refresh] done in 14ms @ webpack-internal:///(app-pages-browser)/./node_modules/next/dist/client/components/react-dev-overlay/app/hot-reloader-client.js:67
[  541203ms] [LOG] [Fast Refresh] rebuilding @ webpack-internal:///(app-pages-browser)/./node_modules/next/dist/client/components/react-dev-overlay/app/hot-reloader-client.js:240
[  541217ms] [LOG] [Fast Refresh] done in 15ms @ webpack-internal:///(app-pages-browser)/./node_modules/next/dist/client/components/react-dev-overlay/app/hot-reloader-client.js:67
[  541814ms] [LOG] [Fast Refresh] rebuilding @ webpack-internal:///(app-pages-browser)/./node_modules/next/dist/client/components/react-dev-overlay/app/hot-reloader-client.js:240
[  541822ms] [LOG] [Fast Refresh] done in 7ms @ webpack-internal:///(app-pages-browser)/./node_modules/next/dist/client/components/react-dev-overlay/app/hot-reloader-client.js:67
[  542462ms] [LOG] [Fast Refresh] rebuilding @ webpack-internal:///(app-pages-browser)/./node_modules/next/dist/client/components/react-dev-overlay/app/hot-reloader-client.js:240
[  542501ms] [LOG] [Fast Refresh] done in 38ms @ webpack-internal:///(app-pages-browser)/./node_modules/next/dist/client/components/react-dev-overlay/app/hot-reloader-client.js:67
[  543204ms] [LOG] [Fast Refresh] rebuilding @ webpack-internal:///(app-pages-browser)/./node_modules/next/dist/client/components/react-dev-overlay/app/hot-reloader-client.js:240
[  543220ms] [LOG] [Fast Refresh] done in 16ms @ webpack-internal:///(app-pages-browser)/./node_modules/next/dist/client/components/react-dev-overlay/app/hot-reloader-client.js:67
[  543824ms] [LOG] [Fast Refresh] rebuilding @ webpack-internal:///(app-pages-browser)/./node_modules/next/dist/client/components/react-dev-overlay/app/hot-reloader-client.js:240
[  543842ms] [LOG] [Fast Refresh] done in 17ms @ webpack-internal:///(app-pages-browser)/./node_modules/next/dist/client/components/react-dev-overlay/app/hot-reloader-client.js:67
[  544426ms] [LOG] [Fast Refresh] rebuilding @ webpack-internal:///(app-pages-browser)/./node_modules/next/dist/client/components/react-dev-overlay/app/hot-reloader-client.js:240
[  544433ms] [LOG] [Fast Refresh] done in 7ms @ webpack-internal:///(app-pages-browser)/./node_modules/next/dist/client/components/react-dev-overlay/app/hot-reloader-client.js:67
[  545036ms] [LOG] [Fast Refresh] rebuilding @ webpack-internal:///(app-pages-browser)/./node_modules/next/dist/client/components/react-dev-overlay/app/hot-reloader-client.js:240
[  545052ms] [LOG] [Fast Refresh] done in 15ms @ webpack-internal:///(app-pages-browser)/./node_modules/next/dist/client/components/react-dev-overlay/app/hot-reloader-client.js:67
[  545644ms] [LOG] [Fast Refresh] rebuilding @ webpack-internal:///(app-pages-browser)/./node_modules/next/dist/client/components/react-dev-overlay/app/hot-reloader-client.js:240
[  545652ms] [LOG] [Fast Refresh] done in 8ms @ webpack-internal:///(app-pages-browser)/./node_modules/next/dist/client/components/react-dev-overlay/app/hot-reloader-client.js:67
[  546259ms] [LOG] [Fast Refresh] rebuilding @ webpack-internal:///(app-pages-browser)/./node_modules/next/dist/client/components/react-dev-overlay/app/hot-reloader-client.js:240
[  546272ms] [LOG] [Fast Refresh] done in 14ms @ webpack-internal:///(app-pages-browser)/./node_modules/next/dist/client/components/react-dev-overlay/app/hot-reloader-client.js:67
[  546877ms] [LOG] [Fast Refresh] rebuilding @ webpack-internal:///(app-pages-browser)/./node_modules/next/dist/client/components/react-dev-overlay/app/hot-reloader-client.js:240
[  546893ms] [LOG] [Fast Refresh] done in 16ms @ webpack-internal:///(app-pages-browser)/./node_modules/next/dist/client/components/react-dev-overlay/app/hot-reloader-client.js:67
[  547515ms] [LOG] [Fast Refresh] rebuilding @ webpack-internal:///(app-pages-browser)/./node_modules/next/dist/client/components/react-dev-overlay/app/hot-reloader-client.js:240
[  547569ms] [LOG] [Fast Refresh] done in 53ms @ webpack-internal:///(app-pages-browser)/./node_modules/next/dist/client/components/react-dev-overlay/app/hot-reloader-client.js:67
[  548284ms] [LOG] [Fast Refresh] rebuilding @ webpack-internal:///(app-pages-browser)/./node_modules/next/dist/client/components/react-dev-overlay/app/hot-reloader-client.js:240
[  548300ms] [LOG] [Fast Refresh] done in 15ms @ webpack-internal:///(app-pages-browser)/./node_modules/next/dist/client/components/react-dev-overlay/app/hot-reloader-client.js:67
[  548899ms] [LOG] [Fast Refresh] rebuilding @ webpack-internal:///(app-pages-browser)/./node_modules/next/dist/client/components/react-dev-overlay/app/hot-reloader-client.js:240
[  548907ms] [LOG] [Fast Refresh] done in 9ms @ webpack-internal:///(app-pages-browser)/./node_modules/next/dist/client/components/react-dev-overlay/app/hot-reloader-client.js:67
[  549516ms] [LOG] [Fast Refresh] rebuilding @ webpack-internal:///(app-pages-browser)/./node_modules/next/dist/client/components/react-dev-overlay/app/hot-reloader-client.js:240
[  549531ms] [LOG] [Fast Refresh] done in 15ms @ webpack-internal:///(app-pages-browser)/./node_modules/next/dist/client/components/react-dev-overlay/app/hot-reloader-client.js:67
[  550130ms] [LOG] [Fast Refresh] rebuilding @ webpack-internal:///(app-pages-browser)/./node_modules/next/dist/client/components/react-dev-overlay/app/hot-reloader-client.js:240
[  550139ms] [LOG] [Fast Refresh] done in 9ms @ webpack-internal:///(app-pages-browser)/./node_modules/next/dist/client/components/react-dev-overlay/app/hot-reloader-client.js:67
[  550741ms] [LOG] [Fast Refresh] rebuilding @ webpack-internal:///(app-pages-browser)/./node_modules/next/dist/client/components/react-dev-overlay/app/hot-reloader-client.js:240
[  550754ms] [LOG] [Fast Refresh] done in 12ms @ webpack-internal:///(app-pages-browser)/./node_modules/next/dist/client/components/react-dev-overlay/app/hot-reloader-client.js:67
[  551359ms] [LOG] [Fast Refresh] rebuilding @ webpack-internal:///(app-pages-browser)/./node_modules/next/dist/client/components/react-dev-overlay/app/hot-reloader-client.js:240
[  551372ms] [LOG] [Fast Refresh] done in 14ms @ webpack-internal:///(app-pages-browser)/./node_modules/next/dist/client/components/react-dev-overlay/app/hot-reloader-client.js:67
[  551971ms] [LOG] [Fast Refresh] rebuilding @ webpack-internal:///(app-pages-browser)/./node_modules/next/dist/client/components/react-dev-overlay/app/hot-reloader-client.js:240
[  551980ms] [LOG] [Fast Refresh] done in 10ms @ webpack-internal:///(app-pages-browser)/./node_modules/next/dist/client/components/react-dev-overlay/app/hot-reloader-client.js:67
[  552608ms] [LOG] [Fast Refresh] rebuilding @ webpack-internal:///(app-pages-browser)/./node_modules/next/dist/client/components/react-dev-overlay/app/hot-reloader-client.js:240
[  552656ms] [LOG] [Fast Refresh] done in 48ms @ webpack-internal:///(app-pages-browser)/./node_modules/next/dist/client/components/react-dev-overlay/app/hot-reloader-client.js:67
[  553342ms] [LOG] [Fast Refresh] rebuilding @ webpack-internal:///(app-pages-browser)/./node_modules/next/dist/client/components/react-dev-overlay/app/hot-reloader-client.js:240
[  553358ms] [LOG] [Fast Refresh] done in 16ms @ webpack-internal:///(app-pages-browser)/./node_modules/next/dist/client/components/react-dev-overlay/app/hot-reloader-client.js:67
[  553962ms] [LOG] [Fast Refresh] rebuilding @ webpack-internal:///(app-pages-browser)/./node_modules/next/dist/client/components/react-dev-overlay/app/hot-reloader-client.js:240
[  553977ms] [LOG] [Fast Refresh] done in 15ms @ webpack-internal:///(app-pages-browser)/./node_modules/next/dist/client/components/react-dev-overlay/app/hot-reloader-client.js:67
[  554571ms] [LOG] [Fast Refresh] rebuilding @ webpack-internal:///(app-pages-browser)/./node_modules/next/dist/client/components/react-dev-overlay/app/hot-reloader-client.js:240
[  554587ms] [LOG] [Fast Refresh] done in 16ms @ webpack-internal:///(app-pages-browser)/./node_modules/next/dist/client/components/react-dev-overlay/app/hot-reloader-client.js:67
[  555179ms] [LOG] [Fast Refresh] rebuilding @ webpack-internal:///(app-pages-browser)/./node_modules/next/dist/client/components/react-dev-overlay/app/hot-reloader-client.js:240
[  555194ms] [LOG] [Fast Refresh] done in 16ms @ webpack-internal:///(app-pages-browser)/./node_modules/next/dist/client/components/react-dev-overlay/app/hot-reloader-client.js:67
[  555791ms] [LOG] [Fast Refresh] rebuilding @ webpack-internal:///(app-pages-browser)/./node_modules/next/dist/client/components/react-dev-overlay/app/hot-reloader-client.js:240
[  555801ms] [LOG] [Fast Refresh] done in 10ms @ webpack-internal:///(app-pages-browser)/./node_modules/next/dist/client/components/react-dev-overlay/app/hot-reloader-client.js:67
[  556411ms] [LOG] [Fast Refresh] rebuilding @ webpack-internal:///(app-pages-browser)/./node_modules/next/dist/client/components/react-dev-overlay/app/hot-reloader-client.js:240
[  556426ms] [LOG] [Fast Refresh] done in 15ms @ webpack-internal:///(app-pages-browser)/./node_modules/next/dist/client/components/react-dev-overlay/app/hot-reloader-client.js:67
[  557030ms] [LOG] [Fast Refresh] rebuilding @ webpack-internal:///(app-pages-browser)/./node_modules/next/dist/client/components/react-dev-overlay/app/hot-reloader-client.js:240
[  557039ms] [LOG] [Fast Refresh] done in 9ms @ webpack-internal:///(app-pages-browser)/./node_modules/next/dist/client/components/react-dev-overlay/app/hot-reloader-client.js:67
[  557684ms] [LOG] [Fast Refresh] rebuilding @ webpack-internal:///(app-pages-browser)/./node_modules/next/dist/client/components/react-dev-overlay/app/hot-reloader-client.js:240
[  557726ms] [LOG] [Fast Refresh] done in 42ms @ webpack-internal:///(app-pages-browser)/./node_modules/next/dist/client/components/react-dev-overlay/app/hot-reloader-client.js:67
[  558423ms] [LOG] [Fast Refresh] rebuilding @ webpack-internal:///(app-pages-browser)/./node_modules/next/dist/client/components/react-dev-overlay/app/hot-reloader-client.js:240
[  558432ms] [LOG] [Fast Refresh] done in 9ms @ webpack-internal:///(app-pages-browser)/./node_modules/next/dist/client/components/react-dev-overlay/app/hot-reloader-client.js:67
[  559039ms] [LOG] [Fast Refresh] rebuilding @ webpack-internal:///(app-pages-browser)/./node_modules/next/dist/client/components/react-dev-overlay/app/hot-reloader-client.js:240
[  559047ms] [LOG] [Fast Refresh] done in 9ms @ webpack-internal:///(app-pages-browser)/./node_modules/next/dist/client/components/react-dev-overlay/app/hot-reloader-client.js:67
[  559652ms] [LOG] [Fast Refresh] rebuilding @ webpack-internal:///(app-pages-browser)/./node_modules/next/dist/client/components/react-dev-overlay/app/hot-reloader-client.js:240
[  559660ms] [LOG] [Fast Refresh] done in 8ms @ webpack-internal:///(app-pages-browser)/./node_modules/next/dist/client/components/react-dev-overlay/app/hot-reloader-client.js:67
[  560259ms] [LOG] [Fast Refresh] rebuilding @ webpack-internal:///(app-pages-browser)/./node_modules/next/dist/client/components/react-dev-overlay/app/hot-reloader-client.js:240
[  560274ms] [LOG] [Fast Refresh] done in 16ms @ webpack-internal:///(app-pages-browser)/./node_modules/next/dist/client/components/react-dev-overlay/app/hot-reloader-client.js:67
[  560867ms] [LOG] [Fast Refresh] rebuilding @ webpack-internal:///(app-pages-browser)/./node_modules/next/dist/client/components/react-dev-overlay/app/hot-reloader-client.js:240
[  560883ms] [LOG] [Fast Refresh] done in 17ms @ webpack-internal:///(app-pages-browser)/./node_modules/next/dist/client/components/react-dev-overlay/app/hot-reloader-client.js:67
[  561485ms] [LOG] [Fast Refresh] rebuilding @ webpack-internal:///(app-pages-browser)/./node_modules/next/dist/client/components/react-dev-overlay/app/hot-reloader-client.js:240
[  561494ms] [LOG] [Fast Refresh] done in 8ms @ webpack-internal:///(app-pages-browser)/./node_modules/next/dist/client/components/react-dev-overlay/app/hot-reloader-client.js:67
[  562090ms] [LOG] [Fast Refresh] rebuilding @ webpack-internal:///(app-pages-browser)/./node_modules/next/dist/client/components/react-dev-overlay/app/hot-reloader-client.js:240
[  562099ms] [LOG] [Fast Refresh] done in 8ms @ webpack-internal:///(app-pages-browser)/./node_modules/next/dist/client/components/react-dev-overlay/app/hot-reloader-client.js:67
[  562736ms] [LOG] [Fast Refresh] rebuilding @ webpack-internal:///(app-pages-browser)/./node_modules/next/dist/client/components/react-dev-overlay/app/hot-reloader-client.js:240
[  562785ms] [LOG] [Fast Refresh] done in 49ms @ webpack-internal:///(app-pages-browser)/./node_modules/next/dist/client/components/react-dev-overlay/app/hot-reloader-client.js:67
[  563491ms] [LOG] [Fast Refresh] rebuilding @ webpack-internal:///(app-pages-browser)/./node_modules/next/dist/client/components/react-dev-overlay/app/hot-reloader-client.js:240
[  563506ms] [LOG] [Fast Refresh] done in 16ms @ webpack-internal:///(app-pages-browser)/./node_modules/next/dist/client/components/react-dev-overlay/app/hot-reloader-client.js:67
[  564113ms] [LOG] [Fast Refresh] rebuilding @ webpack-internal:///(app-pages-browser)/./node_modules/next/dist/client/components/react-dev-overlay/app/hot-reloader-client.js:240
[  564127ms] [LOG] [Fast Refresh] done in 14ms @ webpack-internal:///(app-pages-browser)/./node_modules/next/dist/client/components/react-dev-overlay/app/hot-reloader-client.js:67
[  564754ms] [LOG] [Fast Refresh] rebuilding @ webpack-internal:///(app-pages-browser)/./node_modules/next/dist/client/components/react-dev-overlay/app/hot-reloader-client.js:240
[  564768ms] [LOG] [Fast Refresh] done in 14ms @ webpack-internal:///(app-pages-browser)/./node_modules/next/dist/client/components/react-dev-overlay/app/hot-reloader-client.js:67
[  565364ms] [LOG] [Fast Refresh] rebuilding @ webpack-internal:///(app-pages-browser)/./node_modules/next/dist/client/components/react-dev-overlay/app/hot-reloader-client.js:240
[  565372ms] [LOG] [Fast Refresh] done in 8ms @ webpack-internal:///(app-pages-browser)/./node_modules/next/dist/client/components/react-dev-overlay/app/hot-reloader-client.js:67
[  565983ms] [LOG] [Fast Refresh] rebuilding @ webpack-internal:///(app-pages-browser)/./node_modules/next/dist/client/components/react-dev-overlay/app/hot-reloader-client.js:240
[  565999ms] [LOG] [Fast Refresh] done in 15ms @ webpack-internal:///(app-pages-browser)/./node_modules/next/dist/client/components/react-dev-overlay/app/hot-reloader-client.js:67
[  566600ms] [LOG] [Fast Refresh] rebuilding @ webpack-internal:///(app-pages-browser)/./node_modules/next/dist/client/components/react-dev-overlay/app/hot-reloader-client.js:240
[  566609ms] [LOG] [Fast Refresh] done in 9ms @ webpack-internal:///(app-pages-browser)/./node_modules/next/dist/client/components/react-dev-overlay/app/hot-reloader-client.js:67
[  567221ms] [LOG] [Fast Refresh] rebuilding @ webpack-internal:///(app-pages-browser)/./node_modules/next/dist/client/components/react-dev-overlay/app/hot-reloader-client.js:240
[  567235ms] [LOG] [Fast Refresh] done in 14ms @ webpack-internal:///(app-pages-browser)/./node_modules/next/dist/client/components/react-dev-overlay/app/hot-reloader-client.js:67
[  567877ms] [LOG] [Fast Refresh] rebuilding @ webpack-internal:///(app-pages-browser)/./node_modules/next/dist/client/components/react-dev-overlay/app/hot-reloader-client.js:240
[  567928ms] [LOG] [Fast Refresh] done in 51ms @ webpack-internal:///(app-pages-browser)/./node_modules/next/dist/client/components/react-dev-overlay/app/hot-reloader-client.js:67
[  568638ms] [LOG] [Fast Refresh] rebuilding @ webpack-internal:///(app-pages-browser)/./node_modules/next/dist/client/components/react-dev-overlay/app/hot-reloader-client.js:240
[  568647ms] [LOG] [Fast Refresh] done in 9ms @ webpack-internal:///(app-pages-browser)/./node_modules/next/dist/client/components/react-dev-overlay/app/hot-reloader-client.js:67
[  569263ms] [LOG] [Fast Refresh] rebuilding @ webpack-internal:///(app-pages-browser)/./node_modules/next/dist/client/components/react-dev-overlay/app/hot-reloader-client.js:240
[  569277ms] [LOG] [Fast Refresh] done in 14ms @ webpack-internal:///(app-pages-browser)/./node_modules/next/dist/client/components/react-dev-overlay/app/hot-reloader-client.js:67
[  569883ms] [LOG] [Fast Refresh] rebuilding @ webpack-internal:///(app-pages-browser)/./node_modules/next/dist/client/components/react-dev-overlay/app/hot-reloader-client.js:240
[  569891ms] [LOG] [Fast Refresh] done in 8ms @ webpack-internal:///(app-pages-browser)/./node_modules/next/dist/client/components/react-dev-overlay/app/hot-reloader-client.js:67
[  570497ms] [LOG] [Fast Refresh] rebuilding @ webpack-internal:///(app-pages-browser)/./node_modules/next/dist/client/components/react-dev-overlay/app/hot-reloader-client.js:240
[  570511ms] [LOG] [Fast Refresh] done in 14ms @ webpack-internal:///(app-pages-browser)/./node_modules/next/dist/client/components/react-dev-overlay/app/hot-reloader-client.js:67
[  571111ms] [LOG] [Fast Refresh] rebuilding @ webpack-internal:///(app-pages-browser)/./node_modules/next/dist/client/components/react-dev-overlay/app/hot-reloader-client.js:240
[  571118ms] [LOG] [Fast Refresh] done in 8ms @ webpack-internal:///(app-pages-browser)/./node_modules/next/dist/client/components/react-dev-overlay/app/hot-reloader-client.js:67
[  571731ms] [LOG] [Fast Refresh] rebuilding @ webpack-internal:///(app-pages-browser)/./node_modules/next/dist/client/components/react-dev-overlay/app/hot-reloader-client.js:240
[  571739ms] [LOG] [Fast Refresh] done in 7ms @ webpack-internal:///(app-pages-browser)/./node_modules/next/dist/client/components/react-dev-overlay/app/hot-reloader-client.js:67
[  572345ms] [LOG] [Fast Refresh] rebuilding @ webpack-internal:///(app-pages-browser)/./node_modules/next/dist/client/components/react-dev-overlay/app/hot-reloader-client.js:240
[  572353ms] [LOG] [Fast Refresh] done in 7ms @ webpack-internal:///(app-pages-browser)/./node_modules/next/dist/client/components/react-dev-overlay/app/hot-reloader-client.js:67
[  572995ms] [LOG] [Fast Refresh] rebuilding @ webpack-internal:///(app-pages-browser)/./node_modules/next/dist/client/components/react-dev-overlay/app/hot-reloader-client.js:240
[  573041ms] [LOG] [Fast Refresh] done in 46ms @ webpack-internal:///(app-pages-browser)/./node_modules/next/dist/client/components/react-dev-overlay/app/hot-reloader-client.js:67
[  573731ms] [LOG] [Fast Refresh] rebuilding @ webpack-internal:///(app-pages-browser)/./node_modules/next/dist/client/components/react-dev-overlay/app/hot-reloader-client.js:240
[  573748ms] [LOG] [Fast Refresh] done in 16ms @ webpack-internal:///(app-pages-browser)/./node_modules/next/dist/client/components/react-dev-overlay/app/hot-reloader-client.js:67
[  574349ms] [LOG] [Fast Refresh] rebuilding @ webpack-internal:///(app-pages-browser)/./node_modules/next/dist/client/components/react-dev-overlay/app/hot-reloader-client.js:240
[  574363ms] [LOG] [Fast Refresh] done in 13ms @ webpack-internal:///(app-pages-browser)/./node_modules/next/dist/client/components/react-dev-overlay/app/hot-reloader-client.js:67
[  574963ms] [LOG] [Fast Refresh] rebuilding @ webpack-internal:///(app-pages-browser)/./node_modules/next/dist/client/components/react-dev-overlay/app/hot-reloader-client.js:240
[  574977ms] [LOG] [Fast Refresh] done in 14ms @ webpack-internal:///(app-pages-browser)/./node_modules/next/dist/client/components/react-dev-overlay/app/hot-reloader-client.js:67
[  575573ms] [LOG] [Fast Refresh] rebuilding @ webpack-internal:///(app-pages-browser)/./node_modules/next/dist/client/components/react-dev-overlay/app/hot-reloader-client.js:240
[  575581ms] [LOG] [Fast Refresh] done in 9ms @ webpack-internal:///(app-pages-browser)/./node_modules/next/dist/client/components/react-dev-overlay/app/hot-reloader-client.js:67
[  576190ms] [LOG] [Fast Refresh] rebuilding @ webpack-internal:///(app-pages-browser)/./node_modules/next/dist/client/components/react-dev-overlay/app/hot-reloader-client.js:240
[  576198ms] [LOG] [Fast Refresh] done in 8ms @ webpack-internal:///(app-pages-browser)/./node_modules/next/dist/client/components/react-dev-overlay/app/hot-reloader-client.js:67
[  576801ms] [LOG] [Fast Refresh] rebuilding @ webpack-internal:///(app-pages-browser)/./node_modules/next/dist/client/components/react-dev-overlay/app/hot-reloader-client.js:240
[  576815ms] [LOG] [Fast Refresh] done in 15ms @ webpack-internal:///(app-pages-browser)/./node_modules/next/dist/client/components/react-dev-overlay/app/hot-reloader-client.js:67
[  577422ms] [LOG] [Fast Refresh] rebuilding @ webpack-internal:///(app-pages-browser)/./node_modules/next/dist/client/components/react-dev-overlay/app/hot-reloader-client.js:240
[  577436ms] [LOG] [Fast Refresh] done in 15ms @ webpack-internal:///(app-pages-browser)/./node_modules/next/dist/client/components/react-dev-overlay/app/hot-reloader-client.js:67
[  578069ms] [LOG] [Fast Refresh] rebuilding @ webpack-internal:///(app-pages-browser)/./node_modules/next/dist/client/components/react-dev-overlay/app/hot-reloader-client.js:240
[  578118ms] [LOG] [Fast Refresh] done in 49ms @ webpack-internal:///(app-pages-browser)/./node_modules/next/dist/client/components/react-dev-overlay/app/hot-reloader-client.js:67
[  578810ms] [LOG] [Fast Refresh] rebuilding @ webpack-internal:///(app-pages-browser)/./node_modules/next/dist/client/components/react-dev-overlay/app/hot-reloader-client.js:240
[  578826ms] [LOG] [Fast Refresh] done in 16ms @ webpack-internal:///(app-pages-browser)/./node_modules/next/dist/client/components/react-dev-overlay/app/hot-reloader-client.js:67
[  579432ms] [LOG] [Fast Refresh] rebuilding @ webpack-internal:///(app-pages-browser)/./node_modules/next/dist/client/components/react-dev-overlay/app/hot-reloader-client.js:240
[  579447ms] [LOG] [Fast Refresh] done in 15ms @ webpack-internal:///(app-pages-browser)/./node_modules/next/dist/client/components/react-dev-overlay/app/hot-reloader-client.js:67
[  580043ms] [LOG] [Fast Refresh] rebuilding @ webpack-internal:///(app-pages-browser)/./node_modules/next/dist/client/components/react-dev-overlay/app/hot-reloader-client.js:240
[  580061ms] [LOG] [Fast Refresh] done in 18ms @ webpack-internal:///(app-pages-browser)/./node_modules/next/dist/client/components/react-dev-overlay/app/hot-reloader-client.js:67
[  580655ms] [LOG] [Fast Refresh] rebuilding @ webpack-internal:///(app-pages-browser)/./node_modules/next/dist/client/components/react-dev-overlay/app/hot-reloader-client.js:240
[  580672ms] [LOG] [Fast Refresh] done in 18ms @ webpack-internal:///(app-pages-browser)/./node_modules/next/dist/client/components/react-dev-overlay/app/hot-reloader-client.js:67
[  581271ms] [LOG] [Fast Refresh] rebuilding @ webpack-internal:///(app-pages-browser)/./node_modules/next/dist/client/components/react-dev-overlay/app/hot-reloader-client.js:240
[  581284ms] [LOG] [Fast Refresh] done in 13ms @ webpack-internal:///(app-pages-browser)/./node_modules/next/dist/client/components/react-dev-overlay/app/hot-reloader-client.js:67
[  581883ms] [LOG] [Fast Refresh] rebuilding @ webpack-internal:///(app-pages-browser)/./node_modules/next/dist/client/components/react-dev-overlay/app/hot-reloader-client.js:240
[  581898ms] [LOG] [Fast Refresh] done in 15ms @ webpack-internal:///(app-pages-browser)/./node_modules/next/dist/client/components/react-dev-overlay/app/hot-reloader-client.js:67
[  582522ms] [LOG] [Fast Refresh] rebuilding @ webpack-internal:///(app-pages-browser)/./node_modules/next/dist/client/components/react-dev-overlay/app/hot-reloader-client.js:240
[  582532ms] [LOG] [Fast Refresh] done in 10ms @ webpack-internal:///(app-pages-browser)/./node_modules/next/dist/client/components/react-dev-overlay/app/hot-reloader-client.js:67
[  583222ms] [LOG] [Fast Refresh] rebuilding @ webpack-internal:///(app-pages-browser)/./node_modules/next/dist/client/components/react-dev-overlay/app/hot-reloader-client.js:240
[  583274ms] [LOG] [Fast Refresh] done in 53ms @ webpack-internal:///(app-pages-browser)/./node_modules/next/dist/client/components/react-dev-overlay/app/hot-reloader-client.js:67
[  583978ms] [LOG] [Fast Refresh] rebuilding @ webpack-internal:///(app-pages-browser)/./node_modules/next/dist/client/components/react-dev-overlay/app/hot-reloader-client.js:240
[  583994ms] [LOG] [Fast Refresh] done in 16ms @ webpack-internal:///(app-pages-browser)/./node_modules/next/dist/client/components/react-dev-overlay/app/hot-reloader-client.js:67
[  584602ms] [LOG] [Fast Refresh] rebuilding @ webpack-internal:///(app-pages-browser)/./node_modules/next/dist/client/components/react-dev-overlay/app/hot-reloader-client.js:240
[  584610ms] [LOG] [Fast Refresh] done in 8ms @ webpack-internal:///(app-pages-browser)/./node_modules/next/dist/client/components/react-dev-overlay/app/hot-reloader-client.js:67
[  585212ms] [LOG] [Fast Refresh] rebuilding @ webpack-internal:///(app-pages-browser)/./node_modules/next/dist/client/components/react-dev-overlay/app/hot-reloader-client.js:240
[  585220ms] [LOG] [Fast Refresh] done in 8ms @ webpack-internal:///(app-pages-browser)/./node_modules/next/dist/client/components/react-dev-overlay/app/hot-reloader-client.js:67
[  585818ms] [LOG] [Fast Refresh] rebuilding @ webpack-internal:///(app-pages-browser)/./node_modules/next/dist/client/components/react-dev-overlay/app/hot-reloader-client.js:240
[  585834ms] [LOG] [Fast Refresh] done in 15ms @ webpack-internal:///(app-pages-browser)/./node_modules/next/dist/client/components/react-dev-overlay/app/hot-reloader-client.js:67
[  586444ms] [LOG] [Fast Refresh] rebuilding @ webpack-internal:///(app-pages-browser)/./node_modules/next/dist/client/components/react-dev-overlay/app/hot-reloader-client.js:240
[  586453ms] [LOG] [Fast Refresh] done in 10ms @ webpack-internal:///(app-pages-browser)/./node_modules/next/dist/client/components/react-dev-overlay/app/hot-reloader-client.js:67
[  587060ms] [LOG] [Fast Refresh] rebuilding @ webpack-internal:///(app-pages-browser)/./node_modules/next/dist/client/components/react-dev-overlay/app/hot-reloader-client.js:240
[  587073ms] [LOG] [Fast Refresh] done in 12ms @ webpack-internal:///(app-pages-browser)/./node_modules/next/dist/client/components/react-dev-overlay/app/hot-reloader-client.js:67
[  587683ms] [LOG] [Fast Refresh] rebuilding @ webpack-internal:///(app-pages-browser)/./node_modules/next/dist/client/components/react-dev-overlay/app/hot-reloader-client.js:240
[  587692ms] [LOG] [Fast Refresh] done in 8ms @ webpack-internal:///(app-pages-browser)/./node_modules/next/dist/client/components/react-dev-overlay/app/hot-reloader-client.js:67
[  588325ms] [LOG] [Fast Refresh] rebuilding @ webpack-internal:///(app-pages-browser)/./node_modules/next/dist/client/components/react-dev-overlay/app/hot-reloader-client.js:240
[  588368ms] [LOG] [Fast Refresh] done in 43ms @ webpack-internal:///(app-pages-browser)/./node_modules/next/dist/client/components/react-dev-overlay/app/hot-reloader-client.js:67
[  589087ms] [LOG] [Fast Refresh] rebuilding @ webpack-internal:///(app-pages-browser)/./node_modules/next/dist/client/components/react-dev-overlay/app/hot-reloader-client.js:240
[  589096ms] [LOG] [Fast Refresh] done in 9ms @ webpack-internal:///(app-pages-browser)/./node_modules/next/dist/client/components/react-dev-overlay/app/hot-reloader-client.js:67
[  589706ms] [LOG] [Fast Refresh] rebuilding @ webpack-internal:///(app-pages-browser)/./node_modules/next/dist/client/components/react-dev-overlay/app/hot-reloader-client.js:240
[  589720ms] [LOG] [Fast Refresh] done in 13ms @ webpack-internal:///(app-pages-browser)/./node_modules/next/dist/client/components/react-dev-overlay/app/hot-reloader-client.js:67
[  590351ms] [LOG] [Fast Refresh] rebuilding @ webpack-internal:///(app-pages-browser)/./node_modules/next/dist/client/components/react-dev-overlay/app/hot-reloader-client.js:240
[  590366ms] [LOG] [Fast Refresh] done in 15ms @ webpack-internal:///(app-pages-browser)/./node_modules/next/dist/client/components/react-dev-overlay/app/hot-reloader-client.js:67
[  590955ms] [LOG] [Fast Refresh] rebuilding @ webpack-internal:///(app-pages-browser)/./node_modules/next/dist/client/components/react-dev-overlay/app/hot-reloader-client.js:240
[  590964ms] [LOG] [Fast Refresh] done in 9ms @ webpack-internal:///(app-pages-browser)/./node_modules/next/dist/client/components/react-dev-overlay/app/hot-reloader-client.js:67
[  591574ms] [LOG] [Fast Refresh] rebuilding @ webpack-internal:///(app-pages-browser)/./node_modules/next/dist/client/components/react-dev-overlay/app/hot-reloader-client.js:240
[  591581ms] [LOG] [Fast Refresh] done in 8ms @ webpack-internal:///(app-pages-browser)/./node_modules/next/dist/client/components/react-dev-overlay/app/hot-reloader-client.js:67
[  592191ms] [LOG] [Fast Refresh] rebuilding @ webpack-internal:///(app-pages-browser)/./node_modules/next/dist/client/components/react-dev-overlay/app/hot-reloader-client.js:240
[  592199ms] [LOG] [Fast Refresh] done in 8ms @ webpack-internal:///(app-pages-browser)/./node_modules/next/dist/client/components/react-dev-overlay/app/hot-reloader-client.js:67
[  592807ms] [LOG] [Fast Refresh] rebuilding @ webpack-internal:///(app-pages-browser)/./node_modules/next/dist/client/components/react-dev-overlay/app/hot-reloader-client.js:240
[  592815ms] [LOG] [Fast Refresh] done in 8ms @ webpack-internal:///(app-pages-browser)/./node_modules/next/dist/client/components/react-dev-overlay/app/hot-reloader-client.js:67
[  593454ms] [LOG] [Fast Refresh] rebuilding @ webpack-internal:///(app-pages-browser)/./node_modules/next/dist/client/components/react-dev-overlay/app/hot-reloader-client.js:240
[  593504ms] [LOG] [Fast Refresh] done in 50ms @ webpack-internal:///(app-pages-browser)/./node_modules/next/dist/client/components/react-dev-overlay/app/hot-reloader-client.js:67
[  594194ms] [LOG] [Fast Refresh] rebuilding @ webpack-internal:///(app-pages-browser)/./node_modules/next/dist/client/components/react-dev-overlay/app/hot-reloader-client.js:240
[  594208ms] [LOG] [Fast Refresh] done in 14ms @ webpack-internal:///(app-pages-browser)/./node_modules/next/dist/client/components/react-dev-overlay/app/hot-reloader-client.js:67
[  594821ms] [LOG] [Fast Refresh] rebuilding @ webpack-internal:///(app-pages-browser)/./node_modules/next/dist/client/components/react-dev-overlay/app/hot-reloader-client.js:240
[  594835ms] [LOG] [Fast Refresh] done in 15ms @ webpack-internal:///(app-pages-browser)/./node_modules/next/dist/client/components/react-dev-overlay/app/hot-reloader-client.js:67
[  595458ms] [LOG] [Fast Refresh] rebuilding @ webpack-internal:///(app-pages-browser)/./node_modules/next/dist/client/components/react-dev-overlay/app/hot-reloader-client.js:240
[  595472ms] [LOG] [Fast Refresh] done in 14ms @ webpack-internal:///(app-pages-browser)/./node_modules/next/dist/client/components/react-dev-overlay/app/hot-reloader-client.js:67
[  596060ms] [LOG] [Fast Refresh] rebuilding @ webpack-internal:///(app-pages-browser)/./node_modules/next/dist/client/components/react-dev-overlay/app/hot-reloader-client.js:240
[  596077ms] [LOG] [Fast Refresh] done in 16ms @ webpack-internal:///(app-pages-browser)/./node_modules/next/dist/client/components/react-dev-overlay/app/hot-reloader-client.js:67
[  596674ms] [LOG] [Fast Refresh] rebuilding @ webpack-internal:///(app-pages-browser)/./node_modules/next/dist/client/components/react-dev-overlay/app/hot-reloader-client.js:240
[  596692ms] [LOG] [Fast Refresh] done in 18ms @ webpack-internal:///(app-pages-browser)/./node_modules/next/dist/client/components/react-dev-overlay/app/hot-reloader-client.js:67
[  597291ms] [LOG] [Fast Refresh] rebuilding @ webpack-internal:///(app-pages-browser)/./node_modules/next/dist/client/components/react-dev-overlay/app/hot-reloader-client.js:240
[  597307ms] [LOG] [Fast Refresh] done in 15ms @ webpack-internal:///(app-pages-browser)/./node_modules/next/dist/client/components/react-dev-overlay/app/hot-reloader-client.js:67
[  597920ms] [LOG] [Fast Refresh] rebuilding @ webpack-internal:///(app-pages-browser)/./node_modules/next/dist/client/components/react-dev-overlay/app/hot-reloader-client.js:240
[  597933ms] [LOG] [Fast Refresh] done in 14ms @ webpack-internal:///(app-pages-browser)/./node_modules/next/dist/client/components/react-dev-overlay/app/hot-reloader-client.js:67
[  598585ms] [LOG] [Fast Refresh] rebuilding @ webpack-internal:///(app-pages-browser)/./node_modules/next/dist/client/components/react-dev-overlay/app/hot-reloader-client.js:240
[  598636ms] [LOG] [Fast Refresh] done in 52ms @ webpack-internal:///(app-pages-browser)/./node_modules/next/dist/client/components/react-dev-overlay/app/hot-reloader-client.js:67
[  599647ms] [LOG] [Fast Refresh] rebuilding @ webpack-internal:///(app-pages-browser)/./node_modules/next/dist/client/components/react-dev-overlay/app/hot-reloader-client.js:240
[  599671ms] [LOG] [Fast Refresh] done in 25ms @ webpack-internal:///(app-pages-browser)/./node_modules/next/dist/client/components/react-dev-overlay/app/hot-reloader-client.js:67
[  600714ms] [LOG] [Fast Refresh] rebuilding @ webpack-internal:///(app-pages-browser)/./node_modules/next/dist/client/components/react-dev-overlay/app/hot-reloader-client.js:240
[  600735ms] [LOG] [Fast Refresh] done in 20ms @ webpack-internal:///(app-pages-browser)/./node_modules/next/dist/client/components/react-dev-overlay/app/hot-reloader-client.js:67
[  601701ms] [LOG] [Fast Refresh] rebuilding @ webpack-internal:///(app-pages-browser)/./node_modules/next/dist/client/components/react-dev-overlay/app/hot-reloader-client.js:240
[  601721ms] [LOG] [Fast Refresh] done in 19ms @ webpack-internal:///(app-pages-browser)/./node_modules/next/dist/client/components/react-dev-overlay/app/hot-reloader-client.js:67
[  602629ms] [LOG] [Fast Refresh] rebuilding @ webpack-internal:///(app-pages-browser)/./node_modules/next/dist/client/components/react-dev-overlay/app/hot-reloader-client.js:240
[  602649ms] [LOG] [Fast Refresh] done in 20ms @ webpack-internal:///(app-pages-browser)/./node_modules/next/dist/client/components/react-dev-overlay/app/hot-reloader-client.js:67
[  603665ms] [LOG] [Fast Refresh] rebuilding @ webpack-internal:///(app-pages-browser)/./node_modules/next/dist/client/components/react-dev-overlay/app/hot-reloader-client.js:240
[  603684ms] [LOG] [Fast Refresh] done in 18ms @ webpack-internal:///(app-pages-browser)/./node_modules/next/dist/client/components/react-dev-overlay/app/hot-reloader-client.js:67
[  604684ms] [LOG] [Fast Refresh] rebuilding @ webpack-internal:///(app-pages-browser)/./node_modules/next/dist/client/components/react-dev-overlay/app/hot-reloader-client.js:240
[  604704ms] [LOG] [Fast Refresh] done in 20ms @ webpack-internal:///(app-pages-browser)/./node_modules/next/dist/client/components/react-dev-overlay/app/hot-reloader-client.js:67
[  605651ms] [LOG] [Fast Refresh] rebuilding @ webpack-internal:///(app-pages-browser)/./node_modules/next/dist/client/components/react-dev-overlay/app/hot-reloader-client.js:240
[  605670ms] [LOG] [Fast Refresh] done in 20ms @ webpack-internal:///(app-pages-browser)/./node_modules/next/dist/client/components/react-dev-overlay/app/hot-reloader-client.js:67
[  606755ms] [LOG] [Fast Refresh] rebuilding @ webpack-internal:///(app-pages-browser)/./node_modules/next/dist/client/components/react-dev-overlay/app/hot-reloader-client.js:240
[  606827ms] [LOG] [Fast Refresh] done in 72ms @ webpack-internal:///(app-pages-browser)/./node_modules/next/dist/client/components/react-dev-overlay/app/hot-reloader-client.js:67
[  607892ms] [LOG] [Fast Refresh] rebuilding @ webpack-internal:///(app-pages-browser)/./node_modules/next/dist/client/components/react-dev-overlay/app/hot-reloader-client.js:240
[  607916ms] [LOG] [Fast Refresh] done in 24ms @ webpack-internal:///(app-pages-browser)/./node_modules/next/dist/client/components/react-dev-overlay/app/hot-reloader-client.js:67
[  608904ms] [LOG] [Fast Refresh] rebuilding @ webpack-internal:///(app-pages-browser)/./node_modules/next/dist/client/components/react-dev-overlay/app/hot-reloader-client.js:240
[  608914ms] [LOG] [Fast Refresh] done in 9ms @ webpack-internal:///(app-pages-browser)/./node_modules/next/dist/client/components/react-dev-overlay/app/hot-reloader-client.js:67
[  609836ms] [LOG] [Fast Refresh] rebuilding @ webpack-internal:///(app-pages-browser)/./node_modules/next/dist/client/components/react-dev-overlay/app/hot-reloader-client.js:240
[  609856ms] [LOG] [Fast Refresh] done in 19ms @ webpack-internal:///(app-pages-browser)/./node_modules/next/dist/client/components/react-dev-overlay/app/hot-reloader-client.js:67
[  610796ms] [LOG] [Fast Refresh] rebuilding @ webpack-internal:///(app-pages-browser)/./node_modules/next/dist/client/components/react-dev-overlay/app/hot-reloader-client.js:240
[  610815ms] [LOG] [Fast Refresh] done in 20ms @ webpack-internal:///(app-pages-browser)/./node_modules/next/dist/client/components/react-dev-overlay/app/hot-reloader-client.js:67
[  611747ms] [LOG] [Fast Refresh] rebuilding @ webpack-internal:///(app-pages-browser)/./node_modules/next/dist/client/components/react-dev-overlay/app/hot-reloader-client.js:240
[  611764ms] [LOG] [Fast Refresh] done in 16ms @ webpack-internal:///(app-pages-browser)/./node_modules/next/dist/client/components/react-dev-overlay/app/hot-reloader-client.js:67
[  612752ms] [LOG] [Fast Refresh] rebuilding @ webpack-internal:///(app-pages-browser)/./node_modules/next/dist/client/components/react-dev-overlay/app/hot-reloader-client.js:240
[  612775ms] [LOG] [Fast Refresh] done in 22ms @ webpack-internal:///(app-pages-browser)/./node_modules/next/dist/client/components/react-dev-overlay/app/hot-reloader-client.js:67
[  613841ms] [LOG] [Fast Refresh] rebuilding @ webpack-internal:///(app-pages-browser)/./node_modules/next/dist/client/components/react-dev-overlay/app/hot-reloader-client.js:240
[  613850ms] [LOG] [Fast Refresh] done in 9ms @ webpack-internal:///(app-pages-browser)/./node_modules/next/dist/client/components/react-dev-overlay/app/hot-reloader-client.js:67
[  614867ms] [LOG] [Fast Refresh] rebuilding @ webpack-internal:///(app-pages-browser)/./node_modules/next/dist/client/components/react-dev-overlay/app/hot-reloader-client.js:240
[  614944ms] [LOG] [Fast Refresh] done in 76ms @ webpack-internal:///(app-pages-browser)/./node_modules/next/dist/client/components/react-dev-overlay/app/hot-reloader-client.js:67
[  616103ms] [LOG] [Fast Refresh] rebuilding @ webpack-internal:///(app-pages-browser)/./node_modules/next/dist/client/components/react-dev-overlay/app/hot-reloader-client.js:240
[  616129ms] [LOG] [Fast Refresh] done in 25ms @ webpack-internal:///(app-pages-browser)/./node_modules/next/dist/client/components/react-dev-overlay/app/hot-reloader-client.js:67
[  617101ms] [LOG] [Fast Refresh] rebuilding @ webpack-internal:///(app-pages-browser)/./node_modules/next/dist/client/components/react-dev-overlay/app/hot-reloader-client.js:240
[  617124ms] [LOG] [Fast Refresh] done in 23ms @ webpack-internal:///(app-pages-browser)/./node_modules/next/dist/client/components/react-dev-overlay/app/hot-reloader-client.js:67
[  618150ms] [LOG] [Fast Refresh] rebuilding @ webpack-internal:///(app-pages-browser)/./node_modules/next/dist/client/components/react-dev-overlay/app/hot-reloader-client.js:240
[  618175ms] [LOG] [Fast Refresh] done in 24ms @ webpack-internal:///(app-pages-browser)/./node_modules/next/dist/client/components/react-dev-overlay/app/hot-reloader-client.js:67
[  619092ms] [LOG] [Fast Refresh] rebuilding @ webpack-internal:///(app-pages-browser)/./node_modules/next/dist/client/components/react-dev-overlay/app/hot-reloader-client.js:240
[  619111ms] [LOG] [Fast Refresh] done in 19ms @ webpack-internal:///(app-pages-browser)/./node_modules/next/dist/client/components/react-dev-overlay/app/hot-reloader-client.js:67
[  620079ms] [LOG] [Fast Refresh] rebuilding @ webpack-internal:///(app-pages-browser)/./node_modules/next/dist/client/components/react-dev-overlay/app/hot-reloader-client.js:240
[  620098ms] [LOG] [Fast Refresh] done in 20ms @ webpack-internal:///(app-pages-browser)/./node_modules/next/dist/client/components/react-dev-overlay/app/hot-reloader-client.js:67
[  621075ms] [LOG] [Fast Refresh] rebuilding @ webpack-internal:///(app-pages-browser)/./node_modules/next/dist/client/components/react-dev-overlay/app/hot-reloader-client.js:240
[  621095ms] [LOG] [Fast Refresh] done in 20ms @ webpack-internal:///(app-pages-browser)/./node_modules/next/dist/client/components/react-dev-overlay/app/hot-reloader-client.js:67
[  622058ms] [LOG] [Fast Refresh] rebuilding @ webpack-internal:///(app-pages-browser)/./node_modules/next/dist/client/components/react-dev-overlay/app/hot-reloader-client.js:240
[  622080ms] [LOG] [Fast Refresh] done in 21ms @ webpack-internal:///(app-pages-browser)/./node_modules/next/dist/client/components/react-dev-overlay/app/hot-reloader-client.js:67
[  623092ms] [LOG] [Fast Refresh] rebuilding @ webpack-internal:///(app-pages-browser)/./node_modules/next/dist/client/components/react-dev-overlay/app/hot-reloader-client.js:240
[  623162ms] [LOG] [Fast Refresh] done in 70ms @ webpack-internal:///(app-pages-browser)/./node_modules/next/dist/client/components/react-dev-overlay/app/hot-reloader-client.js:67
[  624250ms] [LOG] [Fast Refresh] rebuilding @ webpack-internal:///(app-pages-browser)/./node_modules/next/dist/client/components/react-dev-overlay/app/hot-reloader-client.js:240
[  624272ms] [LOG] [Fast Refresh] done in 22ms @ webpack-internal:///(app-pages-browser)/./node_modules/next/dist/client/components/react-dev-overlay/app/hot-reloader-client.js:67
[  625305ms] [LOG] [Fast Refresh] rebuilding @ webpack-internal:///(app-pages-browser)/./node_modules/next/dist/client/components/react-dev-overlay/app/hot-reloader-client.js:240
[  625326ms] [LOG] [Fast Refresh] done in 21ms @ webpack-internal:///(app-pages-browser)/./node_modules/next/dist/client/components/react-dev-overlay/app/hot-reloader-client.js:67
[  626296ms] [LOG] [Fast Refresh] rebuilding @ webpack-internal:///(app-pages-browser)/./node_modules/next/dist/client/components/react-dev-overlay/app/hot-reloader-client.js:240
[  626314ms] [LOG] [Fast Refresh] done in 19ms @ webpack-internal:///(app-pages-browser)/./node_modules/next/dist/client/components/react-dev-overlay/app/hot-reloader-client.js:67
[  627269ms] [LOG] [Fast Refresh] rebuilding @ webpack-internal:///(app-pages-browser)/./node_modules/next/dist/client/components/react-dev-overlay/app/hot-reloader-client.js:240
[  627288ms] [LOG] [Fast Refresh] done in 20ms @ webpack-internal:///(app-pages-browser)/./node_modules/next/dist/client/components/react-dev-overlay/app/hot-reloader-client.js:67
[  628304ms] [LOG] [Fast Refresh] rebuilding @ webpack-internal:///(app-pages-browser)/./node_modules/next/dist/client/components/react-dev-overlay/app/hot-reloader-client.js:240
[  628336ms] [LOG] [Fast Refresh] done in 32ms @ webpack-internal:///(app-pages-browser)/./node_modules/next/dist/client/components/react-dev-overlay/app/hot-reloader-client.js:67
[  629353ms] [LOG] [Fast Refresh] rebuilding @ webpack-internal:///(app-pages-browser)/./node_modules/next/dist/client/components/react-dev-overlay/app/hot-reloader-client.js:240
[  629375ms] [LOG] [Fast Refresh] done in 21ms @ webpack-internal:///(app-pages-browser)/./node_modules/next/dist/client/components/react-dev-overlay/app/hot-reloader-client.js:67
[  630355ms] [LOG] [Fast Refresh] rebuilding @ webpack-internal:///(app-pages-browser)/./node_modules/next/dist/client/components/react-dev-overlay/app/hot-reloader-client.js:240
[  630375ms] [LOG] [Fast Refresh] done in 20ms @ webpack-internal:///(app-pages-browser)/./node_modules/next/dist/client/components/react-dev-overlay/app/hot-reloader-client.js:67
[  631417ms] [LOG] [Fast Refresh] rebuilding @ webpack-internal:///(app-pages-browser)/./node_modules/next/dist/client/components/react-dev-overlay/app/hot-reloader-client.js:240
[  631495ms] [LOG] [Fast Refresh] done in 79ms @ webpack-internal:///(app-pages-browser)/./node_modules/next/dist/client/components/react-dev-overlay/app/hot-reloader-client.js:67
[  632591ms] [LOG] [Fast Refresh] rebuilding @ webpack-internal:///(app-pages-browser)/./node_modules/next/dist/client/components/react-dev-overlay/app/hot-reloader-client.js:240
[  632616ms] [LOG] [Fast Refresh] done in 25ms @ webpack-internal:///(app-pages-browser)/./node_modules/next/dist/client/components/react-dev-overlay/app/hot-reloader-client.js:67
[  633564ms] [LOG] [Fast Refresh] rebuilding @ webpack-internal:///(app-pages-browser)/./node_modules/next/dist/client/components/react-dev-overlay/app/hot-reloader-client.js:240
[  633589ms] [LOG] [Fast Refresh] done in 25ms @ webpack-internal:///(app-pages-browser)/./node_modules/next/dist/client/components/react-dev-overlay/app/hot-reloader-client.js:67
[  634617ms] [LOG] [Fast Refresh] rebuilding @ webpack-internal:///(app-pages-browser)/./node_modules/next/dist/client/components/react-dev-overlay/app/hot-reloader-client.js:240
[  634638ms] [LOG] [Fast Refresh] done in 22ms @ webpack-internal:///(app-pages-browser)/./node_modules/next/dist/client/components/react-dev-overlay/app/hot-reloader-client.js:67
[  635585ms] [LOG] [Fast Refresh] rebuilding @ webpack-internal:///(app-pages-browser)/./node_modules/next/dist/client/components/react-dev-overlay/app/hot-reloader-client.js:240
[  635607ms] [LOG] [Fast Refresh] done in 23ms @ webpack-internal:///(app-pages-browser)/./node_modules/next/dist/client/components/react-dev-overlay/app/hot-reloader-client.js:67
[  636572ms] [LOG] [Fast Refresh] rebuilding @ webpack-internal:///(app-pages-browser)/./node_modules/next/dist/client/components/react-dev-overlay/app/hot-reloader-client.js:240
[  636593ms] [LOG] [Fast Refresh] done in 21ms @ webpack-internal:///(app-pages-browser)/./node_modules/next/dist/client/components/react-dev-overlay/app/hot-reloader-client.js:67
[  637541ms] [LOG] [Fast Refresh] rebuilding @ webpack-internal:///(app-pages-browser)/./node_modules/next/dist/client/components/react-dev-overlay/app/hot-reloader-client.js:240
[  637561ms] [LOG] [Fast Refresh] done in 20ms @ webpack-internal:///(app-pages-browser)/./node_modules/next/dist/client/components/react-dev-overlay/app/hot-reloader-client.js:67
[  638419ms] [LOG] [Fast Refresh] rebuilding @ webpack-internal:///(app-pages-browser)/./node_modules/next/dist/client/components/react-dev-overlay/app/hot-reloader-client.js:240
[  638439ms] [LOG] [Fast Refresh] done in 21ms @ webpack-internal:///(app-pages-browser)/./node_modules/next/dist/client/components/react-dev-overlay/app/hot-reloader-client.js:67
[  639377ms] [LOG] [Fast Refresh] rebuilding @ webpack-internal:///(app-pages-browser)/./node_modules/next/dist/client/components/react-dev-overlay/app/hot-reloader-client.js:240
[  639440ms] [LOG] [Fast Refresh] done in 63ms @ webpack-internal:///(app-pages-browser)/./node_modules/next/dist/client/components/react-dev-overlay/app/hot-reloader-client.js:67
[  640538ms] [LOG] [Fast Refresh] rebuilding @ webpack-internal:///(app-pages-browser)/./node_modules/next/dist/client/components/react-dev-overlay/app/hot-reloader-client.js:240
[  640565ms] [LOG] [Fast Refresh] done in 26ms @ webpack-internal:///(app-pages-browser)/./node_modules/next/dist/client/components/react-dev-overlay/app/hot-reloader-client.js:67
[  641514ms] [LOG] [Fast Refresh] rebuilding @ webpack-internal:///(app-pages-browser)/./node_modules/next/dist/client/components/react-dev-overlay/app/hot-reloader-client.js:240
[  641534ms] [LOG] [Fast Refresh] done in 21ms @ webpack-internal:///(app-pages-browser)/./node_modules/next/dist/client/components/react-dev-overlay/app/hot-reloader-client.js:67
[  642650ms] [LOG] [Fast Refresh] rebuilding @ webpack-internal:///(app-pages-browser)/./node_modules/next/dist/client/components/react-dev-overlay/app/hot-reloader-client.js:240
[  642672ms] [LOG] [Fast Refresh] done in 22ms @ webpack-internal:///(app-pages-browser)/./node_modules/next/dist/client/components/react-dev-overlay/app/hot-reloader-client.js:67
[  643671ms] [LOG] [Fast Refresh] rebuilding @ webpack-internal:///(app-pages-browser)/./node_modules/next/dist/client/components/react-dev-overlay/app/hot-reloader-client.js:240
[  643694ms] [LOG] [Fast Refresh] done in 22ms @ webpack-internal:///(app-pages-browser)/./node_modules/next/dist/client/components/react-dev-overlay/app/hot-reloader-client.js:67
[  644689ms] [LOG] [Fast Refresh] rebuilding @ webpack-internal:///(app-pages-browser)/./node_modules/next/dist/client/components/react-dev-overlay/app/hot-reloader-client.js:240
[  644710ms] [LOG] [Fast Refresh] done in 20ms @ webpack-internal:///(app-pages-browser)/./node_modules/next/dist/client/components/react-dev-overlay/app/hot-reloader-client.js:67
[  645708ms] [LOG] [Fast Refresh] rebuilding @ webpack-internal:///(app-pages-browser)/./node_modules/next/dist/client/components/react-dev-overlay/app/hot-reloader-client.js:240
[  645728ms] [LOG] [Fast Refresh] done in 21ms @ webpack-internal:///(app-pages-browser)/./node_modules/next/dist/client/components/react-dev-overlay/app/hot-reloader-client.js:67
[  646689ms] [LOG] [Fast Refresh] rebuilding @ webpack-internal:///(app-pages-browser)/./node_modules/next/dist/client/components/react-dev-overlay/app/hot-reloader-client.js:240
[  646709ms] [LOG] [Fast Refresh] done in 21ms @ webpack-internal:///(app-pages-browser)/./node_modules/next/dist/client/components/react-dev-overlay/app/hot-reloader-client.js:67
[  647704ms] [LOG] [Fast Refresh] rebuilding @ webpack-internal:///(app-pages-browser)/./node_modules/next/dist/client/components/react-dev-overlay/app/hot-reloader-client.js:240
[  647765ms] [LOG] [Fast Refresh] done in 61ms @ webpack-internal:///(app-pages-browser)/./node_modules/next/dist/client/components/react-dev-overlay/app/hot-reloader-client.js:67
[  648844ms] [LOG] [Fast Refresh] rebuilding @ webpack-internal:///(app-pages-browser)/./node_modules/next/dist/client/components/react-dev-overlay/app/hot-reloader-client.js:240
[  648868ms] [LOG] [Fast Refresh] done in 24ms @ webpack-internal:///(app-pages-browser)/./node_modules/next/dist/client/components/react-dev-overlay/app/hot-reloader-client.js:67
[  649793ms] [LOG] [Fast Refresh] rebuilding @ webpack-internal:///(app-pages-browser)/./node_modules/next/dist/client/components/react-dev-overlay/app/hot-reloader-client.js:240
[  649814ms] [LOG] [Fast Refresh] done in 22ms @ webpack-internal:///(app-pages-browser)/./node_modules/next/dist/client/components/react-dev-overlay/app/hot-reloader-client.js:67
[  650782ms] [LOG] [Fast Refresh] rebuilding @ webpack-internal:///(app-pages-browser)/./node_modules/next/dist/client/components/react-dev-overlay/app/hot-reloader-client.js:240
[  650802ms] [LOG] [Fast Refresh] done in 20ms @ webpack-internal:///(app-pages-browser)/./node_modules/next/dist/client/components/react-dev-overlay/app/hot-reloader-client.js:67
[  651779ms] [LOG] [Fast Refresh] rebuilding @ webpack-internal:///(app-pages-browser)/./node_modules/next/dist/client/components/react-dev-overlay/app/hot-reloader-client.js:240
[  651802ms] [LOG] [Fast Refresh] done in 23ms @ webpack-internal:///(app-pages-browser)/./node_modules/next/dist/client/components/react-dev-overlay/app/hot-reloader-client.js:67
[  652754ms] [LOG] [Fast Refresh] rebuilding @ webpack-internal:///(app-pages-browser)/./node_modules/next/dist/client/components/react-dev-overlay/app/hot-reloader-client.js:240
[  652788ms] [LOG] [Fast Refresh] done in 33ms @ webpack-internal:///(app-pages-browser)/./node_modules/next/dist/client/components/react-dev-overlay/app/hot-reloader-client.js:67
[  653730ms] [LOG] [Fast Refresh] rebuilding @ webpack-internal:///(app-pages-browser)/./node_modules/next/dist/client/components/react-dev-overlay/app/hot-reloader-client.js:240
[  653752ms] [LOG] [Fast Refresh] done in 22ms @ webpack-internal:///(app-pages-browser)/./node_modules/next/dist/client/components/react-dev-overlay/app/hot-reloader-client.js:67
[  654765ms] [LOG] [Fast Refresh] rebuilding @ webpack-internal:///(app-pages-browser)/./node_modules/next/dist/client/components/react-dev-overlay/app/hot-reloader-client.js:240
[  654787ms] [LOG] [Fast Refresh] done in 22ms @ webpack-internal:///(app-pages-browser)/./node_modules/next/dist/client/components/react-dev-overlay/app/hot-reloader-client.js:67
[  655811ms] [LOG] [Fast Refresh] rebuilding @ webpack-internal:///(app-pages-browser)/./node_modules/next/dist/client/components/react-dev-overlay/app/hot-reloader-client.js:240
[  655896ms] [LOG] [Fast Refresh] done in 85ms @ webpack-internal:///(app-pages-browser)/./node_modules/next/dist/client/components/react-dev-overlay/app/hot-reloader-client.js:67
[  657010ms] [LOG] [Fast Refresh] rebuilding @ webpack-internal:///(app-pages-browser)/./node_modules/next/dist/client/components/react-dev-overlay/app/hot-reloader-client.js:240
[  657034ms] [LOG] [Fast Refresh] done in 24ms @ webpack-internal:///(app-pages-browser)/./node_modules/next/dist/client/components/react-dev-overlay/app/hot-reloader-client.js:67
[  658072ms] [LOG] [Fast Refresh] rebuilding @ webpack-internal:///(app-pages-browser)/./node_modules/next/dist/client/components/react-dev-overlay/app/hot-reloader-client.js:240
[  658097ms] [LOG] [Fast Refresh] done in 24ms @ webpack-internal:///(app-pages-browser)/./node_modules/next/dist/client/components/react-dev-overlay/app/hot-reloader-client.js:67
[  659006ms] [LOG] [Fast Refresh] rebuilding @ webpack-internal:///(app-pages-browser)/./node_modules/next/dist/client/components/react-dev-overlay/app/hot-reloader-client.js:240
[  659027ms] [LOG] [Fast Refresh] done in 20ms @ webpack-internal:///(app-pages-browser)/./node_modules/next/dist/client/components/react-dev-overlay/app/hot-reloader-client.js:67
[  659975ms] [LOG] [Fast Refresh] rebuilding @ webpack-internal:///(app-pages-browser)/./node_modules/next/dist/client/components/react-dev-overlay/app/hot-reloader-client.js:240
[  659996ms] [LOG] [Fast Refresh] done in 22ms @ webpack-internal:///(app-pages-browser)/./node_modules/next/dist/client/components/react-dev-overlay/app/hot-reloader-client.js:67
[  661005ms] [LOG] [Fast Refresh] rebuilding @ webpack-internal:///(app-pages-browser)/./node_modules/next/dist/client/components/react-dev-overlay/app/hot-reloader-client.js:240
[  661033ms] [LOG] [Fast Refresh] done in 28ms @ webpack-internal:///(app-pages-browser)/./node_modules/next/dist/client/components/react-dev-overlay/app/hot-reloader-client.js:67
[  662091ms] [LOG] [Fast Refresh] rebuilding @ webpack-internal:///(app-pages-browser)/./node_modules/next/dist/client/components/react-dev-overlay/app/hot-reloader-client.js:240
[  662112ms] [LOG] [Fast Refresh] done in 20ms @ webpack-internal:///(app-pages-browser)/./node_modules/next/dist/client/components/react-dev-overlay/app/hot-reloader-client.js:67
[  663124ms] [LOG] [Fast Refresh] rebuilding @ webpack-internal:///(app-pages-browser)/./node_modules/next/dist/client/components/react-dev-overlay/app/hot-reloader-client.js:240
[  663149ms] [LOG] [Fast Refresh] done in 25ms @ webpack-internal:///(app-pages-browser)/./node_modules/next/dist/client/components/react-dev-overlay/app/hot-reloader-client.js:67
[  664151ms] [LOG] [Fast Refresh] rebuilding @ webpack-internal:///(app-pages-browser)/./node_modules/next/dist/client/components/react-dev-overlay/app/hot-reloader-client.js:240
[  664225ms] [LOG] [Fast Refresh] done in 74ms @ webpack-internal:///(app-pages-browser)/./node_modules/next/dist/client/components/react-dev-overlay/app/hot-reloader-client.js:67
[  665358ms] [LOG] [Fast Refresh] rebuilding @ webpack-internal:///(app-pages-browser)/./node_modules/next/dist/client/components/react-dev-overlay/app/hot-reloader-client.js:240
[  665383ms] [LOG] [Fast Refresh] done in 24ms @ webpack-internal:///(app-pages-browser)/./node_modules/next/dist/client/components/react-dev-overlay/app/hot-reloader-client.js:67
[  666346ms] [LOG] [Fast Refresh] rebuilding @ webpack-internal:///(app-pages-browser)/./node_modules/next/dist/client/components/react-dev-overlay/app/hot-reloader-client.js:240
[  666366ms] [LOG] [Fast Refresh] done in 20ms @ webpack-internal:///(app-pages-browser)/./node_modules/next/dist/client/components/react-dev-overlay/app/hot-reloader-client.js:67
[  667400ms] [LOG] [Fast Refresh] rebuilding @ webpack-internal:///(app-pages-browser)/./node_modules/next/dist/client/components/react-dev-overlay/app/hot-reloader-client.js:240
[  667421ms] [LOG] [Fast Refresh] done in 20ms @ webpack-internal:///(app-pages-browser)/./node_modules/next/dist/client/components/react-dev-overlay/app/hot-reloader-client.js:67
[  668363ms] [LOG] [Fast Refresh] rebuilding @ webpack-internal:///(app-pages-browser)/./node_modules/next/dist/client/components/react-dev-overlay/app/hot-reloader-client.js:240
[  668384ms] [LOG] [Fast Refresh] done in 20ms @ webpack-internal:///(app-pages-browser)/./node_modules/next/dist/client/components/react-dev-overlay/app/hot-reloader-client.js:67
[  669362ms] [LOG] [Fast Refresh] rebuilding @ webpack-internal:///(app-pages-browser)/./node_modules/next/dist/client/components/react-dev-overlay/app/hot-reloader-client.js:240
[  669393ms] [LOG] [Fast Refresh] done in 31ms @ webpack-internal:///(app-pages-browser)/./node_modules/next/dist/client/components/react-dev-overlay/app/hot-reloader-client.js:67
[  670330ms] [LOG] [Fast Refresh] rebuilding @ webpack-internal:///(app-pages-browser)/./node_modules/next/dist/client/components/react-dev-overlay/app/hot-reloader-client.js:240
[  670349ms] [LOG] [Fast Refresh] done in 19ms @ webpack-internal:///(app-pages-browser)/./node_modules/next/dist/client/components/react-dev-overlay/app/hot-reloader-client.js:67
[  671264ms] [LOG] [Fast Refresh] rebuilding @ webpack-internal:///(app-pages-browser)/./node_modules/next/dist/client/components/react-dev-overlay/app/hot-reloader-client.js:240
[  671283ms] [LOG] [Fast Refresh] done in 19ms @ webpack-internal:///(app-pages-browser)/./node_modules/next/dist/client/components/react-dev-overlay/app/hot-reloader-client.js:67
[  672286ms] [LOG] [Fast Refresh] rebuilding @ webpack-internal:///(app-pages-browser)/./node_modules/next/dist/client/components/react-dev-overlay/app/hot-reloader-client.js:240
[  672354ms] [LOG] [Fast Refresh] done in 67ms @ webpack-internal:///(app-pages-browser)/./node_modules/next/dist/client/components/react-dev-overlay/app/hot-reloader-client.js:67
[  673424ms] [LOG] [Fast Refresh] rebuilding @ webpack-internal:///(app-pages-browser)/./node_modules/next/dist/client/components/react-dev-overlay/app/hot-reloader-client.js:240
[  673448ms] [LOG] [Fast Refresh] done in 24ms @ webpack-internal:///(app-pages-browser)/./node_modules/next/dist/client/components/react-dev-overlay/app/hot-reloader-client.js:67
[  674344ms] [LOG] [Fast Refresh] rebuilding @ webpack-internal:///(app-pages-browser)/./node_modules/next/dist/client/components/react-dev-overlay/app/hot-reloader-client.js:240
[  674369ms] [LOG] [Fast Refresh] done in 24ms @ webpack-internal:///(app-pages-browser)/./node_modules/next/dist/client/components/react-dev-overlay/app/hot-reloader-client.js:67
[  675359ms] [LOG] [Fast Refresh] rebuilding @ webpack-internal:///(app-pages-browser)/./node_modules/next/dist/client/components/react-dev-overlay/app/hot-reloader-client.js:240
[  675378ms] [LOG] [Fast Refresh] done in 20ms @ webpack-internal:///(app-pages-browser)/./node_modules/next/dist/client/components/react-dev-overlay/app/hot-reloader-client.js:67
[  676374ms] [LOG] [Fast Refresh] rebuilding @ webpack-internal:///(app-pages-browser)/./node_modules/next/dist/client/components/react-dev-overlay/app/hot-reloader-client.js:240
[  676394ms] [LOG] [Fast Refresh] done in 21ms @ webpack-internal:///(app-pages-browser)/./node_modules/next/dist/client/components/react-dev-overlay/app/hot-reloader-client.js:67
[  677348ms] [LOG] [Fast Refresh] rebuilding @ webpack-internal:///(app-pages-browser)/./node_modules/next/dist/client/components/react-dev-overlay/app/hot-reloader-client.js:240
[  677369ms] [LOG] [Fast Refresh] done in 20ms @ webpack-internal:///(app-pages-browser)/./node_modules/next/dist/client/components/react-dev-overlay/app/hot-reloader-client.js:67
[  678340ms] [LOG] [Fast Refresh] rebuilding @ webpack-internal:///(app-pages-browser)/./node_modules/next/dist/client/components/react-dev-overlay/app/hot-reloader-client.js:240
[  678359ms] [LOG] [Fast Refresh] done in 19ms @ webpack-internal:///(app-pages-browser)/./node_modules/next/dist/client/components/react-dev-overlay/app/hot-reloader-client.js:67
[  679274ms] [LOG] [Fast Refresh] rebuilding @ webpack-internal:///(app-pages-browser)/./node_modules/next/dist/client/components/react-dev-overlay/app/hot-reloader-client.js:240
[  679296ms] [LOG] [Fast Refresh] done in 22ms @ webpack-internal:///(app-pages-browser)/./node_modules/next/dist/client/components/react-dev-overlay/app/hot-reloader-client.js:67
[  680365ms] [LOG] [Fast Refresh] rebuilding @ webpack-internal:///(app-pages-browser)/./node_modules/next/dist/client/components/react-dev-overlay/app/hot-reloader-client.js:240
[  680443ms] [LOG] [Fast Refresh] done in 77ms @ webpack-internal:///(app-pages-browser)/./node_modules/next/dist/client/components/react-dev-overlay/app/hot-reloader-client.js:67
[  681557ms] [LOG] [Fast Refresh] rebuilding @ webpack-internal:///(app-pages-browser)/./node_modules/next/dist/client/components/react-dev-overlay/app/hot-reloader-client.js:240
[  681578ms] [LOG] [Fast Refresh] done in 21ms @ webpack-internal:///(app-pages-browser)/./node_modules/next/dist/client/components/react-dev-overlay/app/hot-reloader-client.js:67
[  682548ms] [LOG] [Fast Refresh] rebuilding @ webpack-internal:///(app-pages-browser)/./node_modules/next/dist/client/components/react-dev-overlay/app/hot-reloader-client.js:240
[  682569ms] [LOG] [Fast Refresh] done in 21ms @ webpack-internal:///(app-pages-browser)/./node_modules/next/dist/client/components/react-dev-overlay/app/hot-reloader-client.js:67
[  683517ms] [LOG] [Fast Refresh] rebuilding @ webpack-internal:///(app-pages-browser)/./node_modules/next/dist/client/components/react-dev-overlay/app/hot-reloader-client.js:240
[  683537ms] [LOG] [Fast Refresh] done in 19ms @ webpack-internal:///(app-pages-browser)/./node_modules/next/dist/client/components/react-dev-overlay/app/hot-reloader-client.js:67
[  684415ms] [LOG] [Fast Refresh] rebuilding @ webpack-internal:///(app-pages-browser)/./node_modules/next/dist/client/components/react-dev-overlay/app/hot-reloader-client.js:240
[  684436ms] [LOG] [Fast Refresh] done in 21ms @ webpack-internal:///(app-pages-browser)/./node_modules/next/dist/client/components/react-dev-overlay/app/hot-reloader-client.js:67
[  685483ms] [LOG] [Fast Refresh] rebuilding @ webpack-internal:///(app-pages-browser)/./node_modules/next/dist/client/components/react-dev-overlay/app/hot-reloader-client.js:240
[  685500ms] [LOG] [Fast Refresh] done in 17ms @ webpack-internal:///(app-pages-browser)/./node_modules/next/dist/client/components/react-dev-overlay/app/hot-reloader-client.js:67
[  686484ms] [LOG] [Fast Refresh] rebuilding @ webpack-internal:///(app-pages-browser)/./node_modules/next/dist/client/components/react-dev-overlay/app/hot-reloader-client.js:240
[  686504ms] [LOG] [Fast Refresh] done in 21ms @ webpack-internal:///(app-pages-browser)/./node_modules/next/dist/client/components/react-dev-overlay/app/hot-reloader-client.js:67
[  687488ms] [LOG] [Fast Refresh] rebuilding @ webpack-internal:///(app-pages-browser)/./node_modules/next/dist/client/components/react-dev-overlay/app/hot-reloader-client.js:240
[  687510ms] [LOG] [Fast Refresh] done in 22ms @ webpack-internal:///(app-pages-browser)/./node_modules/next/dist/client/components/react-dev-overlay/app/hot-reloader-client.js:67
[  688525ms] [LOG] [Fast Refresh] rebuilding @ webpack-internal:///(app-pages-browser)/./node_modules/next/dist/client/components/react-dev-overlay/app/hot-reloader-client.js:240
[  688594ms] [LOG] [Fast Refresh] done in 69ms @ webpack-internal:///(app-pages-browser)/./node_modules/next/dist/client/components/react-dev-overlay/app/hot-reloader-client.js:67
[  689759ms] [LOG] [Fast Refresh] rebuilding @ webpack-internal:///(app-pages-browser)/./node_modules/next/dist/client/components/react-dev-overlay/app/hot-reloader-client.js:240
[  689782ms] [LOG] [Fast Refresh] done in 23ms @ webpack-internal:///(app-pages-browser)/./node_modules/next/dist/client/components/react-dev-overlay/app/hot-reloader-client.js:67
[  690679ms] [LOG] [Fast Refresh] rebuilding @ webpack-internal:///(app-pages-browser)/./node_modules/next/dist/client/components/react-dev-overlay/app/hot-reloader-client.js:240
[  690701ms] [LOG] [Fast Refresh] done in 21ms @ webpack-internal:///(app-pages-browser)/./node_modules/next/dist/client/components/react-dev-overlay/app/hot-reloader-client.js:67
[  691666ms] [LOG] [Fast Refresh] rebuilding @ webpack-internal:///(app-pages-browser)/./node_modules/next/dist/client/components/react-dev-overlay/app/hot-reloader-client.js:240
[  691687ms] [LOG] [Fast Refresh] done in 22ms @ webpack-internal:///(app-pages-browser)/./node_modules/next/dist/client/components/react-dev-overlay/app/hot-reloader-client.js:67
[  692571ms] [LOG] [Fast Refresh] rebuilding @ webpack-internal:///(app-pages-browser)/./node_modules/next/dist/client/components/react-dev-overlay/app/hot-reloader-client.js:240
[  692593ms] [LOG] [Fast Refresh] done in 21ms @ webpack-internal:///(app-pages-browser)/./node_modules/next/dist/client/components/react-dev-overlay/app/hot-reloader-client.js:67
[  693527ms] [LOG] [Fast Refresh] rebuilding @ webpack-internal:///(app-pages-browser)/./node_modules/next/dist/client/components/react-dev-overlay/app/hot-reloader-client.js:240
[  693551ms] [LOG] [Fast Refresh] done in 24ms @ webpack-internal:///(app-pages-browser)/./node_modules/next/dist/client/components/react-dev-overlay/app/hot-reloader-client.js:67
[  694566ms] [LOG] [Fast Refresh] rebuilding @ webpack-internal:///(app-pages-browser)/./node_modules/next/dist/client/components/react-dev-overlay/app/hot-reloader-client.js:240
[  694586ms] [LOG] [Fast Refresh] done in 20ms @ webpack-internal:///(app-pages-browser)/./node_modules/next/dist/client/components/react-dev-overlay/app/hot-reloader-client.js:67
[  695520ms] [LOG] [Fast Refresh] rebuilding @ webpack-internal:///(app-pages-browser)/./node_modules/next/dist/client/components/react-dev-overlay/app/hot-reloader-client.js:240
[  695541ms] [LOG] [Fast Refresh] done in 21ms @ webpack-internal:///(app-pages-browser)/./node_modules/next/dist/client/components/react-dev-overlay/app/hot-reloader-client.js:67
[  696571ms] [LOG] [Fast Refresh] rebuilding @ webpack-internal:///(app-pages-browser)/./node_modules/next/dist/client/components/react-dev-overlay/app/hot-reloader-client.js:240
[  696659ms] [LOG] [Fast Refresh] done in 88ms @ webpack-internal:///(app-pages-browser)/./node_modules/next/dist/client/components/react-dev-overlay/app/hot-reloader-client.js:67
[  697761ms] [LOG] [Fast Refresh] rebuilding @ webpack-internal:///(app-pages-browser)/./node_modules/next/dist/client/components/react-dev-overlay/app/hot-reloader-client.js:240
[  697786ms] [LOG] [Fast Refresh] done in 25ms @ webpack-internal:///(app-pages-browser)/./node_modules/next/dist/client/components/react-dev-overlay/app/hot-reloader-client.js:67
[  698709ms] [LOG] [Fast Refresh] rebuilding @ webpack-internal:///(app-pages-browser)/./node_modules/next/dist/client/components/react-dev-overlay/app/hot-reloader-client.js:240
[  698730ms] [LOG] [Fast Refresh] done in 21ms @ webpack-internal:///(app-pages-browser)/./node_modules/next/dist/client/components/react-dev-overlay/app/hot-reloader-client.js:67
[  699708ms] [LOG] [Fast Refresh] rebuilding @ webpack-internal:///(app-pages-browser)/./node_modules/next/dist/client/components/react-dev-overlay/app/hot-reloader-client.js:240
[  699727ms] [LOG] [Fast Refresh] done in 19ms @ webpack-internal:///(app-pages-browser)/./node_modules/next/dist/client/components/react-dev-overlay/app/hot-reloader-client.js:67
[  700671ms] [LOG] [Fast Refresh] rebuilding @ webpack-internal:///(app-pages-browser)/./node_modules/next/dist/client/components/react-dev-overlay/app/hot-reloader-client.js:240
[  700692ms] [LOG] [Fast Refresh] done in 21ms @ webpack-internal:///(app-pages-browser)/./node_modules/next/dist/client/components/react-dev-overlay/app/hot-reloader-client.js:67
[  701585ms] [LOG] [Fast Refresh] rebuilding @ webpack-internal:///(app-pages-browser)/./node_modules/next/dist/client/components/react-dev-overlay/app/hot-reloader-client.js:240
[  701610ms] [LOG] [Fast Refresh] done in 25ms @ webpack-internal:///(app-pages-browser)/./node_modules/next/dist/client/components/react-dev-overlay/app/hot-reloader-client.js:67
[  702583ms] [LOG] [Fast Refresh] rebuilding @ webpack-internal:///(app-pages-browser)/./node_modules/next/dist/client/components/react-dev-overlay/app/hot-reloader-client.js:240
[  702605ms] [LOG] [Fast Refresh] done in 22ms @ webpack-internal:///(app-pages-browser)/./node_modules/next/dist/client/components/react-dev-overlay/app/hot-reloader-client.js:67
[  703689ms] [LOG] [Fast Refresh] rebuilding @ webpack-internal:///(app-pages-browser)/./node_modules/next/dist/client/components/react-dev-overlay/app/hot-reloader-client.js:240
[  703712ms] [LOG] [Fast Refresh] done in 23ms @ webpack-internal:///(app-pages-browser)/./node_modules/next/dist/client/components/react-dev-overlay/app/hot-reloader-client.js:67
[  704696ms] [LOG] [Fast Refresh] rebuilding @ webpack-internal:///(app-pages-browser)/./node_modules/next/dist/client/components/react-dev-overlay/app/hot-reloader-client.js:240
[  704773ms] [LOG] [Fast Refresh] done in 76ms @ webpack-internal:///(app-pages-browser)/./node_modules/next/dist/client/components/react-dev-overlay/app/hot-reloader-client.js:67
[  705951ms] [LOG] [Fast Refresh] rebuilding @ webpack-internal:///(app-pages-browser)/./node_modules/next/dist/client/components/react-dev-overlay/app/hot-reloader-client.js:240
[  705974ms] [LOG] [Fast Refresh] done in 22ms @ webpack-internal:///(app-pages-browser)/./node_modules/next/dist/client/components/react-dev-overlay/app/hot-reloader-client.js:67
[  706919ms] [LOG] [Fast Refresh] rebuilding @ webpack-internal:///(app-pages-browser)/./node_modules/next/dist/client/components/react-dev-overlay/app/hot-reloader-client.js:240
[  706943ms] [LOG] [Fast Refresh] done in 24ms @ webpack-internal:///(app-pages-browser)/./node_modules/next/dist/client/components/react-dev-overlay/app/hot-reloader-client.js:67
[  707937ms] [LOG] [Fast Refresh] rebuilding @ webpack-internal:///(app-pages-browser)/./node_modules/next/dist/client/components/react-dev-overlay/app/hot-reloader-client.js:240
[  707960ms] [LOG] [Fast Refresh] done in 22ms @ webpack-internal:///(app-pages-browser)/./node_modules/next/dist/client/components/react-dev-overlay/app/hot-reloader-client.js:67
[  708904ms] [LOG] [Fast Refresh] rebuilding @ webpack-internal:///(app-pages-browser)/./node_modules/next/dist/client/components/react-dev-overlay/app/hot-reloader-client.js:240
[  708926ms] [LOG] [Fast Refresh] done in 21ms @ webpack-internal:///(app-pages-browser)/./node_modules/next/dist/client/components/react-dev-overlay/app/hot-reloader-client.js:67
[  709797ms] [LOG] [Fast Refresh] rebuilding @ webpack-internal:///(app-pages-browser)/./node_modules/next/dist/client/components/react-dev-overlay/app/hot-reloader-client.js:240
[  709817ms] [LOG] [Fast Refresh] done in 21ms @ webpack-internal:///(app-pages-browser)/./node_modules/next/dist/client/components/react-dev-overlay/app/hot-reloader-client.js:67
[  710878ms] [LOG] [Fast Refresh] rebuilding @ webpack-internal:///(app-pages-browser)/./node_modules/next/dist/client/components/react-dev-overlay/app/hot-reloader-client.js:240
[  710897ms] [LOG] [Fast Refresh] done in 19ms @ webpack-internal:///(app-pages-browser)/./node_modules/next/dist/client/components/react-dev-overlay/app/hot-reloader-client.js:67
[  711855ms] [LOG] [Fast Refresh] rebuilding @ webpack-internal:///(app-pages-browser)/./node_modules/next/dist/client/components/react-dev-overlay/app/hot-reloader-client.js:240
[  711876ms] [LOG] [Fast Refresh] done in 20ms @ webpack-internal:///(app-pages-browser)/./node_modules/next/dist/client/components/react-dev-overlay/app/hot-reloader-client.js:67
[  712862ms] [LOG] [Fast Refresh] rebuilding @ webpack-internal:///(app-pages-browser)/./node_modules/next/dist/client/components/react-dev-overlay/app/hot-reloader-client.js:240
[  712937ms] [LOG] [Fast Refresh] done in 74ms @ webpack-internal:///(app-pages-browser)/./node_modules/next/dist/client/components/react-dev-overlay/app/hot-reloader-client.js:67
[  713997ms] [LOG] [Fast Refresh] rebuilding @ webpack-internal:///(app-pages-browser)/./node_modules/next/dist/client/components/react-dev-overlay/app/hot-reloader-client.js:240
[  714023ms] [LOG] [Fast Refresh] done in 26ms @ webpack-internal:///(app-pages-browser)/./node_modules/next/dist/client/components/react-dev-overlay/app/hot-reloader-client.js:67
[  715032ms] [LOG] [Fast Refresh] rebuilding @ webpack-internal:///(app-pages-browser)/./node_modules/next/dist/client/components/react-dev-overlay/app/hot-reloader-client.js:240
[  715053ms] [LOG] [Fast Refresh] done in 21ms @ webpack-internal:///(app-pages-browser)/./node_modules/next/dist/client/components/react-dev-overlay/app/hot-reloader-client.js:67
[  716101ms] [LOG] [Fast Refresh] rebuilding @ webpack-internal:///(app-pages-browser)/./node_modules/next/dist/client/components/react-dev-overlay/app/hot-reloader-client.js:240
[  716122ms] [LOG] [Fast Refresh] done in 20ms @ webpack-internal:///(app-pages-browser)/./node_modules/next/dist/client/components/react-dev-overlay/app/hot-reloader-client.js:67
[  717089ms] [LOG] [Fast Refresh] rebuilding @ webpack-internal:///(app-pages-browser)/./node_modules/next/dist/client/components/react-dev-overlay/app/hot-reloader-client.js:240
[  717108ms] [LOG] [Fast Refresh] done in 19ms @ webpack-internal:///(app-pages-browser)/./node_modules/next/dist/client/components/react-dev-overlay/app/hot-reloader-client.js:67
[  718038ms] [LOG] [Fast Refresh] rebuilding @ webpack-internal:///(app-pages-browser)/./node_modules/next/dist/client/components/react-dev-overlay/app/hot-reloader-client.js:240
[  718057ms] [LOG] [Fast Refresh] done in 20ms @ webpack-internal:///(app-pages-browser)/./node_modules/next/dist/client/components/react-dev-overlay/app/hot-reloader-client.js:67
[  719001ms] [LOG] [Fast Refresh] rebuilding @ webpack-internal:///(app-pages-browser)/./node_modules/next/dist/client/components/react-dev-overlay/app/hot-reloader-client.js:240
[  719022ms] [LOG] [Fast Refresh] done in 20ms @ webpack-internal:///(app-pages-browser)/./node_modules/next/dist/client/components/react-dev-overlay/app/hot-reloader-client.js:67
[  720036ms] [LOG] [Fast Refresh] rebuilding @ webpack-internal:///(app-pages-browser)/./node_modules/next/dist/client/components/react-dev-overlay/app/hot-reloader-client.js:240
[  720057ms] [LOG] [Fast Refresh] done in 20ms @ webpack-internal:///(app-pages-browser)/./node_modules/next/dist/client/components/react-dev-overlay/app/hot-reloader-client.js:67
[  721101ms] [LOG] [Fast Refresh] rebuilding @ webpack-internal:///(app-pages-browser)/./node_modules/next/dist/client/components/react-dev-overlay/app/hot-reloader-client.js:240
[  721201ms] [LOG] [Fast Refresh] done in 99ms @ webpack-internal:///(app-pages-browser)/./node_modules/next/dist/client/components/react-dev-overlay/app/hot-reloader-client.js:67
[  722281ms] [LOG] [Fast Refresh] rebuilding @ webpack-internal:///(app-pages-browser)/./node_modules/next/dist/client/components/react-dev-overlay/app/hot-reloader-client.js:240
[  722305ms] [LOG] [Fast Refresh] done in 25ms @ webpack-internal:///(app-pages-browser)/./node_modules/next/dist/client/components/react-dev-overlay/app/hot-reloader-client.js:67
[  723287ms] [LOG] [Fast Refresh] rebuilding @ webpack-internal:///(app-pages-browser)/./node_modules/next/dist/client/components/react-dev-overlay/app/hot-reloader-client.js:240
[  723307ms] [LOG] [Fast Refresh] done in 21ms @ webpack-internal:///(app-pages-browser)/./node_modules/next/dist/client/components/react-dev-overlay/app/hot-reloader-client.js:67
[  724369ms] [LOG] [Fast Refresh] rebuilding @ webpack-internal:///(app-pages-browser)/./node_modules/next/dist/client/components/react-dev-overlay/app/hot-reloader-client.js:240
[  724393ms] [LOG] [Fast Refresh] done in 24ms @ webpack-internal:///(app-pages-browser)/./node_modules/next/dist/client/components/react-dev-overlay/app/hot-reloader-client.js:67
[  725315ms] [LOG] [Fast Refresh] rebuilding @ webpack-internal:///(app-pages-browser)/./node_modules/next/dist/client/components/react-dev-overlay/app/hot-reloader-client.js:240
[  725334ms] [LOG] [Fast Refresh] done in 19ms @ webpack-internal:///(app-pages-browser)/./node_modules/next/dist/client/components/react-dev-overlay/app/hot-reloader-client.js:67
[  726269ms] [LOG] [Fast Refresh] rebuilding @ webpack-internal:///(app-pages-browser)/./node_modules/next/dist/client/components/react-dev-overlay/app/hot-reloader-client.js:240
[  726288ms] [LOG] [Fast Refresh] done in 19ms @ webpack-internal:///(app-pages-browser)/./node_modules/next/dist/client/components/react-dev-overlay/app/hot-reloader-client.js:67
[  727258ms] [LOG] [Fast Refresh] rebuilding @ webpack-internal:///(app-pages-browser)/./node_modules/next/dist/client/components/react-dev-overlay/app/hot-reloader-client.js:240
[  727278ms] [LOG] [Fast Refresh] done in 20ms @ webpack-internal:///(app-pages-browser)/./node_modules/next/dist/client/components/react-dev-overlay/app/hot-reloader-client.js:67
[  728195ms] [LOG] [Fast Refresh] rebuilding @ webpack-internal:///(app-pages-browser)/./node_modules/next/dist/client/components/react-dev-overlay/app/hot-reloader-client.js:240
[  728218ms] [LOG] [Fast Refresh] done in 24ms @ webpack-internal:///(app-pages-browser)/./node_modules/next/dist/client/components/react-dev-overlay/app/hot-reloader-client.js:67
[  729186ms] [LOG] [Fast Refresh] rebuilding @ webpack-internal:///(app-pages-browser)/./node_modules/next/dist/client/components/react-dev-overlay/app/hot-reloader-client.js:240
[  729251ms] [LOG] [Fast Refresh] done in 66ms @ webpack-internal:///(app-pages-browser)/./node_modules/next/dist/client/components/react-dev-overlay/app/hot-reloader-client.js:67
[  730350ms] [LOG] [Fast Refresh] rebuilding @ webpack-internal:///(app-pages-browser)/./node_modules/next/dist/client/components/react-dev-overlay/app/hot-reloader-client.js:240
[  730373ms] [LOG] [Fast Refresh] done in 23ms @ webpack-internal:///(app-pages-browser)/./node_modules/next/dist/client/components/react-dev-overlay/app/hot-reloader-client.js:67
[  731326ms] [LOG] [Fast Refresh] rebuilding @ webpack-internal:///(app-pages-browser)/./node_modules/next/dist/client/components/react-dev-overlay/app/hot-reloader-client.js:240
[  731350ms] [LOG] [Fast Refresh] done in 23ms @ webpack-internal:///(app-pages-browser)/./node_modules/next/dist/client/components/react-dev-overlay/app/hot-reloader-client.js:67
[  732400ms] [LOG] [Fast Refresh] rebuilding @ webpack-internal:///(app-pages-browser)/./node_modules/next/dist/client/components/react-dev-overlay/app/hot-reloader-client.js:240
[  732420ms] [LOG] [Fast Refresh] done in 21ms @ webpack-internal:///(app-pages-browser)/./node_modules/next/dist/client/components/react-dev-overlay/app/hot-reloader-client.js:67
[  733365ms] [LOG] [Fast Refresh] rebuilding @ webpack-internal:///(app-pages-browser)/./node_modules/next/dist/client/components/react-dev-overlay/app/hot-reloader-client.js:240
[  733386ms] [LOG] [Fast Refresh] done in 21ms @ webpack-internal:///(app-pages-browser)/./node_modules/next/dist/client/components/react-dev-overlay/app/hot-reloader-client.js:67
[  734355ms] [LOG] [Fast Refresh] rebuilding @ webpack-internal:///(app-pages-browser)/./node_modules/next/dist/client/components/react-dev-overlay/app/hot-reloader-client.js:240
[  734374ms] [LOG] [Fast Refresh] done in 20ms @ webpack-internal:///(app-pages-browser)/./node_modules/next/dist/client/components/react-dev-overlay/app/hot-reloader-client.js:67
[  735345ms] [LOG] [Fast Refresh] rebuilding @ webpack-internal:///(app-pages-browser)/./node_modules/next/dist/client/components/react-dev-overlay/app/hot-reloader-client.js:240
[  735367ms] [LOG] [Fast Refresh] done in 22ms @ webpack-internal:///(app-pages-browser)/./node_modules/next/dist/client/components/react-dev-overlay/app/hot-reloader-client.js:67
[  736367ms] [LOG] [Fast Refresh] rebuilding @ webpack-internal:///(app-pages-browser)/./node_modules/next/dist/client/components/react-dev-overlay/app/hot-reloader-client.js:240
[  736385ms] [LOG] [Fast Refresh] done in 19ms @ webpack-internal:///(app-pages-browser)/./node_modules/next/dist/client/components/react-dev-overlay/app/hot-reloader-client.js:67
[  737366ms] [LOG] [Fast Refresh] rebuilding @ webpack-internal:///(app-pages-browser)/./node_modules/next/dist/client/components/react-dev-overlay/app/hot-reloader-client.js:240
[  737435ms] [LOG] [Fast Refresh] done in 69ms @ webpack-internal:///(app-pages-browser)/./node_modules/next/dist/client/components/react-dev-overlay/app/hot-reloader-client.js:67
[  738492ms] [LOG] [Fast Refresh] rebuilding @ webpack-internal:///(app-pages-browser)/./node_modules/next/dist/client/components/react-dev-overlay/app/hot-reloader-client.js:240
[  738516ms] [LOG] [Fast Refresh] done in 23ms @ webpack-internal:///(app-pages-browser)/./node_modules/next/dist/client/components/react-dev-overlay/app/hot-reloader-client.js:67
[  739423ms] [LOG] [Fast Refresh] rebuilding @ webpack-internal:///(app-pages-browser)/./node_modules/next/dist/client/components/react-dev-overlay/app/hot-reloader-client.js:240
[  739442ms] [LOG] [Fast Refresh] done in 19ms @ webpack-internal:///(app-pages-browser)/./node_modules/next/dist/client/components/react-dev-overlay/app/hot-reloader-client.js:67
[  740358ms] [LOG] [Fast Refresh] rebuilding @ webpack-internal:///(app-pages-browser)/./node_modules/next/dist/client/components/react-dev-overlay/app/hot-reloader-client.js:240
[  740379ms] [LOG] [Fast Refresh] done in 20ms @ webpack-internal:///(app-pages-browser)/./node_modules/next/dist/client/components/react-dev-overlay/app/hot-reloader-client.js:67
[  741277ms] [LOG] [Fast Refresh] rebuilding @ webpack-internal:///(app-pages-browser)/./node_modules/next/dist/client/components/react-dev-overlay/app/hot-reloader-client.js:240
[  741298ms] [LOG] [Fast Refresh] done in 20ms @ webpack-internal:///(app-pages-browser)/./node_modules/next/dist/client/components/react-dev-overlay/app/hot-reloader-client.js:67
[  742192ms] [LOG] [Fast Refresh] rebuilding @ webpack-internal:///(app-pages-browser)/./node_modules/next/dist/client/components/react-dev-overlay/app/hot-reloader-client.js:240
[  742212ms] [LOG] [Fast Refresh] done in 20ms @ webpack-internal:///(app-pages-browser)/./node_modules/next/dist/client/components/react-dev-overlay/app/hot-reloader-client.js:67
[  743239ms] [LOG] [Fast Refresh] rebuilding @ webpack-internal:///(app-pages-browser)/./node_modules/next/dist/client/components/react-dev-overlay/app/hot-reloader-client.js:240
[  743260ms] [LOG] [Fast Refresh] done in 20ms @ webpack-internal:///(app-pages-browser)/./node_modules/next/dist/client/components/react-dev-overlay/app/hot-reloader-client.js:67
[  744149ms] [LOG] [Fast Refresh] rebuilding @ webpack-internal:///(app-pages-browser)/./node_modules/next/dist/client/components/react-dev-overlay/app/hot-reloader-client.js:240
[  744171ms] [LOG] [Fast Refresh] done in 22ms @ webpack-internal:///(app-pages-browser)/./node_modules/next/dist/client/components/react-dev-overlay/app/hot-reloader-client.js:67
[  745214ms] [LOG] [Fast Refresh] rebuilding @ webpack-internal:///(app-pages-browser)/./node_modules/next/dist/client/components/react-dev-overlay/app/hot-reloader-client.js:240
[  745282ms] [LOG] [Fast Refresh] done in 68ms @ webpack-internal:///(app-pages-browser)/./node_modules/next/dist/client/components/react-dev-overlay/app/hot-reloader-client.js:67
[  746368ms] [LOG] [Fast Refresh] rebuilding @ webpack-internal:///(app-pages-browser)/./node_modules/next/dist/client/components/react-dev-overlay/app/hot-reloader-client.js:240
[  746391ms] [LOG] [Fast Refresh] done in 22ms @ webpack-internal:///(app-pages-browser)/./node_modules/next/dist/client/components/react-dev-overlay/app/hot-reloader-client.js:67
[  747397ms] [LOG] [Fast Refresh] rebuilding @ webpack-internal:///(app-pages-browser)/./node_modules/next/dist/client/components/react-dev-overlay/app/hot-reloader-client.js:240
[  747418ms] [LOG] [Fast Refresh] done in 21ms @ webpack-internal:///(app-pages-browser)/./node_modules/next/dist/client/components/react-dev-overlay/app/hot-reloader-client.js:67
[  748293ms] [LOG] [Fast Refresh] rebuilding @ webpack-internal:///(app-pages-browser)/./node_modules/next/dist/client/components/react-dev-overlay/app/hot-reloader-client.js:240
[  748314ms] [LOG] [Fast Refresh] done in 21ms @ webpack-internal:///(app-pages-browser)/./node_modules/next/dist/client/components/react-dev-overlay/app/hot-reloader-client.js:67
[  749249ms] [LOG] [Fast Refresh] rebuilding @ webpack-internal:///(app-pages-browser)/./node_modules/next/dist/client/components/react-dev-overlay/app/hot-reloader-client.js:240
[  749269ms] [LOG] [Fast Refresh] done in 21ms @ webpack-internal:///(app-pages-browser)/./node_modules/next/dist/client/components/react-dev-overlay/app/hot-reloader-client.js:67
[  750148ms] [LOG] [Fast Refresh] rebuilding @ webpack-internal:///(app-pages-browser)/./node_modules/next/dist/client/components/react-dev-overlay/app/hot-reloader-client.js:240
[  750168ms] [LOG] [Fast Refresh] done in 20ms @ webpack-internal:///(app-pages-browser)/./node_modules/next/dist/client/components/react-dev-overlay/app/hot-reloader-client.js:67
[  751109ms] [LOG] [Fast Refresh] rebuilding @ webpack-internal:///(app-pages-browser)/./node_modules/next/dist/client/components/react-dev-overlay/app/hot-reloader-client.js:240
[  751119ms] [LOG] [Fast Refresh] done in 10ms @ webpack-internal:///(app-pages-browser)/./node_modules/next/dist/client/components/react-dev-overlay/app/hot-reloader-client.js:67
[  752047ms] [LOG] [Fast Refresh] rebuilding @ webpack-internal:///(app-pages-browser)/./node_modules/next/dist/client/components/react-dev-overlay/app/hot-reloader-client.js:240
[  752066ms] [LOG] [Fast Refresh] done in 19ms @ webpack-internal:///(app-pages-browser)/./node_modules/next/dist/client/components/react-dev-overlay/app/hot-reloader-client.js:67
[  753003ms] [LOG] [Fast Refresh] rebuilding @ webpack-internal:///(app-pages-browser)/./node_modules/next/dist/client/components/react-dev-overlay/app/hot-reloader-client.js:240
[  753078ms] [LOG] [Fast Refresh] done in 75ms @ webpack-internal:///(app-pages-browser)/./node_modules/next/dist/client/components/react-dev-overlay/app/hot-reloader-client.js:67
[  754123ms] [LOG] [Fast Refresh] rebuilding @ webpack-internal:///(app-pages-browser)/./node_modules/next/dist/client/components/react-dev-overlay/app/hot-reloader-client.js:240
[  754148ms] [LOG] [Fast Refresh] done in 26ms @ webpack-internal:///(app-pages-browser)/./node_modules/next/dist/client/components/react-dev-overlay/app/hot-reloader-client.js:67
[  755125ms] [LOG] [Fast Refresh] rebuilding @ webpack-internal:///(app-pages-browser)/./node_modules/next/dist/client/components/react-dev-overlay/app/hot-reloader-client.js:240
[  755144ms] [LOG] [Fast Refresh] done in 18ms @ webpack-internal:///(app-pages-browser)/./node_modules/next/dist/client/components/react-dev-overlay/app/hot-reloader-client.js:67
[  756128ms] [LOG] [Fast Refresh] rebuilding @ webpack-internal:///(app-pages-browser)/./node_modules/next/dist/client/components/react-dev-overlay/app/hot-reloader-client.js:240
[  756154ms] [LOG] [Fast Refresh] done in 26ms @ webpack-internal:///(app-pages-browser)/./node_modules/next/dist/client/components/react-dev-overlay/app/hot-reloader-client.js:67
[  757127ms] [LOG] [Fast Refresh] rebuilding @ webpack-internal:///(app-pages-browser)/./node_modules/next/dist/client/components/react-dev-overlay/app/hot-reloader-client.js:240
[  757147ms] [LOG] [Fast Refresh] done in 20ms @ webpack-internal:///(app-pages-browser)/./node_modules/next/dist/client/components/react-dev-overlay/app/hot-reloader-client.js:67
[  758040ms] [LOG] [Fast Refresh] rebuilding @ webpack-internal:///(app-pages-browser)/./node_modules/next/dist/client/components/react-dev-overlay/app/hot-reloader-client.js:240
[  758061ms] [LOG] [Fast Refresh] done in 21ms @ webpack-internal:///(app-pages-browser)/./node_modules/next/dist/client/components/react-dev-overlay/app/hot-reloader-client.js:67
[  759082ms] [LOG] [Fast Refresh] rebuilding @ webpack-internal:///(app-pages-browser)/./node_modules/next/dist/client/components/react-dev-overlay/app/hot-reloader-client.js:240
[  759101ms] [LOG] [Fast Refresh] done in 19ms @ webpack-internal:///(app-pages-browser)/./node_modules/next/dist/client/components/react-dev-overlay/app/hot-reloader-client.js:67
[  760040ms] [LOG] [Fast Refresh] rebuilding @ webpack-internal:///(app-pages-browser)/./node_modules/next/dist/client/components/react-dev-overlay/app/hot-reloader-client.js:240
[  760061ms] [LOG] [Fast Refresh] done in 20ms @ webpack-internal:///(app-pages-browser)/./node_modules/next/dist/client/components/react-dev-overlay/app/hot-reloader-client.js:67
[  761074ms] [LOG] [Fast Refresh] rebuilding @ webpack-internal:///(app-pages-browser)/./node_modules/next/dist/client/components/react-dev-overlay/app/hot-reloader-client.js:240
[  761163ms] [LOG] [Fast Refresh] done in 90ms @ webpack-internal:///(app-pages-browser)/./node_modules/next/dist/client/components/react-dev-overlay/app/hot-reloader-client.js:67
[  762418ms] [LOG] [Fast Refresh] rebuilding @ webpack-internal:///(app-pages-browser)/./node_modules/next/dist/client/components/react-dev-overlay/app/hot-reloader-client.js:240
[  762440ms] [LOG] [Fast Refresh] done in 22ms @ webpack-internal:///(app-pages-browser)/./node_modules/next/dist/client/components/react-dev-overlay/app/hot-reloader-client.js:67
[  763514ms] [LOG] [Fast Refresh] rebuilding @ webpack-internal:///(app-pages-browser)/./node_modules/next/dist/client/components/react-dev-overlay/app/hot-reloader-client.js:240
[  763536ms] [LOG] [Fast Refresh] done in 22ms @ webpack-internal:///(app-pages-browser)/./node_modules/next/dist/client/components/react-dev-overlay/app/hot-reloader-client.js:67
[  764539ms] [LOG] [Fast Refresh] rebuilding @ webpack-internal:///(app-pages-browser)/./node_modules/next/dist/client/components/react-dev-overlay/app/hot-reloader-client.js:240
[  764559ms] [LOG] [Fast Refresh] done in 20ms @ webpack-internal:///(app-pages-browser)/./node_modules/next/dist/client/components/react-dev-overlay/app/hot-reloader-client.js:67
[  765515ms] [LOG] [Fast Refresh] rebuilding @ webpack-internal:///(app-pages-browser)/./node_modules/next/dist/client/components/react-dev-overlay/app/hot-reloader-client.js:240
[  765535ms] [LOG] [Fast Refresh] done in 21ms @ webpack-internal:///(app-pages-browser)/./node_modules/next/dist/client/components/react-dev-overlay/app/hot-reloader-client.js:67
[  766513ms] [LOG] [Fast Refresh] rebuilding @ webpack-internal:///(app-pages-browser)/./node_modules/next/dist/client/components/react-dev-overlay/app/hot-reloader-client.js:240
[  766534ms] [LOG] [Fast Refresh] done in 21ms @ webpack-internal:///(app-pages-browser)/./node_modules/next/dist/client/components/react-dev-overlay/app/hot-reloader-client.js:67
[  767549ms] [LOG] [Fast Refresh] rebuilding @ webpack-internal:///(app-pages-browser)/./node_modules/next/dist/client/components/react-dev-overlay/app/hot-reloader-client.js:240
[  767567ms] [LOG] [Fast Refresh] done in 19ms @ webpack-internal:///(app-pages-browser)/./node_modules/next/dist/client/components/react-dev-overlay/app/hot-reloader-client.js:67
[  768473ms] [LOG] [Fast Refresh] rebuilding @ webpack-internal:///(app-pages-browser)/./node_modules/next/dist/client/components/react-dev-overlay/app/hot-reloader-client.js:240
[  768496ms] [LOG] [Fast Refresh] done in 22ms @ webpack-internal:///(app-pages-browser)/./node_modules/next/dist/client/components/react-dev-overlay/app/hot-reloader-client.js:67
[  769605ms] [LOG] [Fast Refresh] rebuilding @ webpack-internal:///(app-pages-browser)/./node_modules/next/dist/client/components/react-dev-overlay/app/hot-reloader-client.js:240
[  769698ms] [LOG] [Fast Refresh] done in 94ms @ webpack-internal:///(app-pages-browser)/./node_modules/next/dist/client/components/react-dev-overlay/app/hot-reloader-client.js:67
[  770731ms] [LOG] [Fast Refresh] rebuilding @ webpack-internal:///(app-pages-browser)/./node_modules/next/dist/client/components/react-dev-overlay/app/hot-reloader-client.js:240
[  770756ms] [LOG] [Fast Refresh] done in 24ms @ webpack-internal:///(app-pages-browser)/./node_modules/next/dist/client/components/react-dev-overlay/app/hot-reloader-client.js:67
[  771846ms] [LOG] [Fast Refresh] rebuilding @ webpack-internal:///(app-pages-browser)/./node_modules/next/dist/client/components/react-dev-overlay/app/hot-reloader-client.js:240
[  771869ms] [LOG] [Fast Refresh] done in 23ms @ webpack-internal:///(app-pages-browser)/./node_modules/next/dist/client/components/react-dev-overlay/app/hot-reloader-client.js:67
[  772907ms] [LOG] [Fast Refresh] rebuilding @ webpack-internal:///(app-pages-browser)/./node_modules/next/dist/client/components/react-dev-overlay/app/hot-reloader-client.js:240
[  772925ms] [LOG] [Fast Refresh] done in 18ms @ webpack-internal:///(app-pages-browser)/./node_modules/next/dist/client/components/react-dev-overlay/app/hot-reloader-client.js:67
[  773956ms] [LOG] [Fast Refresh] rebuilding @ webpack-internal:///(app-pages-browser)/./node_modules/next/dist/client/components/react-dev-overlay/app/hot-reloader-client.js:240
[  773977ms] [LOG] [Fast Refresh] done in 21ms @ webpack-internal:///(app-pages-browser)/./node_modules/next/dist/client/components/react-dev-overlay/app/hot-reloader-client.js:67
[  774913ms] [LOG] [Fast Refresh] rebuilding @ webpack-internal:///(app-pages-browser)/./node_modules/next/dist/client/components/react-dev-overlay/app/hot-reloader-client.js:240
[  774934ms] [LOG] [Fast Refresh] done in 20ms @ webpack-internal:///(app-pages-browser)/./node_modules/next/dist/client/components/react-dev-overlay/app/hot-reloader-client.js:67
[  775885ms] [LOG] [Fast Refresh] rebuilding @ webpack-internal:///(app-pages-browser)/./node_modules/next/dist/client/components/react-dev-overlay/app/hot-reloader-client.js:240
[  775906ms] [LOG] [Fast Refresh] done in 22ms @ webpack-internal:///(app-pages-browser)/./node_modules/next/dist/client/components/react-dev-overlay/app/hot-reloader-client.js:67
[  776915ms] [LOG] [Fast Refresh] rebuilding @ webpack-internal:///(app-pages-browser)/./node_modules/next/dist/client/components/react-dev-overlay/app/hot-reloader-client.js:240
[  776938ms] [LOG] [Fast Refresh] done in 23ms @ webpack-internal:///(app-pages-browser)/./node_modules/next/dist/client/components/react-dev-overlay/app/hot-reloader-client.js:67
[  777877ms] [LOG] [Fast Refresh] rebuilding @ webpack-internal:///(app-pages-browser)/./node_modules/next/dist/client/components/react-dev-overlay/app/hot-reloader-client.js:240
[  777939ms] [LOG] [Fast Refresh] done in 63ms @ webpack-internal:///(app-pages-browser)/./node_modules/next/dist/client/components/react-dev-overlay/app/hot-reloader-client.js:67
[  778647ms] [LOG] [Fast Refresh] rebuilding @ webpack-internal:///(app-pages-browser)/./node_modules/next/dist/client/components/react-dev-overlay/app/hot-reloader-client.js:240
[  778656ms] [LOG] [Fast Refresh] done in 8ms @ webpack-internal:///(app-pages-browser)/./node_modules/next/dist/client/components/react-dev-overlay/app/hot-reloader-client.js:67
[  779271ms] [LOG] [Fast Refresh] rebuilding @ webpack-internal:///(app-pages-browser)/./node_modules/next/dist/client/components/react-dev-overlay/app/hot-reloader-client.js:240
[  779279ms] [LOG] [Fast Refresh] done in 9ms @ webpack-internal:///(app-pages-browser)/./node_modules/next/dist/client/components/react-dev-overlay/app/hot-reloader-client.js:67
[  779889ms] [LOG] [Fast Refresh] rebuilding @ webpack-internal:///(app-pages-browser)/./node_modules/next/dist/client/components/react-dev-overlay/app/hot-reloader-client.js:240
[  779898ms] [LOG] [Fast Refresh] done in 9ms @ webpack-internal:///(app-pages-browser)/./node_modules/next/dist/client/components/react-dev-overlay/app/hot-reloader-client.js:67
[  780492ms] [LOG] [Fast Refresh] rebuilding @ webpack-internal:///(app-pages-browser)/./node_modules/next/dist/client/components/react-dev-overlay/app/hot-reloader-client.js:240
[  780507ms] [LOG] [Fast Refresh] done in 14ms @ webpack-internal:///(app-pages-browser)/./node_modules/next/dist/client/components/react-dev-overlay/app/hot-reloader-client.js:67
[  781091ms] [LOG] [Fast Refresh] rebuilding @ webpack-internal:///(app-pages-browser)/./node_modules/next/dist/client/components/react-dev-overlay/app/hot-reloader-client.js:240
[  781099ms] [LOG] [Fast Refresh] done in 9ms @ webpack-internal:///(app-pages-browser)/./node_modules/next/dist/client/components/react-dev-overlay/app/hot-reloader-client.js:67
[  781705ms] [LOG] [Fast Refresh] rebuilding @ webpack-internal:///(app-pages-browser)/./node_modules/next/dist/client/components/react-dev-overlay/app/hot-reloader-client.js:240
[  781714ms] [LOG] [Fast Refresh] done in 9ms @ webpack-internal:///(app-pages-browser)/./node_modules/next/dist/client/components/react-dev-overlay/app/hot-reloader-client.js:67
[  782331ms] [LOG] [Fast Refresh] rebuilding @ webpack-internal:///(app-pages-browser)/./node_modules/next/dist/client/components/react-dev-overlay/app/hot-reloader-client.js:240
[  782338ms] [LOG] [Fast Refresh] done in 8ms @ webpack-internal:///(app-pages-browser)/./node_modules/next/dist/client/components/react-dev-overlay/app/hot-reloader-client.js:67
[  782981ms] [LOG] [Fast Refresh] rebuilding @ webpack-internal:///(app-pages-browser)/./node_modules/next/dist/client/components/react-dev-overlay/app/hot-reloader-client.js:240
[  783025ms] [LOG] [Fast Refresh] done in 44ms @ webpack-internal:///(app-pages-browser)/./node_modules/next/dist/client/components/react-dev-overlay/app/hot-reloader-client.js:67
[  783731ms] [LOG] [Fast Refresh] rebuilding @ webpack-internal:///(app-pages-browser)/./node_modules/next/dist/client/components/react-dev-overlay/app/hot-reloader-client.js:240
[  783748ms] [LOG] [Fast Refresh] done in 17ms @ webpack-internal:///(app-pages-browser)/./node_modules/next/dist/client/components/react-dev-overlay/app/hot-reloader-client.js:67
[  784366ms] [LOG] [Fast Refresh] rebuilding @ webpack-internal:///(app-pages-browser)/./node_modules/next/dist/client/components/react-dev-overlay/app/hot-reloader-client.js:240
[  784381ms] [LOG] [Fast Refresh] done in 15ms @ webpack-internal:///(app-pages-browser)/./node_modules/next/dist/client/components/react-dev-overlay/app/hot-reloader-client.js:67
[  784978ms] [LOG] [Fast Refresh] rebuilding @ webpack-internal:///(app-pages-browser)/./node_modules/next/dist/client/components/react-dev-overlay/app/hot-reloader-client.js:240
[  784986ms] [LOG] [Fast Refresh] done in 9ms @ webpack-internal:///(app-pages-browser)/./node_modules/next/dist/client/components/react-dev-overlay/app/hot-reloader-client.js:67
[  785573ms] [LOG] [Fast Refresh] rebuilding @ webpack-internal:///(app-pages-browser)/./node_modules/next/dist/client/components/react-dev-overlay/app/hot-reloader-client.js:240
[  785580ms] [LOG] [Fast Refresh] done in 8ms @ webpack-internal:///(app-pages-browser)/./node_modules/next/dist/client/components/react-dev-overlay/app/hot-reloader-client.js:67
[  786182ms] [LOG] [Fast Refresh] rebuilding @ webpack-internal:///(app-pages-browser)/./node_modules/next/dist/client/components/react-dev-overlay/app/hot-reloader-client.js:240
[  786191ms] [LOG] [Fast Refresh] done in 9ms @ webpack-internal:///(app-pages-browser)/./node_modules/next/dist/client/components/react-dev-overlay/app/hot-reloader-client.js:67
[  786809ms] [LOG] [Fast Refresh] rebuilding @ webpack-internal:///(app-pages-browser)/./node_modules/next/dist/client/components/react-dev-overlay/app/hot-reloader-client.js:240
[  786823ms] [LOG] [Fast Refresh] done in 14ms @ webpack-internal:///(app-pages-browser)/./node_modules/next/dist/client/components/react-dev-overlay/app/hot-reloader-client.js:67
[  787418ms] [LOG] [Fast Refresh] rebuilding @ webpack-internal:///(app-pages-browser)/./node_modules/next/dist/client/components/react-dev-overlay/app/hot-reloader-client.js:240
[  787434ms] [LOG] [Fast Refresh] done in 16ms @ webpack-internal:///(app-pages-browser)/./node_modules/next/dist/client/components/react-dev-overlay/app/hot-reloader-client.js:67
[  788055ms] [LOG] [Fast Refresh] rebuilding @ webpack-internal:///(app-pages-browser)/./node_modules/next/dist/client/components/react-dev-overlay/app/hot-reloader-client.js:240
[  788098ms] [LOG] [Fast Refresh] done in 44ms @ webpack-internal:///(app-pages-browser)/./node_modules/next/dist/client/components/react-dev-overlay/app/hot-reloader-client.js:67
[  788791ms] [LOG] [Fast Refresh] rebuilding @ webpack-internal:///(app-pages-browser)/./node_modules/next/dist/client/components/react-dev-overlay/app/hot-reloader-client.js:240
[  788807ms] [LOG] [Fast Refresh] done in 16ms @ webpack-internal:///(app-pages-browser)/./node_modules/next/dist/client/components/react-dev-overlay/app/hot-reloader-client.js:67
[  789408ms] [LOG] [Fast Refresh] rebuilding @ webpack-internal:///(app-pages-browser)/./node_modules/next/dist/client/components/react-dev-overlay/app/hot-reloader-client.js:240
[  789415ms] [LOG] [Fast Refresh] done in 8ms @ webpack-internal:///(app-pages-browser)/./node_modules/next/dist/client/components/react-dev-overlay/app/hot-reloader-client.js:67
[  790019ms] [LOG] [Fast Refresh] rebuilding @ webpack-internal:///(app-pages-browser)/./node_modules/next/dist/client/components/react-dev-overlay/app/hot-reloader-client.js:240
[  790027ms] [LOG] [Fast Refresh] done in 8ms @ webpack-internal:///(app-pages-browser)/./node_modules/next/dist/client/components/react-dev-overlay/app/hot-reloader-client.js:67
[  790615ms] [LOG] [Fast Refresh] rebuilding @ webpack-internal:///(app-pages-browser)/./node_modules/next/dist/client/components/react-dev-overlay/app/hot-reloader-client.js:240
[  790622ms] [LOG] [Fast Refresh] done in 7ms @ webpack-internal:///(app-pages-browser)/./node_modules/next/dist/client/components/react-dev-overlay/app/hot-reloader-client.js:67
[  791217ms] [LOG] [Fast Refresh] rebuilding @ webpack-internal:///(app-pages-browser)/./node_modules/next/dist/client/components/react-dev-overlay/app/hot-reloader-client.js:240
[  791225ms] [LOG] [Fast Refresh] done in 8ms @ webpack-internal:///(app-pages-browser)/./node_modules/next/dist/client/components/react-dev-overlay/app/hot-reloader-client.js:67
[  791834ms] [LOG] [Fast Refresh] rebuilding @ webpack-internal:///(app-pages-browser)/./node_modules/next/dist/client/components/react-dev-overlay/app/hot-reloader-client.js:240
[  791847ms] [LOG] [Fast Refresh] done in 14ms @ webpack-internal:///(app-pages-browser)/./node_modules/next/dist/client/components/react-dev-overlay/app/hot-reloader-client.js:67
[  792443ms] [LOG] [Fast Refresh] rebuilding @ webpack-internal:///(app-pages-browser)/./node_modules/next/dist/client/components/react-dev-overlay/app/hot-reloader-client.js:240
[  792459ms] [LOG] [Fast Refresh] done in 16ms @ webpack-internal:///(app-pages-browser)/./node_modules/next/dist/client/components/react-dev-overlay/app/hot-reloader-client.js:67
[  793103ms] [LOG] [Fast Refresh] rebuilding @ webpack-internal:///(app-pages-browser)/./node_modules/next/dist/client/components/react-dev-overlay/app/hot-reloader-client.js:240
[  793164ms] [LOG] [Fast Refresh] done in 62ms @ webpack-internal:///(app-pages-browser)/./node_modules/next/dist/client/components/react-dev-overlay/app/hot-reloader-client.js:67
[  793878ms] [LOG] [Fast Refresh] rebuilding @ webpack-internal:///(app-pages-browser)/./node_modules/next/dist/client/components/react-dev-overlay/app/hot-reloader-client.js:240
[  793894ms] [LOG] [Fast Refresh] done in 16ms @ webpack-internal:///(app-pages-browser)/./node_modules/next/dist/client/components/react-dev-overlay/app/hot-reloader-client.js:67
[  794493ms] [LOG] [Fast Refresh] rebuilding @ webpack-internal:///(app-pages-browser)/./node_modules/next/dist/client/components/react-dev-overlay/app/hot-reloader-client.js:240
[  794500ms] [LOG] [Fast Refresh] done in 7ms @ webpack-internal:///(app-pages-browser)/./node_modules/next/dist/client/components/react-dev-overlay/app/hot-reloader-client.js:67
[  795117ms] [LOG] [Fast Refresh] rebuilding @ webpack-internal:///(app-pages-browser)/./node_modules/next/dist/client/components/react-dev-overlay/app/hot-reloader-client.js:240
[  795126ms] [LOG] [Fast Refresh] done in 10ms @ webpack-internal:///(app-pages-browser)/./node_modules/next/dist/client/components/react-dev-overlay/app/hot-reloader-client.js:67
[  795719ms] [LOG] [Fast Refresh] rebuilding @ webpack-internal:///(app-pages-browser)/./node_modules/next/dist/client/components/react-dev-overlay/app/hot-reloader-client.js:240
[  795727ms] [LOG] [Fast Refresh] done in 8ms @ webpack-internal:///(app-pages-browser)/./node_modules/next/dist/client/components/react-dev-overlay/app/hot-reloader-client.js:67
[  796326ms] [LOG] [Fast Refresh] rebuilding @ webpack-internal:///(app-pages-browser)/./node_modules/next/dist/client/components/react-dev-overlay/app/hot-reloader-client.js:240
[  796334ms] [LOG] [Fast Refresh] done in 8ms @ webpack-internal:///(app-pages-browser)/./node_modules/next/dist/client/components/react-dev-overlay/app/hot-reloader-client.js:67
[  796943ms] [LOG] [Fast Refresh] rebuilding @ webpack-internal:///(app-pages-browser)/./node_modules/next/dist/client/components/react-dev-overlay/app/hot-reloader-client.js:240
[  796958ms] [LOG] [Fast Refresh] done in 15ms @ webpack-internal:///(app-pages-browser)/./node_modules/next/dist/client/components/react-dev-overlay/app/hot-reloader-client.js:67
[  797560ms] [LOG] [Fast Refresh] rebuilding @ webpack-internal:///(app-pages-browser)/./node_modules/next/dist/client/components/react-dev-overlay/app/hot-reloader-client.js:240
[  797568ms] [LOG] [Fast Refresh] done in 8ms @ webpack-internal:///(app-pages-browser)/./node_modules/next/dist/client/components/react-dev-overlay/app/hot-reloader-client.js:67
[  798200ms] [LOG] [Fast Refresh] rebuilding @ webpack-internal:///(app-pages-browser)/./node_modules/next/dist/client/components/react-dev-overlay/app/hot-reloader-client.js:240
[  798244ms] [LOG] [Fast Refresh] done in 45ms @ webpack-internal:///(app-pages-browser)/./node_modules/next/dist/client/components/react-dev-overlay/app/hot-reloader-client.js:67
[  798948ms] [LOG] [Fast Refresh] rebuilding @ webpack-internal:///(app-pages-browser)/./node_modules/next/dist/client/components/react-dev-overlay/app/hot-reloader-client.js:240
[  798956ms] [LOG] [Fast Refresh] done in 8ms @ webpack-internal:///(app-pages-browser)/./node_modules/next/dist/client/components/react-dev-overlay/app/hot-reloader-client.js:67
[  799562ms] [LOG] [Fast Refresh] rebuilding @ webpack-internal:///(app-pages-browser)/./node_modules/next/dist/client/components/react-dev-overlay/app/hot-reloader-client.js:240
[  799572ms] [LOG] [Fast Refresh] done in 9ms @ webpack-internal:///(app-pages-browser)/./node_modules/next/dist/client/components/react-dev-overlay/app/hot-reloader-client.js:67
[  800190ms] [LOG] [Fast Refresh] rebuilding @ webpack-internal:///(app-pages-browser)/./node_modules/next/dist/client/components/react-dev-overlay/app/hot-reloader-client.js:240
[  800204ms] [LOG] [Fast Refresh] done in 14ms @ webpack-internal:///(app-pages-browser)/./node_modules/next/dist/client/components/react-dev-overlay/app/hot-reloader-client.js:67
[  800793ms] [LOG] [Fast Refresh] rebuilding @ webpack-internal:///(app-pages-browser)/./node_modules/next/dist/client/components/react-dev-overlay/app/hot-reloader-client.js:240
[  800806ms] [LOG] [Fast Refresh] done in 13ms @ webpack-internal:///(app-pages-browser)/./node_modules/next/dist/client/components/react-dev-overlay/app/hot-reloader-client.js:67
[  801413ms] [LOG] [Fast Refresh] rebuilding @ webpack-internal:///(app-pages-browser)/./node_modules/next/dist/client/components/react-dev-overlay/app/hot-reloader-client.js:240
[  801428ms] [LOG] [Fast Refresh] done in 15ms @ webpack-internal:///(app-pages-browser)/./node_modules/next/dist/client/components/react-dev-overlay/app/hot-reloader-client.js:67
[  802068ms] [LOG] [Fast Refresh] rebuilding @ webpack-internal:///(app-pages-browser)/./node_modules/next/dist/client/components/react-dev-overlay/app/hot-reloader-client.js:240
[  802075ms] [LOG] [Fast Refresh] done in 8ms @ webpack-internal:///(app-pages-browser)/./node_modules/next/dist/client/components/react-dev-overlay/app/hot-reloader-client.js:67
[  802707ms] [LOG] [Fast Refresh] rebuilding @ webpack-internal:///(app-pages-browser)/./node_modules/next/dist/client/components/react-dev-overlay/app/hot-reloader-client.js:240
[  802716ms] [LOG] [Fast Refresh] done in 8ms @ webpack-internal:///(app-pages-browser)/./node_modules/next/dist/client/components/react-dev-overlay/app/hot-reloader-client.js:67
[  803362ms] [LOG] [Fast Refresh] rebuilding @ webpack-internal:///(app-pages-browser)/./node_modules/next/dist/client/components/react-dev-overlay/app/hot-reloader-client.js:240
[  803420ms] [LOG] [Fast Refresh] done in 57ms @ webpack-internal:///(app-pages-browser)/./node_modules/next/dist/client/components/react-dev-overlay/app/hot-reloader-client.js:67
[  804129ms] [LOG] [Fast Refresh] rebuilding @ webpack-internal:///(app-pages-browser)/./node_modules/next/dist/client/components/react-dev-overlay/app/hot-reloader-client.js:240
[  804147ms] [LOG] [Fast Refresh] done in 18ms @ webpack-internal:///(app-pages-browser)/./node_modules/next/dist/client/components/react-dev-overlay/app/hot-reloader-client.js:67
[  804763ms] [LOG] [Fast Refresh] rebuilding @ webpack-internal:///(app-pages-browser)/./node_modules/next/dist/client/components/react-dev-overlay/app/hot-reloader-client.js:240
[  804777ms] [LOG] [Fast Refresh] done in 15ms @ webpack-internal:///(app-pages-browser)/./node_modules/next/dist/client/components/react-dev-overlay/app/hot-reloader-client.js:67
[  805394ms] [LOG] [Fast Refresh] rebuilding @ webpack-internal:///(app-pages-browser)/./node_modules/next/dist/client/components/react-dev-overlay/app/hot-reloader-client.js:240
[  805402ms] [LOG] [Fast Refresh] done in 7ms @ webpack-internal:///(app-pages-browser)/./node_modules/next/dist/client/components/react-dev-overlay/app/hot-reloader-client.js:67
[  805996ms] [LOG] [Fast Refresh] rebuilding @ webpack-internal:///(app-pages-browser)/./node_modules/next/dist/client/components/react-dev-overlay/app/hot-reloader-client.js:240
[  806005ms] [LOG] [Fast Refresh] done in 9ms @ webpack-internal:///(app-pages-browser)/./node_modules/next/dist/client/components/react-dev-overlay/app/hot-reloader-client.js:67
[  806618ms] [LOG] [Fast Refresh] rebuilding @ webpack-internal:///(app-pages-browser)/./node_modules/next/dist/client/components/react-dev-overlay/app/hot-reloader-client.js:240
[  806632ms] [LOG] [Fast Refresh] done in 15ms @ webpack-internal:///(app-pages-browser)/./node_modules/next/dist/client/components/react-dev-overlay/app/hot-reloader-client.js:67
[  807239ms] [LOG] [Fast Refresh] rebuilding @ webpack-internal:///(app-pages-browser)/./node_modules/next/dist/client/components/react-dev-overlay/app/hot-reloader-client.js:240
[  807247ms] [LOG] [Fast Refresh] done in 8ms @ webpack-internal:///(app-pages-browser)/./node_modules/next/dist/client/components/react-dev-overlay/app/hot-reloader-client.js:67
[  807854ms] [LOG] [Fast Refresh] rebuilding @ webpack-internal:///(app-pages-browser)/./node_modules/next/dist/client/components/react-dev-overlay/app/hot-reloader-client.js:240
[  807870ms] [LOG] [Fast Refresh] done in 16ms @ webpack-internal:///(app-pages-browser)/./node_modules/next/dist/client/components/react-dev-overlay/app/hot-reloader-client.js:67
[  808513ms] [LOG] [Fast Refresh] rebuilding @ webpack-internal:///(app-pages-browser)/./node_modules/next/dist/client/components/react-dev-overlay/app/hot-reloader-client.js:240
[  808551ms] [LOG] [Fast Refresh] done in 39ms @ webpack-internal:///(app-pages-browser)/./node_modules/next/dist/client/components/react-dev-overlay/app/hot-reloader-client.js:67
[  809262ms] [LOG] [Fast Refresh] rebuilding @ webpack-internal:///(app-pages-browser)/./node_modules/next/dist/client/components/react-dev-overlay/app/hot-reloader-client.js:240
[  809270ms] [LOG] [Fast Refresh] done in 8ms @ webpack-internal:///(app-pages-browser)/./node_modules/next/dist/client/components/react-dev-overlay/app/hot-reloader-client.js:67
[  809879ms] [LOG] [Fast Refresh] rebuilding @ webpack-internal:///(app-pages-browser)/./node_modules/next/dist/client/components/react-dev-overlay/app/hot-reloader-client.js:240
[  809887ms] [LOG] [Fast Refresh] done in 8ms @ webpack-internal:///(app-pages-browser)/./node_modules/next/dist/client/components/react-dev-overlay/app/hot-reloader-client.js:67
[  810524ms] [LOG] [Fast Refresh] rebuilding @ webpack-internal:///(app-pages-browser)/./node_modules/next/dist/client/components/react-dev-overlay/app/hot-reloader-client.js:240
[  810540ms] [LOG] [Fast Refresh] done in 15ms @ webpack-internal:///(app-pages-browser)/./node_modules/next/dist/client/components/react-dev-overlay/app/hot-reloader-client.js:67
[  811163ms] [LOG] [Fast Refresh] rebuilding @ webpack-internal:///(app-pages-browser)/./node_modules/next/dist/client/components/react-dev-overlay/app/hot-reloader-client.js:240
[  811177ms] [LOG] [Fast Refresh] done in 13ms @ webpack-internal:///(app-pages-browser)/./node_modules/next/dist/client/components/react-dev-overlay/app/hot-reloader-client.js:67
[  811788ms] [LOG] [Fast Refresh] rebuilding @ webpack-internal:///(app-pages-browser)/./node_modules/next/dist/client/components/react-dev-overlay/app/hot-reloader-client.js:240
[  811797ms] [LOG] [Fast Refresh] done in 10ms @ webpack-internal:///(app-pages-browser)/./node_modules/next/dist/client/components/react-dev-overlay/app/hot-reloader-client.js:67
[  812422ms] [LOG] [Fast Refresh] rebuilding @ webpack-internal:///(app-pages-browser)/./node_modules/next/dist/client/components/react-dev-overlay/app/hot-reloader-client.js:240
[  812430ms] [LOG] [Fast Refresh] done in 8ms @ webpack-internal:///(app-pages-browser)/./node_modules/next/dist/client/components/react-dev-overlay/app/hot-reloader-client.js:67
[  813046ms] [LOG] [Fast Refresh] rebuilding @ webpack-internal:///(app-pages-browser)/./node_modules/next/dist/client/components/react-dev-overlay/app/hot-reloader-client.js:240
[  813054ms] [LOG] [Fast Refresh] done in 7ms @ webpack-internal:///(app-pages-browser)/./node_modules/next/dist/client/components/react-dev-overlay/app/hot-reloader-client.js:67
[  813691ms] [LOG] [Fast Refresh] rebuilding @ webpack-internal:///(app-pages-browser)/./node_modules/next/dist/client/components/react-dev-overlay/app/hot-reloader-client.js:240
[  813736ms] [LOG] [Fast Refresh] done in 45ms @ webpack-internal:///(app-pages-browser)/./node_modules/next/dist/client/components/react-dev-overlay/app/hot-reloader-client.js:67
[  814445ms] [LOG] [Fast Refresh] rebuilding @ webpack-internal:///(app-pages-browser)/./node_modules/next/dist/client/components/react-dev-overlay/app/hot-reloader-client.js:240
[  814463ms] [LOG] [Fast Refresh] done in 19ms @ webpack-internal:///(app-pages-browser)/./node_modules/next/dist/client/components/react-dev-overlay/app/hot-reloader-client.js:67
[  815055ms] [LOG] [Fast Refresh] rebuilding @ webpack-internal:///(app-pages-browser)/./node_modules/next/dist/client/components/react-dev-overlay/app/hot-reloader-client.js:240
[  815071ms] [LOG] [Fast Refresh] done in 17ms @ webpack-internal:///(app-pages-browser)/./node_modules/next/dist/client/components/react-dev-overlay/app/hot-reloader-client.js:67
[  815694ms] [LOG] [Fast Refresh] rebuilding @ webpack-internal:///(app-pages-browser)/./node_modules/next/dist/client/components/react-dev-overlay/app/hot-reloader-client.js:240
[  815703ms] [LOG] [Fast Refresh] done in 9ms @ webpack-internal:///(app-pages-browser)/./node_modules/next/dist/client/components/react-dev-overlay/app/hot-reloader-client.js:67
[  816303ms] [LOG] [Fast Refresh] rebuilding @ webpack-internal:///(app-pages-browser)/./node_modules/next/dist/client/components/react-dev-overlay/app/hot-reloader-client.js:240
[  816311ms] [LOG] [Fast Refresh] done in 9ms @ webpack-internal:///(app-pages-browser)/./node_modules/next/dist/client/components/react-dev-overlay/app/hot-reloader-client.js:67
[  816917ms] [LOG] [Fast Refresh] rebuilding @ webpack-internal:///(app-pages-browser)/./node_modules/next/dist/client/components/react-dev-overlay/app/hot-reloader-client.js:240
[  816926ms] [LOG] [Fast Refresh] done in 8ms @ webpack-internal:///(app-pages-browser)/./node_modules/next/dist/client/components/react-dev-overlay/app/hot-reloader-client.js:67
[  817545ms] [LOG] [Fast Refresh] rebuilding @ webpack-internal:///(app-pages-browser)/./node_modules/next/dist/client/components/react-dev-overlay/app/hot-reloader-client.js:240
[  817559ms] [LOG] [Fast Refresh] done in 13ms @ webpack-internal:///(app-pages-browser)/./node_modules/next/dist/client/components/react-dev-overlay/app/hot-reloader-client.js:67
[  818159ms] [LOG] [Fast Refresh] rebuilding @ webpack-internal:///(app-pages-browser)/./node_modules/next/dist/client/components/react-dev-overlay/app/hot-reloader-client.js:240
[  818173ms] [LOG] [Fast Refresh] done in 15ms @ webpack-internal:///(app-pages-browser)/./node_modules/next/dist/client/components/react-dev-overlay/app/hot-reloader-client.js:67
[  818799ms] [LOG] [Fast Refresh] rebuilding @ webpack-internal:///(app-pages-browser)/./node_modules/next/dist/client/components/react-dev-overlay/app/hot-reloader-client.js:240
[  818850ms] [LOG] [Fast Refresh] done in 51ms @ webpack-internal:///(app-pages-browser)/./node_modules/next/dist/client/components/react-dev-overlay/app/hot-reloader-client.js:67
[  819551ms] [LOG] [Fast Refresh] rebuilding @ webpack-internal:///(app-pages-browser)/./node_modules/next/dist/client/components/react-dev-overlay/app/hot-reloader-client.js:240
[  819560ms] [LOG] [Fast Refresh] done in 9ms @ webpack-internal:///(app-pages-browser)/./node_modules/next/dist/client/components/react-dev-overlay/app/hot-reloader-client.js:67
[  820167ms] [LOG] [Fast Refresh] rebuilding @ webpack-internal:///(app-pages-browser)/./node_modules/next/dist/client/components/react-dev-overlay/app/hot-reloader-client.js:240
[  820180ms] [LOG] [Fast Refresh] done in 12ms @ webpack-internal:///(app-pages-browser)/./node_modules/next/dist/client/components/react-dev-overlay/app/hot-reloader-client.js:67
[  820811ms] [LOG] [Fast Refresh] rebuilding @ webpack-internal:///(app-pages-browser)/./node_modules/next/dist/client/components/react-dev-overlay/app/hot-reloader-client.js:240
[  820819ms] [LOG] [Fast Refresh] done in 9ms @ webpack-internal:///(app-pages-browser)/./node_modules/next/dist/client/components/react-dev-overlay/app/hot-reloader-client.js:67
[  821430ms] [LOG] [Fast Refresh] rebuilding @ webpack-internal:///(app-pages-browser)/./node_modules/next/dist/client/components/react-dev-overlay/app/hot-reloader-client.js:240
[  821438ms] [LOG] [Fast Refresh] done in 8ms @ webpack-internal:///(app-pages-browser)/./node_modules/next/dist/client/components/react-dev-overlay/app/hot-reloader-client.js:67
[  822044ms] [LOG] [Fast Refresh] rebuilding @ webpack-internal:///(app-pages-browser)/./node_modules/next/dist/client/components/react-dev-overlay/app/hot-reloader-client.js:240
[  822058ms] [LOG] [Fast Refresh] done in 15ms @ webpack-internal:///(app-pages-browser)/./node_modules/next/dist/client/components/react-dev-overlay/app/hot-reloader-client.js:67
[  822728ms] [LOG] [Fast Refresh] rebuilding @ webpack-internal:///(app-pages-browser)/./node_modules/next/dist/client/components/react-dev-overlay/app/hot-reloader-client.js:240
[  822737ms] [LOG] [Fast Refresh] done in 9ms @ webpack-internal:///(app-pages-browser)/./node_modules/next/dist/client/components/react-dev-overlay/app/hot-reloader-client.js:67
[  823390ms] [LOG] [Fast Refresh] rebuilding @ webpack-internal:///(app-pages-browser)/./node_modules/next/dist/client/components/react-dev-overlay/app/hot-reloader-client.js:240
[  823399ms] [LOG] [Fast Refresh] done in 9ms @ webpack-internal:///(app-pages-browser)/./node_modules/next/dist/client/components/react-dev-overlay/app/hot-reloader-client.js:67
[  824043ms] [LOG] [Fast Refresh] rebuilding @ webpack-internal:///(app-pages-browser)/./node_modules/next/dist/client/components/react-dev-overlay/app/hot-reloader-client.js:240
[  824095ms] [LOG] [Fast Refresh] done in 53ms @ webpack-internal:///(app-pages-browser)/./node_modules/next/dist/client/components/react-dev-overlay/app/hot-reloader-client.js:67
[  824781ms] [LOG] [Fast Refresh] rebuilding @ webpack-internal:///(app-pages-browser)/./node_modules/next/dist/client/components/react-dev-overlay/app/hot-reloader-client.js:240
[  824789ms] [LOG] [Fast Refresh] done in 8ms @ webpack-internal:///(app-pages-browser)/./node_modules/next/dist/client/components/react-dev-overlay/app/hot-reloader-client.js:67
[  825432ms] [LOG] [Fast Refresh] rebuilding @ webpack-internal:///(app-pages-browser)/./node_modules/next/dist/client/components/react-dev-overlay/app/hot-reloader-client.js:240
[  825444ms] [LOG] [Fast Refresh] done in 13ms @ webpack-internal:///(app-pages-browser)/./node_modules/next/dist/client/components/react-dev-overlay/app/hot-reloader-client.js:67
[  826064ms] [LOG] [Fast Refresh] rebuilding @ webpack-internal:///(app-pages-browser)/./node_modules/next/dist/client/components/react-dev-overlay/app/hot-reloader-client.js:240
[  826074ms] [LOG] [Fast Refresh] done in 9ms @ webpack-internal:///(app-pages-browser)/./node_modules/next/dist/client/components/react-dev-overlay/app/hot-reloader-client.js:67
[  826685ms] [LOG] [Fast Refresh] rebuilding @ webpack-internal:///(app-pages-browser)/./node_modules/next/dist/client/components/react-dev-overlay/app/hot-reloader-client.js:240
[  826694ms] [LOG] [Fast Refresh] done in 8ms @ webpack-internal:///(app-pages-browser)/./node_modules/next/dist/client/components/react-dev-overlay/app/hot-reloader-client.js:67
[  827296ms] [LOG] [Fast Refresh] rebuilding @ webpack-internal:///(app-pages-browser)/./node_modules/next/dist/client/components/react-dev-overlay/app/hot-reloader-client.js:240
[  827309ms] [LOG] [Fast Refresh] done in 13ms @ webpack-internal:///(app-pages-browser)/./node_modules/next/dist/client/components/react-dev-overlay/app/hot-reloader-client.js:67
[  827914ms] [LOG] [Fast Refresh] rebuilding @ webpack-internal:///(app-pages-browser)/./node_modules/next/dist/client/components/react-dev-overlay/app/hot-reloader-client.js:240
[  827929ms] [LOG] [Fast Refresh] done in 16ms @ webpack-internal:///(app-pages-browser)/./node_modules/next/dist/client/components/react-dev-overlay/app/hot-reloader-client.js:67
[  828558ms] [LOG] [Fast Refresh] rebuilding @ webpack-internal:///(app-pages-browser)/./node_modules/next/dist/client/components/react-dev-overlay/app/hot-reloader-client.js:240
[  828567ms] [LOG] [Fast Refresh] done in 9ms @ webpack-internal:///(app-pages-browser)/./node_modules/next/dist/client/components/react-dev-overlay/app/hot-reloader-client.js:67
[  829233ms] [LOG] [Fast Refresh] rebuilding @ webpack-internal:///(app-pages-browser)/./node_modules/next/dist/client/components/react-dev-overlay/app/hot-reloader-client.js:240
[  829294ms] [LOG] [Fast Refresh] done in 61ms @ webpack-internal:///(app-pages-browser)/./node_modules/next/dist/client/components/react-dev-overlay/app/hot-reloader-client.js:67
[  829993ms] [LOG] [Fast Refresh] rebuilding @ webpack-internal:///(app-pages-browser)/./node_modules/next/dist/client/components/react-dev-overlay/app/hot-reloader-client.js:240
[  830001ms] [LOG] [Fast Refresh] done in 8ms @ webpack-internal:///(app-pages-browser)/./node_modules/next/dist/client/components/react-dev-overlay/app/hot-reloader-client.js:67
[  830615ms] [LOG] [Fast Refresh] rebuilding @ webpack-internal:///(app-pages-browser)/./node_modules/next/dist/client/components/react-dev-overlay/app/hot-reloader-client.js:240
[  830623ms] [LOG] [Fast Refresh] done in 9ms @ webpack-internal:///(app-pages-browser)/./node_modules/next/dist/client/components/react-dev-overlay/app/hot-reloader-client.js:67
[  831252ms] [LOG] [Fast Refresh] rebuilding @ webpack-internal:///(app-pages-browser)/./node_modules/next/dist/client/components/react-dev-overlay/app/hot-reloader-client.js:240
[  831261ms] [LOG] [Fast Refresh] done in 9ms @ webpack-internal:///(app-pages-browser)/./node_modules/next/dist/client/components/react-dev-overlay/app/hot-reloader-client.js:67
[  831880ms] [LOG] [Fast Refresh] rebuilding @ webpack-internal:///(app-pages-browser)/./node_modules/next/dist/client/components/react-dev-overlay/app/hot-reloader-client.js:240
[  831900ms] [LOG] [Fast Refresh] done in 20ms @ webpack-internal:///(app-pages-browser)/./node_modules/next/dist/client/components/react-dev-overlay/app/hot-reloader-client.js:67
[  832506ms] [LOG] [Fast Refresh] rebuilding @ webpack-internal:///(app-pages-browser)/./node_modules/next/dist/client/components/react-dev-overlay/app/hot-reloader-client.js:240
[  832515ms] [LOG] [Fast Refresh] done in 8ms @ webpack-internal:///(app-pages-browser)/./node_modules/next/dist/client/components/react-dev-overlay/app/hot-reloader-client.js:67
[  833125ms] [LOG] [Fast Refresh] rebuilding @ webpack-internal:///(app-pages-browser)/./node_modules/next/dist/client/components/react-dev-overlay/app/hot-reloader-client.js:240
[  833133ms] [LOG] [Fast Refresh] done in 9ms @ webpack-internal:///(app-pages-browser)/./node_modules/next/dist/client/components/react-dev-overlay/app/hot-reloader-client.js:67
[  833746ms] [LOG] [Fast Refresh] rebuilding @ webpack-internal:///(app-pages-browser)/./node_modules/next/dist/client/components/react-dev-overlay/app/hot-reloader-client.js:240
[  833760ms] [LOG] [Fast Refresh] done in 15ms @ webpack-internal:///(app-pages-browser)/./node_modules/next/dist/client/components/react-dev-overlay/app/hot-reloader-client.js:67
[  834407ms] [LOG] [Fast Refresh] rebuilding @ webpack-internal:///(app-pages-browser)/./node_modules/next/dist/client/components/react-dev-overlay/app/hot-reloader-client.js:240
[  834452ms] [LOG] [Fast Refresh] done in 45ms @ webpack-internal:///(app-pages-browser)/./node_modules/next/dist/client/components/react-dev-overlay/app/hot-reloader-client.js:67
[  835164ms] [LOG] [Fast Refresh] rebuilding @ webpack-internal:///(app-pages-browser)/./node_modules/next/dist/client/components/react-dev-overlay/app/hot-reloader-client.js:240
[  835178ms] [LOG] [Fast Refresh] done in 14ms @ webpack-internal:///(app-pages-browser)/./node_modules/next/dist/client/components/react-dev-overlay/app/hot-reloader-client.js:67
[  835803ms] [LOG] [Fast Refresh] rebuilding @ webpack-internal:///(app-pages-browser)/./node_modules/next/dist/client/components/react-dev-overlay/app/hot-reloader-client.js:240
[  835817ms] [LOG] [Fast Refresh] done in 15ms @ webpack-internal:///(app-pages-browser)/./node_modules/next/dist/client/components/react-dev-overlay/app/hot-reloader-client.js:67
[  836457ms] [LOG] [Fast Refresh] rebuilding @ webpack-internal:///(app-pages-browser)/./node_modules/next/dist/client/components/react-dev-overlay/app/hot-reloader-client.js:240
[  836471ms] [LOG] [Fast Refresh] done in 15ms @ webpack-internal:///(app-pages-browser)/./node_modules/next/dist/client/components/react-dev-overlay/app/hot-reloader-client.js:67
[  837081ms] [LOG] [Fast Refresh] rebuilding @ webpack-internal:///(app-pages-browser)/./node_modules/next/dist/client/components/react-dev-overlay/app/hot-reloader-client.js:240
[  837096ms] [LOG] [Fast Refresh] done in 15ms @ webpack-internal:///(app-pages-browser)/./node_modules/next/dist/client/components/react-dev-overlay/app/hot-reloader-client.js:67
[  837699ms] [LOG] [Fast Refresh] rebuilding @ webpack-internal:///(app-pages-browser)/./node_modules/next/dist/client/components/react-dev-overlay/app/hot-reloader-client.js:240
[  837707ms] [LOG] [Fast Refresh] done in 9ms @ webpack-internal:///(app-pages-browser)/./node_modules/next/dist/client/components/react-dev-overlay/app/hot-reloader-client.js:67
[  838320ms] [LOG] [Fast Refresh] rebuilding @ webpack-internal:///(app-pages-browser)/./node_modules/next/dist/client/components/react-dev-overlay/app/hot-reloader-client.js:240
[  838335ms] [LOG] [Fast Refresh] done in 14ms @ webpack-internal:///(app-pages-browser)/./node_modules/next/dist/client/components/react-dev-overlay/app/hot-reloader-client.js:67
[  838938ms] [LOG] [Fast Refresh] rebuilding @ webpack-internal:///(app-pages-browser)/./node_modules/next/dist/client/components/react-dev-overlay/app/hot-reloader-client.js:240
[  838952ms] [LOG] [Fast Refresh] done in 14ms @ webpack-internal:///(app-pages-browser)/./node_modules/next/dist/client/components/react-dev-overlay/app/hot-reloader-client.js:67
[  839598ms] [LOG] [Fast Refresh] rebuilding @ webpack-internal:///(app-pages-browser)/./node_modules/next/dist/client/components/react-dev-overlay/app/hot-reloader-client.js:240
[  839644ms] [LOG] [Fast Refresh] done in 47ms @ webpack-internal:///(app-pages-browser)/./node_modules/next/dist/client/components/react-dev-overlay/app/hot-reloader-client.js:67
[  840359ms] [LOG] [Fast Refresh] rebuilding @ webpack-internal:///(app-pages-browser)/./node_modules/next/dist/client/components/react-dev-overlay/app/hot-reloader-client.js:240
[  840376ms] [LOG] [Fast Refresh] done in 18ms @ webpack-internal:///(app-pages-browser)/./node_modules/next/dist/client/components/react-dev-overlay/app/hot-reloader-client.js:67
[  840980ms] [LOG] [Fast Refresh] rebuilding @ webpack-internal:///(app-pages-browser)/./node_modules/next/dist/client/components/react-dev-overlay/app/hot-reloader-client.js:240
[  840994ms] [LOG] [Fast Refresh] done in 14ms @ webpack-internal:///(app-pages-browser)/./node_modules/next/dist/client/components/react-dev-overlay/app/hot-reloader-client.js:67
[  841616ms] [LOG] [Fast Refresh] rebuilding @ webpack-internal:///(app-pages-browser)/./node_modules/next/dist/client/components/react-dev-overlay/app/hot-reloader-client.js:240
[  841625ms] [LOG] [Fast Refresh] done in 9ms @ webpack-internal:///(app-pages-browser)/./node_modules/next/dist/client/components/react-dev-overlay/app/hot-reloader-client.js:67
[  842235ms] [LOG] [Fast Refresh] rebuilding @ webpack-internal:///(app-pages-browser)/./node_modules/next/dist/client/components/react-dev-overlay/app/hot-reloader-client.js:240
[  842250ms] [LOG] [Fast Refresh] done in 16ms @ webpack-internal:///(app-pages-browser)/./node_modules/next/dist/client/components/react-dev-overlay/app/hot-reloader-client.js:67
[  842846ms] [LOG] [Fast Refresh] rebuilding @ webpack-internal:///(app-pages-browser)/./node_modules/next/dist/client/components/react-dev-overlay/app/hot-reloader-client.js:240
[  842854ms] [LOG] [Fast Refresh] done in 8ms @ webpack-internal:///(app-pages-browser)/./node_modules/next/dist/client/components/react-dev-overlay/app/hot-reloader-client.js:67
[  843479ms] [LOG] [Fast Refresh] rebuilding @ webpack-internal:///(app-pages-browser)/./node_modules/next/dist/client/components/react-dev-overlay/app/hot-reloader-client.js:240
[  843488ms] [LOG] [Fast Refresh] done in 8ms @ webpack-internal:///(app-pages-browser)/./node_modules/next/dist/client/components/react-dev-overlay/app/hot-reloader-client.js:67
