[      13ms] [LOG] [Fast Refresh] rebuilding @ http://localhost:3000/_next/static/chunks/node_modules_next_dist_client_523921._.js:13661
[      57ms] [LOG] [Fast Refresh] rebuilding @ http://localhost:3000/_next/static/chunks/node_modules_next_dist_client_523921._.js:13661
[     860ms] [INFO] %cDownload the React DevTools for a better development experience: https://react.dev/link/react-devtools font-weight:bold @ http://localhost:3000/_next/static/chunks/node_modules_next_dist_compiled_react-dom_1f56dc._.js:13948
[     925ms] [LOG] MeetingsContext: Loaded meetings from localStorage 7 @ http://localhost:3000/_next/static/chunks/_0b03d8._.js:6317
[     926ms] [LOG] TranscriptContext: Loaded requests from localStorage [] @ http://localhost:3000/_next/static/chunks/_0b03d8._.js:4358
[     927ms] [LOG] Discipline Context: Loaded disciplinary actions from localStorage [] @ http://localhost:3000/_next/static/chunks/_0b03d8._.js:5729
[     927ms] [LOG] Discipline Context: Loaded complaints from localStorage [] @ http://localhost:3000/_next/static/chunks/_0b03d8._.js:5734
[     928ms] [LOG] Performance Context: Loaded reviews from localStorage [] @ http://localhost:3000/_next/static/chunks/_0b03d8._.js:5576
[     928ms] [LOG] LeaveContext: Loaded requests from localStorage [] @ http://localhost:3000/_next/static/chunks/_0b03d8._.js:5100
[     929ms] [LOG] TransferContext: Loaded requests from localStorage [] @ http://localhost:3000/_next/static/chunks/_0b03d8._.js:4206
[    1001ms] [LOG] MeetingsContext: Saved meetings to localStorage 7 @ http://localhost:3000/_next/static/chunks/_0b03d8._.js:6337
[    1002ms] [LOG] TranscriptContext: Saved requests to localStorage [] @ http://localhost:3000/_next/static/chunks/_0b03d8._.js:4376
[    1002ms] [LOG] Discipline Context: Saved disciplinary actions to localStorage [] @ http://localhost:3000/_next/static/chunks/_0b03d8._.js:5755
[    1003ms] [LOG] Discipline Context: Saved complaints to localStorage [] @ http://localhost:3000/_next/static/chunks/_0b03d8._.js:5771
[    1004ms] [LOG] Performance Context: Saved to localStorage [] @ http://localhost:3000/_next/static/chunks/_0b03d8._.js:5595
[    1005ms] [LOG] LeaveContext: Saved requests to localStorage [] @ http://localhost:3000/_next/static/chunks/_0b03d8._.js:5118
[    1005ms] [LOG] TransferContext: Saved requests to localStorage [] @ http://localhost:3000/_next/static/chunks/_0b03d8._.js:4224
[    1129ms] [LOG] [Fast Refresh] rebuilding @ http://localhost:3000/_next/static/chunks/node_modules_next_dist_client_523921._.js:13661
[    1129ms] [LOG] [Fast Refresh] rebuilding @ http://localhost:3000/_next/static/chunks/node_modules_next_dist_client_523921._.js:13661
[    1152ms] [LOG] [Fast Refresh] rebuilding @ http://localhost:3000/_next/static/chunks/node_modules_next_dist_client_523921._.js:13661
[    1707ms] [LOG] [Fast Refresh] rebuilding @ http://localhost:3000/_next/static/chunks/node_modules_next_dist_client_523921._.js:13661
[    2392ms] [LOG] [Fast Refresh] rebuilding @ http://localhost:3000/_next/static/chunks/node_modules_next_dist_client_523921._.js:13661
[    3165ms] [LOG] [Fast Refresh] rebuilding @ http://localhost:3000/_next/static/chunks/node_modules_next_dist_client_523921._.js:13661
[    3180ms] [LOG] [Fast Refresh] rebuilding @ http://localhost:3000/_next/static/chunks/node_modules_next_dist_client_523921._.js:13661
[    3272ms] [LOG] [Fast Refresh] rebuilding @ http://localhost:3000/_next/static/chunks/node_modules_next_dist_client_523921._.js:13661
[    3328ms] [LOG] [Fast Refresh] rebuilding @ http://localhost:3000/_next/static/chunks/node_modules_next_dist_client_523921._.js:13661
[    4099ms] [LOG] [Fast Refresh] rebuilding @ http://localhost:3000/_next/static/chunks/node_modules_next_dist_client_523921._.js:13661
[    4815ms] [LOG] [Fast Refresh] rebuilding @ http://localhost:3000/_next/static/chunks/node_modules_next_dist_client_523921._.js:13661
[    4832ms] [LOG] [Fast Refresh] rebuilding @ http://localhost:3000/_next/static/chunks/node_modules_next_dist_client_523921._.js:13661
[    4951ms] [LOG] [Fast Refresh] rebuilding @ http://localhost:3000/_next/static/chunks/node_modules_next_dist_client_523921._.js:13661
[    5612ms] [LOG] [Fast Refresh] rebuilding @ http://localhost:3000/_next/static/chunks/node_modules_next_dist_client_523921._.js:13661
[    6237ms] [LOG] [Fast Refresh] rebuilding @ http://localhost:3000/_next/static/chunks/node_modules_next_dist_client_523921._.js:13661
[    6254ms] [LOG] [Fast Refresh] rebuilding @ http://localhost:3000/_next/static/chunks/node_modules_next_dist_client_523921._.js:13661
[   25717ms] [LOG] [Fast Refresh] rebuilding @ http://localhost:3000/_next/static/chunks/node_modules_next_dist_client_523921._.js:13661
[   25740ms] [LOG] [Fast Refresh] rebuilding @ http://localhost:3000/_next/static/chunks/node_modules_next_dist_client_523921._.js:13661
[  858679ms] [LOG] [Fast Refresh] rebuilding @ http://localhost:3000/_next/static/chunks/node_modules_next_dist_client_523921._.js:13661
[  858770ms] [LOG] [Fast Refresh] rebuilding @ http://localhost:3000/_next/static/chunks/node_modules_next_dist_client_523921._.js:13661
[  859996ms] [LOG] [Fast Refresh] rebuilding @ http://localhost:3000/_next/static/chunks/node_modules_next_dist_client_523921._.js:13661
[  860014ms] [LOG] [Fast Refresh] rebuilding @ http://localhost:3000/_next/static/chunks/node_modules_next_dist_client_523921._.js:13661
[  860540ms] [LOG] [Fast Refresh] rebuilding @ http://localhost:3000/_next/static/chunks/node_modules_next_dist_client_523921._.js:13661
[  862900ms] [LOG] [Fast Refresh] rebuilding @ http://localhost:3000/_next/static/chunks/node_modules_next_dist_client_523921._.js:13661
[  862961ms] [LOG] [Fast Refresh] rebuilding @ http://localhost:3000/_next/static/chunks/node_modules_next_dist_client_523921._.js:13661
[  863639ms] [LOG] [Fast Refresh] rebuilding @ http://localhost:3000/_next/static/chunks/node_modules_next_dist_client_523921._.js:13661
[  863654ms] [LOG] [Fast Refresh] rebuilding @ http://localhost:3000/_next/static/chunks/node_modules_next_dist_client_523921._.js:13661
[  863733ms] [LOG] [Fast Refresh] rebuilding @ http://localhost:3000/_next/static/chunks/node_modules_next_dist_client_523921._.js:13661
[ 1791281ms] [LOG] [Fast Refresh] rebuilding @ http://localhost:3000/_next/static/chunks/node_modules_next_dist_client_523921._.js:13661
[ 1792484ms] [LOG] [Fast Refresh] done in 1203ms @ http://localhost:3000/_next/static/chunks/node_modules_next_dist_client_523921._.js:13488
[ 1792551ms] [LOG] [Fast Refresh] done in 1270ms @ http://localhost:3000/_next/static/chunks/node_modules_next_dist_client_523921._.js:13488
[ 1792559ms] [LOG] [Fast Refresh] rebuilding @ http://localhost:3000/_next/static/chunks/node_modules_next_dist_client_523921._.js:13661
[ 1792588ms] [LOG] [Fast Refresh] rebuilding @ http://localhost:3000/_next/static/chunks/node_modules_next_dist_client_523921._.js:13661
[ 1862628ms] [LOG] [Fast Refresh] rebuilding @ http://localhost:3000/_next/static/chunks/node_modules_next_dist_client_523921._.js:13661
[ 1862662ms] [LOG] [Fast Refresh] rebuilding @ http://localhost:3000/_next/static/chunks/node_modules_next_dist_client_523921._.js:13661
[ 1863832ms] [LOG] [Fast Refresh] done in 1170ms @ http://localhost:3000/_next/static/chunks/node_modules_next_dist_client_523921._.js:13488
[ 1863971ms] [LOG] [Fast Refresh] done in 1310ms @ http://localhost:3000/_next/static/chunks/node_modules_next_dist_client_523921._.js:13488
[ 1864039ms] [LOG] [Fast Refresh] rebuilding @ http://localhost:3000/_next/static/chunks/node_modules_next_dist_client_523921._.js:13661
[ 1864049ms] [LOG] [Fast Refresh] rebuilding @ http://localhost:3000/_next/static/chunks/node_modules_next_dist_client_523921._.js:13661
[ 1885113ms] [LOG] [Fast Refresh] rebuilding @ http://localhost:3000/_next/static/chunks/node_modules_next_dist_client_523921._.js:13661
[ 1918923ms] [LOG] [Fast Refresh] rebuilding @ http://localhost:3000/_next/static/chunks/node_modules_next_dist_client_523921._.js:13661
[ 1919053ms] [LOG] [Fast Refresh] rebuilding @ http://localhost:3000/_next/static/chunks/node_modules_next_dist_client_523921._.js:13661
[ 1920006ms] [LOG] [Fast Refresh] rebuilding @ http://localhost:3000/_next/static/chunks/node_modules_next_dist_client_523921._.js:13661
[ 1920103ms] [LOG] [Fast Refresh] rebuilding @ http://localhost:3000/_next/static/chunks/node_modules_next_dist_client_523921._.js:13661
[ 1920197ms] [LOG] [Fast Refresh] rebuilding @ http://localhost:3000/_next/static/chunks/node_modules_next_dist_client_523921._.js:13661
[ 1920206ms] [LOG] [Fast Refresh] rebuilding @ http://localhost:3000/_next/static/chunks/node_modules_next_dist_client_523921._.js:13661
[ 1920462ms] [LOG] [Fast Refresh] rebuilding @ http://localhost:3000/_next/static/chunks/node_modules_next_dist_client_523921._.js:13661
[ 1920581ms] [LOG] [Fast Refresh] rebuilding @ http://localhost:3000/_next/static/chunks/node_modules_next_dist_client_523921._.js:13661
[ 1920644ms] [LOG] [Fast Refresh] rebuilding @ http://localhost:3000/_next/static/chunks/node_modules_next_dist_client_523921._.js:13661
[ 1920714ms] [LOG] [Fast Refresh] rebuilding @ http://localhost:3000/_next/static/chunks/node_modules_next_dist_client_523921._.js:13661
[ 1996740ms] [LOG] [Fast Refresh] rebuilding @ http://localhost:3000/_next/static/chunks/node_modules_next_dist_client_523921._.js:13661
[ 1997769ms] [LOG] [Fast Refresh] rebuilding @ http://localhost:3000/_next/static/chunks/node_modules_next_dist_client_523921._.js:13661
[ 1997872ms] [LOG] [Fast Refresh] rebuilding @ http://localhost:3000/_next/static/chunks/node_modules_next_dist_client_523921._.js:13661
[ 1997930ms] [LOG] [Fast Refresh] rebuilding @ http://localhost:3000/_next/static/chunks/node_modules_next_dist_client_523921._.js:13661
[ 1997984ms] [LOG] [Fast Refresh] rebuilding @ http://localhost:3000/_next/static/chunks/node_modules_next_dist_client_523921._.js:13661
[ 2187836ms] [LOG] [Fast Refresh] rebuilding @ http://localhost:3000/_next/static/chunks/node_modules_next_dist_client_523921._.js:13661
[ 2215326ms] [LOG] [Fast Refresh] rebuilding @ http://localhost:3000/_next/static/chunks/node_modules_next_dist_client_523921._.js:13661
[ 2216154ms] [LOG] [Fast Refresh] done in 827ms @ http://localhost:3000/_next/static/chunks/node_modules_next_dist_client_523921._.js:13488
[ 2250476ms] [LOG] [Fast Refresh] rebuilding @ http://localhost:3000/_next/static/chunks/node_modules_next_dist_client_523921._.js:13661
[ 2251370ms] [LOG] [Fast Refresh] done in 894ms @ http://localhost:3000/_next/static/chunks/node_modules_next_dist_client_523921._.js:13488
[ 2251411ms] [LOG] [Fast Refresh] rebuilding @ http://localhost:3000/_next/static/chunks/node_modules_next_dist_client_523921._.js:13661
[ 2395615ms] [LOG] [Fast Refresh] rebuilding @ http://localhost:3000/_next/static/chunks/node_modules_next_dist_client_523921._.js:13661
[ 2396781ms] [LOG] [Fast Refresh] done in 1166ms @ http://localhost:3000/_next/static/chunks/node_modules_next_dist_client_523921._.js:13488
[ 2396839ms] [LOG] [Fast Refresh] rebuilding @ http://localhost:3000/_next/static/chunks/node_modules_next_dist_client_523921._.js:13661
[ 2435380ms] [LOG] [Fast Refresh] rebuilding @ http://localhost:3000/_next/static/chunks/node_modules_next_dist_client_523921._.js:13661
[ 2436520ms] [LOG] [Fast Refresh] done in 1141ms @ http://localhost:3000/_next/static/chunks/node_modules_next_dist_client_523921._.js:13488
[ 2436572ms] [LOG] [Fast Refresh] rebuilding @ http://localhost:3000/_next/static/chunks/node_modules_next_dist_client_523921._.js:13661
[ 2452135ms] [LOG] [Fast Refresh] rebuilding @ http://localhost:3000/_next/static/chunks/node_modules_next_dist_client_523921._.js:13661
[ 2453042ms] [LOG] [Fast Refresh] done in 906ms @ http://localhost:3000/_next/static/chunks/node_modules_next_dist_client_523921._.js:13488
[ 2453090ms] [LOG] [Fast Refresh] rebuilding @ http://localhost:3000/_next/static/chunks/node_modules_next_dist_client_523921._.js:13661
[ 2509347ms] [LOG] [Fast Refresh] rebuilding @ http://localhost:3000/_next/static/chunks/node_modules_next_dist_client_523921._.js:13661
[ 2510747ms] [LOG] [Fast Refresh] done in 1400ms @ http://localhost:3000/_next/static/chunks/node_modules_next_dist_client_523921._.js:13488
[ 2510828ms] [LOG] [Fast Refresh] rebuilding @ http://localhost:3000/_next/static/chunks/node_modules_next_dist_client_523921._.js:13661
[ 2510846ms] [LOG] [Fast Refresh] rebuilding @ http://localhost:3000/_next/static/chunks/node_modules_next_dist_client_523921._.js:13661
[ 2550520ms] [LOG] [Fast Refresh] rebuilding @ http://localhost:3000/_next/static/chunks/node_modules_next_dist_client_523921._.js:13661
[ 2551734ms] [ERROR] ./components/shared/SlideEditor/SlideEditor.tsx:198:8
Parsing ecmascript source code failed
  196 |   if (slide.objects && slide.objects.length > 0) {
  197 |     return (
> 198 |       <div className="w-full h-full relative" style={{ color: themeTextColor }}>
      |        ^^^
  199 |         {slide.objects.map(obj => (
  200 |           <div key={obj.id} className="absolute overflow-hidden" style={{ left: `${obj.x}%`, top: `${obj.y}%`, width: `${obj.width}%`, height: `${obj.height}%`, zIndex: obj.zIndex, transform: obj.rotation ? `rotate(${obj.rotation}deg)` : undefined }}>
  201 |             {obj.type === "textbox" && (

Unexpected token `div`. Expected jsx identifier @ http://localhost:3000/_next/static/chunks/node_modules_next_dist_client_523921._.js:989
[ 2551812ms] [LOG] [Fast Refresh] rebuilding @ http://localhost:3000/_next/static/chunks/node_modules_next_dist_client_523921._.js:13661
[ 2551840ms] [ERROR] ./components/shared/SlideEditor/SlideEditor.tsx:198:8
Parsing ecmascript source code failed
  196 |   if (slide.objects && slide.objects.length > 0) {
  197 |     return (
> 198 |       <div className="w-full h-full relative" style={{ color: themeTextColor }}>
      |        ^^^
  199 |         {slide.objects.map(obj => (
  200 |           <div key={obj.id} className="absolute overflow-hidden" style={{ left: `${obj.x}%`, top: `${obj.y}%`, width: `${obj.width}%`, height: `${obj.height}%`, zIndex: obj.zIndex, transform: obj.rotation ? `rotate(${obj.rotation}deg)` : undefined }}>
  201 |             {obj.type === "textbox" && (

Unexpected token `div`. Expected jsx identifier @ http://localhost:3000/_next/static/chunks/node_modules_next_dist_client_523921._.js:989
[ 2551849ms] [LOG] [Fast Refresh] rebuilding @ http://localhost:3000/_next/static/chunks/node_modules_next_dist_client_523921._.js:13661
[ 2551950ms] [ERROR] ./components/shared/SlideEditor/SlideEditor.tsx:198:8
Parsing ecmascript source code failed
  196 |   if (slide.objects && slide.objects.length > 0) {
  197 |     return (
> 198 |       <div className="w-full h-full relative" style={{ color: themeTextColor }}>
      |        ^^^
  199 |         {slide.objects.map(obj => (
  200 |           <div key={obj.id} className="absolute overflow-hidden" style={{ left: `${obj.x}%`, top: `${obj.y}%`, width: `${obj.width}%`, height: `${obj.height}%`, zIndex: obj.zIndex, transform: obj.rotation ? `rotate(${obj.rotation}deg)` : undefined }}>
  201 |             {obj.type === "textbox" && (

Unexpected token `div`. Expected jsx identifier @ http://localhost:3000/_next/static/chunks/node_modules_next_dist_client_523921._.js:989
[ 2551959ms] [LOG] [Fast Refresh] rebuilding @ http://localhost:3000/_next/static/chunks/node_modules_next_dist_client_523921._.js:13661
[ 2552061ms] [ERROR] ./components/shared/SlideEditor/SlideEditor.tsx:198:8
Parsing ecmascript source code failed
  196 |   if (slide.objects && slide.objects.length > 0) {
  197 |     return (
> 198 |       <div className="w-full h-full relative" style={{ color: themeTextColor }}>
      |        ^^^
  199 |         {slide.objects.map(obj => (
  200 |           <div key={obj.id} className="absolute overflow-hidden" style={{ left: `${obj.x}%`, top: `${obj.y}%`, width: `${obj.width}%`, height: `${obj.height}%`, zIndex: obj.zIndex, transform: obj.rotation ? `rotate(${obj.rotation}deg)` : undefined }}>
  201 |             {obj.type === "textbox" && (

Unexpected token `div`. Expected jsx identifier @ http://localhost:3000/_next/static/chunks/node_modules_next_dist_client_523921._.js:989
[ 2552083ms] [LOG] [Fast Refresh] rebuilding @ http://localhost:3000/_next/static/chunks/node_modules_next_dist_client_523921._.js:13661
[ 2552169ms] [ERROR] ./components/shared/SlideEditor/SlideEditor.tsx:198:8
Parsing ecmascript source code failed
  196 |   if (slide.objects && slide.objects.length > 0) {
  197 |     return (
> 198 |       <div className="w-full h-full relative" style={{ color: themeTextColor }}>
      |        ^^^
  199 |         {slide.objects.map(obj => (
  200 |           <div key={obj.id} className="absolute overflow-hidden" style={{ left: `${obj.x}%`, top: `${obj.y}%`, width: `${obj.width}%`, height: `${obj.height}%`, zIndex: obj.zIndex, transform: obj.rotation ? `rotate(${obj.rotation}deg)` : undefined }}>
  201 |             {obj.type === "textbox" && (

Unexpected token `div`. Expected jsx identifier @ http://localhost:3000/_next/static/chunks/node_modules_next_dist_client_523921._.js:989
[ 2552176ms] [LOG] [Fast Refresh] rebuilding @ http://localhost:3000/_next/static/chunks/node_modules_next_dist_client_523921._.js:13661
[ 2552261ms] [ERROR] ./components/shared/SlideEditor/SlideEditor.tsx:198:8
Parsing ecmascript source code failed
  196 |   if (slide.objects && slide.objects.length > 0) {
  197 |     return (
> 198 |       <div className="w-full h-full relative" style={{ color: themeTextColor }}>
      |        ^^^
  199 |         {slide.objects.map(obj => (
  200 |           <div key={obj.id} className="absolute overflow-hidden" style={{ left: `${obj.x}%`, top: `${obj.y}%`, width: `${obj.width}%`, height: `${obj.height}%`, zIndex: obj.zIndex, transform: obj.rotation ? `rotate(${obj.rotation}deg)` : undefined }}>
  201 |             {obj.type === "textbox" && (

Unexpected token `div`. Expected jsx identifier @ http://localhost:3000/_next/static/chunks/node_modules_next_dist_client_523921._.js:989
[ 2552268ms] [LOG] [Fast Refresh] rebuilding @ http://localhost:3000/_next/static/chunks/node_modules_next_dist_client_523921._.js:13661
[ 2552358ms] [ERROR] ./components/shared/SlideEditor/SlideEditor.tsx:198:8
Parsing ecmascript source code failed
  196 |   if (slide.objects && slide.objects.length > 0) {
  197 |     return (
> 198 |       <div className="w-full h-full relative" style={{ color: themeTextColor }}>
      |        ^^^
  199 |         {slide.objects.map(obj => (
  200 |           <div key={obj.id} className="absolute overflow-hidden" style={{ left: `${obj.x}%`, top: `${obj.y}%`, width: `${obj.width}%`, height: `${obj.height}%`, zIndex: obj.zIndex, transform: obj.rotation ? `rotate(${obj.rotation}deg)` : undefined }}>
  201 |             {obj.type === "textbox" && (

Unexpected token `div`. Expected jsx identifier @ http://localhost:3000/_next/static/chunks/node_modules_next_dist_client_523921._.js:989
[ 2552376ms] [LOG] [Fast Refresh] rebuilding @ http://localhost:3000/_next/static/chunks/node_modules_next_dist_client_523921._.js:13661
[ 2552463ms] [ERROR] ./components/shared/SlideEditor/SlideEditor.tsx:198:8
Parsing ecmascript source code failed
  196 |   if (slide.objects && slide.objects.length > 0) {
  197 |     return (
> 198 |       <div className="w-full h-full relative" style={{ color: themeTextColor }}>
      |        ^^^
  199 |         {slide.objects.map(obj => (
  200 |           <div key={obj.id} className="absolute overflow-hidden" style={{ left: `${obj.x}%`, top: `${obj.y}%`, width: `${obj.width}%`, height: `${obj.height}%`, zIndex: obj.zIndex, transform: obj.rotation ? `rotate(${obj.rotation}deg)` : undefined }}>
  201 |             {obj.type === "textbox" && (

Unexpected token `div`. Expected jsx identifier @ http://localhost:3000/_next/static/chunks/node_modules_next_dist_client_523921._.js:989
[ 2552469ms] [LOG] [Fast Refresh] rebuilding @ http://localhost:3000/_next/static/chunks/node_modules_next_dist_client_523921._.js:13661
[ 2552562ms] [ERROR] ./components/shared/SlideEditor/SlideEditor.tsx:198:8
Parsing ecmascript source code failed
  196 |   if (slide.objects && slide.objects.length > 0) {
  197 |     return (
> 198 |       <div className="w-full h-full relative" style={{ color: themeTextColor }}>
      |        ^^^
  199 |         {slide.objects.map(obj => (
  200 |           <div key={obj.id} className="absolute overflow-hidden" style={{ left: `${obj.x}%`, top: `${obj.y}%`, width: `${obj.width}%`, height: `${obj.height}%`, zIndex: obj.zIndex, transform: obj.rotation ? `rotate(${obj.rotation}deg)` : undefined }}>
  201 |             {obj.type === "textbox" && (

Unexpected token `div`. Expected jsx identifier @ http://localhost:3000/_next/static/chunks/node_modules_next_dist_client_523921._.js:989
[ 2552575ms] [LOG] [Fast Refresh] rebuilding @ http://localhost:3000/_next/static/chunks/node_modules_next_dist_client_523921._.js:13661
[ 2552664ms] [ERROR] ./components/shared/SlideEditor/SlideEditor.tsx:198:8
Parsing ecmascript source code failed
  196 |   if (slide.objects && slide.objects.length > 0) {
  197 |     return (
> 198 |       <div className="w-full h-full relative" style={{ color: themeTextColor }}>
      |        ^^^
  199 |         {slide.objects.map(obj => (
  200 |           <div key={obj.id} className="absolute overflow-hidden" style={{ left: `${obj.x}%`, top: `${obj.y}%`, width: `${obj.width}%`, height: `${obj.height}%`, zIndex: obj.zIndex, transform: obj.rotation ? `rotate(${obj.rotation}deg)` : undefined }}>
  201 |             {obj.type === "textbox" && (

Unexpected token `div`. Expected jsx identifier @ http://localhost:3000/_next/static/chunks/node_modules_next_dist_client_523921._.js:989
[ 2552682ms] [LOG] [Fast Refresh] rebuilding @ http://localhost:3000/_next/static/chunks/node_modules_next_dist_client_523921._.js:13661
[ 2552766ms] [ERROR] ./components/shared/SlideEditor/SlideEditor.tsx:198:8
Parsing ecmascript source code failed
  196 |   if (slide.objects && slide.objects.length > 0) {
  197 |     return (
> 198 |       <div className="w-full h-full relative" style={{ color: themeTextColor }}>
      |        ^^^
  199 |         {slide.objects.map(obj => (
  200 |           <div key={obj.id} className="absolute overflow-hidden" style={{ left: `${obj.x}%`, top: `${obj.y}%`, width: `${obj.width}%`, height: `${obj.height}%`, zIndex: obj.zIndex, transform: obj.rotation ? `rotate(${obj.rotation}deg)` : undefined }}>
  201 |             {obj.type === "textbox" && (

Unexpected token `div`. Expected jsx identifier @ http://localhost:3000/_next/static/chunks/node_modules_next_dist_client_523921._.js:989
[ 2552773ms] [LOG] [Fast Refresh] rebuilding @ http://localhost:3000/_next/static/chunks/node_modules_next_dist_client_523921._.js:13661
[ 2552861ms] [ERROR] ./components/shared/SlideEditor/SlideEditor.tsx:198:8
Parsing ecmascript source code failed
  196 |   if (slide.objects && slide.objects.length > 0) {
  197 |     return (
> 198 |       <div className="w-full h-full relative" style={{ color: themeTextColor }}>
      |        ^^^
  199 |         {slide.objects.map(obj => (
  200 |           <div key={obj.id} className="absolute overflow-hidden" style={{ left: `${obj.x}%`, top: `${obj.y}%`, width: `${obj.width}%`, height: `${obj.height}%`, zIndex: obj.zIndex, transform: obj.rotation ? `rotate(${obj.rotation}deg)` : undefined }}>
  201 |             {obj.type === "textbox" && (

Unexpected token `div`. Expected jsx identifier @ http://localhost:3000/_next/static/chunks/node_modules_next_dist_client_523921._.js:989
[ 2552866ms] [LOG] [Fast Refresh] rebuilding @ http://localhost:3000/_next/static/chunks/node_modules_next_dist_client_523921._.js:13661
[ 2552964ms] [ERROR] ./components/shared/SlideEditor/SlideEditor.tsx:198:8
Parsing ecmascript source code failed
  196 |   if (slide.objects && slide.objects.length > 0) {
  197 |     return (
> 198 |       <div className="w-full h-full relative" style={{ color: themeTextColor }}>
      |        ^^^
  199 |         {slide.objects.map(obj => (
  200 |           <div key={obj.id} className="absolute overflow-hidden" style={{ left: `${obj.x}%`, top: `${obj.y}%`, width: `${obj.width}%`, height: `${obj.height}%`, zIndex: obj.zIndex, transform: obj.rotation ? `rotate(${obj.rotation}deg)` : undefined }}>
  201 |             {obj.type === "textbox" && (

Unexpected token `div`. Expected jsx identifier @ http://localhost:3000/_next/static/chunks/node_modules_next_dist_client_523921._.js:989
[ 2552973ms] [LOG] [Fast Refresh] rebuilding @ http://localhost:3000/_next/static/chunks/node_modules_next_dist_client_523921._.js:13661
[ 2553073ms] [ERROR] ./components/shared/SlideEditor/SlideEditor.tsx:198:8
Parsing ecmascript source code failed
  196 |   if (slide.objects && slide.objects.length > 0) {
  197 |     return (
> 198 |       <div className="w-full h-full relative" style={{ color: themeTextColor }}>
      |        ^^^
  199 |         {slide.objects.map(obj => (
  200 |           <div key={obj.id} className="absolute overflow-hidden" style={{ left: `${obj.x}%`, top: `${obj.y}%`, width: `${obj.width}%`, height: `${obj.height}%`, zIndex: obj.zIndex, transform: obj.rotation ? `rotate(${obj.rotation}deg)` : undefined }}>
  201 |             {obj.type === "textbox" && (

Unexpected token `div`. Expected jsx identifier @ http://localhost:3000/_next/static/chunks/node_modules_next_dist_client_523921._.js:989
[ 2553081ms] [LOG] [Fast Refresh] rebuilding @ http://localhost:3000/_next/static/chunks/node_modules_next_dist_client_523921._.js:13661
[ 2553170ms] [ERROR] ./components/shared/SlideEditor/SlideEditor.tsx:198:8
Parsing ecmascript source code failed
  196 |   if (slide.objects && slide.objects.length > 0) {
  197 |     return (
> 198 |       <div className="w-full h-full relative" style={{ color: themeTextColor }}>
      |        ^^^
  199 |         {slide.objects.map(obj => (
  200 |           <div key={obj.id} className="absolute overflow-hidden" style={{ left: `${obj.x}%`, top: `${obj.y}%`, width: `${obj.width}%`, height: `${obj.height}%`, zIndex: obj.zIndex, transform: obj.rotation ? `rotate(${obj.rotation}deg)` : undefined }}>
  201 |             {obj.type === "textbox" && (

Unexpected token `div`. Expected jsx identifier @ http://localhost:3000/_next/static/chunks/node_modules_next_dist_client_523921._.js:989
[ 2553188ms] [LOG] [Fast Refresh] rebuilding @ http://localhost:3000/_next/static/chunks/node_modules_next_dist_client_523921._.js:13661
[ 2553274ms] [ERROR] ./components/shared/SlideEditor/SlideEditor.tsx:198:8
Parsing ecmascript source code failed
  196 |   if (slide.objects && slide.objects.length > 0) {
  197 |     return (
> 198 |       <div className="w-full h-full relative" style={{ color: themeTextColor }}>
      |        ^^^
  199 |         {slide.objects.map(obj => (
  200 |           <div key={obj.id} className="absolute overflow-hidden" style={{ left: `${obj.x}%`, top: `${obj.y}%`, width: `${obj.width}%`, height: `${obj.height}%`, zIndex: obj.zIndex, transform: obj.rotation ? `rotate(${obj.rotation}deg)` : undefined }}>
  201 |             {obj.type === "textbox" && (

Unexpected token `div`. Expected jsx identifier @ http://localhost:3000/_next/static/chunks/node_modules_next_dist_client_523921._.js:989
[ 2553280ms] [LOG] [Fast Refresh] rebuilding @ http://localhost:3000/_next/static/chunks/node_modules_next_dist_client_523921._.js:13661
[ 2553366ms] [ERROR] ./components/shared/SlideEditor/SlideEditor.tsx:198:8
Parsing ecmascript source code failed
  196 |   if (slide.objects && slide.objects.length > 0) {
  197 |     return (
> 198 |       <div className="w-full h-full relative" style={{ color: themeTextColor }}>
      |        ^^^
  199 |         {slide.objects.map(obj => (
  200 |           <div key={obj.id} className="absolute overflow-hidden" style={{ left: `${obj.x}%`, top: `${obj.y}%`, width: `${obj.width}%`, height: `${obj.height}%`, zIndex: obj.zIndex, transform: obj.rotation ? `rotate(${obj.rotation}deg)` : undefined }}>
  201 |             {obj.type === "textbox" && (

Unexpected token `div`. Expected jsx identifier @ http://localhost:3000/_next/static/chunks/node_modules_next_dist_client_523921._.js:989
[ 2553372ms] [LOG] [Fast Refresh] rebuilding @ http://localhost:3000/_next/static/chunks/node_modules_next_dist_client_523921._.js:13661
[ 2553457ms] [ERROR] ./components/shared/SlideEditor/SlideEditor.tsx:198:8
Parsing ecmascript source code failed
  196 |   if (slide.objects && slide.objects.length > 0) {
  197 |     return (
> 198 |       <div className="w-full h-full relative" style={{ color: themeTextColor }}>
      |        ^^^
  199 |         {slide.objects.map(obj => (
  200 |           <div key={obj.id} className="absolute overflow-hidden" style={{ left: `${obj.x}%`, top: `${obj.y}%`, width: `${obj.width}%`, height: `${obj.height}%`, zIndex: obj.zIndex, transform: obj.rotation ? `rotate(${obj.rotation}deg)` : undefined }}>
  201 |             {obj.type === "textbox" && (

Unexpected token `div`. Expected jsx identifier @ http://localhost:3000/_next/static/chunks/node_modules_next_dist_client_523921._.js:989
[ 2553464ms] [LOG] [Fast Refresh] rebuilding @ http://localhost:3000/_next/static/chunks/node_modules_next_dist_client_523921._.js:13661
[ 2553551ms] [ERROR] ./components/shared/SlideEditor/SlideEditor.tsx:198:8
Parsing ecmascript source code failed
  196 |   if (slide.objects && slide.objects.length > 0) {
  197 |     return (
> 198 |       <div className="w-full h-full relative" style={{ color: themeTextColor }}>
      |        ^^^
  199 |         {slide.objects.map(obj => (
  200 |           <div key={obj.id} className="absolute overflow-hidden" style={{ left: `${obj.x}%`, top: `${obj.y}%`, width: `${obj.width}%`, height: `${obj.height}%`, zIndex: obj.zIndex, transform: obj.rotation ? `rotate(${obj.rotation}deg)` : undefined }}>
  201 |             {obj.type === "textbox" && (

Unexpected token `div`. Expected jsx identifier @ http://localhost:3000/_next/static/chunks/node_modules_next_dist_client_523921._.js:989
[ 2553571ms] [LOG] [Fast Refresh] rebuilding @ http://localhost:3000/_next/static/chunks/node_modules_next_dist_client_523921._.js:13661
[ 2553656ms] [ERROR] ./components/shared/SlideEditor/SlideEditor.tsx:198:8
Parsing ecmascript source code failed
  196 |   if (slide.objects && slide.objects.length > 0) {
  197 |     return (
> 198 |       <div className="w-full h-full relative" style={{ color: themeTextColor }}>
      |        ^^^
  199 |         {slide.objects.map(obj => (
  200 |           <div key={obj.id} className="absolute overflow-hidden" style={{ left: `${obj.x}%`, top: `${obj.y}%`, width: `${obj.width}%`, height: `${obj.height}%`, zIndex: obj.zIndex, transform: obj.rotation ? `rotate(${obj.rotation}deg)` : undefined }}>
  201 |             {obj.type === "textbox" && (

Unexpected token `div`. Expected jsx identifier @ http://localhost:3000/_next/static/chunks/node_modules_next_dist_client_523921._.js:989
[ 2553663ms] [LOG] [Fast Refresh] rebuilding @ http://localhost:3000/_next/static/chunks/node_modules_next_dist_client_523921._.js:13661
[ 2553747ms] [ERROR] ./components/shared/SlideEditor/SlideEditor.tsx:198:8
Parsing ecmascript source code failed
  196 |   if (slide.objects && slide.objects.length > 0) {
  197 |     return (
> 198 |       <div className="w-full h-full relative" style={{ color: themeTextColor }}>
      |        ^^^
  199 |         {slide.objects.map(obj => (
  200 |           <div key={obj.id} className="absolute overflow-hidden" style={{ left: `${obj.x}%`, top: `${obj.y}%`, width: `${obj.width}%`, height: `${obj.height}%`, zIndex: obj.zIndex, transform: obj.rotation ? `rotate(${obj.rotation}deg)` : undefined }}>
  201 |             {obj.type === "textbox" && (

Unexpected token `div`. Expected jsx identifier @ http://localhost:3000/_next/static/chunks/node_modules_next_dist_client_523921._.js:989
[ 2553756ms] [LOG] [Fast Refresh] rebuilding @ http://localhost:3000/_next/static/chunks/node_modules_next_dist_client_523921._.js:13661
[ 2553839ms] [ERROR] ./components/shared/SlideEditor/SlideEditor.tsx:198:8
Parsing ecmascript source code failed
  196 |   if (slide.objects && slide.objects.length > 0) {
  197 |     return (
> 198 |       <div className="w-full h-full relative" style={{ color: themeTextColor }}>
      |        ^^^
  199 |         {slide.objects.map(obj => (
  200 |           <div key={obj.id} className="absolute overflow-hidden" style={{ left: `${obj.x}%`, top: `${obj.y}%`, width: `${obj.width}%`, height: `${obj.height}%`, zIndex: obj.zIndex, transform: obj.rotation ? `rotate(${obj.rotation}deg)` : undefined }}>
  201 |             {obj.type === "textbox" && (

Unexpected token `div`. Expected jsx identifier @ http://localhost:3000/_next/static/chunks/node_modules_next_dist_client_523921._.js:989
[ 2553847ms] [LOG] [Fast Refresh] rebuilding @ http://localhost:3000/_next/static/chunks/node_modules_next_dist_client_523921._.js:13661
[ 2553938ms] [ERROR] ./components/shared/SlideEditor/SlideEditor.tsx:198:8
Parsing ecmascript source code failed
  196 |   if (slide.objects && slide.objects.length > 0) {
  197 |     return (
> 198 |       <div className="w-full h-full relative" style={{ color: themeTextColor }}>
      |        ^^^
  199 |         {slide.objects.map(obj => (
  200 |           <div key={obj.id} className="absolute overflow-hidden" style={{ left: `${obj.x}%`, top: `${obj.y}%`, width: `${obj.width}%`, height: `${obj.height}%`, zIndex: obj.zIndex, transform: obj.rotation ? `rotate(${obj.rotation}deg)` : undefined }}>
  201 |             {obj.type === "textbox" && (

Unexpected token `div`. Expected jsx identifier @ http://localhost:3000/_next/static/chunks/node_modules_next_dist_client_523921._.js:989
[ 2553956ms] [LOG] [Fast Refresh] rebuilding @ http://localhost:3000/_next/static/chunks/node_modules_next_dist_client_523921._.js:13661
[ 2554026ms] [ERROR] ./components/shared/SlideEditor/SlideEditor.tsx:198:8
Parsing ecmascript source code failed
  196 |   if (slide.objects && slide.objects.length > 0) {
  197 |     return (
> 198 |       <div className="w-full h-full relative" style={{ color: themeTextColor }}>
      |        ^^^
  199 |         {slide.objects.map(obj => (
  200 |           <div key={obj.id} className="absolute overflow-hidden" style={{ left: `${obj.x}%`, top: `${obj.y}%`, width: `${obj.width}%`, height: `${obj.height}%`, zIndex: obj.zIndex, transform: obj.rotation ? `rotate(${obj.rotation}deg)` : undefined }}>
  201 |             {obj.type === "textbox" && (

Unexpected token `div`. Expected jsx identifier @ http://localhost:3000/_next/static/chunks/node_modules_next_dist_client_523921._.js:989
[ 2554033ms] [LOG] [Fast Refresh] rebuilding @ http://localhost:3000/_next/static/chunks/node_modules_next_dist_client_523921._.js:13661
[ 2554122ms] [ERROR] ./components/shared/SlideEditor/SlideEditor.tsx:198:8
Parsing ecmascript source code failed
  196 |   if (slide.objects && slide.objects.length > 0) {
  197 |     return (
> 198 |       <div className="w-full h-full relative" style={{ color: themeTextColor }}>
      |        ^^^
  199 |         {slide.objects.map(obj => (
  200 |           <div key={obj.id} className="absolute overflow-hidden" style={{ left: `${obj.x}%`, top: `${obj.y}%`, width: `${obj.width}%`, height: `${obj.height}%`, zIndex: obj.zIndex, transform: obj.rotation ? `rotate(${obj.rotation}deg)` : undefined }}>
  201 |             {obj.type === "textbox" && (

Unexpected token `div`. Expected jsx identifier @ http://localhost:3000/_next/static/chunks/node_modules_next_dist_client_523921._.js:989
[ 2554128ms] [LOG] [Fast Refresh] rebuilding @ http://localhost:3000/_next/static/chunks/node_modules_next_dist_client_523921._.js:13661
[ 2554215ms] [ERROR] ./components/shared/SlideEditor/SlideEditor.tsx:198:8
Parsing ecmascript source code failed
  196 |   if (slide.objects && slide.objects.length > 0) {
  197 |     return (
> 198 |       <div className="w-full h-full relative" style={{ color: themeTextColor }}>
      |        ^^^
  199 |         {slide.objects.map(obj => (
  200 |           <div key={obj.id} className="absolute overflow-hidden" style={{ left: `${obj.x}%`, top: `${obj.y}%`, width: `${obj.width}%`, height: `${obj.height}%`, zIndex: obj.zIndex, transform: obj.rotation ? `rotate(${obj.rotation}deg)` : undefined }}>
  201 |             {obj.type === "textbox" && (

Unexpected token `div`. Expected jsx identifier @ http://localhost:3000/_next/static/chunks/node_modules_next_dist_client_523921._.js:989
[ 2554236ms] [LOG] [Fast Refresh] rebuilding @ http://localhost:3000/_next/static/chunks/node_modules_next_dist_client_523921._.js:13661
[ 2554336ms] [ERROR] ./components/shared/SlideEditor/SlideEditor.tsx:198:8
Parsing ecmascript source code failed
  196 |   if (slide.objects && slide.objects.length > 0) {
  197 |     return (
> 198 |       <div className="w-full h-full relative" style={{ color: themeTextColor }}>
      |        ^^^
  199 |         {slide.objects.map(obj => (
  200 |           <div key={obj.id} className="absolute overflow-hidden" style={{ left: `${obj.x}%`, top: `${obj.y}%`, width: `${obj.width}%`, height: `${obj.height}%`, zIndex: obj.zIndex, transform: obj.rotation ? `rotate(${obj.rotation}deg)` : undefined }}>
  201 |             {obj.type === "textbox" && (

Unexpected token `div`. Expected jsx identifier @ http://localhost:3000/_next/static/chunks/node_modules_next_dist_client_523921._.js:989
[ 2554343ms] [LOG] [Fast Refresh] rebuilding @ http://localhost:3000/_next/static/chunks/node_modules_next_dist_client_523921._.js:13661
[ 2554430ms] [ERROR] ./components/shared/SlideEditor/SlideEditor.tsx:198:8
Parsing ecmascript source code failed
  196 |   if (slide.objects && slide.objects.length > 0) {
  197 |     return (
> 198 |       <div className="w-full h-full relative" style={{ color: themeTextColor }}>
      |        ^^^
  199 |         {slide.objects.map(obj => (
  200 |           <div key={obj.id} className="absolute overflow-hidden" style={{ left: `${obj.x}%`, top: `${obj.y}%`, width: `${obj.width}%`, height: `${obj.height}%`, zIndex: obj.zIndex, transform: obj.rotation ? `rotate(${obj.rotation}deg)` : undefined }}>
  201 |             {obj.type === "textbox" && (

Unexpected token `div`. Expected jsx identifier @ http://localhost:3000/_next/static/chunks/node_modules_next_dist_client_523921._.js:989
[ 2554436ms] [LOG] [Fast Refresh] rebuilding @ http://localhost:3000/_next/static/chunks/node_modules_next_dist_client_523921._.js:13661
[ 2554520ms] [ERROR] ./components/shared/SlideEditor/SlideEditor.tsx:198:8
Parsing ecmascript source code failed
  196 |   if (slide.objects && slide.objects.length > 0) {
  197 |     return (
> 198 |       <div className="w-full h-full relative" style={{ color: themeTextColor }}>
      |        ^^^
  199 |         {slide.objects.map(obj => (
  200 |           <div key={obj.id} className="absolute overflow-hidden" style={{ left: `${obj.x}%`, top: `${obj.y}%`, width: `${obj.width}%`, height: `${obj.height}%`, zIndex: obj.zIndex, transform: obj.rotation ? `rotate(${obj.rotation}deg)` : undefined }}>
  201 |             {obj.type === "textbox" && (

Unexpected token `div`. Expected jsx identifier @ http://localhost:3000/_next/static/chunks/node_modules_next_dist_client_523921._.js:989
[ 2554528ms] [LOG] [Fast Refresh] rebuilding @ http://localhost:3000/_next/static/chunks/node_modules_next_dist_client_523921._.js:13661
[ 2554613ms] [ERROR] ./components/shared/SlideEditor/SlideEditor.tsx:198:8
Parsing ecmascript source code failed
  196 |   if (slide.objects && slide.objects.length > 0) {
  197 |     return (
> 198 |       <div className="w-full h-full relative" style={{ color: themeTextColor }}>
      |        ^^^
  199 |         {slide.objects.map(obj => (
  200 |           <div key={obj.id} className="absolute overflow-hidden" style={{ left: `${obj.x}%`, top: `${obj.y}%`, width: `${obj.width}%`, height: `${obj.height}%`, zIndex: obj.zIndex, transform: obj.rotation ? `rotate(${obj.rotation}deg)` : undefined }}>
  201 |             {obj.type === "textbox" && (

Unexpected token `div`. Expected jsx identifier @ http://localhost:3000/_next/static/chunks/node_modules_next_dist_client_523921._.js:989
[ 2554620ms] [LOG] [Fast Refresh] rebuilding @ http://localhost:3000/_next/static/chunks/node_modules_next_dist_client_523921._.js:13661
[ 2554706ms] [ERROR] ./components/shared/SlideEditor/SlideEditor.tsx:198:8
Parsing ecmascript source code failed
  196 |   if (slide.objects && slide.objects.length > 0) {
  197 |     return (
> 198 |       <div className="w-full h-full relative" style={{ color: themeTextColor }}>
      |        ^^^
  199 |         {slide.objects.map(obj => (
  200 |           <div key={obj.id} className="absolute overflow-hidden" style={{ left: `${obj.x}%`, top: `${obj.y}%`, width: `${obj.width}%`, height: `${obj.height}%`, zIndex: obj.zIndex, transform: obj.rotation ? `rotate(${obj.rotation}deg)` : undefined }}>
  201 |             {obj.type === "textbox" && (

Unexpected token `div`. Expected jsx identifier @ http://localhost:3000/_next/static/chunks/node_modules_next_dist_client_523921._.js:989
[ 2554713ms] [LOG] [Fast Refresh] rebuilding @ http://localhost:3000/_next/static/chunks/node_modules_next_dist_client_523921._.js:13661
[ 2554799ms] [ERROR] ./components/shared/SlideEditor/SlideEditor.tsx:198:8
Parsing ecmascript source code failed
  196 |   if (slide.objects && slide.objects.length > 0) {
  197 |     return (
> 198 |       <div className="w-full h-full relative" style={{ color: themeTextColor }}>
      |        ^^^
  199 |         {slide.objects.map(obj => (
  200 |           <div key={obj.id} className="absolute overflow-hidden" style={{ left: `${obj.x}%`, top: `${obj.y}%`, width: `${obj.width}%`, height: `${obj.height}%`, zIndex: obj.zIndex, transform: obj.rotation ? `rotate(${obj.rotation}deg)` : undefined }}>
  201 |             {obj.type === "textbox" && (

Unexpected token `div`. Expected jsx identifier @ http://localhost:3000/_next/static/chunks/node_modules_next_dist_client_523921._.js:989
[ 2554806ms] [LOG] [Fast Refresh] rebuilding @ http://localhost:3000/_next/static/chunks/node_modules_next_dist_client_523921._.js:13661
[ 2554906ms] [ERROR] ./components/shared/SlideEditor/SlideEditor.tsx:198:8
Parsing ecmascript source code failed
  196 |   if (slide.objects && slide.objects.length > 0) {
  197 |     return (
> 198 |       <div className="w-full h-full relative" style={{ color: themeTextColor }}>
      |        ^^^
  199 |         {slide.objects.map(obj => (
  200 |           <div key={obj.id} className="absolute overflow-hidden" style={{ left: `${obj.x}%`, top: `${obj.y}%`, width: `${obj.width}%`, height: `${obj.height}%`, zIndex: obj.zIndex, transform: obj.rotation ? `rotate(${obj.rotation}deg)` : undefined }}>
  201 |             {obj.type === "textbox" && (

Unexpected token `div`. Expected jsx identifier @ http://localhost:3000/_next/static/chunks/node_modules_next_dist_client_523921._.js:989
[ 2554913ms] [LOG] [Fast Refresh] rebuilding @ http://localhost:3000/_next/static/chunks/node_modules_next_dist_client_523921._.js:13661
[ 2554999ms] [ERROR] ./components/shared/SlideEditor/SlideEditor.tsx:198:8
Parsing ecmascript source code failed
  196 |   if (slide.objects && slide.objects.length > 0) {
  197 |     return (
> 198 |       <div className="w-full h-full relative" style={{ color: themeTextColor }}>
      |        ^^^
  199 |         {slide.objects.map(obj => (
  200 |           <div key={obj.id} className="absolute overflow-hidden" style={{ left: `${obj.x}%`, top: `${obj.y}%`, width: `${obj.width}%`, height: `${obj.height}%`, zIndex: obj.zIndex, transform: obj.rotation ? `rotate(${obj.rotation}deg)` : undefined }}>
  201 |             {obj.type === "textbox" && (

Unexpected token `div`. Expected jsx identifier @ http://localhost:3000/_next/static/chunks/node_modules_next_dist_client_523921._.js:989
[ 2555007ms] [LOG] [Fast Refresh] rebuilding @ http://localhost:3000/_next/static/chunks/node_modules_next_dist_client_523921._.js:13661
[ 2555109ms] [ERROR] ./components/shared/SlideEditor/SlideEditor.tsx:198:8
Parsing ecmascript source code failed
  196 |   if (slide.objects && slide.objects.length > 0) {
  197 |     return (
> 198 |       <div className="w-full h-full relative" style={{ color: themeTextColor }}>
      |        ^^^
  199 |         {slide.objects.map(obj => (
  200 |           <div key={obj.id} className="absolute overflow-hidden" style={{ left: `${obj.x}%`, top: `${obj.y}%`, width: `${obj.width}%`, height: `${obj.height}%`, zIndex: obj.zIndex, transform: obj.rotation ? `rotate(${obj.rotation}deg)` : undefined }}>
  201 |             {obj.type === "textbox" && (

Unexpected token `div`. Expected jsx identifier @ http://localhost:3000/_next/static/chunks/node_modules_next_dist_client_523921._.js:989
[ 2555114ms] [LOG] [Fast Refresh] rebuilding @ http://localhost:3000/_next/static/chunks/node_modules_next_dist_client_523921._.js:13661
[ 2555187ms] [ERROR] ./components/shared/SlideEditor/SlideEditor.tsx:198:8
Parsing ecmascript source code failed
  196 |   if (slide.objects && slide.objects.length > 0) {
  197 |     return (
> 198 |       <div className="w-full h-full relative" style={{ color: themeTextColor }}>
      |        ^^^
  199 |         {slide.objects.map(obj => (
  200 |           <div key={obj.id} className="absolute overflow-hidden" style={{ left: `${obj.x}%`, top: `${obj.y}%`, width: `${obj.width}%`, height: `${obj.height}%`, zIndex: obj.zIndex, transform: obj.rotation ? `rotate(${obj.rotation}deg)` : undefined }}>
  201 |             {obj.type === "textbox" && (

Unexpected token `div`. Expected jsx identifier @ http://localhost:3000/_next/static/chunks/node_modules_next_dist_client_523921._.js:989
[ 2555192ms] [LOG] [Fast Refresh] rebuilding @ http://localhost:3000/_next/static/chunks/node_modules_next_dist_client_523921._.js:13661
[ 2555279ms] [ERROR] ./components/shared/SlideEditor/SlideEditor.tsx:198:8
Parsing ecmascript source code failed
  196 |   if (slide.objects && slide.objects.length > 0) {
  197 |     return (
> 198 |       <div className="w-full h-full relative" style={{ color: themeTextColor }}>
      |        ^^^
  199 |         {slide.objects.map(obj => (
  200 |           <div key={obj.id} className="absolute overflow-hidden" style={{ left: `${obj.x}%`, top: `${obj.y}%`, width: `${obj.width}%`, height: `${obj.height}%`, zIndex: obj.zIndex, transform: obj.rotation ? `rotate(${obj.rotation}deg)` : undefined }}>
  201 |             {obj.type === "textbox" && (

Unexpected token `div`. Expected jsx identifier @ http://localhost:3000/_next/static/chunks/node_modules_next_dist_client_523921._.js:989
[ 2555318ms] [LOG] [Fast Refresh] rebuilding @ http://localhost:3000/_next/static/chunks/node_modules_next_dist_client_523921._.js:13661
[ 2555405ms] [ERROR] ./components/shared/SlideEditor/SlideEditor.tsx:198:8
Parsing ecmascript source code failed
  196 |   if (slide.objects && slide.objects.length > 0) {
  197 |     return (
> 198 |       <div className="w-full h-full relative" style={{ color: themeTextColor }}>
      |        ^^^
  199 |         {slide.objects.map(obj => (
  200 |           <div key={obj.id} className="absolute overflow-hidden" style={{ left: `${obj.x}%`, top: `${obj.y}%`, width: `${obj.width}%`, height: `${obj.height}%`, zIndex: obj.zIndex, transform: obj.rotation ? `rotate(${obj.rotation}deg)` : undefined }}>
  201 |             {obj.type === "textbox" && (

Unexpected token `div`. Expected jsx identifier @ http://localhost:3000/_next/static/chunks/node_modules_next_dist_client_523921._.js:989
[ 2555411ms] [LOG] [Fast Refresh] rebuilding @ http://localhost:3000/_next/static/chunks/node_modules_next_dist_client_523921._.js:13661
[ 2555496ms] [ERROR] ./components/shared/SlideEditor/SlideEditor.tsx:198:8
Parsing ecmascript source code failed
  196 |   if (slide.objects && slide.objects.length > 0) {
  197 |     return (
> 198 |       <div className="w-full h-full relative" style={{ color: themeTextColor }}>
      |        ^^^
  199 |         {slide.objects.map(obj => (
  200 |           <div key={obj.id} className="absolute overflow-hidden" style={{ left: `${obj.x}%`, top: `${obj.y}%`, width: `${obj.width}%`, height: `${obj.height}%`, zIndex: obj.zIndex, transform: obj.rotation ? `rotate(${obj.rotation}deg)` : undefined }}>
  201 |             {obj.type === "textbox" && (

Unexpected token `div`. Expected jsx identifier @ http://localhost:3000/_next/static/chunks/node_modules_next_dist_client_523921._.js:989
[ 2555504ms] [LOG] [Fast Refresh] rebuilding @ http://localhost:3000/_next/static/chunks/node_modules_next_dist_client_523921._.js:13661
[ 2555579ms] [ERROR] ./components/shared/SlideEditor/SlideEditor.tsx:198:8
Parsing ecmascript source code failed
  196 |   if (slide.objects && slide.objects.length > 0) {
  197 |     return (
> 198 |       <div className="w-full h-full relative" style={{ color: themeTextColor }}>
      |        ^^^
  199 |         {slide.objects.map(obj => (
  200 |           <div key={obj.id} className="absolute overflow-hidden" style={{ left: `${obj.x}%`, top: `${obj.y}%`, width: `${obj.width}%`, height: `${obj.height}%`, zIndex: obj.zIndex, transform: obj.rotation ? `rotate(${obj.rotation}deg)` : undefined }}>
  201 |             {obj.type === "textbox" && (

Unexpected token `div`. Expected jsx identifier @ http://localhost:3000/_next/static/chunks/node_modules_next_dist_client_523921._.js:989
[ 2555612ms] [LOG] [Fast Refresh] rebuilding @ http://localhost:3000/_next/static/chunks/node_modules_next_dist_client_523921._.js:13661
[ 2555700ms] [ERROR] ./components/shared/SlideEditor/SlideEditor.tsx:198:8
Parsing ecmascript source code failed
  196 |   if (slide.objects && slide.objects.length > 0) {
  197 |     return (
> 198 |       <div className="w-full h-full relative" style={{ color: themeTextColor }}>
      |        ^^^
  199 |         {slide.objects.map(obj => (
  200 |           <div key={obj.id} className="absolute overflow-hidden" style={{ left: `${obj.x}%`, top: `${obj.y}%`, width: `${obj.width}%`, height: `${obj.height}%`, zIndex: obj.zIndex, transform: obj.rotation ? `rotate(${obj.rotation}deg)` : undefined }}>
  201 |             {obj.type === "textbox" && (

Unexpected token `div`. Expected jsx identifier @ http://localhost:3000/_next/static/chunks/node_modules_next_dist_client_523921._.js:989
[ 2555705ms] [LOG] [Fast Refresh] rebuilding @ http://localhost:3000/_next/static/chunks/node_modules_next_dist_client_523921._.js:13661
[ 2555791ms] [ERROR] ./components/shared/SlideEditor/SlideEditor.tsx:198:8
Parsing ecmascript source code failed
  196 |   if (slide.objects && slide.objects.length > 0) {
  197 |     return (
> 198 |       <div className="w-full h-full relative" style={{ color: themeTextColor }}>
      |        ^^^
  199 |         {slide.objects.map(obj => (
  200 |           <div key={obj.id} className="absolute overflow-hidden" style={{ left: `${obj.x}%`, top: `${obj.y}%`, width: `${obj.width}%`, height: `${obj.height}%`, zIndex: obj.zIndex, transform: obj.rotation ? `rotate(${obj.rotation}deg)` : undefined }}>
  201 |             {obj.type === "textbox" && (

Unexpected token `div`. Expected jsx identifier @ http://localhost:3000/_next/static/chunks/node_modules_next_dist_client_523921._.js:989
[ 2555799ms] [LOG] [Fast Refresh] rebuilding @ http://localhost:3000/_next/static/chunks/node_modules_next_dist_client_523921._.js:13661
[ 2555885ms] [ERROR] ./components/shared/SlideEditor/SlideEditor.tsx:198:8
Parsing ecmascript source code failed
  196 |   if (slide.objects && slide.objects.length > 0) {
  197 |     return (
> 198 |       <div className="w-full h-full relative" style={{ color: themeTextColor }}>
      |        ^^^
  199 |         {slide.objects.map(obj => (
  200 |           <div key={obj.id} className="absolute overflow-hidden" style={{ left: `${obj.x}%`, top: `${obj.y}%`, width: `${obj.width}%`, height: `${obj.height}%`, zIndex: obj.zIndex, transform: obj.rotation ? `rotate(${obj.rotation}deg)` : undefined }}>
  201 |             {obj.type === "textbox" && (

Unexpected token `div`. Expected jsx identifier @ http://localhost:3000/_next/static/chunks/node_modules_next_dist_client_523921._.js:989
[ 2555906ms] [LOG] [Fast Refresh] rebuilding @ http://localhost:3000/_next/static/chunks/node_modules_next_dist_client_523921._.js:13661
[ 2555992ms] [ERROR] ./components/shared/SlideEditor/SlideEditor.tsx:198:8
Parsing ecmascript source code failed
  196 |   if (slide.objects && slide.objects.length > 0) {
  197 |     return (
> 198 |       <div className="w-full h-full relative" style={{ color: themeTextColor }}>
      |        ^^^
  199 |         {slide.objects.map(obj => (
  200 |           <div key={obj.id} className="absolute overflow-hidden" style={{ left: `${obj.x}%`, top: `${obj.y}%`, width: `${obj.width}%`, height: `${obj.height}%`, zIndex: obj.zIndex, transform: obj.rotation ? `rotate(${obj.rotation}deg)` : undefined }}>
  201 |             {obj.type === "textbox" && (

Unexpected token `div`. Expected jsx identifier @ http://localhost:3000/_next/static/chunks/node_modules_next_dist_client_523921._.js:989
[ 2555999ms] [LOG] [Fast Refresh] rebuilding @ http://localhost:3000/_next/static/chunks/node_modules_next_dist_client_523921._.js:13661
[ 2556085ms] [ERROR] ./components/shared/SlideEditor/SlideEditor.tsx:198:8
Parsing ecmascript source code failed
  196 |   if (slide.objects && slide.objects.length > 0) {
  197 |     return (
> 198 |       <div className="w-full h-full relative" style={{ color: themeTextColor }}>
      |        ^^^
  199 |         {slide.objects.map(obj => (
  200 |           <div key={obj.id} className="absolute overflow-hidden" style={{ left: `${obj.x}%`, top: `${obj.y}%`, width: `${obj.width}%`, height: `${obj.height}%`, zIndex: obj.zIndex, transform: obj.rotation ? `rotate(${obj.rotation}deg)` : undefined }}>
  201 |             {obj.type === "textbox" && (

Unexpected token `div`. Expected jsx identifier @ http://localhost:3000/_next/static/chunks/node_modules_next_dist_client_523921._.js:989
[ 2556091ms] [LOG] [Fast Refresh] rebuilding @ http://localhost:3000/_next/static/chunks/node_modules_next_dist_client_523921._.js:13661
[ 2556179ms] [ERROR] ./components/shared/SlideEditor/SlideEditor.tsx:198:8
Parsing ecmascript source code failed
  196 |   if (slide.objects && slide.objects.length > 0) {
  197 |     return (
> 198 |       <div className="w-full h-full relative" style={{ color: themeTextColor }}>
      |        ^^^
  199 |         {slide.objects.map(obj => (
  200 |           <div key={obj.id} className="absolute overflow-hidden" style={{ left: `${obj.x}%`, top: `${obj.y}%`, width: `${obj.width}%`, height: `${obj.height}%`, zIndex: obj.zIndex, transform: obj.rotation ? `rotate(${obj.rotation}deg)` : undefined }}>
  201 |             {obj.type === "textbox" && (

Unexpected token `div`. Expected jsx identifier @ http://localhost:3000/_next/static/chunks/node_modules_next_dist_client_523921._.js:989
[ 2556205ms] [LOG] [Fast Refresh] rebuilding @ http://localhost:3000/_next/static/chunks/node_modules_next_dist_client_523921._.js:13661
[ 2556291ms] [ERROR] ./components/shared/SlideEditor/SlideEditor.tsx:198:8
Parsing ecmascript source code failed
  196 |   if (slide.objects && slide.objects.length > 0) {
  197 |     return (
> 198 |       <div className="w-full h-full relative" style={{ color: themeTextColor }}>
      |        ^^^
  199 |         {slide.objects.map(obj => (
  200 |           <div key={obj.id} className="absolute overflow-hidden" style={{ left: `${obj.x}%`, top: `${obj.y}%`, width: `${obj.width}%`, height: `${obj.height}%`, zIndex: obj.zIndex, transform: obj.rotation ? `rotate(${obj.rotation}deg)` : undefined }}>
  201 |             {obj.type === "textbox" && (

Unexpected token `div`. Expected jsx identifier @ http://localhost:3000/_next/static/chunks/node_modules_next_dist_client_523921._.js:989
[ 2556326ms] [LOG] [Fast Refresh] rebuilding @ http://localhost:3000/_next/static/chunks/node_modules_next_dist_client_523921._.js:13661
[ 2556418ms] [ERROR] ./components/shared/SlideEditor/SlideEditor.tsx:198:8
Parsing ecmascript source code failed
  196 |   if (slide.objects && slide.objects.length > 0) {
  197 |     return (
> 198 |       <div className="w-full h-full relative" style={{ color: themeTextColor }}>
      |        ^^^
  199 |         {slide.objects.map(obj => (
  200 |           <div key={obj.id} className="absolute overflow-hidden" style={{ left: `${obj.x}%`, top: `${obj.y}%`, width: `${obj.width}%`, height: `${obj.height}%`, zIndex: obj.zIndex, transform: obj.rotation ? `rotate(${obj.rotation}deg)` : undefined }}>
  201 |             {obj.type === "textbox" && (

Unexpected token `div`. Expected jsx identifier @ http://localhost:3000/_next/static/chunks/node_modules_next_dist_client_523921._.js:989
[ 2556435ms] [LOG] [Fast Refresh] rebuilding @ http://localhost:3000/_next/static/chunks/node_modules_next_dist_client_523921._.js:13661
[ 2556521ms] [ERROR] ./components/shared/SlideEditor/SlideEditor.tsx:198:8
Parsing ecmascript source code failed
  196 |   if (slide.objects && slide.objects.length > 0) {
  197 |     return (
> 198 |       <div className="w-full h-full relative" style={{ color: themeTextColor }}>
      |        ^^^
  199 |         {slide.objects.map(obj => (
  200 |           <div key={obj.id} className="absolute overflow-hidden" style={{ left: `${obj.x}%`, top: `${obj.y}%`, width: `${obj.width}%`, height: `${obj.height}%`, zIndex: obj.zIndex, transform: obj.rotation ? `rotate(${obj.rotation}deg)` : undefined }}>
  201 |             {obj.type === "textbox" && (

Unexpected token `div`. Expected jsx identifier @ http://localhost:3000/_next/static/chunks/node_modules_next_dist_client_523921._.js:989
[ 2556528ms] [LOG] [Fast Refresh] rebuilding @ http://localhost:3000/_next/static/chunks/node_modules_next_dist_client_523921._.js:13661
[ 2556629ms] [ERROR] ./components/shared/SlideEditor/SlideEditor.tsx:198:8
Parsing ecmascript source code failed
  196 |   if (slide.objects && slide.objects.length > 0) {
  197 |     return (
> 198 |       <div className="w-full h-full relative" style={{ color: themeTextColor }}>
      |        ^^^
  199 |         {slide.objects.map(obj => (
  200 |           <div key={obj.id} className="absolute overflow-hidden" style={{ left: `${obj.x}%`, top: `${obj.y}%`, width: `${obj.width}%`, height: `${obj.height}%`, zIndex: obj.zIndex, transform: obj.rotation ? `rotate(${obj.rotation}deg)` : undefined }}>
  201 |             {obj.type === "textbox" && (

Unexpected token `div`. Expected jsx identifier @ http://localhost:3000/_next/static/chunks/node_modules_next_dist_client_523921._.js:989
[ 2556636ms] [LOG] [Fast Refresh] rebuilding @ http://localhost:3000/_next/static/chunks/node_modules_next_dist_client_523921._.js:13661
[ 2556720ms] [ERROR] ./components/shared/SlideEditor/SlideEditor.tsx:198:8
Parsing ecmascript source code failed
  196 |   if (slide.objects && slide.objects.length > 0) {
  197 |     return (
> 198 |       <div className="w-full h-full relative" style={{ color: themeTextColor }}>
      |        ^^^
  199 |         {slide.objects.map(obj => (
  200 |           <div key={obj.id} className="absolute overflow-hidden" style={{ left: `${obj.x}%`, top: `${obj.y}%`, width: `${obj.width}%`, height: `${obj.height}%`, zIndex: obj.zIndex, transform: obj.rotation ? `rotate(${obj.rotation}deg)` : undefined }}>
  201 |             {obj.type === "textbox" && (

Unexpected token `div`. Expected jsx identifier @ http://localhost:3000/_next/static/chunks/node_modules_next_dist_client_523921._.js:989
[ 2556729ms] [LOG] [Fast Refresh] rebuilding @ http://localhost:3000/_next/static/chunks/node_modules_next_dist_client_523921._.js:13661
[ 2556816ms] [ERROR] ./components/shared/SlideEditor/SlideEditor.tsx:198:8
Parsing ecmascript source code failed
  196 |   if (slide.objects && slide.objects.length > 0) {
  197 |     return (
> 198 |       <div className="w-full h-full relative" style={{ color: themeTextColor }}>
      |        ^^^
  199 |         {slide.objects.map(obj => (
  200 |           <div key={obj.id} className="absolute overflow-hidden" style={{ left: `${obj.x}%`, top: `${obj.y}%`, width: `${obj.width}%`, height: `${obj.height}%`, zIndex: obj.zIndex, transform: obj.rotation ? `rotate(${obj.rotation}deg)` : undefined }}>
  201 |             {obj.type === "textbox" && (

Unexpected token `div`. Expected jsx identifier @ http://localhost:3000/_next/static/chunks/node_modules_next_dist_client_523921._.js:989
[ 2556823ms] [LOG] [Fast Refresh] rebuilding @ http://localhost:3000/_next/static/chunks/node_modules_next_dist_client_523921._.js:13661
[ 2556910ms] [ERROR] ./components/shared/SlideEditor/SlideEditor.tsx:198:8
Parsing ecmascript source code failed
  196 |   if (slide.objects && slide.objects.length > 0) {
  197 |     return (
> 198 |       <div className="w-full h-full relative" style={{ color: themeTextColor }}>
      |        ^^^
  199 |         {slide.objects.map(obj => (
  200 |           <div key={obj.id} className="absolute overflow-hidden" style={{ left: `${obj.x}%`, top: `${obj.y}%`, width: `${obj.width}%`, height: `${obj.height}%`, zIndex: obj.zIndex, transform: obj.rotation ? `rotate(${obj.rotation}deg)` : undefined }}>
  201 |             {obj.type === "textbox" && (

Unexpected token `div`. Expected jsx identifier @ http://localhost:3000/_next/static/chunks/node_modules_next_dist_client_523921._.js:989
[ 2556916ms] [LOG] [Fast Refresh] rebuilding @ http://localhost:3000/_next/static/chunks/node_modules_next_dist_client_523921._.js:13661
[ 2556987ms] [ERROR] ./components/shared/SlideEditor/SlideEditor.tsx:198:8
Parsing ecmascript source code failed
  196 |   if (slide.objects && slide.objects.length > 0) {
  197 |     return (
> 198 |       <div className="w-full h-full relative" style={{ color: themeTextColor }}>
      |        ^^^
  199 |         {slide.objects.map(obj => (
  200 |           <div key={obj.id} className="absolute overflow-hidden" style={{ left: `${obj.x}%`, top: `${obj.y}%`, width: `${obj.width}%`, height: `${obj.height}%`, zIndex: obj.zIndex, transform: obj.rotation ? `rotate(${obj.rotation}deg)` : undefined }}>
  201 |             {obj.type === "textbox" && (

Unexpected token `div`. Expected jsx identifier @ http://localhost:3000/_next/static/chunks/node_modules_next_dist_client_523921._.js:989
[ 2556994ms] [LOG] [Fast Refresh] rebuilding @ http://localhost:3000/_next/static/chunks/node_modules_next_dist_client_523921._.js:13661
[ 2557080ms] [ERROR] ./components/shared/SlideEditor/SlideEditor.tsx:198:8
Parsing ecmascript source code failed
  196 |   if (slide.objects && slide.objects.length > 0) {
  197 |     return (
> 198 |       <div className="w-full h-full relative" style={{ color: themeTextColor }}>
      |        ^^^
  199 |         {slide.objects.map(obj => (
  200 |           <div key={obj.id} className="absolute overflow-hidden" style={{ left: `${obj.x}%`, top: `${obj.y}%`, width: `${obj.width}%`, height: `${obj.height}%`, zIndex: obj.zIndex, transform: obj.rotation ? `rotate(${obj.rotation}deg)` : undefined }}>
  201 |             {obj.type === "textbox" && (

Unexpected token `div`. Expected jsx identifier @ http://localhost:3000/_next/static/chunks/node_modules_next_dist_client_523921._.js:989
[ 2557088ms] [LOG] [Fast Refresh] rebuilding @ http://localhost:3000/_next/static/chunks/node_modules_next_dist_client_523921._.js:13661
[ 2557160ms] [ERROR] ./components/shared/SlideEditor/SlideEditor.tsx:198:8
Parsing ecmascript source code failed
  196 |   if (slide.objects && slide.objects.length > 0) {
  197 |     return (
> 198 |       <div className="w-full h-full relative" style={{ color: themeTextColor }}>
      |        ^^^
  199 |         {slide.objects.map(obj => (
  200 |           <div key={obj.id} className="absolute overflow-hidden" style={{ left: `${obj.x}%`, top: `${obj.y}%`, width: `${obj.width}%`, height: `${obj.height}%`, zIndex: obj.zIndex, transform: obj.rotation ? `rotate(${obj.rotation}deg)` : undefined }}>
  201 |             {obj.type === "textbox" && (

Unexpected token `div`. Expected jsx identifier @ http://localhost:3000/_next/static/chunks/node_modules_next_dist_client_523921._.js:989
[ 2557167ms] [LOG] [Fast Refresh] rebuilding @ http://localhost:3000/_next/static/chunks/node_modules_next_dist_client_523921._.js:13661
[ 2557254ms] [ERROR] ./components/shared/SlideEditor/SlideEditor.tsx:198:8
Parsing ecmascript source code failed
  196 |   if (slide.objects && slide.objects.length > 0) {
  197 |     return (
> 198 |       <div className="w-full h-full relative" style={{ color: themeTextColor }}>
      |        ^^^
  199 |         {slide.objects.map(obj => (
  200 |           <div key={obj.id} className="absolute overflow-hidden" style={{ left: `${obj.x}%`, top: `${obj.y}%`, width: `${obj.width}%`, height: `${obj.height}%`, zIndex: obj.zIndex, transform: obj.rotation ? `rotate(${obj.rotation}deg)` : undefined }}>
  201 |             {obj.type === "textbox" && (

Unexpected token `div`. Expected jsx identifier @ http://localhost:3000/_next/static/chunks/node_modules_next_dist_client_523921._.js:989
[ 2557292ms] [LOG] [Fast Refresh] rebuilding @ http://localhost:3000/_next/static/chunks/node_modules_next_dist_client_523921._.js:13661
[ 2557382ms] [ERROR] ./components/shared/SlideEditor/SlideEditor.tsx:198:8
Parsing ecmascript source code failed
  196 |   if (slide.objects && slide.objects.length > 0) {
  197 |     return (
> 198 |       <div className="w-full h-full relative" style={{ color: themeTextColor }}>
      |        ^^^
  199 |         {slide.objects.map(obj => (
  200 |           <div key={obj.id} className="absolute overflow-hidden" style={{ left: `${obj.x}%`, top: `${obj.y}%`, width: `${obj.width}%`, height: `${obj.height}%`, zIndex: obj.zIndex, transform: obj.rotation ? `rotate(${obj.rotation}deg)` : undefined }}>
  201 |             {obj.type === "textbox" && (

Unexpected token `div`. Expected jsx identifier @ http://localhost:3000/_next/static/chunks/node_modules_next_dist_client_523921._.js:989
[ 2557400ms] [LOG] [Fast Refresh] rebuilding @ http://localhost:3000/_next/static/chunks/node_modules_next_dist_client_523921._.js:13661
[ 2557483ms] [ERROR] ./components/shared/SlideEditor/SlideEditor.tsx:198:8
Parsing ecmascript source code failed
  196 |   if (slide.objects && slide.objects.length > 0) {
  197 |     return (
> 198 |       <div className="w-full h-full relative" style={{ color: themeTextColor }}>
      |        ^^^
  199 |         {slide.objects.map(obj => (
  200 |           <div key={obj.id} className="absolute overflow-hidden" style={{ left: `${obj.x}%`, top: `${obj.y}%`, width: `${obj.width}%`, height: `${obj.height}%`, zIndex: obj.zIndex, transform: obj.rotation ? `rotate(${obj.rotation}deg)` : undefined }}>
  201 |             {obj.type === "textbox" && (

Unexpected token `div`. Expected jsx identifier @ http://localhost:3000/_next/static/chunks/node_modules_next_dist_client_523921._.js:989
[ 2557492ms] [LOG] [Fast Refresh] rebuilding @ http://localhost:3000/_next/static/chunks/node_modules_next_dist_client_523921._.js:13661
[ 2557593ms] [ERROR] ./components/shared/SlideEditor/SlideEditor.tsx:198:8
Parsing ecmascript source code failed
  196 |   if (slide.objects && slide.objects.length > 0) {
  197 |     return (
> 198 |       <div className="w-full h-full relative" style={{ color: themeTextColor }}>
      |        ^^^
  199 |         {slide.objects.map(obj => (
  200 |           <div key={obj.id} className="absolute overflow-hidden" style={{ left: `${obj.x}%`, top: `${obj.y}%`, width: `${obj.width}%`, height: `${obj.height}%`, zIndex: obj.zIndex, transform: obj.rotation ? `rotate(${obj.rotation}deg)` : undefined }}>
  201 |             {obj.type === "textbox" && (

Unexpected token `div`. Expected jsx identifier @ http://localhost:3000/_next/static/chunks/node_modules_next_dist_client_523921._.js:989
[ 2557602ms] [LOG] [Fast Refresh] rebuilding @ http://localhost:3000/_next/static/chunks/node_modules_next_dist_client_523921._.js:13661
[ 2557689ms] [ERROR] ./components/shared/SlideEditor/SlideEditor.tsx:198:8
Parsing ecmascript source code failed
  196 |   if (slide.objects && slide.objects.length > 0) {
  197 |     return (
> 198 |       <div className="w-full h-full relative" style={{ color: themeTextColor }}>
      |        ^^^
  199 |         {slide.objects.map(obj => (
  200 |           <div key={obj.id} className="absolute overflow-hidden" style={{ left: `${obj.x}%`, top: `${obj.y}%`, width: `${obj.width}%`, height: `${obj.height}%`, zIndex: obj.zIndex, transform: obj.rotation ? `rotate(${obj.rotation}deg)` : undefined }}>
  201 |             {obj.type === "textbox" && (

Unexpected token `div`. Expected jsx identifier @ http://localhost:3000/_next/static/chunks/node_modules_next_dist_client_523921._.js:989
[ 2557696ms] [LOG] [Fast Refresh] rebuilding @ http://localhost:3000/_next/static/chunks/node_modules_next_dist_client_523921._.js:13661
[ 2557780ms] [ERROR] ./components/shared/SlideEditor/SlideEditor.tsx:198:8
Parsing ecmascript source code failed
  196 |   if (slide.objects && slide.objects.length > 0) {
  197 |     return (
> 198 |       <div className="w-full h-full relative" style={{ color: themeTextColor }}>
      |        ^^^
  199 |         {slide.objects.map(obj => (
  200 |           <div key={obj.id} className="absolute overflow-hidden" style={{ left: `${obj.x}%`, top: `${obj.y}%`, width: `${obj.width}%`, height: `${obj.height}%`, zIndex: obj.zIndex, transform: obj.rotation ? `rotate(${obj.rotation}deg)` : undefined }}>
  201 |             {obj.type === "textbox" && (

Unexpected token `div`. Expected jsx identifier @ http://localhost:3000/_next/static/chunks/node_modules_next_dist_client_523921._.js:989
[ 2557789ms] [LOG] [Fast Refresh] rebuilding @ http://localhost:3000/_next/static/chunks/node_modules_next_dist_client_523921._.js:13661
[ 2557874ms] [ERROR] ./components/shared/SlideEditor/SlideEditor.tsx:198:8
Parsing ecmascript source code failed
  196 |   if (slide.objects && slide.objects.length > 0) {
  197 |     return (
> 198 |       <div className="w-full h-full relative" style={{ color: themeTextColor }}>
      |        ^^^
  199 |         {slide.objects.map(obj => (
  200 |           <div key={obj.id} className="absolute overflow-hidden" style={{ left: `${obj.x}%`, top: `${obj.y}%`, width: `${obj.width}%`, height: `${obj.height}%`, zIndex: obj.zIndex, transform: obj.rotation ? `rotate(${obj.rotation}deg)` : undefined }}>
  201 |             {obj.type === "textbox" && (

Unexpected token `div`. Expected jsx identifier @ http://localhost:3000/_next/static/chunks/node_modules_next_dist_client_523921._.js:989
[ 2557882ms] [LOG] [Fast Refresh] rebuilding @ http://localhost:3000/_next/static/chunks/node_modules_next_dist_client_523921._.js:13661
[ 2557968ms] [ERROR] ./components/shared/SlideEditor/SlideEditor.tsx:198:8
Parsing ecmascript source code failed
  196 |   if (slide.objects && slide.objects.length > 0) {
  197 |     return (
> 198 |       <div className="w-full h-full relative" style={{ color: themeTextColor }}>
      |        ^^^
  199 |         {slide.objects.map(obj => (
  200 |           <div key={obj.id} className="absolute overflow-hidden" style={{ left: `${obj.x}%`, top: `${obj.y}%`, width: `${obj.width}%`, height: `${obj.height}%`, zIndex: obj.zIndex, transform: obj.rotation ? `rotate(${obj.rotation}deg)` : undefined }}>
  201 |             {obj.type === "textbox" && (

Unexpected token `div`. Expected jsx identifier @ http://localhost:3000/_next/static/chunks/node_modules_next_dist_client_523921._.js:989
[ 2558006ms] [LOG] [Fast Refresh] rebuilding @ http://localhost:3000/_next/static/chunks/node_modules_next_dist_client_523921._.js:13661
[ 2558095ms] [ERROR] ./components/shared/SlideEditor/SlideEditor.tsx:198:8
Parsing ecmascript source code failed
  196 |   if (slide.objects && slide.objects.length > 0) {
  197 |     return (
> 198 |       <div className="w-full h-full relative" style={{ color: themeTextColor }}>
      |        ^^^
  199 |         {slide.objects.map(obj => (
  200 |           <div key={obj.id} className="absolute overflow-hidden" style={{ left: `${obj.x}%`, top: `${obj.y}%`, width: `${obj.width}%`, height: `${obj.height}%`, zIndex: obj.zIndex, transform: obj.rotation ? `rotate(${obj.rotation}deg)` : undefined }}>
  201 |             {obj.type === "textbox" && (

Unexpected token `div`. Expected jsx identifier @ http://localhost:3000/_next/static/chunks/node_modules_next_dist_client_523921._.js:989
[ 2558102ms] [LOG] [Fast Refresh] rebuilding @ http://localhost:3000/_next/static/chunks/node_modules_next_dist_client_523921._.js:13661
[ 2558183ms] [ERROR] ./components/shared/SlideEditor/SlideEditor.tsx:198:8
Parsing ecmascript source code failed
  196 |   if (slide.objects && slide.objects.length > 0) {
  197 |     return (
> 198 |       <div className="w-full h-full relative" style={{ color: themeTextColor }}>
      |        ^^^
  199 |         {slide.objects.map(obj => (
  200 |           <div key={obj.id} className="absolute overflow-hidden" style={{ left: `${obj.x}%`, top: `${obj.y}%`, width: `${obj.width}%`, height: `${obj.height}%`, zIndex: obj.zIndex, transform: obj.rotation ? `rotate(${obj.rotation}deg)` : undefined }}>
  201 |             {obj.type === "textbox" && (

Unexpected token `div`. Expected jsx identifier @ http://localhost:3000/_next/static/chunks/node_modules_next_dist_client_523921._.js:989
[ 2558194ms] [LOG] [Fast Refresh] rebuilding @ http://localhost:3000/_next/static/chunks/node_modules_next_dist_client_523921._.js:13661
[ 2558266ms] [ERROR] ./components/shared/SlideEditor/SlideEditor.tsx:198:8
Parsing ecmascript source code failed
  196 |   if (slide.objects && slide.objects.length > 0) {
  197 |     return (
> 198 |       <div className="w-full h-full relative" style={{ color: themeTextColor }}>
      |        ^^^
  199 |         {slide.objects.map(obj => (
  200 |           <div key={obj.id} className="absolute overflow-hidden" style={{ left: `${obj.x}%`, top: `${obj.y}%`, width: `${obj.width}%`, height: `${obj.height}%`, zIndex: obj.zIndex, transform: obj.rotation ? `rotate(${obj.rotation}deg)` : undefined }}>
  201 |             {obj.type === "textbox" && (

Unexpected token `div`. Expected jsx identifier @ http://localhost:3000/_next/static/chunks/node_modules_next_dist_client_523921._.js:989
[ 2558271ms] [LOG] [Fast Refresh] rebuilding @ http://localhost:3000/_next/static/chunks/node_modules_next_dist_client_523921._.js:13661
[ 2558358ms] [ERROR] ./components/shared/SlideEditor/SlideEditor.tsx:198:8
Parsing ecmascript source code failed
  196 |   if (slide.objects && slide.objects.length > 0) {
  197 |     return (
> 198 |       <div className="w-full h-full relative" style={{ color: themeTextColor }}>
      |        ^^^
  199 |         {slide.objects.map(obj => (
  200 |           <div key={obj.id} className="absolute overflow-hidden" style={{ left: `${obj.x}%`, top: `${obj.y}%`, width: `${obj.width}%`, height: `${obj.height}%`, zIndex: obj.zIndex, transform: obj.rotation ? `rotate(${obj.rotation}deg)` : undefined }}>
  201 |             {obj.type === "textbox" && (

Unexpected token `div`. Expected jsx identifier @ http://localhost:3000/_next/static/chunks/node_modules_next_dist_client_523921._.js:989
[ 2558366ms] [LOG] [Fast Refresh] rebuilding @ http://localhost:3000/_next/static/chunks/node_modules_next_dist_client_523921._.js:13661
[ 2558452ms] [ERROR] ./components/shared/SlideEditor/SlideEditor.tsx:198:8
Parsing ecmascript source code failed
  196 |   if (slide.objects && slide.objects.length > 0) {
  197 |     return (
> 198 |       <div className="w-full h-full relative" style={{ color: themeTextColor }}>
      |        ^^^
  199 |         {slide.objects.map(obj => (
  200 |           <div key={obj.id} className="absolute overflow-hidden" style={{ left: `${obj.x}%`, top: `${obj.y}%`, width: `${obj.width}%`, height: `${obj.height}%`, zIndex: obj.zIndex, transform: obj.rotation ? `rotate(${obj.rotation}deg)` : undefined }}>
  201 |             {obj.type === "textbox" && (

Unexpected token `div`. Expected jsx identifier @ http://localhost:3000/_next/static/chunks/node_modules_next_dist_client_523921._.js:989
[ 2558459ms] [LOG] [Fast Refresh] rebuilding @ http://localhost:3000/_next/static/chunks/node_modules_next_dist_client_523921._.js:13661
[ 2558543ms] [ERROR] ./components/shared/SlideEditor/SlideEditor.tsx:198:8
Parsing ecmascript source code failed
  196 |   if (slide.objects && slide.objects.length > 0) {
  197 |     return (
> 198 |       <div className="w-full h-full relative" style={{ color: themeTextColor }}>
      |        ^^^
  199 |         {slide.objects.map(obj => (
  200 |           <div key={obj.id} className="absolute overflow-hidden" style={{ left: `${obj.x}%`, top: `${obj.y}%`, width: `${obj.width}%`, height: `${obj.height}%`, zIndex: obj.zIndex, transform: obj.rotation ? `rotate(${obj.rotation}deg)` : undefined }}>
  201 |             {obj.type === "textbox" && (

Unexpected token `div`. Expected jsx identifier @ http://localhost:3000/_next/static/chunks/node_modules_next_dist_client_523921._.js:989
[ 2558550ms] [LOG] [Fast Refresh] rebuilding @ http://localhost:3000/_next/static/chunks/node_modules_next_dist_client_523921._.js:13661
[ 2558636ms] [ERROR] ./components/shared/SlideEditor/SlideEditor.tsx:198:8
Parsing ecmascript source code failed
  196 |   if (slide.objects && slide.objects.length > 0) {
  197 |     return (
> 198 |       <div className="w-full h-full relative" style={{ color: themeTextColor }}>
      |        ^^^
  199 |         {slide.objects.map(obj => (
  200 |           <div key={obj.id} className="absolute overflow-hidden" style={{ left: `${obj.x}%`, top: `${obj.y}%`, width: `${obj.width}%`, height: `${obj.height}%`, zIndex: obj.zIndex, transform: obj.rotation ? `rotate(${obj.rotation}deg)` : undefined }}>
  201 |             {obj.type === "textbox" && (

Unexpected token `div`. Expected jsx identifier @ http://localhost:3000/_next/static/chunks/node_modules_next_dist_client_523921._.js:989
[ 2558643ms] [LOG] [Fast Refresh] rebuilding @ http://localhost:3000/_next/static/chunks/node_modules_next_dist_client_523921._.js:13661
[ 2558699ms] [ERROR] ./components/shared/SlideEditor/SlideEditor.tsx:198:8
Parsing ecmascript source code failed
  196 |   if (slide.objects && slide.objects.length > 0) {
  197 |     return (
> 198 |       <div className="w-full h-full relative" style={{ color: themeTextColor }}>
      |        ^^^
  199 |         {slide.objects.map(obj => (
  200 |           <div key={obj.id} className="absolute overflow-hidden" style={{ left: `${obj.x}%`, top: `${obj.y}%`, width: `${obj.width}%`, height: `${obj.height}%`, zIndex: obj.zIndex, transform: obj.rotation ? `rotate(${obj.rotation}deg)` : undefined }}>
  201 |             {obj.type === "textbox" && (

Unexpected token `div`. Expected jsx identifier @ http://localhost:3000/_next/static/chunks/node_modules_next_dist_client_523921._.js:989
[ 2558699ms] [LOG] [Fast Refresh] rebuilding @ http://localhost:3000/_next/static/chunks/node_modules_next_dist_client_523921._.js:13661
[ 2558775ms] [ERROR] ./components/shared/SlideEditor/SlideEditor.tsx:198:8
Parsing ecmascript source code failed
  196 |   if (slide.objects && slide.objects.length > 0) {
  197 |     return (
> 198 |       <div className="w-full h-full relative" style={{ color: themeTextColor }}>
      |        ^^^
  199 |         {slide.objects.map(obj => (
  200 |           <div key={obj.id} className="absolute overflow-hidden" style={{ left: `${obj.x}%`, top: `${obj.y}%`, width: `${obj.width}%`, height: `${obj.height}%`, zIndex: obj.zIndex, transform: obj.rotation ? `rotate(${obj.rotation}deg)` : undefined }}>
  201 |             {obj.type === "textbox" && (

Unexpected token `div`. Expected jsx identifier @ http://localhost:3000/_next/static/chunks/node_modules_next_dist_client_523921._.js:989
[ 2558782ms] [LOG] [Fast Refresh] rebuilding @ http://localhost:3000/_next/static/chunks/node_modules_next_dist_client_523921._.js:13661
[ 2558868ms] [ERROR] ./components/shared/SlideEditor/SlideEditor.tsx:198:8
Parsing ecmascript source code failed
  196 |   if (slide.objects && slide.objects.length > 0) {
  197 |     return (
> 198 |       <div className="w-full h-full relative" style={{ color: themeTextColor }}>
      |        ^^^
  199 |         {slide.objects.map(obj => (
  200 |           <div key={obj.id} className="absolute overflow-hidden" style={{ left: `${obj.x}%`, top: `${obj.y}%`, width: `${obj.width}%`, height: `${obj.height}%`, zIndex: obj.zIndex, transform: obj.rotation ? `rotate(${obj.rotation}deg)` : undefined }}>
  201 |             {obj.type === "textbox" && (

Unexpected token `div`. Expected jsx identifier @ http://localhost:3000/_next/static/chunks/node_modules_next_dist_client_523921._.js:989
[ 2558874ms] [LOG] [Fast Refresh] rebuilding @ http://localhost:3000/_next/static/chunks/node_modules_next_dist_client_523921._.js:13661
[ 2558959ms] [ERROR] ./components/shared/SlideEditor/SlideEditor.tsx:198:8
Parsing ecmascript source code failed
  196 |   if (slide.objects && slide.objects.length > 0) {
  197 |     return (
> 198 |       <div className="w-full h-full relative" style={{ color: themeTextColor }}>
      |        ^^^
  199 |         {slide.objects.map(obj => (
  200 |           <div key={obj.id} className="absolute overflow-hidden" style={{ left: `${obj.x}%`, top: `${obj.y}%`, width: `${obj.width}%`, height: `${obj.height}%`, zIndex: obj.zIndex, transform: obj.rotation ? `rotate(${obj.rotation}deg)` : undefined }}>
  201 |             {obj.type === "textbox" && (

Unexpected token `div`. Expected jsx identifier @ http://localhost:3000/_next/static/chunks/node_modules_next_dist_client_523921._.js:989
[ 2558965ms] [LOG] [Fast Refresh] rebuilding @ http://localhost:3000/_next/static/chunks/node_modules_next_dist_client_523921._.js:13661
[ 2559053ms] [ERROR] ./components/shared/SlideEditor/SlideEditor.tsx:198:8
Parsing ecmascript source code failed
  196 |   if (slide.objects && slide.objects.length > 0) {
  197 |     return (
> 198 |       <div className="w-full h-full relative" style={{ color: themeTextColor }}>
      |        ^^^
  199 |         {slide.objects.map(obj => (
  200 |           <div key={obj.id} className="absolute overflow-hidden" style={{ left: `${obj.x}%`, top: `${obj.y}%`, width: `${obj.width}%`, height: `${obj.height}%`, zIndex: obj.zIndex, transform: obj.rotation ? `rotate(${obj.rotation}deg)` : undefined }}>
  201 |             {obj.type === "textbox" && (

Unexpected token `div`. Expected jsx identifier @ http://localhost:3000/_next/static/chunks/node_modules_next_dist_client_523921._.js:989
[ 2559060ms] [LOG] [Fast Refresh] rebuilding @ http://localhost:3000/_next/static/chunks/node_modules_next_dist_client_523921._.js:13661
[ 2559146ms] [ERROR] ./components/shared/SlideEditor/SlideEditor.tsx:198:8
Parsing ecmascript source code failed
  196 |   if (slide.objects && slide.objects.length > 0) {
  197 |     return (
> 198 |       <div className="w-full h-full relative" style={{ color: themeTextColor }}>
      |        ^^^
  199 |         {slide.objects.map(obj => (
  200 |           <div key={obj.id} className="absolute overflow-hidden" style={{ left: `${obj.x}%`, top: `${obj.y}%`, width: `${obj.width}%`, height: `${obj.height}%`, zIndex: obj.zIndex, transform: obj.rotation ? `rotate(${obj.rotation}deg)` : undefined }}>
  201 |             {obj.type === "textbox" && (

Unexpected token `div`. Expected jsx identifier @ http://localhost:3000/_next/static/chunks/node_modules_next_dist_client_523921._.js:989
[ 2559152ms] [LOG] [Fast Refresh] rebuilding @ http://localhost:3000/_next/static/chunks/node_modules_next_dist_client_523921._.js:13661
[ 2559237ms] [ERROR] ./components/shared/SlideEditor/SlideEditor.tsx:198:8
Parsing ecmascript source code failed
  196 |   if (slide.objects && slide.objects.length > 0) {
  197 |     return (
> 198 |       <div className="w-full h-full relative" style={{ color: themeTextColor }}>
      |        ^^^
  199 |         {slide.objects.map(obj => (
  200 |           <div key={obj.id} className="absolute overflow-hidden" style={{ left: `${obj.x}%`, top: `${obj.y}%`, width: `${obj.width}%`, height: `${obj.height}%`, zIndex: obj.zIndex, transform: obj.rotation ? `rotate(${obj.rotation}deg)` : undefined }}>
  201 |             {obj.type === "textbox" && (

Unexpected token `div`. Expected jsx identifier @ http://localhost:3000/_next/static/chunks/node_modules_next_dist_client_523921._.js:989
[ 2559245ms] [LOG] [Fast Refresh] rebuilding @ http://localhost:3000/_next/static/chunks/node_modules_next_dist_client_523921._.js:13661
[ 2559331ms] [ERROR] ./components/shared/SlideEditor/SlideEditor.tsx:198:8
Parsing ecmascript source code failed
  196 |   if (slide.objects && slide.objects.length > 0) {
  197 |     return (
> 198 |       <div className="w-full h-full relative" style={{ color: themeTextColor }}>
      |        ^^^
  199 |         {slide.objects.map(obj => (
  200 |           <div key={obj.id} className="absolute overflow-hidden" style={{ left: `${obj.x}%`, top: `${obj.y}%`, width: `${obj.width}%`, height: `${obj.height}%`, zIndex: obj.zIndex, transform: obj.rotation ? `rotate(${obj.rotation}deg)` : undefined }}>
  201 |             {obj.type === "textbox" && (

Unexpected token `div`. Expected jsx identifier @ http://localhost:3000/_next/static/chunks/node_modules_next_dist_client_523921._.js:989
[ 2559354ms] [LOG] [Fast Refresh] rebuilding @ http://localhost:3000/_next/static/chunks/node_modules_next_dist_client_523921._.js:13661
[ 2559438ms] [ERROR] ./components/shared/SlideEditor/SlideEditor.tsx:198:8
Parsing ecmascript source code failed
  196 |   if (slide.objects && slide.objects.length > 0) {
  197 |     return (
> 198 |       <div className="w-full h-full relative" style={{ color: themeTextColor }}>
      |        ^^^
  199 |         {slide.objects.map(obj => (
  200 |           <div key={obj.id} className="absolute overflow-hidden" style={{ left: `${obj.x}%`, top: `${obj.y}%`, width: `${obj.width}%`, height: `${obj.height}%`, zIndex: obj.zIndex, transform: obj.rotation ? `rotate(${obj.rotation}deg)` : undefined }}>
  201 |             {obj.type === "textbox" && (

Unexpected token `div`. Expected jsx identifier @ http://localhost:3000/_next/static/chunks/node_modules_next_dist_client_523921._.js:989
[ 2559446ms] [LOG] [Fast Refresh] rebuilding @ http://localhost:3000/_next/static/chunks/node_modules_next_dist_client_523921._.js:13661
[ 2559534ms] [ERROR] ./components/shared/SlideEditor/SlideEditor.tsx:198:8
Parsing ecmascript source code failed
  196 |   if (slide.objects && slide.objects.length > 0) {
  197 |     return (
> 198 |       <div className="w-full h-full relative" style={{ color: themeTextColor }}>
      |        ^^^
  199 |         {slide.objects.map(obj => (
  200 |           <div key={obj.id} className="absolute overflow-hidden" style={{ left: `${obj.x}%`, top: `${obj.y}%`, width: `${obj.width}%`, height: `${obj.height}%`, zIndex: obj.zIndex, transform: obj.rotation ? `rotate(${obj.rotation}deg)` : undefined }}>
  201 |             {obj.type === "textbox" && (

Unexpected token `div`. Expected jsx identifier @ http://localhost:3000/_next/static/chunks/node_modules_next_dist_client_523921._.js:989
[ 2559539ms] [LOG] [Fast Refresh] rebuilding @ http://localhost:3000/_next/static/chunks/node_modules_next_dist_client_523921._.js:13661
[ 2559610ms] [ERROR] ./components/shared/SlideEditor/SlideEditor.tsx:198:8
Parsing ecmascript source code failed
  196 |   if (slide.objects && slide.objects.length > 0) {
  197 |     return (
> 198 |       <div className="w-full h-full relative" style={{ color: themeTextColor }}>
      |        ^^^
  199 |         {slide.objects.map(obj => (
  200 |           <div key={obj.id} className="absolute overflow-hidden" style={{ left: `${obj.x}%`, top: `${obj.y}%`, width: `${obj.width}%`, height: `${obj.height}%`, zIndex: obj.zIndex, transform: obj.rotation ? `rotate(${obj.rotation}deg)` : undefined }}>
  201 |             {obj.type === "textbox" && (

Unexpected token `div`. Expected jsx identifier @ http://localhost:3000/_next/static/chunks/node_modules_next_dist_client_523921._.js:989
[ 2559617ms] [LOG] [Fast Refresh] rebuilding @ http://localhost:3000/_next/static/chunks/node_modules_next_dist_client_523921._.js:13661
[ 2559701ms] [ERROR] ./components/shared/SlideEditor/SlideEditor.tsx:198:8
Parsing ecmascript source code failed
  196 |   if (slide.objects && slide.objects.length > 0) {
  197 |     return (
> 198 |       <div className="w-full h-full relative" style={{ color: themeTextColor }}>
      |        ^^^
  199 |         {slide.objects.map(obj => (
  200 |           <div key={obj.id} className="absolute overflow-hidden" style={{ left: `${obj.x}%`, top: `${obj.y}%`, width: `${obj.width}%`, height: `${obj.height}%`, zIndex: obj.zIndex, transform: obj.rotation ? `rotate(${obj.rotation}deg)` : undefined }}>
  201 |             {obj.type === "textbox" && (

Unexpected token `div`. Expected jsx identifier @ http://localhost:3000/_next/static/chunks/node_modules_next_dist_client_523921._.js:989
[ 2559709ms] [LOG] [Fast Refresh] rebuilding @ http://localhost:3000/_next/static/chunks/node_modules_next_dist_client_523921._.js:13661
[ 2559795ms] [ERROR] ./components/shared/SlideEditor/SlideEditor.tsx:198:8
Parsing ecmascript source code failed
  196 |   if (slide.objects && slide.objects.length > 0) {
  197 |     return (
> 198 |       <div className="w-full h-full relative" style={{ color: themeTextColor }}>
      |        ^^^
  199 |         {slide.objects.map(obj => (
  200 |           <div key={obj.id} className="absolute overflow-hidden" style={{ left: `${obj.x}%`, top: `${obj.y}%`, width: `${obj.width}%`, height: `${obj.height}%`, zIndex: obj.zIndex, transform: obj.rotation ? `rotate(${obj.rotation}deg)` : undefined }}>
  201 |             {obj.type === "textbox" && (

Unexpected token `div`. Expected jsx identifier @ http://localhost:3000/_next/static/chunks/node_modules_next_dist_client_523921._.js:989
[ 2559803ms] [LOG] [Fast Refresh] rebuilding @ http://localhost:3000/_next/static/chunks/node_modules_next_dist_client_523921._.js:13661
[ 2559887ms] [ERROR] ./components/shared/SlideEditor/SlideEditor.tsx:198:8
Parsing ecmascript source code failed
  196 |   if (slide.objects && slide.objects.length > 0) {
  197 |     return (
> 198 |       <div className="w-full h-full relative" style={{ color: themeTextColor }}>
      |        ^^^
  199 |         {slide.objects.map(obj => (
  200 |           <div key={obj.id} className="absolute overflow-hidden" style={{ left: `${obj.x}%`, top: `${obj.y}%`, width: `${obj.width}%`, height: `${obj.height}%`, zIndex: obj.zIndex, transform: obj.rotation ? `rotate(${obj.rotation}deg)` : undefined }}>
  201 |             {obj.type === "textbox" && (

Unexpected token `div`. Expected jsx identifier @ http://localhost:3000/_next/static/chunks/node_modules_next_dist_client_523921._.js:989
[ 2559896ms] [LOG] [Fast Refresh] rebuilding @ http://localhost:3000/_next/static/chunks/node_modules_next_dist_client_523921._.js:13661
[ 2559982ms] [ERROR] ./components/shared/SlideEditor/SlideEditor.tsx:198:8
Parsing ecmascript source code failed
  196 |   if (slide.objects && slide.objects.length > 0) {
  197 |     return (
> 198 |       <div className="w-full h-full relative" style={{ color: themeTextColor }}>
      |        ^^^
  199 |         {slide.objects.map(obj => (
  200 |           <div key={obj.id} className="absolute overflow-hidden" style={{ left: `${obj.x}%`, top: `${obj.y}%`, width: `${obj.width}%`, height: `${obj.height}%`, zIndex: obj.zIndex, transform: obj.rotation ? `rotate(${obj.rotation}deg)` : undefined }}>
  201 |             {obj.type === "textbox" && (

Unexpected token `div`. Expected jsx identifier @ http://localhost:3000/_next/static/chunks/node_modules_next_dist_client_523921._.js:989
[ 2559988ms] [LOG] [Fast Refresh] rebuilding @ http://localhost:3000/_next/static/chunks/node_modules_next_dist_client_523921._.js:13661
[ 2560074ms] [ERROR] ./components/shared/SlideEditor/SlideEditor.tsx:198:8
Parsing ecmascript source code failed
  196 |   if (slide.objects && slide.objects.length > 0) {
  197 |     return (
> 198 |       <div className="w-full h-full relative" style={{ color: themeTextColor }}>
      |        ^^^
  199 |         {slide.objects.map(obj => (
  200 |           <div key={obj.id} className="absolute overflow-hidden" style={{ left: `${obj.x}%`, top: `${obj.y}%`, width: `${obj.width}%`, height: `${obj.height}%`, zIndex: obj.zIndex, transform: obj.rotation ? `rotate(${obj.rotation}deg)` : undefined }}>
  201 |             {obj.type === "textbox" && (

Unexpected token `div`. Expected jsx identifier @ http://localhost:3000/_next/static/chunks/node_modules_next_dist_client_523921._.js:989
[ 2560120ms] [LOG] [Fast Refresh] rebuilding @ http://localhost:3000/_next/static/chunks/node_modules_next_dist_client_523921._.js:13661
[ 2560154ms] [ERROR] ./components/shared/SlideEditor/SlideEditor.tsx:198:8
Parsing ecmascript source code failed
  196 |   if (slide.objects && slide.objects.length > 0) {
  197 |     return (
> 198 |       <div className="w-full h-full relative" style={{ color: themeTextColor }}>
      |        ^^^
  199 |         {slide.objects.map(obj => (
  200 |           <div key={obj.id} className="absolute overflow-hidden" style={{ left: `${obj.x}%`, top: `${obj.y}%`, width: `${obj.width}%`, height: `${obj.height}%`, zIndex: obj.zIndex, transform: obj.rotation ? `rotate(${obj.rotation}deg)` : undefined }}>
  201 |             {obj.type === "textbox" && (

Unexpected token `div`. Expected jsx identifier @ http://localhost:3000/_next/static/chunks/node_modules_next_dist_client_523921._.js:989
[ 2560154ms] [LOG] [Fast Refresh] rebuilding @ http://localhost:3000/_next/static/chunks/node_modules_next_dist_client_523921._.js:13661
[ 2560197ms] [ERROR] ./components/shared/SlideEditor/SlideEditor.tsx:198:8
Parsing ecmascript source code failed
  196 |   if (slide.objects && slide.objects.length > 0) {
  197 |     return (
> 198 |       <div className="w-full h-full relative" style={{ color: themeTextColor }}>
      |        ^^^
  199 |         {slide.objects.map(obj => (
  200 |           <div key={obj.id} className="absolute overflow-hidden" style={{ left: `${obj.x}%`, top: `${obj.y}%`, width: `${obj.width}%`, height: `${obj.height}%`, zIndex: obj.zIndex, transform: obj.rotation ? `rotate(${obj.rotation}deg)` : undefined }}>
  201 |             {obj.type === "textbox" && (

Unexpected token `div`. Expected jsx identifier @ http://localhost:3000/_next/static/chunks/node_modules_next_dist_client_523921._.js:989
[ 2560197ms] [LOG] [Fast Refresh] rebuilding @ http://localhost:3000/_next/static/chunks/node_modules_next_dist_client_523921._.js:13661
[ 2560274ms] [ERROR] ./components/shared/SlideEditor/SlideEditor.tsx:198:8
Parsing ecmascript source code failed
  196 |   if (slide.objects && slide.objects.length > 0) {
  197 |     return (
> 198 |       <div className="w-full h-full relative" style={{ color: themeTextColor }}>
      |        ^^^
  199 |         {slide.objects.map(obj => (
  200 |           <div key={obj.id} className="absolute overflow-hidden" style={{ left: `${obj.x}%`, top: `${obj.y}%`, width: `${obj.width}%`, height: `${obj.height}%`, zIndex: obj.zIndex, transform: obj.rotation ? `rotate(${obj.rotation}deg)` : undefined }}>
  201 |             {obj.type === "textbox" && (

Unexpected token `div`. Expected jsx identifier @ http://localhost:3000/_next/static/chunks/node_modules_next_dist_client_523921._.js:989
[ 2560328ms] [LOG] [Fast Refresh] rebuilding @ http://localhost:3000/_next/static/chunks/node_modules_next_dist_client_523921._.js:13661
[ 2560417ms] [ERROR] ./components/shared/SlideEditor/SlideEditor.tsx:198:8
Parsing ecmascript source code failed
  196 |   if (slide.objects && slide.objects.length > 0) {
  197 |     return (
> 198 |       <div className="w-full h-full relative" style={{ color: themeTextColor }}>
      |        ^^^
  199 |         {slide.objects.map(obj => (
  200 |           <div key={obj.id} className="absolute overflow-hidden" style={{ left: `${obj.x}%`, top: `${obj.y}%`, width: `${obj.width}%`, height: `${obj.height}%`, zIndex: obj.zIndex, transform: obj.rotation ? `rotate(${obj.rotation}deg)` : undefined }}>
  201 |             {obj.type === "textbox" && (

Unexpected token `div`. Expected jsx identifier @ http://localhost:3000/_next/static/chunks/node_modules_next_dist_client_523921._.js:989
[ 2560436ms] [LOG] [Fast Refresh] rebuilding @ http://localhost:3000/_next/static/chunks/node_modules_next_dist_client_523921._.js:13661
[ 2560522ms] [ERROR] ./components/shared/SlideEditor/SlideEditor.tsx:198:8
Parsing ecmascript source code failed
  196 |   if (slide.objects && slide.objects.length > 0) {
  197 |     return (
> 198 |       <div className="w-full h-full relative" style={{ color: themeTextColor }}>
      |        ^^^
  199 |         {slide.objects.map(obj => (
  200 |           <div key={obj.id} className="absolute overflow-hidden" style={{ left: `${obj.x}%`, top: `${obj.y}%`, width: `${obj.width}%`, height: `${obj.height}%`, zIndex: obj.zIndex, transform: obj.rotation ? `rotate(${obj.rotation}deg)` : undefined }}>
  201 |             {obj.type === "textbox" && (

Unexpected token `div`. Expected jsx identifier @ http://localhost:3000/_next/static/chunks/node_modules_next_dist_client_523921._.js:989
[ 2560531ms] [LOG] [Fast Refresh] rebuilding @ http://localhost:3000/_next/static/chunks/node_modules_next_dist_client_523921._.js:13661
[ 2560615ms] [ERROR] ./components/shared/SlideEditor/SlideEditor.tsx:198:8
Parsing ecmascript source code failed
  196 |   if (slide.objects && slide.objects.length > 0) {
  197 |     return (
> 198 |       <div className="w-full h-full relative" style={{ color: themeTextColor }}>
      |        ^^^
  199 |         {slide.objects.map(obj => (
  200 |           <div key={obj.id} className="absolute overflow-hidden" style={{ left: `${obj.x}%`, top: `${obj.y}%`, width: `${obj.width}%`, height: `${obj.height}%`, zIndex: obj.zIndex, transform: obj.rotation ? `rotate(${obj.rotation}deg)` : undefined }}>
  201 |             {obj.type === "textbox" && (

Unexpected token `div`. Expected jsx identifier @ http://localhost:3000/_next/static/chunks/node_modules_next_dist_client_523921._.js:989
[ 2560624ms] [LOG] [Fast Refresh] rebuilding @ http://localhost:3000/_next/static/chunks/node_modules_next_dist_client_523921._.js:13661
[ 2560709ms] [ERROR] ./components/shared/SlideEditor/SlideEditor.tsx:198:8
Parsing ecmascript source code failed
  196 |   if (slide.objects && slide.objects.length > 0) {
  197 |     return (
> 198 |       <div className="w-full h-full relative" style={{ color: themeTextColor }}>
      |        ^^^
  199 |         {slide.objects.map(obj => (
  200 |           <div key={obj.id} className="absolute overflow-hidden" style={{ left: `${obj.x}%`, top: `${obj.y}%`, width: `${obj.width}%`, height: `${obj.height}%`, zIndex: obj.zIndex, transform: obj.rotation ? `rotate(${obj.rotation}deg)` : undefined }}>
  201 |             {obj.type === "textbox" && (

Unexpected token `div`. Expected jsx identifier @ http://localhost:3000/_next/static/chunks/node_modules_next_dist_client_523921._.js:989
[ 2560717ms] [LOG] [Fast Refresh] rebuilding @ http://localhost:3000/_next/static/chunks/node_modules_next_dist_client_523921._.js:13661
[ 2560806ms] [ERROR] ./components/shared/SlideEditor/SlideEditor.tsx:198:8
Parsing ecmascript source code failed
  196 |   if (slide.objects && slide.objects.length > 0) {
  197 |     return (
> 198 |       <div className="w-full h-full relative" style={{ color: themeTextColor }}>
      |        ^^^
  199 |         {slide.objects.map(obj => (
  200 |           <div key={obj.id} className="absolute overflow-hidden" style={{ left: `${obj.x}%`, top: `${obj.y}%`, width: `${obj.width}%`, height: `${obj.height}%`, zIndex: obj.zIndex, transform: obj.rotation ? `rotate(${obj.rotation}deg)` : undefined }}>
  201 |             {obj.type === "textbox" && (

Unexpected token `div`. Expected jsx identifier @ http://localhost:3000/_next/static/chunks/node_modules_next_dist_client_523921._.js:989
[ 2560826ms] [LOG] [Fast Refresh] rebuilding @ http://localhost:3000/_next/static/chunks/node_modules_next_dist_client_523921._.js:13661
[ 2560895ms] [ERROR] ./components/shared/SlideEditor/SlideEditor.tsx:198:8
Parsing ecmascript source code failed
  196 |   if (slide.objects && slide.objects.length > 0) {
  197 |     return (
> 198 |       <div className="w-full h-full relative" style={{ color: themeTextColor }}>
      |        ^^^
  199 |         {slide.objects.map(obj => (
  200 |           <div key={obj.id} className="absolute overflow-hidden" style={{ left: `${obj.x}%`, top: `${obj.y}%`, width: `${obj.width}%`, height: `${obj.height}%`, zIndex: obj.zIndex, transform: obj.rotation ? `rotate(${obj.rotation}deg)` : undefined }}>
  201 |             {obj.type === "textbox" && (

Unexpected token `div`. Expected jsx identifier @ http://localhost:3000/_next/static/chunks/node_modules_next_dist_client_523921._.js:989
[ 2560905ms] [LOG] [Fast Refresh] rebuilding @ http://localhost:3000/_next/static/chunks/node_modules_next_dist_client_523921._.js:13661
[ 2560993ms] [ERROR] ./components/shared/SlideEditor/SlideEditor.tsx:198:8
Parsing ecmascript source code failed
  196 |   if (slide.objects && slide.objects.length > 0) {
  197 |     return (
> 198 |       <div className="w-full h-full relative" style={{ color: themeTextColor }}>
      |        ^^^
  199 |         {slide.objects.map(obj => (
  200 |           <div key={obj.id} className="absolute overflow-hidden" style={{ left: `${obj.x}%`, top: `${obj.y}%`, width: `${obj.width}%`, height: `${obj.height}%`, zIndex: obj.zIndex, transform: obj.rotation ? `rotate(${obj.rotation}deg)` : undefined }}>
  201 |             {obj.type === "textbox" && (

Unexpected token `div`. Expected jsx identifier @ http://localhost:3000/_next/static/chunks/node_modules_next_dist_client_523921._.js:989
[ 2561012ms] [LOG] [Fast Refresh] rebuilding @ http://localhost:3000/_next/static/chunks/node_modules_next_dist_client_523921._.js:13661
[ 2561101ms] [ERROR] ./components/shared/SlideEditor/SlideEditor.tsx:198:8
Parsing ecmascript source code failed
  196 |   if (slide.objects && slide.objects.length > 0) {
  197 |     return (
> 198 |       <div className="w-full h-full relative" style={{ color: themeTextColor }}>
      |        ^^^
  199 |         {slide.objects.map(obj => (
  200 |           <div key={obj.id} className="absolute overflow-hidden" style={{ left: `${obj.x}%`, top: `${obj.y}%`, width: `${obj.width}%`, height: `${obj.height}%`, zIndex: obj.zIndex, transform: obj.rotation ? `rotate(${obj.rotation}deg)` : undefined }}>
  201 |             {obj.type === "textbox" && (

Unexpected token `div`. Expected jsx identifier @ http://localhost:3000/_next/static/chunks/node_modules_next_dist_client_523921._.js:989
[ 2561119ms] [LOG] [Fast Refresh] rebuilding @ http://localhost:3000/_next/static/chunks/node_modules_next_dist_client_523921._.js:13661
[ 2561206ms] [ERROR] ./components/shared/SlideEditor/SlideEditor.tsx:198:8
Parsing ecmascript source code failed
  196 |   if (slide.objects && slide.objects.length > 0) {
  197 |     return (
> 198 |       <div className="w-full h-full relative" style={{ color: themeTextColor }}>
      |        ^^^
  199 |         {slide.objects.map(obj => (
  200 |           <div key={obj.id} className="absolute overflow-hidden" style={{ left: `${obj.x}%`, top: `${obj.y}%`, width: `${obj.width}%`, height: `${obj.height}%`, zIndex: obj.zIndex, transform: obj.rotation ? `rotate(${obj.rotation}deg)` : undefined }}>
  201 |             {obj.type === "textbox" && (

Unexpected token `div`. Expected jsx identifier @ http://localhost:3000/_next/static/chunks/node_modules_next_dist_client_523921._.js:989
[ 2561212ms] [LOG] [Fast Refresh] rebuilding @ http://localhost:3000/_next/static/chunks/node_modules_next_dist_client_523921._.js:13661
[ 2561296ms] [ERROR] ./components/shared/SlideEditor/SlideEditor.tsx:198:8
Parsing ecmascript source code failed
  196 |   if (slide.objects && slide.objects.length > 0) {
  197 |     return (
> 198 |       <div className="w-full h-full relative" style={{ color: themeTextColor }}>
      |        ^^^
  199 |         {slide.objects.map(obj => (
  200 |           <div key={obj.id} className="absolute overflow-hidden" style={{ left: `${obj.x}%`, top: `${obj.y}%`, width: `${obj.width}%`, height: `${obj.height}%`, zIndex: obj.zIndex, transform: obj.rotation ? `rotate(${obj.rotation}deg)` : undefined }}>
  201 |             {obj.type === "textbox" && (

Unexpected token `div`. Expected jsx identifier @ http://localhost:3000/_next/static/chunks/node_modules_next_dist_client_523921._.js:989
[ 2561304ms] [LOG] [Fast Refresh] rebuilding @ http://localhost:3000/_next/static/chunks/node_modules_next_dist_client_523921._.js:13661
[ 2561391ms] [ERROR] ./components/shared/SlideEditor/SlideEditor.tsx:198:8
Parsing ecmascript source code failed
  196 |   if (slide.objects && slide.objects.length > 0) {
  197 |     return (
> 198 |       <div className="w-full h-full relative" style={{ color: themeTextColor }}>
      |        ^^^
  199 |         {slide.objects.map(obj => (
  200 |           <div key={obj.id} className="absolute overflow-hidden" style={{ left: `${obj.x}%`, top: `${obj.y}%`, width: `${obj.width}%`, height: `${obj.height}%`, zIndex: obj.zIndex, transform: obj.rotation ? `rotate(${obj.rotation}deg)` : undefined }}>
  201 |             {obj.type === "textbox" && (

Unexpected token `div`. Expected jsx identifier @ http://localhost:3000/_next/static/chunks/node_modules_next_dist_client_523921._.js:989
[ 2561398ms] [LOG] [Fast Refresh] rebuilding @ http://localhost:3000/_next/static/chunks/node_modules_next_dist_client_523921._.js:13661
[ 2561481ms] [ERROR] ./components/shared/SlideEditor/SlideEditor.tsx:198:8
Parsing ecmascript source code failed
  196 |   if (slide.objects && slide.objects.length > 0) {
  197 |     return (
> 198 |       <div className="w-full h-full relative" style={{ color: themeTextColor }}>
      |        ^^^
  199 |         {slide.objects.map(obj => (
  200 |           <div key={obj.id} className="absolute overflow-hidden" style={{ left: `${obj.x}%`, top: `${obj.y}%`, width: `${obj.width}%`, height: `${obj.height}%`, zIndex: obj.zIndex, transform: obj.rotation ? `rotate(${obj.rotation}deg)` : undefined }}>
  201 |             {obj.type === "textbox" && (

Unexpected token `div`. Expected jsx identifier @ http://localhost:3000/_next/static/chunks/node_modules_next_dist_client_523921._.js:989
[ 2561489ms] [LOG] [Fast Refresh] rebuilding @ http://localhost:3000/_next/static/chunks/node_modules_next_dist_client_523921._.js:13661
[ 2561572ms] [ERROR] ./components/shared/SlideEditor/SlideEditor.tsx:198:8
Parsing ecmascript source code failed
  196 |   if (slide.objects && slide.objects.length > 0) {
  197 |     return (
> 198 |       <div className="w-full h-full relative" style={{ color: themeTextColor }}>
      |        ^^^
  199 |         {slide.objects.map(obj => (
  200 |           <div key={obj.id} className="absolute overflow-hidden" style={{ left: `${obj.x}%`, top: `${obj.y}%`, width: `${obj.width}%`, height: `${obj.height}%`, zIndex: obj.zIndex, transform: obj.rotation ? `rotate(${obj.rotation}deg)` : undefined }}>
  201 |             {obj.type === "textbox" && (

Unexpected token `div`. Expected jsx identifier @ http://localhost:3000/_next/static/chunks/node_modules_next_dist_client_523921._.js:989
[ 2561580ms] [LOG] [Fast Refresh] rebuilding @ http://localhost:3000/_next/static/chunks/node_modules_next_dist_client_523921._.js:13661
[ 2561665ms] [ERROR] ./components/shared/SlideEditor/SlideEditor.tsx:198:8
Parsing ecmascript source code failed
  196 |   if (slide.objects && slide.objects.length > 0) {
  197 |     return (
> 198 |       <div className="w-full h-full relative" style={{ color: themeTextColor }}>
      |        ^^^
  199 |         {slide.objects.map(obj => (
  200 |           <div key={obj.id} className="absolute overflow-hidden" style={{ left: `${obj.x}%`, top: `${obj.y}%`, width: `${obj.width}%`, height: `${obj.height}%`, zIndex: obj.zIndex, transform: obj.rotation ? `rotate(${obj.rotation}deg)` : undefined }}>
  201 |             {obj.type === "textbox" && (

Unexpected token `div`. Expected jsx identifier @ http://localhost:3000/_next/static/chunks/node_modules_next_dist_client_523921._.js:989
[ 2561673ms] [LOG] [Fast Refresh] rebuilding @ http://localhost:3000/_next/static/chunks/node_modules_next_dist_client_523921._.js:13661
[ 2561758ms] [ERROR] ./components/shared/SlideEditor/SlideEditor.tsx:198:8
Parsing ecmascript source code failed
  196 |   if (slide.objects && slide.objects.length > 0) {
  197 |     return (
> 198 |       <div className="w-full h-full relative" style={{ color: themeTextColor }}>
      |        ^^^
  199 |         {slide.objects.map(obj => (
  200 |           <div key={obj.id} className="absolute overflow-hidden" style={{ left: `${obj.x}%`, top: `${obj.y}%`, width: `${obj.width}%`, height: `${obj.height}%`, zIndex: obj.zIndex, transform: obj.rotation ? `rotate(${obj.rotation}deg)` : undefined }}>
  201 |             {obj.type === "textbox" && (

Unexpected token `div`. Expected jsx identifier @ http://localhost:3000/_next/static/chunks/node_modules_next_dist_client_523921._.js:989
[ 2561766ms] [LOG] [Fast Refresh] rebuilding @ http://localhost:3000/_next/static/chunks/node_modules_next_dist_client_523921._.js:13661
[ 2561869ms] [ERROR] ./components/shared/SlideEditor/SlideEditor.tsx:198:8
Parsing ecmascript source code failed
  196 |   if (slide.objects && slide.objects.length > 0) {
  197 |     return (
> 198 |       <div className="w-full h-full relative" style={{ color: themeTextColor }}>
      |        ^^^
  199 |         {slide.objects.map(obj => (
  200 |           <div key={obj.id} className="absolute overflow-hidden" style={{ left: `${obj.x}%`, top: `${obj.y}%`, width: `${obj.width}%`, height: `${obj.height}%`, zIndex: obj.zIndex, transform: obj.rotation ? `rotate(${obj.rotation}deg)` : undefined }}>
  201 |             {obj.type === "textbox" && (

Unexpected token `div`. Expected jsx identifier @ http://localhost:3000/_next/static/chunks/node_modules_next_dist_client_523921._.js:989
[ 2561888ms] [LOG] [Fast Refresh] rebuilding @ http://localhost:3000/_next/static/chunks/node_modules_next_dist_client_523921._.js:13661
[ 2561971ms] [ERROR] ./components/shared/SlideEditor/SlideEditor.tsx:198:8
Parsing ecmascript source code failed
  196 |   if (slide.objects && slide.objects.length > 0) {
  197 |     return (
> 198 |       <div className="w-full h-full relative" style={{ color: themeTextColor }}>
      |        ^^^
  199 |         {slide.objects.map(obj => (
  200 |           <div key={obj.id} className="absolute overflow-hidden" style={{ left: `${obj.x}%`, top: `${obj.y}%`, width: `${obj.width}%`, height: `${obj.height}%`, zIndex: obj.zIndex, transform: obj.rotation ? `rotate(${obj.rotation}deg)` : undefined }}>
  201 |             {obj.type === "textbox" && (

Unexpected token `div`. Expected jsx identifier @ http://localhost:3000/_next/static/chunks/node_modules_next_dist_client_523921._.js:989
[ 2561978ms] [LOG] [Fast Refresh] rebuilding @ http://localhost:3000/_next/static/chunks/node_modules_next_dist_client_523921._.js:13661
[ 2562064ms] [ERROR] ./components/shared/SlideEditor/SlideEditor.tsx:198:8
Parsing ecmascript source code failed
  196 |   if (slide.objects && slide.objects.length > 0) {
  197 |     return (
> 198 |       <div className="w-full h-full relative" style={{ color: themeTextColor }}>
      |        ^^^
  199 |         {slide.objects.map(obj => (
  200 |           <div key={obj.id} className="absolute overflow-hidden" style={{ left: `${obj.x}%`, top: `${obj.y}%`, width: `${obj.width}%`, height: `${obj.height}%`, zIndex: obj.zIndex, transform: obj.rotation ? `rotate(${obj.rotation}deg)` : undefined }}>
  201 |             {obj.type === "textbox" && (

Unexpected token `div`. Expected jsx identifier @ http://localhost:3000/_next/static/chunks/node_modules_next_dist_client_523921._.js:989
[ 2562074ms] [LOG] [Fast Refresh] rebuilding @ http://localhost:3000/_next/static/chunks/node_modules_next_dist_client_523921._.js:13661
[ 2562170ms] [ERROR] ./components/shared/SlideEditor/SlideEditor.tsx:198:8
Parsing ecmascript source code failed
  196 |   if (slide.objects && slide.objects.length > 0) {
  197 |     return (
> 198 |       <div className="w-full h-full relative" style={{ color: themeTextColor }}>
      |        ^^^
  199 |         {slide.objects.map(obj => (
  200 |           <div key={obj.id} className="absolute overflow-hidden" style={{ left: `${obj.x}%`, top: `${obj.y}%`, width: `${obj.width}%`, height: `${obj.height}%`, zIndex: obj.zIndex, transform: obj.rotation ? `rotate(${obj.rotation}deg)` : undefined }}>
  201 |             {obj.type === "textbox" && (

Unexpected token `div`. Expected jsx identifier @ http://localhost:3000/_next/static/chunks/node_modules_next_dist_client_523921._.js:989
[ 2562179ms] [LOG] [Fast Refresh] rebuilding @ http://localhost:3000/_next/static/chunks/node_modules_next_dist_client_523921._.js:13661
[ 2562265ms] [ERROR] ./components/shared/SlideEditor/SlideEditor.tsx:198:8
Parsing ecmascript source code failed
  196 |   if (slide.objects && slide.objects.length > 0) {
  197 |     return (
> 198 |       <div className="w-full h-full relative" style={{ color: themeTextColor }}>
      |        ^^^
  199 |         {slide.objects.map(obj => (
  200 |           <div key={obj.id} className="absolute overflow-hidden" style={{ left: `${obj.x}%`, top: `${obj.y}%`, width: `${obj.width}%`, height: `${obj.height}%`, zIndex: obj.zIndex, transform: obj.rotation ? `rotate(${obj.rotation}deg)` : undefined }}>
  201 |             {obj.type === "textbox" && (

Unexpected token `div`. Expected jsx identifier @ http://localhost:3000/_next/static/chunks/node_modules_next_dist_client_523921._.js:989
[ 2562271ms] [LOG] [Fast Refresh] rebuilding @ http://localhost:3000/_next/static/chunks/node_modules_next_dist_client_523921._.js:13661
[ 2562356ms] [ERROR] ./components/shared/SlideEditor/SlideEditor.tsx:198:8
Parsing ecmascript source code failed
  196 |   if (slide.objects && slide.objects.length > 0) {
  197 |     return (
> 198 |       <div className="w-full h-full relative" style={{ color: themeTextColor }}>
      |        ^^^
  199 |         {slide.objects.map(obj => (
  200 |           <div key={obj.id} className="absolute overflow-hidden" style={{ left: `${obj.x}%`, top: `${obj.y}%`, width: `${obj.width}%`, height: `${obj.height}%`, zIndex: obj.zIndex, transform: obj.rotation ? `rotate(${obj.rotation}deg)` : undefined }}>
  201 |             {obj.type === "textbox" && (

Unexpected token `div`. Expected jsx identifier @ http://localhost:3000/_next/static/chunks/node_modules_next_dist_client_523921._.js:989
[ 2562363ms] [LOG] [Fast Refresh] rebuilding @ http://localhost:3000/_next/static/chunks/node_modules_next_dist_client_523921._.js:13661
[ 2562446ms] [ERROR] ./components/shared/SlideEditor/SlideEditor.tsx:198:8
Parsing ecmascript source code failed
  196 |   if (slide.objects && slide.objects.length > 0) {
  197 |     return (
> 198 |       <div className="w-full h-full relative" style={{ color: themeTextColor }}>
      |        ^^^
  199 |         {slide.objects.map(obj => (
  200 |           <div key={obj.id} className="absolute overflow-hidden" style={{ left: `${obj.x}%`, top: `${obj.y}%`, width: `${obj.width}%`, height: `${obj.height}%`, zIndex: obj.zIndex, transform: obj.rotation ? `rotate(${obj.rotation}deg)` : undefined }}>
  201 |             {obj.type === "textbox" && (

Unexpected token `div`. Expected jsx identifier @ http://localhost:3000/_next/static/chunks/node_modules_next_dist_client_523921._.js:989
[ 2562455ms] [LOG] [Fast Refresh] rebuilding @ http://localhost:3000/_next/static/chunks/node_modules_next_dist_client_523921._.js:13661
[ 2562539ms] [ERROR] ./components/shared/SlideEditor/SlideEditor.tsx:198:8
Parsing ecmascript source code failed
  196 |   if (slide.objects && slide.objects.length > 0) {
  197 |     return (
> 198 |       <div className="w-full h-full relative" style={{ color: themeTextColor }}>
      |        ^^^
  199 |         {slide.objects.map(obj => (
  200 |           <div key={obj.id} className="absolute overflow-hidden" style={{ left: `${obj.x}%`, top: `${obj.y}%`, width: `${obj.width}%`, height: `${obj.height}%`, zIndex: obj.zIndex, transform: obj.rotation ? `rotate(${obj.rotation}deg)` : undefined }}>
  201 |             {obj.type === "textbox" && (

Unexpected token `div`. Expected jsx identifier @ http://localhost:3000/_next/static/chunks/node_modules_next_dist_client_523921._.js:989
[ 2562547ms] [LOG] [Fast Refresh] rebuilding @ http://localhost:3000/_next/static/chunks/node_modules_next_dist_client_523921._.js:13661
[ 2562630ms] [ERROR] ./components/shared/SlideEditor/SlideEditor.tsx:198:8
Parsing ecmascript source code failed
  196 |   if (slide.objects && slide.objects.length > 0) {
  197 |     return (
> 198 |       <div className="w-full h-full relative" style={{ color: themeTextColor }}>
      |        ^^^
  199 |         {slide.objects.map(obj => (
  200 |           <div key={obj.id} className="absolute overflow-hidden" style={{ left: `${obj.x}%`, top: `${obj.y}%`, width: `${obj.width}%`, height: `${obj.height}%`, zIndex: obj.zIndex, transform: obj.rotation ? `rotate(${obj.rotation}deg)` : undefined }}>
  201 |             {obj.type === "textbox" && (

Unexpected token `div`. Expected jsx identifier @ http://localhost:3000/_next/static/chunks/node_modules_next_dist_client_523921._.js:989
[ 2562638ms] [LOG] [Fast Refresh] rebuilding @ http://localhost:3000/_next/static/chunks/node_modules_next_dist_client_523921._.js:13661
[ 2562724ms] [ERROR] ./components/shared/SlideEditor/SlideEditor.tsx:198:8
Parsing ecmascript source code failed
  196 |   if (slide.objects && slide.objects.length > 0) {
  197 |     return (
> 198 |       <div className="w-full h-full relative" style={{ color: themeTextColor }}>
      |        ^^^
  199 |         {slide.objects.map(obj => (
  200 |           <div key={obj.id} className="absolute overflow-hidden" style={{ left: `${obj.x}%`, top: `${obj.y}%`, width: `${obj.width}%`, height: `${obj.height}%`, zIndex: obj.zIndex, transform: obj.rotation ? `rotate(${obj.rotation}deg)` : undefined }}>
  201 |             {obj.type === "textbox" && (

Unexpected token `div`. Expected jsx identifier @ http://localhost:3000/_next/static/chunks/node_modules_next_dist_client_523921._.js:989
[ 2562731ms] [LOG] [Fast Refresh] rebuilding @ http://localhost:3000/_next/static/chunks/node_modules_next_dist_client_523921._.js:13661
[ 2562815ms] [ERROR] ./components/shared/SlideEditor/SlideEditor.tsx:198:8
Parsing ecmascript source code failed
  196 |   if (slide.objects && slide.objects.length > 0) {
  197 |     return (
> 198 |       <div className="w-full h-full relative" style={{ color: themeTextColor }}>
      |        ^^^
  199 |         {slide.objects.map(obj => (
  200 |           <div key={obj.id} className="absolute overflow-hidden" style={{ left: `${obj.x}%`, top: `${obj.y}%`, width: `${obj.width}%`, height: `${obj.height}%`, zIndex: obj.zIndex, transform: obj.rotation ? `rotate(${obj.rotation}deg)` : undefined }}>
  201 |             {obj.type === "textbox" && (

Unexpected token `div`. Expected jsx identifier @ http://localhost:3000/_next/static/chunks/node_modules_next_dist_client_523921._.js:989
[ 2562823ms] [LOG] [Fast Refresh] rebuilding @ http://localhost:3000/_next/static/chunks/node_modules_next_dist_client_523921._.js:13661
[ 2562895ms] [ERROR] ./components/shared/SlideEditor/SlideEditor.tsx:198:8
Parsing ecmascript source code failed
  196 |   if (slide.objects && slide.objects.length > 0) {
  197 |     return (
> 198 |       <div className="w-full h-full relative" style={{ color: themeTextColor }}>
      |        ^^^
  199 |         {slide.objects.map(obj => (
  200 |           <div key={obj.id} className="absolute overflow-hidden" style={{ left: `${obj.x}%`, top: `${obj.y}%`, width: `${obj.width}%`, height: `${obj.height}%`, zIndex: obj.zIndex, transform: obj.rotation ? `rotate(${obj.rotation}deg)` : undefined }}>
  201 |             {obj.type === "textbox" && (

Unexpected token `div`. Expected jsx identifier @ http://localhost:3000/_next/static/chunks/node_modules_next_dist_client_523921._.js:989
[ 2562901ms] [LOG] [Fast Refresh] rebuilding @ http://localhost:3000/_next/static/chunks/node_modules_next_dist_client_523921._.js:13661
[ 2562985ms] [ERROR] ./components/shared/SlideEditor/SlideEditor.tsx:198:8
Parsing ecmascript source code failed
  196 |   if (slide.objects && slide.objects.length > 0) {
  197 |     return (
> 198 |       <div className="w-full h-full relative" style={{ color: themeTextColor }}>
      |        ^^^
  199 |         {slide.objects.map(obj => (
  200 |           <div key={obj.id} className="absolute overflow-hidden" style={{ left: `${obj.x}%`, top: `${obj.y}%`, width: `${obj.width}%`, height: `${obj.height}%`, zIndex: obj.zIndex, transform: obj.rotation ? `rotate(${obj.rotation}deg)` : undefined }}>
  201 |             {obj.type === "textbox" && (

Unexpected token `div`. Expected jsx identifier @ http://localhost:3000/_next/static/chunks/node_modules_next_dist_client_523921._.js:989
[ 2562993ms] [LOG] [Fast Refresh] rebuilding @ http://localhost:3000/_next/static/chunks/node_modules_next_dist_client_523921._.js:13661
[ 2563077ms] [ERROR] ./components/shared/SlideEditor/SlideEditor.tsx:198:8
Parsing ecmascript source code failed
  196 |   if (slide.objects && slide.objects.length > 0) {
  197 |     return (
> 198 |       <div className="w-full h-full relative" style={{ color: themeTextColor }}>
      |        ^^^
  199 |         {slide.objects.map(obj => (
  200 |           <div key={obj.id} className="absolute overflow-hidden" style={{ left: `${obj.x}%`, top: `${obj.y}%`, width: `${obj.width}%`, height: `${obj.height}%`, zIndex: obj.zIndex, transform: obj.rotation ? `rotate(${obj.rotation}deg)` : undefined }}>
  201 |             {obj.type === "textbox" && (

Unexpected token `div`. Expected jsx identifier @ http://localhost:3000/_next/static/chunks/node_modules_next_dist_client_523921._.js:989
[ 2563099ms] [LOG] [Fast Refresh] rebuilding @ http://localhost:3000/_next/static/chunks/node_modules_next_dist_client_523921._.js:13661
[ 2563184ms] [ERROR] ./components/shared/SlideEditor/SlideEditor.tsx:198:8
Parsing ecmascript source code failed
  196 |   if (slide.objects && slide.objects.length > 0) {
  197 |     return (
> 198 |       <div className="w-full h-full relative" style={{ color: themeTextColor }}>
      |        ^^^
  199 |         {slide.objects.map(obj => (
  200 |           <div key={obj.id} className="absolute overflow-hidden" style={{ left: `${obj.x}%`, top: `${obj.y}%`, width: `${obj.width}%`, height: `${obj.height}%`, zIndex: obj.zIndex, transform: obj.rotation ? `rotate(${obj.rotation}deg)` : undefined }}>
  201 |             {obj.type === "textbox" && (

Unexpected token `div`. Expected jsx identifier @ http://localhost:3000/_next/static/chunks/node_modules_next_dist_client_523921._.js:989
[ 2563207ms] [LOG] [Fast Refresh] rebuilding @ http://localhost:3000/_next/static/chunks/node_modules_next_dist_client_523921._.js:13661
[ 2563291ms] [ERROR] ./components/shared/SlideEditor/SlideEditor.tsx:198:8
Parsing ecmascript source code failed
  196 |   if (slide.objects && slide.objects.length > 0) {
  197 |     return (
> 198 |       <div className="w-full h-full relative" style={{ color: themeTextColor }}>
      |        ^^^
  199 |         {slide.objects.map(obj => (
  200 |           <div key={obj.id} className="absolute overflow-hidden" style={{ left: `${obj.x}%`, top: `${obj.y}%`, width: `${obj.width}%`, height: `${obj.height}%`, zIndex: obj.zIndex, transform: obj.rotation ? `rotate(${obj.rotation}deg)` : undefined }}>
  201 |             {obj.type === "textbox" && (

Unexpected token `div`. Expected jsx identifier @ http://localhost:3000/_next/static/chunks/node_modules_next_dist_client_523921._.js:989
[ 2563298ms] [LOG] [Fast Refresh] rebuilding @ http://localhost:3000/_next/static/chunks/node_modules_next_dist_client_523921._.js:13661
[ 2563383ms] [ERROR] ./components/shared/SlideEditor/SlideEditor.tsx:198:8
Parsing ecmascript source code failed
  196 |   if (slide.objects && slide.objects.length > 0) {
  197 |     return (
> 198 |       <div className="w-full h-full relative" style={{ color: themeTextColor }}>
      |        ^^^
  199 |         {slide.objects.map(obj => (
  200 |           <div key={obj.id} className="absolute overflow-hidden" style={{ left: `${obj.x}%`, top: `${obj.y}%`, width: `${obj.width}%`, height: `${obj.height}%`, zIndex: obj.zIndex, transform: obj.rotation ? `rotate(${obj.rotation}deg)` : undefined }}>
  201 |             {obj.type === "textbox" && (

Unexpected token `div`. Expected jsx identifier @ http://localhost:3000/_next/static/chunks/node_modules_next_dist_client_523921._.js:989
[ 2563390ms] [LOG] [Fast Refresh] rebuilding @ http://localhost:3000/_next/static/chunks/node_modules_next_dist_client_523921._.js:13661
[ 2563474ms] [ERROR] ./components/shared/SlideEditor/SlideEditor.tsx:198:8
Parsing ecmascript source code failed
  196 |   if (slide.objects && slide.objects.length > 0) {
  197 |     return (
> 198 |       <div className="w-full h-full relative" style={{ color: themeTextColor }}>
      |        ^^^
  199 |         {slide.objects.map(obj => (
  200 |           <div key={obj.id} className="absolute overflow-hidden" style={{ left: `${obj.x}%`, top: `${obj.y}%`, width: `${obj.width}%`, height: `${obj.height}%`, zIndex: obj.zIndex, transform: obj.rotation ? `rotate(${obj.rotation}deg)` : undefined }}>
  201 |             {obj.type === "textbox" && (

Unexpected token `div`. Expected jsx identifier @ http://localhost:3000/_next/static/chunks/node_modules_next_dist_client_523921._.js:989
[ 2563481ms] [LOG] [Fast Refresh] rebuilding @ http://localhost:3000/_next/static/chunks/node_modules_next_dist_client_523921._.js:13661
[ 2563565ms] [ERROR] ./components/shared/SlideEditor/SlideEditor.tsx:198:8
Parsing ecmascript source code failed
  196 |   if (slide.objects && slide.objects.length > 0) {
  197 |     return (
> 198 |       <div className="w-full h-full relative" style={{ color: themeTextColor }}>
      |        ^^^
  199 |         {slide.objects.map(obj => (
  200 |           <div key={obj.id} className="absolute overflow-hidden" style={{ left: `${obj.x}%`, top: `${obj.y}%`, width: `${obj.width}%`, height: `${obj.height}%`, zIndex: obj.zIndex, transform: obj.rotation ? `rotate(${obj.rotation}deg)` : undefined }}>
  201 |             {obj.type === "textbox" && (

Unexpected token `div`. Expected jsx identifier @ http://localhost:3000/_next/static/chunks/node_modules_next_dist_client_523921._.js:989
[ 2563572ms] [LOG] [Fast Refresh] rebuilding @ http://localhost:3000/_next/static/chunks/node_modules_next_dist_client_523921._.js:13661
[ 2563656ms] [ERROR] ./components/shared/SlideEditor/SlideEditor.tsx:198:8
Parsing ecmascript source code failed
  196 |   if (slide.objects && slide.objects.length > 0) {
  197 |     return (
> 198 |       <div className="w-full h-full relative" style={{ color: themeTextColor }}>
      |        ^^^
  199 |         {slide.objects.map(obj => (
  200 |           <div key={obj.id} className="absolute overflow-hidden" style={{ left: `${obj.x}%`, top: `${obj.y}%`, width: `${obj.width}%`, height: `${obj.height}%`, zIndex: obj.zIndex, transform: obj.rotation ? `rotate(${obj.rotation}deg)` : undefined }}>
  201 |             {obj.type === "textbox" && (

Unexpected token `div`. Expected jsx identifier @ http://localhost:3000/_next/static/chunks/node_modules_next_dist_client_523921._.js:989
[ 2563664ms] [LOG] [Fast Refresh] rebuilding @ http://localhost:3000/_next/static/chunks/node_modules_next_dist_client_523921._.js:13661
[ 2563751ms] [ERROR] ./components/shared/SlideEditor/SlideEditor.tsx:198:8
Parsing ecmascript source code failed
  196 |   if (slide.objects && slide.objects.length > 0) {
  197 |     return (
> 198 |       <div className="w-full h-full relative" style={{ color: themeTextColor }}>
      |        ^^^
  199 |         {slide.objects.map(obj => (
  200 |           <div key={obj.id} className="absolute overflow-hidden" style={{ left: `${obj.x}%`, top: `${obj.y}%`, width: `${obj.width}%`, height: `${obj.height}%`, zIndex: obj.zIndex, transform: obj.rotation ? `rotate(${obj.rotation}deg)` : undefined }}>
  201 |             {obj.type === "textbox" && (

Unexpected token `div`. Expected jsx identifier @ http://localhost:3000/_next/static/chunks/node_modules_next_dist_client_523921._.js:989
[ 2563758ms] [LOG] [Fast Refresh] rebuilding @ http://localhost:3000/_next/static/chunks/node_modules_next_dist_client_523921._.js:13661
[ 2563827ms] [ERROR] ./components/shared/SlideEditor/SlideEditor.tsx:198:8
Parsing ecmascript source code failed
  196 |   if (slide.objects && slide.objects.length > 0) {
  197 |     return (
> 198 |       <div className="w-full h-full relative" style={{ color: themeTextColor }}>
      |        ^^^
  199 |         {slide.objects.map(obj => (
  200 |           <div key={obj.id} className="absolute overflow-hidden" style={{ left: `${obj.x}%`, top: `${obj.y}%`, width: `${obj.width}%`, height: `${obj.height}%`, zIndex: obj.zIndex, transform: obj.rotation ? `rotate(${obj.rotation}deg)` : undefined }}>
  201 |             {obj.type === "textbox" && (

Unexpected token `div`. Expected jsx identifier @ http://localhost:3000/_next/static/chunks/node_modules_next_dist_client_523921._.js:989
[ 2563835ms] [LOG] [Fast Refresh] rebuilding @ http://localhost:3000/_next/static/chunks/node_modules_next_dist_client_523921._.js:13661
[ 2563906ms] [ERROR] ./components/shared/SlideEditor/SlideEditor.tsx:198:8
Parsing ecmascript source code failed
  196 |   if (slide.objects && slide.objects.length > 0) {
  197 |     return (
> 198 |       <div className="w-full h-full relative" style={{ color: themeTextColor }}>
      |        ^^^
  199 |         {slide.objects.map(obj => (
  200 |           <div key={obj.id} className="absolute overflow-hidden" style={{ left: `${obj.x}%`, top: `${obj.y}%`, width: `${obj.width}%`, height: `${obj.height}%`, zIndex: obj.zIndex, transform: obj.rotation ? `rotate(${obj.rotation}deg)` : undefined }}>
  201 |             {obj.type === "textbox" && (

Unexpected token `div`. Expected jsx identifier @ http://localhost:3000/_next/static/chunks/node_modules_next_dist_client_523921._.js:989
[ 2563906ms] [LOG] [Fast Refresh] rebuilding @ http://localhost:3000/_next/static/chunks/node_modules_next_dist_client_523921._.js:13661
[ 2563982ms] [ERROR] ./components/shared/SlideEditor/SlideEditor.tsx:198:8
Parsing ecmascript source code failed
  196 |   if (slide.objects && slide.objects.length > 0) {
  197 |     return (
> 198 |       <div className="w-full h-full relative" style={{ color: themeTextColor }}>
      |        ^^^
  199 |         {slide.objects.map(obj => (
  200 |           <div key={obj.id} className="absolute overflow-hidden" style={{ left: `${obj.x}%`, top: `${obj.y}%`, width: `${obj.width}%`, height: `${obj.height}%`, zIndex: obj.zIndex, transform: obj.rotation ? `rotate(${obj.rotation}deg)` : undefined }}>
  201 |             {obj.type === "textbox" && (

Unexpected token `div`. Expected jsx identifier @ http://localhost:3000/_next/static/chunks/node_modules_next_dist_client_523921._.js:989
[ 2563989ms] [LOG] [Fast Refresh] rebuilding @ http://localhost:3000/_next/static/chunks/node_modules_next_dist_client_523921._.js:13661
[ 2564061ms] [ERROR] ./components/shared/SlideEditor/SlideEditor.tsx:198:8
Parsing ecmascript source code failed
  196 |   if (slide.objects && slide.objects.length > 0) {
  197 |     return (
> 198 |       <div className="w-full h-full relative" style={{ color: themeTextColor }}>
      |        ^^^
  199 |         {slide.objects.map(obj => (
  200 |           <div key={obj.id} className="absolute overflow-hidden" style={{ left: `${obj.x}%`, top: `${obj.y}%`, width: `${obj.width}%`, height: `${obj.height}%`, zIndex: obj.zIndex, transform: obj.rotation ? `rotate(${obj.rotation}deg)` : undefined }}>
  201 |             {obj.type === "textbox" && (

Unexpected token `div`. Expected jsx identifier @ http://localhost:3000/_next/static/chunks/node_modules_next_dist_client_523921._.js:989
[ 2564067ms] [LOG] [Fast Refresh] rebuilding @ http://localhost:3000/_next/static/chunks/node_modules_next_dist_client_523921._.js:13661
[ 2564139ms] [ERROR] ./components/shared/SlideEditor/SlideEditor.tsx:198:8
Parsing ecmascript source code failed
  196 |   if (slide.objects && slide.objects.length > 0) {
  197 |     return (
> 198 |       <div className="w-full h-full relative" style={{ color: themeTextColor }}>
      |        ^^^
  199 |         {slide.objects.map(obj => (
  200 |           <div key={obj.id} className="absolute overflow-hidden" style={{ left: `${obj.x}%`, top: `${obj.y}%`, width: `${obj.width}%`, height: `${obj.height}%`, zIndex: obj.zIndex, transform: obj.rotation ? `rotate(${obj.rotation}deg)` : undefined }}>
  201 |             {obj.type === "textbox" && (

Unexpected token `div`. Expected jsx identifier @ http://localhost:3000/_next/static/chunks/node_modules_next_dist_client_523921._.js:989
[ 2564146ms] [LOG] [Fast Refresh] rebuilding @ http://localhost:3000/_next/static/chunks/node_modules_next_dist_client_523921._.js:13661
[ 2564246ms] [ERROR] ./components/shared/SlideEditor/SlideEditor.tsx:198:8
Parsing ecmascript source code failed
  196 |   if (slide.objects && slide.objects.length > 0) {
  197 |     return (
> 198 |       <div className="w-full h-full relative" style={{ color: themeTextColor }}>
      |        ^^^
  199 |         {slide.objects.map(obj => (
  200 |           <div key={obj.id} className="absolute overflow-hidden" style={{ left: `${obj.x}%`, top: `${obj.y}%`, width: `${obj.width}%`, height: `${obj.height}%`, zIndex: obj.zIndex, transform: obj.rotation ? `rotate(${obj.rotation}deg)` : undefined }}>
  201 |             {obj.type === "textbox" && (

Unexpected token `div`. Expected jsx identifier @ http://localhost:3000/_next/static/chunks/node_modules_next_dist_client_523921._.js:989
[ 2564254ms] [LOG] [Fast Refresh] rebuilding @ http://localhost:3000/_next/static/chunks/node_modules_next_dist_client_523921._.js:13661
[ 2564341ms] [ERROR] ./components/shared/SlideEditor/SlideEditor.tsx:198:8
Parsing ecmascript source code failed
  196 |   if (slide.objects && slide.objects.length > 0) {
  197 |     return (
> 198 |       <div className="w-full h-full relative" style={{ color: themeTextColor }}>
      |        ^^^
  199 |         {slide.objects.map(obj => (
  200 |           <div key={obj.id} className="absolute overflow-hidden" style={{ left: `${obj.x}%`, top: `${obj.y}%`, width: `${obj.width}%`, height: `${obj.height}%`, zIndex: obj.zIndex, transform: obj.rotation ? `rotate(${obj.rotation}deg)` : undefined }}>
  201 |             {obj.type === "textbox" && (

Unexpected token `div`. Expected jsx identifier @ http://localhost:3000/_next/static/chunks/node_modules_next_dist_client_523921._.js:989
[ 2564347ms] [LOG] [Fast Refresh] rebuilding @ http://localhost:3000/_next/static/chunks/node_modules_next_dist_client_523921._.js:13661
[ 2564432ms] [ERROR] ./components/shared/SlideEditor/SlideEditor.tsx:198:8
Parsing ecmascript source code failed
  196 |   if (slide.objects && slide.objects.length > 0) {
  197 |     return (
> 198 |       <div className="w-full h-full relative" style={{ color: themeTextColor }}>
      |        ^^^
  199 |         {slide.objects.map(obj => (
  200 |           <div key={obj.id} className="absolute overflow-hidden" style={{ left: `${obj.x}%`, top: `${obj.y}%`, width: `${obj.width}%`, height: `${obj.height}%`, zIndex: obj.zIndex, transform: obj.rotation ? `rotate(${obj.rotation}deg)` : undefined }}>
  201 |             {obj.type === "textbox" && (

Unexpected token `div`. Expected jsx identifier @ http://localhost:3000/_next/static/chunks/node_modules_next_dist_client_523921._.js:989
[ 2564441ms] [LOG] [Fast Refresh] rebuilding @ http://localhost:3000/_next/static/chunks/node_modules_next_dist_client_523921._.js:13661
[ 2564527ms] [ERROR] ./components/shared/SlideEditor/SlideEditor.tsx:198:8
Parsing ecmascript source code failed
  196 |   if (slide.objects && slide.objects.length > 0) {
  197 |     return (
> 198 |       <div className="w-full h-full relative" style={{ color: themeTextColor }}>
      |        ^^^
  199 |         {slide.objects.map(obj => (
  200 |           <div key={obj.id} className="absolute overflow-hidden" style={{ left: `${obj.x}%`, top: `${obj.y}%`, width: `${obj.width}%`, height: `${obj.height}%`, zIndex: obj.zIndex, transform: obj.rotation ? `rotate(${obj.rotation}deg)` : undefined }}>
  201 |             {obj.type === "textbox" && (

Unexpected token `div`. Expected jsx identifier @ http://localhost:3000/_next/static/chunks/node_modules_next_dist_client_523921._.js:989
[ 2564533ms] [LOG] [Fast Refresh] rebuilding @ http://localhost:3000/_next/static/chunks/node_modules_next_dist_client_523921._.js:13661
[ 2564619ms] [ERROR] ./components/shared/SlideEditor/SlideEditor.tsx:198:8
Parsing ecmascript source code failed
  196 |   if (slide.objects && slide.objects.length > 0) {
  197 |     return (
> 198 |       <div className="w-full h-full relative" style={{ color: themeTextColor }}>
      |        ^^^
  199 |         {slide.objects.map(obj => (
  200 |           <div key={obj.id} className="absolute overflow-hidden" style={{ left: `${obj.x}%`, top: `${obj.y}%`, width: `${obj.width}%`, height: `${obj.height}%`, zIndex: obj.zIndex, transform: obj.rotation ? `rotate(${obj.rotation}deg)` : undefined }}>
  201 |             {obj.type === "textbox" && (

Unexpected token `div`. Expected jsx identifier @ http://localhost:3000/_next/static/chunks/node_modules_next_dist_client_523921._.js:989
[ 2564626ms] [LOG] [Fast Refresh] rebuilding @ http://localhost:3000/_next/static/chunks/node_modules_next_dist_client_523921._.js:13661
[ 2564698ms] [ERROR] ./components/shared/SlideEditor/SlideEditor.tsx:198:8
Parsing ecmascript source code failed
  196 |   if (slide.objects && slide.objects.length > 0) {
  197 |     return (
> 198 |       <div className="w-full h-full relative" style={{ color: themeTextColor }}>
      |        ^^^
  199 |         {slide.objects.map(obj => (
  200 |           <div key={obj.id} className="absolute overflow-hidden" style={{ left: `${obj.x}%`, top: `${obj.y}%`, width: `${obj.width}%`, height: `${obj.height}%`, zIndex: obj.zIndex, transform: obj.rotation ? `rotate(${obj.rotation}deg)` : undefined }}>
  201 |             {obj.type === "textbox" && (

Unexpected token `div`. Expected jsx identifier @ http://localhost:3000/_next/static/chunks/node_modules_next_dist_client_523921._.js:989
[ 2564705ms] [LOG] [Fast Refresh] rebuilding @ http://localhost:3000/_next/static/chunks/node_modules_next_dist_client_523921._.js:13661
[ 2564792ms] [ERROR] ./components/shared/SlideEditor/SlideEditor.tsx:198:8
Parsing ecmascript source code failed
  196 |   if (slide.objects && slide.objects.length > 0) {
  197 |     return (
> 198 |       <div className="w-full h-full relative" style={{ color: themeTextColor }}>
      |        ^^^
  199 |         {slide.objects.map(obj => (
  200 |           <div key={obj.id} className="absolute overflow-hidden" style={{ left: `${obj.x}%`, top: `${obj.y}%`, width: `${obj.width}%`, height: `${obj.height}%`, zIndex: obj.zIndex, transform: obj.rotation ? `rotate(${obj.rotation}deg)` : undefined }}>
  201 |             {obj.type === "textbox" && (

Unexpected token `div`. Expected jsx identifier @ http://localhost:3000/_next/static/chunks/node_modules_next_dist_client_523921._.js:989
[ 2564799ms] [LOG] [Fast Refresh] rebuilding @ http://localhost:3000/_next/static/chunks/node_modules_next_dist_client_523921._.js:13661
[ 2564887ms] [ERROR] ./components/shared/SlideEditor/SlideEditor.tsx:198:8
Parsing ecmascript source code failed
  196 |   if (slide.objects && slide.objects.length > 0) {
  197 |     return (
> 198 |       <div className="w-full h-full relative" style={{ color: themeTextColor }}>
      |        ^^^
  199 |         {slide.objects.map(obj => (
  200 |           <div key={obj.id} className="absolute overflow-hidden" style={{ left: `${obj.x}%`, top: `${obj.y}%`, width: `${obj.width}%`, height: `${obj.height}%`, zIndex: obj.zIndex, transform: obj.rotation ? `rotate(${obj.rotation}deg)` : undefined }}>
  201 |             {obj.type === "textbox" && (

Unexpected token `div`. Expected jsx identifier @ http://localhost:3000/_next/static/chunks/node_modules_next_dist_client_523921._.js:989
[ 2564894ms] [LOG] [Fast Refresh] rebuilding @ http://localhost:3000/_next/static/chunks/node_modules_next_dist_client_523921._.js:13661
[ 2564980ms] [ERROR] ./components/shared/SlideEditor/SlideEditor.tsx:198:8
Parsing ecmascript source code failed
  196 |   if (slide.objects && slide.objects.length > 0) {
  197 |     return (
> 198 |       <div className="w-full h-full relative" style={{ color: themeTextColor }}>
      |        ^^^
  199 |         {slide.objects.map(obj => (
  200 |           <div key={obj.id} className="absolute overflow-hidden" style={{ left: `${obj.x}%`, top: `${obj.y}%`, width: `${obj.width}%`, height: `${obj.height}%`, zIndex: obj.zIndex, transform: obj.rotation ? `rotate(${obj.rotation}deg)` : undefined }}>
  201 |             {obj.type === "textbox" && (

Unexpected token `div`. Expected jsx identifier @ http://localhost:3000/_next/static/chunks/node_modules_next_dist_client_523921._.js:989
[ 2564988ms] [LOG] [Fast Refresh] rebuilding @ http://localhost:3000/_next/static/chunks/node_modules_next_dist_client_523921._.js:13661
[ 2565074ms] [ERROR] ./components/shared/SlideEditor/SlideEditor.tsx:198:8
Parsing ecmascript source code failed
  196 |   if (slide.objects && slide.objects.length > 0) {
  197 |     return (
> 198 |       <div className="w-full h-full relative" style={{ color: themeTextColor }}>
      |        ^^^
  199 |         {slide.objects.map(obj => (
  200 |           <div key={obj.id} className="absolute overflow-hidden" style={{ left: `${obj.x}%`, top: `${obj.y}%`, width: `${obj.width}%`, height: `${obj.height}%`, zIndex: obj.zIndex, transform: obj.rotation ? `rotate(${obj.rotation}deg)` : undefined }}>
  201 |             {obj.type === "textbox" && (

Unexpected token `div`. Expected jsx identifier @ http://localhost:3000/_next/static/chunks/node_modules_next_dist_client_523921._.js:989
[ 2565081ms] [LOG] [Fast Refresh] rebuilding @ http://localhost:3000/_next/static/chunks/node_modules_next_dist_client_523921._.js:13661
[ 2565175ms] [ERROR] ./components/shared/SlideEditor/SlideEditor.tsx:198:8
Parsing ecmascript source code failed
  196 |   if (slide.objects && slide.objects.length > 0) {
  197 |     return (
> 198 |       <div className="w-full h-full relative" style={{ color: themeTextColor }}>
      |        ^^^
  199 |         {slide.objects.map(obj => (
  200 |           <div key={obj.id} className="absolute overflow-hidden" style={{ left: `${obj.x}%`, top: `${obj.y}%`, width: `${obj.width}%`, height: `${obj.height}%`, zIndex: obj.zIndex, transform: obj.rotation ? `rotate(${obj.rotation}deg)` : undefined }}>
  201 |             {obj.type === "textbox" && (

Unexpected token `div`. Expected jsx identifier @ http://localhost:3000/_next/static/chunks/node_modules_next_dist_client_523921._.js:989
[ 2565190ms] [LOG] [Fast Refresh] rebuilding @ http://localhost:3000/_next/static/chunks/node_modules_next_dist_client_523921._.js:13661
[ 2565276ms] [ERROR] ./components/shared/SlideEditor/SlideEditor.tsx:198:8
Parsing ecmascript source code failed
  196 |   if (slide.objects && slide.objects.length > 0) {
  197 |     return (
> 198 |       <div className="w-full h-full relative" style={{ color: themeTextColor }}>
      |        ^^^
  199 |         {slide.objects.map(obj => (
  200 |           <div key={obj.id} className="absolute overflow-hidden" style={{ left: `${obj.x}%`, top: `${obj.y}%`, width: `${obj.width}%`, height: `${obj.height}%`, zIndex: obj.zIndex, transform: obj.rotation ? `rotate(${obj.rotation}deg)` : undefined }}>
  201 |             {obj.type === "textbox" && (

Unexpected token `div`. Expected jsx identifier @ http://localhost:3000/_next/static/chunks/node_modules_next_dist_client_523921._.js:989
[ 2565283ms] [LOG] [Fast Refresh] rebuilding @ http://localhost:3000/_next/static/chunks/node_modules_next_dist_client_523921._.js:13661
[ 2565368ms] [ERROR] ./components/shared/SlideEditor/SlideEditor.tsx:198:8
Parsing ecmascript source code failed
  196 |   if (slide.objects && slide.objects.length > 0) {
  197 |     return (
> 198 |       <div className="w-full h-full relative" style={{ color: themeTextColor }}>
      |        ^^^
  199 |         {slide.objects.map(obj => (
  200 |           <div key={obj.id} className="absolute overflow-hidden" style={{ left: `${obj.x}%`, top: `${obj.y}%`, width: `${obj.width}%`, height: `${obj.height}%`, zIndex: obj.zIndex, transform: obj.rotation ? `rotate(${obj.rotation}deg)` : undefined }}>
  201 |             {obj.type === "textbox" && (

Unexpected token `div`. Expected jsx identifier @ http://localhost:3000/_next/static/chunks/node_modules_next_dist_client_523921._.js:989
[ 2565375ms] [LOG] [Fast Refresh] rebuilding @ http://localhost:3000/_next/static/chunks/node_modules_next_dist_client_523921._.js:13661
[ 2565463ms] [ERROR] ./components/shared/SlideEditor/SlideEditor.tsx:198:8
Parsing ecmascript source code failed
  196 |   if (slide.objects && slide.objects.length > 0) {
  197 |     return (
> 198 |       <div className="w-full h-full relative" style={{ color: themeTextColor }}>
      |        ^^^
  199 |         {slide.objects.map(obj => (
  200 |           <div key={obj.id} className="absolute overflow-hidden" style={{ left: `${obj.x}%`, top: `${obj.y}%`, width: `${obj.width}%`, height: `${obj.height}%`, zIndex: obj.zIndex, transform: obj.rotation ? `rotate(${obj.rotation}deg)` : undefined }}>
  201 |             {obj.type === "textbox" && (

Unexpected token `div`. Expected jsx identifier @ http://localhost:3000/_next/static/chunks/node_modules_next_dist_client_523921._.js:989
[ 2565469ms] [LOG] [Fast Refresh] rebuilding @ http://localhost:3000/_next/static/chunks/node_modules_next_dist_client_523921._.js:13661
[ 2565541ms] [ERROR] ./components/shared/SlideEditor/SlideEditor.tsx:198:8
Parsing ecmascript source code failed
  196 |   if (slide.objects && slide.objects.length > 0) {
  197 |     return (
> 198 |       <div className="w-full h-full relative" style={{ color: themeTextColor }}>
      |        ^^^
  199 |         {slide.objects.map(obj => (
  200 |           <div key={obj.id} className="absolute overflow-hidden" style={{ left: `${obj.x}%`, top: `${obj.y}%`, width: `${obj.width}%`, height: `${obj.height}%`, zIndex: obj.zIndex, transform: obj.rotation ? `rotate(${obj.rotation}deg)` : undefined }}>
  201 |             {obj.type === "textbox" && (

Unexpected token `div`. Expected jsx identifier @ http://localhost:3000/_next/static/chunks/node_modules_next_dist_client_523921._.js:989
[ 2565577ms] [LOG] [Fast Refresh] rebuilding @ http://localhost:3000/_next/static/chunks/node_modules_next_dist_client_523921._.js:13661
[ 2565664ms] [ERROR] ./components/shared/SlideEditor/SlideEditor.tsx:198:8
Parsing ecmascript source code failed
  196 |   if (slide.objects && slide.objects.length > 0) {
  197 |     return (
> 198 |       <div className="w-full h-full relative" style={{ color: themeTextColor }}>
      |        ^^^
  199 |         {slide.objects.map(obj => (
  200 |           <div key={obj.id} className="absolute overflow-hidden" style={{ left: `${obj.x}%`, top: `${obj.y}%`, width: `${obj.width}%`, height: `${obj.height}%`, zIndex: obj.zIndex, transform: obj.rotation ? `rotate(${obj.rotation}deg)` : undefined }}>
  201 |             {obj.type === "textbox" && (

Unexpected token `div`. Expected jsx identifier @ http://localhost:3000/_next/static/chunks/node_modules_next_dist_client_523921._.js:989
[ 2565671ms] [LOG] [Fast Refresh] rebuilding @ http://localhost:3000/_next/static/chunks/node_modules_next_dist_client_523921._.js:13661
[ 2565756ms] [ERROR] ./components/shared/SlideEditor/SlideEditor.tsx:198:8
Parsing ecmascript source code failed
  196 |   if (slide.objects && slide.objects.length > 0) {
  197 |     return (
> 198 |       <div className="w-full h-full relative" style={{ color: themeTextColor }}>
      |        ^^^
  199 |         {slide.objects.map(obj => (
  200 |           <div key={obj.id} className="absolute overflow-hidden" style={{ left: `${obj.x}%`, top: `${obj.y}%`, width: `${obj.width}%`, height: `${obj.height}%`, zIndex: obj.zIndex, transform: obj.rotation ? `rotate(${obj.rotation}deg)` : undefined }}>
  201 |             {obj.type === "textbox" && (

Unexpected token `div`. Expected jsx identifier @ http://localhost:3000/_next/static/chunks/node_modules_next_dist_client_523921._.js:989
[ 2565762ms] [LOG] [Fast Refresh] rebuilding @ http://localhost:3000/_next/static/chunks/node_modules_next_dist_client_523921._.js:13661
[ 2565849ms] [ERROR] ./components/shared/SlideEditor/SlideEditor.tsx:198:8
Parsing ecmascript source code failed
  196 |   if (slide.objects && slide.objects.length > 0) {
  197 |     return (
> 198 |       <div className="w-full h-full relative" style={{ color: themeTextColor }}>
      |        ^^^
  199 |         {slide.objects.map(obj => (
  200 |           <div key={obj.id} className="absolute overflow-hidden" style={{ left: `${obj.x}%`, top: `${obj.y}%`, width: `${obj.width}%`, height: `${obj.height}%`, zIndex: obj.zIndex, transform: obj.rotation ? `rotate(${obj.rotation}deg)` : undefined }}>
  201 |             {obj.type === "textbox" && (

Unexpected token `div`. Expected jsx identifier @ http://localhost:3000/_next/static/chunks/node_modules_next_dist_client_523921._.js:989
[ 2565856ms] [LOG] [Fast Refresh] rebuilding @ http://localhost:3000/_next/static/chunks/node_modules_next_dist_client_523921._.js:13661
[ 2565941ms] [ERROR] ./components/shared/SlideEditor/SlideEditor.tsx:198:8
Parsing ecmascript source code failed
  196 |   if (slide.objects && slide.objects.length > 0) {
  197 |     return (
> 198 |       <div className="w-full h-full relative" style={{ color: themeTextColor }}>
      |        ^^^
  199 |         {slide.objects.map(obj => (
  200 |           <div key={obj.id} className="absolute overflow-hidden" style={{ left: `${obj.x}%`, top: `${obj.y}%`, width: `${obj.width}%`, height: `${obj.height}%`, zIndex: obj.zIndex, transform: obj.rotation ? `rotate(${obj.rotation}deg)` : undefined }}>
  201 |             {obj.type === "textbox" && (

Unexpected token `div`. Expected jsx identifier @ http://localhost:3000/_next/static/chunks/node_modules_next_dist_client_523921._.js:989
[ 2565966ms] [LOG] [Fast Refresh] rebuilding @ http://localhost:3000/_next/static/chunks/node_modules_next_dist_client_523921._.js:13661
[ 2566035ms] [ERROR] ./components/shared/SlideEditor/SlideEditor.tsx:198:8
Parsing ecmascript source code failed
  196 |   if (slide.objects && slide.objects.length > 0) {
  197 |     return (
> 198 |       <div className="w-full h-full relative" style={{ color: themeTextColor }}>
      |        ^^^
  199 |         {slide.objects.map(obj => (
  200 |           <div key={obj.id} className="absolute overflow-hidden" style={{ left: `${obj.x}%`, top: `${obj.y}%`, width: `${obj.width}%`, height: `${obj.height}%`, zIndex: obj.zIndex, transform: obj.rotation ? `rotate(${obj.rotation}deg)` : undefined }}>
  201 |             {obj.type === "textbox" && (

Unexpected token `div`. Expected jsx identifier @ http://localhost:3000/_next/static/chunks/node_modules_next_dist_client_523921._.js:989
[ 2566043ms] [LOG] [Fast Refresh] rebuilding @ http://localhost:3000/_next/static/chunks/node_modules_next_dist_client_523921._.js:13661
[ 2566129ms] [ERROR] ./components/shared/SlideEditor/SlideEditor.tsx:198:8
Parsing ecmascript source code failed
  196 |   if (slide.objects && slide.objects.length > 0) {
  197 |     return (
> 198 |       <div className="w-full h-full relative" style={{ color: themeTextColor }}>
      |        ^^^
  199 |         {slide.objects.map(obj => (
  200 |           <div key={obj.id} className="absolute overflow-hidden" style={{ left: `${obj.x}%`, top: `${obj.y}%`, width: `${obj.width}%`, height: `${obj.height}%`, zIndex: obj.zIndex, transform: obj.rotation ? `rotate(${obj.rotation}deg)` : undefined }}>
  201 |             {obj.type === "textbox" && (

Unexpected token `div`. Expected jsx identifier @ http://localhost:3000/_next/static/chunks/node_modules_next_dist_client_523921._.js:989
[ 2566137ms] [LOG] [Fast Refresh] rebuilding @ http://localhost:3000/_next/static/chunks/node_modules_next_dist_client_523921._.js:13661
[ 2566221ms] [ERROR] ./components/shared/SlideEditor/SlideEditor.tsx:198:8
Parsing ecmascript source code failed
  196 |   if (slide.objects && slide.objects.length > 0) {
  197 |     return (
> 198 |       <div className="w-full h-full relative" style={{ color: themeTextColor }}>
      |        ^^^
  199 |         {slide.objects.map(obj => (
  200 |           <div key={obj.id} className="absolute overflow-hidden" style={{ left: `${obj.x}%`, top: `${obj.y}%`, width: `${obj.width}%`, height: `${obj.height}%`, zIndex: obj.zIndex, transform: obj.rotation ? `rotate(${obj.rotation}deg)` : undefined }}>
  201 |             {obj.type === "textbox" && (

Unexpected token `div`. Expected jsx identifier @ http://localhost:3000/_next/static/chunks/node_modules_next_dist_client_523921._.js:989
[ 2566261ms] [LOG] [Fast Refresh] rebuilding @ http://localhost:3000/_next/static/chunks/node_modules_next_dist_client_523921._.js:13661
[ 2566347ms] [ERROR] ./components/shared/SlideEditor/SlideEditor.tsx:198:8
Parsing ecmascript source code failed
  196 |   if (slide.objects && slide.objects.length > 0) {
  197 |     return (
> 198 |       <div className="w-full h-full relative" style={{ color: themeTextColor }}>
      |        ^^^
  199 |         {slide.objects.map(obj => (
  200 |           <div key={obj.id} className="absolute overflow-hidden" style={{ left: `${obj.x}%`, top: `${obj.y}%`, width: `${obj.width}%`, height: `${obj.height}%`, zIndex: obj.zIndex, transform: obj.rotation ? `rotate(${obj.rotation}deg)` : undefined }}>
  201 |             {obj.type === "textbox" && (

Unexpected token `div`. Expected jsx identifier @ http://localhost:3000/_next/static/chunks/node_modules_next_dist_client_523921._.js:989
[ 2566353ms] [LOG] [Fast Refresh] rebuilding @ http://localhost:3000/_next/static/chunks/node_modules_next_dist_client_523921._.js:13661
[ 2566423ms] [ERROR] ./components/shared/SlideEditor/SlideEditor.tsx:198:8
Parsing ecmascript source code failed
  196 |   if (slide.objects && slide.objects.length > 0) {
  197 |     return (
> 198 |       <div className="w-full h-full relative" style={{ color: themeTextColor }}>
      |        ^^^
  199 |         {slide.objects.map(obj => (
  200 |           <div key={obj.id} className="absolute overflow-hidden" style={{ left: `${obj.x}%`, top: `${obj.y}%`, width: `${obj.width}%`, height: `${obj.height}%`, zIndex: obj.zIndex, transform: obj.rotation ? `rotate(${obj.rotation}deg)` : undefined }}>
  201 |             {obj.type === "textbox" && (

Unexpected token `div`. Expected jsx identifier @ http://localhost:3000/_next/static/chunks/node_modules_next_dist_client_523921._.js:989
[ 2566432ms] [LOG] [Fast Refresh] rebuilding @ http://localhost:3000/_next/static/chunks/node_modules_next_dist_client_523921._.js:13661
[ 2566518ms] [ERROR] ./components/shared/SlideEditor/SlideEditor.tsx:198:8
Parsing ecmascript source code failed
  196 |   if (slide.objects && slide.objects.length > 0) {
  197 |     return (
> 198 |       <div className="w-full h-full relative" style={{ color: themeTextColor }}>
      |        ^^^
  199 |         {slide.objects.map(obj => (
  200 |           <div key={obj.id} className="absolute overflow-hidden" style={{ left: `${obj.x}%`, top: `${obj.y}%`, width: `${obj.width}%`, height: `${obj.height}%`, zIndex: obj.zIndex, transform: obj.rotation ? `rotate(${obj.rotation}deg)` : undefined }}>
  201 |             {obj.type === "textbox" && (

Unexpected token `div`. Expected jsx identifier @ http://localhost:3000/_next/static/chunks/node_modules_next_dist_client_523921._.js:989
[ 2566525ms] [LOG] [Fast Refresh] rebuilding @ http://localhost:3000/_next/static/chunks/node_modules_next_dist_client_523921._.js:13661
[ 2566611ms] [ERROR] ./components/shared/SlideEditor/SlideEditor.tsx:198:8
Parsing ecmascript source code failed
  196 |   if (slide.objects && slide.objects.length > 0) {
  197 |     return (
> 198 |       <div className="w-full h-full relative" style={{ color: themeTextColor }}>
      |        ^^^
  199 |         {slide.objects.map(obj => (
  200 |           <div key={obj.id} className="absolute overflow-hidden" style={{ left: `${obj.x}%`, top: `${obj.y}%`, width: `${obj.width}%`, height: `${obj.height}%`, zIndex: obj.zIndex, transform: obj.rotation ? `rotate(${obj.rotation}deg)` : undefined }}>
  201 |             {obj.type === "textbox" && (

Unexpected token `div`. Expected jsx identifier @ http://localhost:3000/_next/static/chunks/node_modules_next_dist_client_523921._.js:989
[ 2566618ms] [LOG] [Fast Refresh] rebuilding @ http://localhost:3000/_next/static/chunks/node_modules_next_dist_client_523921._.js:13661
[ 2566711ms] [ERROR] ./components/shared/SlideEditor/SlideEditor.tsx:198:8
Parsing ecmascript source code failed
  196 |   if (slide.objects && slide.objects.length > 0) {
  197 |     return (
> 198 |       <div className="w-full h-full relative" style={{ color: themeTextColor }}>
      |        ^^^
  199 |         {slide.objects.map(obj => (
  200 |           <div key={obj.id} className="absolute overflow-hidden" style={{ left: `${obj.x}%`, top: `${obj.y}%`, width: `${obj.width}%`, height: `${obj.height}%`, zIndex: obj.zIndex, transform: obj.rotation ? `rotate(${obj.rotation}deg)` : undefined }}>
  201 |             {obj.type === "textbox" && (

Unexpected token `div`. Expected jsx identifier @ http://localhost:3000/_next/static/chunks/node_modules_next_dist_client_523921._.js:989
[ 2566729ms] [LOG] [Fast Refresh] rebuilding @ http://localhost:3000/_next/static/chunks/node_modules_next_dist_client_523921._.js:13661
[ 2566815ms] [ERROR] ./components/shared/SlideEditor/SlideEditor.tsx:198:8
Parsing ecmascript source code failed
  196 |   if (slide.objects && slide.objects.length > 0) {
  197 |     return (
> 198 |       <div className="w-full h-full relative" style={{ color: themeTextColor }}>
      |        ^^^
  199 |         {slide.objects.map(obj => (
  200 |           <div key={obj.id} className="absolute overflow-hidden" style={{ left: `${obj.x}%`, top: `${obj.y}%`, width: `${obj.width}%`, height: `${obj.height}%`, zIndex: obj.zIndex, transform: obj.rotation ? `rotate(${obj.rotation}deg)` : undefined }}>
  201 |             {obj.type === "textbox" && (

Unexpected token `div`. Expected jsx identifier @ http://localhost:3000/_next/static/chunks/node_modules_next_dist_client_523921._.js:989
[ 2566822ms] [LOG] [Fast Refresh] rebuilding @ http://localhost:3000/_next/static/chunks/node_modules_next_dist_client_523921._.js:13661
[ 2566909ms] [ERROR] ./components/shared/SlideEditor/SlideEditor.tsx:198:8
Parsing ecmascript source code failed
  196 |   if (slide.objects && slide.objects.length > 0) {
  197 |     return (
> 198 |       <div className="w-full h-full relative" style={{ color: themeTextColor }}>
      |        ^^^
  199 |         {slide.objects.map(obj => (
  200 |           <div key={obj.id} className="absolute overflow-hidden" style={{ left: `${obj.x}%`, top: `${obj.y}%`, width: `${obj.width}%`, height: `${obj.height}%`, zIndex: obj.zIndex, transform: obj.rotation ? `rotate(${obj.rotation}deg)` : undefined }}>
  201 |             {obj.type === "textbox" && (

Unexpected token `div`. Expected jsx identifier @ http://localhost:3000/_next/static/chunks/node_modules_next_dist_client_523921._.js:989
[ 2566914ms] [LOG] [Fast Refresh] rebuilding @ http://localhost:3000/_next/static/chunks/node_modules_next_dist_client_523921._.js:13661
[ 2567000ms] [ERROR] ./components/shared/SlideEditor/SlideEditor.tsx:198:8
Parsing ecmascript source code failed
  196 |   if (slide.objects && slide.objects.length > 0) {
  197 |     return (
> 198 |       <div className="w-full h-full relative" style={{ color: themeTextColor }}>
      |        ^^^
  199 |         {slide.objects.map(obj => (
  200 |           <div key={obj.id} className="absolute overflow-hidden" style={{ left: `${obj.x}%`, top: `${obj.y}%`, width: `${obj.width}%`, height: `${obj.height}%`, zIndex: obj.zIndex, transform: obj.rotation ? `rotate(${obj.rotation}deg)` : undefined }}>
  201 |             {obj.type === "textbox" && (

Unexpected token `div`. Expected jsx identifier @ http://localhost:3000/_next/static/chunks/node_modules_next_dist_client_523921._.js:989
[ 2567008ms] [LOG] [Fast Refresh] rebuilding @ http://localhost:3000/_next/static/chunks/node_modules_next_dist_client_523921._.js:13661
[ 2567093ms] [ERROR] ./components/shared/SlideEditor/SlideEditor.tsx:198:8
Parsing ecmascript source code failed
  196 |   if (slide.objects && slide.objects.length > 0) {
  197 |     return (
> 198 |       <div className="w-full h-full relative" style={{ color: themeTextColor }}>
      |        ^^^
  199 |         {slide.objects.map(obj => (
  200 |           <div key={obj.id} className="absolute overflow-hidden" style={{ left: `${obj.x}%`, top: `${obj.y}%`, width: `${obj.width}%`, height: `${obj.height}%`, zIndex: obj.zIndex, transform: obj.rotation ? `rotate(${obj.rotation}deg)` : undefined }}>
  201 |             {obj.type === "textbox" && (

Unexpected token `div`. Expected jsx identifier @ http://localhost:3000/_next/static/chunks/node_modules_next_dist_client_523921._.js:989
[ 2567099ms] [LOG] [Fast Refresh] rebuilding @ http://localhost:3000/_next/static/chunks/node_modules_next_dist_client_523921._.js:13661
[ 2567184ms] [ERROR] ./components/shared/SlideEditor/SlideEditor.tsx:198:8
Parsing ecmascript source code failed
  196 |   if (slide.objects && slide.objects.length > 0) {
  197 |     return (
> 198 |       <div className="w-full h-full relative" style={{ color: themeTextColor }}>
      |        ^^^
  199 |         {slide.objects.map(obj => (
  200 |           <div key={obj.id} className="absolute overflow-hidden" style={{ left: `${obj.x}%`, top: `${obj.y}%`, width: `${obj.width}%`, height: `${obj.height}%`, zIndex: obj.zIndex, transform: obj.rotation ? `rotate(${obj.rotation}deg)` : undefined }}>
  201 |             {obj.type === "textbox" && (

Unexpected token `div`. Expected jsx identifier @ http://localhost:3000/_next/static/chunks/node_modules_next_dist_client_523921._.js:989
[ 2567193ms] [LOG] [Fast Refresh] rebuilding @ http://localhost:3000/_next/static/chunks/node_modules_next_dist_client_523921._.js:13661
[ 2567279ms] [ERROR] ./components/shared/SlideEditor/SlideEditor.tsx:198:8
Parsing ecmascript source code failed
  196 |   if (slide.objects && slide.objects.length > 0) {
  197 |     return (
> 198 |       <div className="w-full h-full relative" style={{ color: themeTextColor }}>
      |        ^^^
  199 |         {slide.objects.map(obj => (
  200 |           <div key={obj.id} className="absolute overflow-hidden" style={{ left: `${obj.x}%`, top: `${obj.y}%`, width: `${obj.width}%`, height: `${obj.height}%`, zIndex: obj.zIndex, transform: obj.rotation ? `rotate(${obj.rotation}deg)` : undefined }}>
  201 |             {obj.type === "textbox" && (

Unexpected token `div`. Expected jsx identifier @ http://localhost:3000/_next/static/chunks/node_modules_next_dist_client_523921._.js:989
[ 2567318ms] [LOG] [Fast Refresh] rebuilding @ http://localhost:3000/_next/static/chunks/node_modules_next_dist_client_523921._.js:13661
[ 2567405ms] [ERROR] ./components/shared/SlideEditor/SlideEditor.tsx:198:8
Parsing ecmascript source code failed
  196 |   if (slide.objects && slide.objects.length > 0) {
  197 |     return (
> 198 |       <div className="w-full h-full relative" style={{ color: themeTextColor }}>
      |        ^^^
  199 |         {slide.objects.map(obj => (
  200 |           <div key={obj.id} className="absolute overflow-hidden" style={{ left: `${obj.x}%`, top: `${obj.y}%`, width: `${obj.width}%`, height: `${obj.height}%`, zIndex: obj.zIndex, transform: obj.rotation ? `rotate(${obj.rotation}deg)` : undefined }}>
  201 |             {obj.type === "textbox" && (

Unexpected token `div`. Expected jsx identifier @ http://localhost:3000/_next/static/chunks/node_modules_next_dist_client_523921._.js:989
[ 2567410ms] [LOG] [Fast Refresh] rebuilding @ http://localhost:3000/_next/static/chunks/node_modules_next_dist_client_523921._.js:13661
[ 2567480ms] [ERROR] ./components/shared/SlideEditor/SlideEditor.tsx:198:8
Parsing ecmascript source code failed
  196 |   if (slide.objects && slide.objects.length > 0) {
  197 |     return (
> 198 |       <div className="w-full h-full relative" style={{ color: themeTextColor }}>
      |        ^^^
  199 |         {slide.objects.map(obj => (
  200 |           <div key={obj.id} className="absolute overflow-hidden" style={{ left: `${obj.x}%`, top: `${obj.y}%`, width: `${obj.width}%`, height: `${obj.height}%`, zIndex: obj.zIndex, transform: obj.rotation ? `rotate(${obj.rotation}deg)` : undefined }}>
  201 |             {obj.type === "textbox" && (

Unexpected token `div`. Expected jsx identifier @ http://localhost:3000/_next/static/chunks/node_modules_next_dist_client_523921._.js:989
[ 2567488ms] [LOG] [Fast Refresh] rebuilding @ http://localhost:3000/_next/static/chunks/node_modules_next_dist_client_523921._.js:13661
[ 2567574ms] [ERROR] ./components/shared/SlideEditor/SlideEditor.tsx:198:8
Parsing ecmascript source code failed
  196 |   if (slide.objects && slide.objects.length > 0) {
  197 |     return (
> 198 |       <div className="w-full h-full relative" style={{ color: themeTextColor }}>
      |        ^^^
  199 |         {slide.objects.map(obj => (
  200 |           <div key={obj.id} className="absolute overflow-hidden" style={{ left: `${obj.x}%`, top: `${obj.y}%`, width: `${obj.width}%`, height: `${obj.height}%`, zIndex: obj.zIndex, transform: obj.rotation ? `rotate(${obj.rotation}deg)` : undefined }}>
  201 |             {obj.type === "textbox" && (

Unexpected token `div`. Expected jsx identifier @ http://localhost:3000/_next/static/chunks/node_modules_next_dist_client_523921._.js:989
[ 2567580ms] [LOG] [Fast Refresh] rebuilding @ http://localhost:3000/_next/static/chunks/node_modules_next_dist_client_523921._.js:13661
[ 2567666ms] [ERROR] ./components/shared/SlideEditor/SlideEditor.tsx:198:8
Parsing ecmascript source code failed
  196 |   if (slide.objects && slide.objects.length > 0) {
  197 |     return (
> 198 |       <div className="w-full h-full relative" style={{ color: themeTextColor }}>
      |        ^^^
  199 |         {slide.objects.map(obj => (
  200 |           <div key={obj.id} className="absolute overflow-hidden" style={{ left: `${obj.x}%`, top: `${obj.y}%`, width: `${obj.width}%`, height: `${obj.height}%`, zIndex: obj.zIndex, transform: obj.rotation ? `rotate(${obj.rotation}deg)` : undefined }}>
  201 |             {obj.type === "textbox" && (

Unexpected token `div`. Expected jsx identifier @ http://localhost:3000/_next/static/chunks/node_modules_next_dist_client_523921._.js:989
[ 2567674ms] [LOG] [Fast Refresh] rebuilding @ http://localhost:3000/_next/static/chunks/node_modules_next_dist_client_523921._.js:13661
[ 2567758ms] [ERROR] ./components/shared/SlideEditor/SlideEditor.tsx:198:8
Parsing ecmascript source code failed
  196 |   if (slide.objects && slide.objects.length > 0) {
  197 |     return (
> 198 |       <div className="w-full h-full relative" style={{ color: themeTextColor }}>
      |        ^^^
  199 |         {slide.objects.map(obj => (
  200 |           <div key={obj.id} className="absolute overflow-hidden" style={{ left: `${obj.x}%`, top: `${obj.y}%`, width: `${obj.width}%`, height: `${obj.height}%`, zIndex: obj.zIndex, transform: obj.rotation ? `rotate(${obj.rotation}deg)` : undefined }}>
  201 |             {obj.type === "textbox" && (

Unexpected token `div`. Expected jsx identifier @ http://localhost:3000/_next/static/chunks/node_modules_next_dist_client_523921._.js:989
[ 2567766ms] [LOG] [Fast Refresh] rebuilding @ http://localhost:3000/_next/static/chunks/node_modules_next_dist_client_523921._.js:13661
[ 2567852ms] [ERROR] ./components/shared/SlideEditor/SlideEditor.tsx:198:8
Parsing ecmascript source code failed
  196 |   if (slide.objects && slide.objects.length > 0) {
  197 |     return (
> 198 |       <div className="w-full h-full relative" style={{ color: themeTextColor }}>
      |        ^^^
  199 |         {slide.objects.map(obj => (
  200 |           <div key={obj.id} className="absolute overflow-hidden" style={{ left: `${obj.x}%`, top: `${obj.y}%`, width: `${obj.width}%`, height: `${obj.height}%`, zIndex: obj.zIndex, transform: obj.rotation ? `rotate(${obj.rotation}deg)` : undefined }}>
  201 |             {obj.type === "textbox" && (

Unexpected token `div`. Expected jsx identifier @ http://localhost:3000/_next/static/chunks/node_modules_next_dist_client_523921._.js:989
[ 2567891ms] [LOG] [Fast Refresh] rebuilding @ http://localhost:3000/_next/static/chunks/node_modules_next_dist_client_523921._.js:13661
[ 2567975ms] [ERROR] ./components/shared/SlideEditor/SlideEditor.tsx:198:8
Parsing ecmascript source code failed
  196 |   if (slide.objects && slide.objects.length > 0) {
  197 |     return (
> 198 |       <div className="w-full h-full relative" style={{ color: themeTextColor }}>
      |        ^^^
  199 |         {slide.objects.map(obj => (
  200 |           <div key={obj.id} className="absolute overflow-hidden" style={{ left: `${obj.x}%`, top: `${obj.y}%`, width: `${obj.width}%`, height: `${obj.height}%`, zIndex: obj.zIndex, transform: obj.rotation ? `rotate(${obj.rotation}deg)` : undefined }}>
  201 |             {obj.type === "textbox" && (

Unexpected token `div`. Expected jsx identifier @ http://localhost:3000/_next/static/chunks/node_modules_next_dist_client_523921._.js:989
[ 2567981ms] [LOG] [Fast Refresh] rebuilding @ http://localhost:3000/_next/static/chunks/node_modules_next_dist_client_523921._.js:13661
[ 2568053ms] [ERROR] ./components/shared/SlideEditor/SlideEditor.tsx:198:8
Parsing ecmascript source code failed
  196 |   if (slide.objects && slide.objects.length > 0) {
  197 |     return (
> 198 |       <div className="w-full h-full relative" style={{ color: themeTextColor }}>
      |        ^^^
  199 |         {slide.objects.map(obj => (
  200 |           <div key={obj.id} className="absolute overflow-hidden" style={{ left: `${obj.x}%`, top: `${obj.y}%`, width: `${obj.width}%`, height: `${obj.height}%`, zIndex: obj.zIndex, transform: obj.rotation ? `rotate(${obj.rotation}deg)` : undefined }}>
  201 |             {obj.type === "textbox" && (

Unexpected token `div`. Expected jsx identifier @ http://localhost:3000/_next/static/chunks/node_modules_next_dist_client_523921._.js:989
[ 2568060ms] [LOG] [Fast Refresh] rebuilding @ http://localhost:3000/_next/static/chunks/node_modules_next_dist_client_523921._.js:13661
[ 2568149ms] [ERROR] ./components/shared/SlideEditor/SlideEditor.tsx:198:8
Parsing ecmascript source code failed
  196 |   if (slide.objects && slide.objects.length > 0) {
  197 |     return (
> 198 |       <div className="w-full h-full relative" style={{ color: themeTextColor }}>
      |        ^^^
  199 |         {slide.objects.map(obj => (
  200 |           <div key={obj.id} className="absolute overflow-hidden" style={{ left: `${obj.x}%`, top: `${obj.y}%`, width: `${obj.width}%`, height: `${obj.height}%`, zIndex: obj.zIndex, transform: obj.rotation ? `rotate(${obj.rotation}deg)` : undefined }}>
  201 |             {obj.type === "textbox" && (

Unexpected token `div`. Expected jsx identifier @ http://localhost:3000/_next/static/chunks/node_modules_next_dist_client_523921._.js:989
[ 2568168ms] [LOG] [Fast Refresh] rebuilding @ http://localhost:3000/_next/static/chunks/node_modules_next_dist_client_523921._.js:13661
[ 2568255ms] [ERROR] ./components/shared/SlideEditor/SlideEditor.tsx:198:8
Parsing ecmascript source code failed
  196 |   if (slide.objects && slide.objects.length > 0) {
  197 |     return (
> 198 |       <div className="w-full h-full relative" style={{ color: themeTextColor }}>
      |        ^^^
  199 |         {slide.objects.map(obj => (
  200 |           <div key={obj.id} className="absolute overflow-hidden" style={{ left: `${obj.x}%`, top: `${obj.y}%`, width: `${obj.width}%`, height: `${obj.height}%`, zIndex: obj.zIndex, transform: obj.rotation ? `rotate(${obj.rotation}deg)` : undefined }}>
  201 |             {obj.type === "textbox" && (

Unexpected token `div`. Expected jsx identifier @ http://localhost:3000/_next/static/chunks/node_modules_next_dist_client_523921._.js:989
[ 2568262ms] [LOG] [Fast Refresh] rebuilding @ http://localhost:3000/_next/static/chunks/node_modules_next_dist_client_523921._.js:13661
[ 2568346ms] [ERROR] ./components/shared/SlideEditor/SlideEditor.tsx:198:8
Parsing ecmascript source code failed
  196 |   if (slide.objects && slide.objects.length > 0) {
  197 |     return (
> 198 |       <div className="w-full h-full relative" style={{ color: themeTextColor }}>
      |        ^^^
  199 |         {slide.objects.map(obj => (
  200 |           <div key={obj.id} className="absolute overflow-hidden" style={{ left: `${obj.x}%`, top: `${obj.y}%`, width: `${obj.width}%`, height: `${obj.height}%`, zIndex: obj.zIndex, transform: obj.rotation ? `rotate(${obj.rotation}deg)` : undefined }}>
  201 |             {obj.type === "textbox" && (

Unexpected token `div`. Expected jsx identifier @ http://localhost:3000/_next/static/chunks/node_modules_next_dist_client_523921._.js:989
[ 2568354ms] [LOG] [Fast Refresh] rebuilding @ http://localhost:3000/_next/static/chunks/node_modules_next_dist_client_523921._.js:13661
[ 2568441ms] [ERROR] ./components/shared/SlideEditor/SlideEditor.tsx:198:8
Parsing ecmascript source code failed
  196 |   if (slide.objects && slide.objects.length > 0) {
  197 |     return (
> 198 |       <div className="w-full h-full relative" style={{ color: themeTextColor }}>
      |        ^^^
  199 |         {slide.objects.map(obj => (
  200 |           <div key={obj.id} className="absolute overflow-hidden" style={{ left: `${obj.x}%`, top: `${obj.y}%`, width: `${obj.width}%`, height: `${obj.height}%`, zIndex: obj.zIndex, transform: obj.rotation ? `rotate(${obj.rotation}deg)` : undefined }}>
  201 |             {obj.type === "textbox" && (

Unexpected token `div`. Expected jsx identifier @ http://localhost:3000/_next/static/chunks/node_modules_next_dist_client_523921._.js:989
[ 2568449ms] [LOG] [Fast Refresh] rebuilding @ http://localhost:3000/_next/static/chunks/node_modules_next_dist_client_523921._.js:13661
[ 2568534ms] [ERROR] ./components/shared/SlideEditor/SlideEditor.tsx:198:8
Parsing ecmascript source code failed
  196 |   if (slide.objects && slide.objects.length > 0) {
  197 |     return (
> 198 |       <div className="w-full h-full relative" style={{ color: themeTextColor }}>
      |        ^^^
  199 |         {slide.objects.map(obj => (
  200 |           <div key={obj.id} className="absolute overflow-hidden" style={{ left: `${obj.x}%`, top: `${obj.y}%`, width: `${obj.width}%`, height: `${obj.height}%`, zIndex: obj.zIndex, transform: obj.rotation ? `rotate(${obj.rotation}deg)` : undefined }}>
  201 |             {obj.type === "textbox" && (

Unexpected token `div`. Expected jsx identifier @ http://localhost:3000/_next/static/chunks/node_modules_next_dist_client_523921._.js:989
[ 2568541ms] [LOG] [Fast Refresh] rebuilding @ http://localhost:3000/_next/static/chunks/node_modules_next_dist_client_523921._.js:13661
[ 2568631ms] [ERROR] ./components/shared/SlideEditor/SlideEditor.tsx:198:8
Parsing ecmascript source code failed
  196 |   if (slide.objects && slide.objects.length > 0) {
  197 |     return (
> 198 |       <div className="w-full h-full relative" style={{ color: themeTextColor }}>
      |        ^^^
  199 |         {slide.objects.map(obj => (
  200 |           <div key={obj.id} className="absolute overflow-hidden" style={{ left: `${obj.x}%`, top: `${obj.y}%`, width: `${obj.width}%`, height: `${obj.height}%`, zIndex: obj.zIndex, transform: obj.rotation ? `rotate(${obj.rotation}deg)` : undefined }}>
  201 |             {obj.type === "textbox" && (

Unexpected token `div`. Expected jsx identifier @ http://localhost:3000/_next/static/chunks/node_modules_next_dist_client_523921._.js:989
[ 2568650ms] [LOG] [Fast Refresh] rebuilding @ http://localhost:3000/_next/static/chunks/node_modules_next_dist_client_523921._.js:13661
[ 2568738ms] [ERROR] ./components/shared/SlideEditor/SlideEditor.tsx:198:8
Parsing ecmascript source code failed
  196 |   if (slide.objects && slide.objects.length > 0) {
  197 |     return (
> 198 |       <div className="w-full h-full relative" style={{ color: themeTextColor }}>
      |        ^^^
  199 |         {slide.objects.map(obj => (
  200 |           <div key={obj.id} className="absolute overflow-hidden" style={{ left: `${obj.x}%`, top: `${obj.y}%`, width: `${obj.width}%`, height: `${obj.height}%`, zIndex: obj.zIndex, transform: obj.rotation ? `rotate(${obj.rotation}deg)` : undefined }}>
  201 |             {obj.type === "textbox" && (

Unexpected token `div`. Expected jsx identifier @ http://localhost:3000/_next/static/chunks/node_modules_next_dist_client_523921._.js:989
[ 2568744ms] [LOG] [Fast Refresh] rebuilding @ http://localhost:3000/_next/static/chunks/node_modules_next_dist_client_523921._.js:13661
[ 2568815ms] [ERROR] ./components/shared/SlideEditor/SlideEditor.tsx:198:8
Parsing ecmascript source code failed
  196 |   if (slide.objects && slide.objects.length > 0) {
  197 |     return (
> 198 |       <div className="w-full h-full relative" style={{ color: themeTextColor }}>
      |        ^^^
  199 |         {slide.objects.map(obj => (
  200 |           <div key={obj.id} className="absolute overflow-hidden" style={{ left: `${obj.x}%`, top: `${obj.y}%`, width: `${obj.width}%`, height: `${obj.height}%`, zIndex: obj.zIndex, transform: obj.rotation ? `rotate(${obj.rotation}deg)` : undefined }}>
  201 |             {obj.type === "textbox" && (

Unexpected token `div`. Expected jsx identifier @ http://localhost:3000/_next/static/chunks/node_modules_next_dist_client_523921._.js:989
[ 2568823ms] [LOG] [Fast Refresh] rebuilding @ http://localhost:3000/_next/static/chunks/node_modules_next_dist_client_523921._.js:13661
[ 2568916ms] [ERROR] ./components/shared/SlideEditor/SlideEditor.tsx:198:8
Parsing ecmascript source code failed
  196 |   if (slide.objects && slide.objects.length > 0) {
  197 |     return (
> 198 |       <div className="w-full h-full relative" style={{ color: themeTextColor }}>
      |        ^^^
  199 |         {slide.objects.map(obj => (
  200 |           <div key={obj.id} className="absolute overflow-hidden" style={{ left: `${obj.x}%`, top: `${obj.y}%`, width: `${obj.width}%`, height: `${obj.height}%`, zIndex: obj.zIndex, transform: obj.rotation ? `rotate(${obj.rotation}deg)` : undefined }}>
  201 |             {obj.type === "textbox" && (

Unexpected token `div`. Expected jsx identifier @ http://localhost:3000/_next/static/chunks/node_modules_next_dist_client_523921._.js:989
[ 2568931ms] [LOG] [Fast Refresh] rebuilding @ http://localhost:3000/_next/static/chunks/node_modules_next_dist_client_523921._.js:13661
[ 2569016ms] [ERROR] ./components/shared/SlideEditor/SlideEditor.tsx:198:8
Parsing ecmascript source code failed
  196 |   if (slide.objects && slide.objects.length > 0) {
  197 |     return (
> 198 |       <div className="w-full h-full relative" style={{ color: themeTextColor }}>
      |        ^^^
  199 |         {slide.objects.map(obj => (
  200 |           <div key={obj.id} className="absolute overflow-hidden" style={{ left: `${obj.x}%`, top: `${obj.y}%`, width: `${obj.width}%`, height: `${obj.height}%`, zIndex: obj.zIndex, transform: obj.rotation ? `rotate(${obj.rotation}deg)` : undefined }}>
  201 |             {obj.type === "textbox" && (

Unexpected token `div`. Expected jsx identifier @ http://localhost:3000/_next/static/chunks/node_modules_next_dist_client_523921._.js:989
[ 2569024ms] [LOG] [Fast Refresh] rebuilding @ http://localhost:3000/_next/static/chunks/node_modules_next_dist_client_523921._.js:13661
[ 2569114ms] [ERROR] ./components/shared/SlideEditor/SlideEditor.tsx:198:8
Parsing ecmascript source code failed
  196 |   if (slide.objects && slide.objects.length > 0) {
  197 |     return (
> 198 |       <div className="w-full h-full relative" style={{ color: themeTextColor }}>
      |        ^^^
  199 |         {slide.objects.map(obj => (
  200 |           <div key={obj.id} className="absolute overflow-hidden" style={{ left: `${obj.x}%`, top: `${obj.y}%`, width: `${obj.width}%`, height: `${obj.height}%`, zIndex: obj.zIndex, transform: obj.rotation ? `rotate(${obj.rotation}deg)` : undefined }}>
  201 |             {obj.type === "textbox" && (

Unexpected token `div`. Expected jsx identifier @ http://localhost:3000/_next/static/chunks/node_modules_next_dist_client_523921._.js:989
[ 2569134ms] [LOG] [Fast Refresh] rebuilding @ http://localhost:3000/_next/static/chunks/node_modules_next_dist_client_523921._.js:13661
[ 2569221ms] [ERROR] ./components/shared/SlideEditor/SlideEditor.tsx:198:8
Parsing ecmascript source code failed
  196 |   if (slide.objects && slide.objects.length > 0) {
  197 |     return (
> 198 |       <div className="w-full h-full relative" style={{ color: themeTextColor }}>
      |        ^^^
  199 |         {slide.objects.map(obj => (
  200 |           <div key={obj.id} className="absolute overflow-hidden" style={{ left: `${obj.x}%`, top: `${obj.y}%`, width: `${obj.width}%`, height: `${obj.height}%`, zIndex: obj.zIndex, transform: obj.rotation ? `rotate(${obj.rotation}deg)` : undefined }}>
  201 |             {obj.type === "textbox" && (

Unexpected token `div`. Expected jsx identifier @ http://localhost:3000/_next/static/chunks/node_modules_next_dist_client_523921._.js:989
[ 2569227ms] [LOG] [Fast Refresh] rebuilding @ http://localhost:3000/_next/static/chunks/node_modules_next_dist_client_523921._.js:13661
[ 2569313ms] [ERROR] ./components/shared/SlideEditor/SlideEditor.tsx:198:8
Parsing ecmascript source code failed
  196 |   if (slide.objects && slide.objects.length > 0) {
  197 |     return (
> 198 |       <div className="w-full h-full relative" style={{ color: themeTextColor }}>
      |        ^^^
  199 |         {slide.objects.map(obj => (
  200 |           <div key={obj.id} className="absolute overflow-hidden" style={{ left: `${obj.x}%`, top: `${obj.y}%`, width: `${obj.width}%`, height: `${obj.height}%`, zIndex: obj.zIndex, transform: obj.rotation ? `rotate(${obj.rotation}deg)` : undefined }}>
  201 |             {obj.type === "textbox" && (

Unexpected token `div`. Expected jsx identifier @ http://localhost:3000/_next/static/chunks/node_modules_next_dist_client_523921._.js:989
[ 2569321ms] [LOG] [Fast Refresh] rebuilding @ http://localhost:3000/_next/static/chunks/node_modules_next_dist_client_523921._.js:13661
[ 2569406ms] [ERROR] ./components/shared/SlideEditor/SlideEditor.tsx:198:8
Parsing ecmascript source code failed
  196 |   if (slide.objects && slide.objects.length > 0) {
  197 |     return (
> 198 |       <div className="w-full h-full relative" style={{ color: themeTextColor }}>
      |        ^^^
  199 |         {slide.objects.map(obj => (
  200 |           <div key={obj.id} className="absolute overflow-hidden" style={{ left: `${obj.x}%`, top: `${obj.y}%`, width: `${obj.width}%`, height: `${obj.height}%`, zIndex: obj.zIndex, transform: obj.rotation ? `rotate(${obj.rotation}deg)` : undefined }}>
  201 |             {obj.type === "textbox" && (

Unexpected token `div`. Expected jsx identifier @ http://localhost:3000/_next/static/chunks/node_modules_next_dist_client_523921._.js:989
[ 2569415ms] [LOG] [Fast Refresh] rebuilding @ http://localhost:3000/_next/static/chunks/node_modules_next_dist_client_523921._.js:13661
[ 2569502ms] [ERROR] ./components/shared/SlideEditor/SlideEditor.tsx:198:8
Parsing ecmascript source code failed
  196 |   if (slide.objects && slide.objects.length > 0) {
  197 |     return (
> 198 |       <div className="w-full h-full relative" style={{ color: themeTextColor }}>
      |        ^^^
  199 |         {slide.objects.map(obj => (
  200 |           <div key={obj.id} className="absolute overflow-hidden" style={{ left: `${obj.x}%`, top: `${obj.y}%`, width: `${obj.width}%`, height: `${obj.height}%`, zIndex: obj.zIndex, transform: obj.rotation ? `rotate(${obj.rotation}deg)` : undefined }}>
  201 |             {obj.type === "textbox" && (

Unexpected token `div`. Expected jsx identifier @ http://localhost:3000/_next/static/chunks/node_modules_next_dist_client_523921._.js:989
[ 2569508ms] [LOG] [Fast Refresh] rebuilding @ http://localhost:3000/_next/static/chunks/node_modules_next_dist_client_523921._.js:13661
[ 2569593ms] [ERROR] ./components/shared/SlideEditor/SlideEditor.tsx:198:8
Parsing ecmascript source code failed
  196 |   if (slide.objects && slide.objects.length > 0) {
  197 |     return (
> 198 |       <div className="w-full h-full relative" style={{ color: themeTextColor }}>
      |        ^^^
  199 |         {slide.objects.map(obj => (
  200 |           <div key={obj.id} className="absolute overflow-hidden" style={{ left: `${obj.x}%`, top: `${obj.y}%`, width: `${obj.width}%`, height: `${obj.height}%`, zIndex: obj.zIndex, transform: obj.rotation ? `rotate(${obj.rotation}deg)` : undefined }}>
  201 |             {obj.type === "textbox" && (

Unexpected token `div`. Expected jsx identifier @ http://localhost:3000/_next/static/chunks/node_modules_next_dist_client_523921._.js:989
[ 2569601ms] [LOG] [Fast Refresh] rebuilding @ http://localhost:3000/_next/static/chunks/node_modules_next_dist_client_523921._.js:13661
[ 2569685ms] [ERROR] ./components/shared/SlideEditor/SlideEditor.tsx:198:8
Parsing ecmascript source code failed
  196 |   if (slide.objects && slide.objects.length > 0) {
  197 |     return (
> 198 |       <div className="w-full h-full relative" style={{ color: themeTextColor }}>
      |        ^^^
  199 |         {slide.objects.map(obj => (
  200 |           <div key={obj.id} className="absolute overflow-hidden" style={{ left: `${obj.x}%`, top: `${obj.y}%`, width: `${obj.width}%`, height: `${obj.height}%`, zIndex: obj.zIndex, transform: obj.rotation ? `rotate(${obj.rotation}deg)` : undefined }}>
  201 |             {obj.type === "textbox" && (

Unexpected token `div`. Expected jsx identifier @ http://localhost:3000/_next/static/chunks/node_modules_next_dist_client_523921._.js:989
[ 2569725ms] [LOG] [Fast Refresh] rebuilding @ http://localhost:3000/_next/static/chunks/node_modules_next_dist_client_523921._.js:13661
[ 2569814ms] [ERROR] ./components/shared/SlideEditor/SlideEditor.tsx:198:8
Parsing ecmascript source code failed
  196 |   if (slide.objects && slide.objects.length > 0) {
  197 |     return (
> 198 |       <div className="w-full h-full relative" style={{ color: themeTextColor }}>
      |        ^^^
  199 |         {slide.objects.map(obj => (
  200 |           <div key={obj.id} className="absolute overflow-hidden" style={{ left: `${obj.x}%`, top: `${obj.y}%`, width: `${obj.width}%`, height: `${obj.height}%`, zIndex: obj.zIndex, transform: obj.rotation ? `rotate(${obj.rotation}deg)` : undefined }}>
  201 |             {obj.type === "textbox" && (

Unexpected token `div`. Expected jsx identifier @ http://localhost:3000/_next/static/chunks/node_modules_next_dist_client_523921._.js:989
[ 2569833ms] [LOG] [Fast Refresh] rebuilding @ http://localhost:3000/_next/static/chunks/node_modules_next_dist_client_523921._.js:13661
[ 2569917ms] [ERROR] ./components/shared/SlideEditor/SlideEditor.tsx:198:8
Parsing ecmascript source code failed
  196 |   if (slide.objects && slide.objects.length > 0) {
  197 |     return (
> 198 |       <div className="w-full h-full relative" style={{ color: themeTextColor }}>
      |        ^^^
  199 |         {slide.objects.map(obj => (
  200 |           <div key={obj.id} className="absolute overflow-hidden" style={{ left: `${obj.x}%`, top: `${obj.y}%`, width: `${obj.width}%`, height: `${obj.height}%`, zIndex: obj.zIndex, transform: obj.rotation ? `rotate(${obj.rotation}deg)` : undefined }}>
  201 |             {obj.type === "textbox" && (

Unexpected token `div`. Expected jsx identifier @ http://localhost:3000/_next/static/chunks/node_modules_next_dist_client_523921._.js:989
[ 2569925ms] [LOG] [Fast Refresh] rebuilding @ http://localhost:3000/_next/static/chunks/node_modules_next_dist_client_523921._.js:13661
[ 2570010ms] [ERROR] ./components/shared/SlideEditor/SlideEditor.tsx:198:8
Parsing ecmascript source code failed
  196 |   if (slide.objects && slide.objects.length > 0) {
  197 |     return (
> 198 |       <div className="w-full h-full relative" style={{ color: themeTextColor }}>
      |        ^^^
  199 |         {slide.objects.map(obj => (
  200 |           <div key={obj.id} className="absolute overflow-hidden" style={{ left: `${obj.x}%`, top: `${obj.y}%`, width: `${obj.width}%`, height: `${obj.height}%`, zIndex: obj.zIndex, transform: obj.rotation ? `rotate(${obj.rotation}deg)` : undefined }}>
  201 |             {obj.type === "textbox" && (

Unexpected token `div`. Expected jsx identifier @ http://localhost:3000/_next/static/chunks/node_modules_next_dist_client_523921._.js:989
[ 2570018ms] [LOG] [Fast Refresh] rebuilding @ http://localhost:3000/_next/static/chunks/node_modules_next_dist_client_523921._.js:13661
[ 2570106ms] [ERROR] ./components/shared/SlideEditor/SlideEditor.tsx:198:8
Parsing ecmascript source code failed
  196 |   if (slide.objects && slide.objects.length > 0) {
  197 |     return (
> 198 |       <div className="w-full h-full relative" style={{ color: themeTextColor }}>
      |        ^^^
  199 |         {slide.objects.map(obj => (
  200 |           <div key={obj.id} className="absolute overflow-hidden" style={{ left: `${obj.x}%`, top: `${obj.y}%`, width: `${obj.width}%`, height: `${obj.height}%`, zIndex: obj.zIndex, transform: obj.rotation ? `rotate(${obj.rotation}deg)` : undefined }}>
  201 |             {obj.type === "textbox" && (

Unexpected token `div`. Expected jsx identifier @ http://localhost:3000/_next/static/chunks/node_modules_next_dist_client_523921._.js:989
[ 2570111ms] [LOG] [Fast Refresh] rebuilding @ http://localhost:3000/_next/static/chunks/node_modules_next_dist_client_523921._.js:13661
[ 2570211ms] [ERROR] ./components/shared/SlideEditor/SlideEditor.tsx:198:8
Parsing ecmascript source code failed
  196 |   if (slide.objects && slide.objects.length > 0) {
  197 |     return (
> 198 |       <div className="w-full h-full relative" style={{ color: themeTextColor }}>
      |        ^^^
  199 |         {slide.objects.map(obj => (
  200 |           <div key={obj.id} className="absolute overflow-hidden" style={{ left: `${obj.x}%`, top: `${obj.y}%`, width: `${obj.width}%`, height: `${obj.height}%`, zIndex: obj.zIndex, transform: obj.rotation ? `rotate(${obj.rotation}deg)` : undefined }}>
  201 |             {obj.type === "textbox" && (

Unexpected token `div`. Expected jsx identifier @ http://localhost:3000/_next/static/chunks/node_modules_next_dist_client_523921._.js:989
[ 2570220ms] [LOG] [Fast Refresh] rebuilding @ http://localhost:3000/_next/static/chunks/node_modules_next_dist_client_523921._.js:13661
[ 2570310ms] [ERROR] ./components/shared/SlideEditor/SlideEditor.tsx:198:8
Parsing ecmascript source code failed
  196 |   if (slide.objects && slide.objects.length > 0) {
  197 |     return (
> 198 |       <div className="w-full h-full relative" style={{ color: themeTextColor }}>
      |        ^^^
  199 |         {slide.objects.map(obj => (
  200 |           <div key={obj.id} className="absolute overflow-hidden" style={{ left: `${obj.x}%`, top: `${obj.y}%`, width: `${obj.width}%`, height: `${obj.height}%`, zIndex: obj.zIndex, transform: obj.rotation ? `rotate(${obj.rotation}deg)` : undefined }}>
  201 |             {obj.type === "textbox" && (

Unexpected token `div`. Expected jsx identifier @ http://localhost:3000/_next/static/chunks/node_modules_next_dist_client_523921._.js:989
[ 2570329ms] [LOG] [Fast Refresh] rebuilding @ http://localhost:3000/_next/static/chunks/node_modules_next_dist_client_523921._.js:13661
[ 2570414ms] [ERROR] ./components/shared/SlideEditor/SlideEditor.tsx:198:8
Parsing ecmascript source code failed
  196 |   if (slide.objects && slide.objects.length > 0) {
  197 |     return (
> 198 |       <div className="w-full h-full relative" style={{ color: themeTextColor }}>
      |        ^^^
  199 |         {slide.objects.map(obj => (
  200 |           <div key={obj.id} className="absolute overflow-hidden" style={{ left: `${obj.x}%`, top: `${obj.y}%`, width: `${obj.width}%`, height: `${obj.height}%`, zIndex: obj.zIndex, transform: obj.rotation ? `rotate(${obj.rotation}deg)` : undefined }}>
  201 |             {obj.type === "textbox" && (

Unexpected token `div`. Expected jsx identifier @ http://localhost:3000/_next/static/chunks/node_modules_next_dist_client_523921._.js:989
[ 2570422ms] [LOG] [Fast Refresh] rebuilding @ http://localhost:3000/_next/static/chunks/node_modules_next_dist_client_523921._.js:13661
[ 2570506ms] [ERROR] ./components/shared/SlideEditor/SlideEditor.tsx:198:8
Parsing ecmascript source code failed
  196 |   if (slide.objects && slide.objects.length > 0) {
  197 |     return (
> 198 |       <div className="w-full h-full relative" style={{ color: themeTextColor }}>
      |        ^^^
  199 |         {slide.objects.map(obj => (
  200 |           <div key={obj.id} className="absolute overflow-hidden" style={{ left: `${obj.x}%`, top: `${obj.y}%`, width: `${obj.width}%`, height: `${obj.height}%`, zIndex: obj.zIndex, transform: obj.rotation ? `rotate(${obj.rotation}deg)` : undefined }}>
  201 |             {obj.type === "textbox" && (

Unexpected token `div`. Expected jsx identifier @ http://localhost:3000/_next/static/chunks/node_modules_next_dist_client_523921._.js:989
[ 2570513ms] [LOG] [Fast Refresh] rebuilding @ http://localhost:3000/_next/static/chunks/node_modules_next_dist_client_523921._.js:13661
[ 2570600ms] [ERROR] ./components/shared/SlideEditor/SlideEditor.tsx:198:8
Parsing ecmascript source code failed
  196 |   if (slide.objects && slide.objects.length > 0) {
  197 |     return (
> 198 |       <div className="w-full h-full relative" style={{ color: themeTextColor }}>
      |        ^^^
  199 |         {slide.objects.map(obj => (
  200 |           <div key={obj.id} className="absolute overflow-hidden" style={{ left: `${obj.x}%`, top: `${obj.y}%`, width: `${obj.width}%`, height: `${obj.height}%`, zIndex: obj.zIndex, transform: obj.rotation ? `rotate(${obj.rotation}deg)` : undefined }}>
  201 |             {obj.type === "textbox" && (

Unexpected token `div`. Expected jsx identifier @ http://localhost:3000/_next/static/chunks/node_modules_next_dist_client_523921._.js:989
[ 2570607ms] [LOG] [Fast Refresh] rebuilding @ http://localhost:3000/_next/static/chunks/node_modules_next_dist_client_523921._.js:13661
[ 2570698ms] [ERROR] ./components/shared/SlideEditor/SlideEditor.tsx:198:8
Parsing ecmascript source code failed
  196 |   if (slide.objects && slide.objects.length > 0) {
  197 |     return (
> 198 |       <div className="w-full h-full relative" style={{ color: themeTextColor }}>
      |        ^^^
  199 |         {slide.objects.map(obj => (
  200 |           <div key={obj.id} className="absolute overflow-hidden" style={{ left: `${obj.x}%`, top: `${obj.y}%`, width: `${obj.width}%`, height: `${obj.height}%`, zIndex: obj.zIndex, transform: obj.rotation ? `rotate(${obj.rotation}deg)` : undefined }}>
  201 |             {obj.type === "textbox" && (

Unexpected token `div`. Expected jsx identifier @ http://localhost:3000/_next/static/chunks/node_modules_next_dist_client_523921._.js:989
[ 2570698ms] [LOG] [Fast Refresh] rebuilding @ http://localhost:3000/_next/static/chunks/node_modules_next_dist_client_523921._.js:13661
[ 2571727ms] [LOG] [Fast Refresh] done in 1029ms @ http://localhost:3000/_next/static/chunks/node_modules_next_dist_client_523921._.js:13488
[ 2571803ms] [LOG] [Fast Refresh] rebuilding @ http://localhost:3000/_next/static/chunks/node_modules_next_dist_client_523921._.js:13661
[ 2571846ms] [LOG] [Fast Refresh] rebuilding @ http://localhost:3000/_next/static/chunks/node_modules_next_dist_client_523921._.js:13661
[ 2573616ms] [LOG] [Fast Refresh] rebuilding @ http://localhost:3000/_next/static/chunks/node_modules_next_dist_client_523921._.js:13661
[ 2573662ms] [LOG] [Fast Refresh] rebuilding @ http://localhost:3000/_next/static/chunks/node_modules_next_dist_client_523921._.js:13661
[ 2573682ms] [LOG] [Fast Refresh] rebuilding @ http://localhost:3000/_next/static/chunks/node_modules_next_dist_client_523921._.js:13661
[ 2880285ms] [LOG] [Fast Refresh] rebuilding @ http://localhost:3000/_next/static/chunks/node_modules_next_dist_client_523921._.js:13661
[ 2881249ms] [LOG] [Fast Refresh] done in 964ms @ http://localhost:3000/_next/static/chunks/node_modules_next_dist_client_523921._.js:13488
[ 2881302ms] [LOG] [Fast Refresh] rebuilding @ http://localhost:3000/_next/static/chunks/node_modules_next_dist_client_523921._.js:13661
[ 2890450ms] [LOG] [Fast Refresh] rebuilding @ http://localhost:3000/_next/static/chunks/node_modules_next_dist_client_523921._.js:13661
[ 2891215ms] [LOG] [Fast Refresh] done in 765ms @ http://localhost:3000/_next/static/chunks/node_modules_next_dist_client_523921._.js:13488
[ 2891258ms] [LOG] [Fast Refresh] done in 807ms @ http://localhost:3000/_next/static/chunks/node_modules_next_dist_client_523921._.js:13488
[ 2891269ms] [LOG] [Fast Refresh] rebuilding @ http://localhost:3000/_next/static/chunks/node_modules_next_dist_client_523921._.js:13661
[ 2891302ms] [LOG] [Fast Refresh] rebuilding @ http://localhost:3000/_next/static/chunks/node_modules_next_dist_client_523921._.js:13661
